target,Density,MP,Tg,logP,logD,A_pKa,B_pKa,logS,logPapp,Kinetic_Solubility_Pred,Soubility_ethanol,Soubility_methanol,Max_organic_solubility,Min_organic_solubility,MaxAbsEStateIndex,MinAbsEStateIndex,MinEStateIndex,qed,SPS,MolWt,NumRadicalElectrons,MaxPartialCharge,MinPartialCharge,MinAbsPartialCharge,BalabanJ,FractionCSP3,NumAliphaticCarbocycles,NumAliphaticHeterocycles,NumAmideBonds,NumAromaticCarbocycles,NumAromaticHeterocycles,NumAromaticRings,NumAtomStereoCenters,NumBridgeheadAtoms,NumHDonors,NumSaturatedCarbocycles,NumSaturatedRings,NumSpiroAtoms,NumUnspecifiedAtomStereoCenters,RingCount,MolLogP,fr_Al_COO,fr_Al_OH,fr_ArN,fr_Ar_COO,fr_Ar_NH,fr_Ar_OH,fr_C_S,fr_NH2,fr_N_O,fr_amidine,fr_aniline,fr_azide,fr_bicyclic,fr_halogen,fr_ketone,fr_lactam,fr_lactone,fr_nitro,fr_phos_acid,fr_phos_ester,fr_quatN,fr_sulfide,fr_sulfonamd,fr_sulfone,fr_unbrch_alkane
0,1.275945187,181.0366211,26.72768784,4.242707253,4.245706081,7.748224258,4.686916351,-5.66265583,-5.234147549,1,-2.587877913,-2.614402134,-2.110740991,-3.533784823,15.54062086,0.121225603,-2.220133125,0.170727971,32.96666667,835.944,0,0.407747107,-0.455737672,0.407747107,1.519708702,0.577777778,3,1,1,2,0,2,11,2,3,2,3,0,0,6,4.5678,0,2,0,0,0,0,0,0,0,0,0,0,5,0,1,0,0,0,0,0,0,0,0,0,0
0,1.406292558,126.4637451,30.5485878,4.643915176,4.541552544,9.066607475,4.478616714,-6.103108406,-4.504245758,1,-2.500597934,-2.444732241,-1.75364992,-3.41590357,12.9288233,0.135839973,-0.885422834,0.484773313,16.13333333,456.322,0,0.33913225,-0.465580051,0.33913225,2.462397578,0.380952381,0,1,0,1,0,1,1,0,1,0,0,0,1,2,4.2452,0,0,0,0,0,0,0,0,0,0,0,0,0,2,0,0,0,0,0,0,0,0,0,0,0
0,1.240463018,131.9121552,4.710754395,3.029376984,2.771314383,7.949419975,0.891468048,-3.267852306,-4.564322948,1,-2.476985654,-2.43489386,-2.015656166,-3.30511823,12.13606859,0.047592593,-1.069375,0.444091492,20.47058824,254.355,0,0.241932085,-0.301888655,0.241932085,3.113648891,0.583333333,0,1,2,0,0,0,1,0,2,0,1,0,1,1,1.516,0,0,0,0,0,0,1,0,0,0,0,0,0,0,0,0,0,0,0,0,0,0,0,0,0
0,1.249863267,86.93534851,-8.921192169,2.402311087,2.147927999,5.153435707,1.392965794,-2.990318775,-4.313667297,1,-2.284902909,-2.352828342,-1.938105749,-3.235013163,12.39134212,0.147666289,-1.368472222,0.473489725,24.36842105,262.309,0,0.330019718,-0.276599312,0.276599312,3.298175089,0.5,0,1,4,0,0,0,2,0,1,0,1,0,2,1,1.3066,0,0,0,0,0,0,0,0,0,0,0,0,0,0,0,0,0,0,0,0,0,0,0,0,0
0,1.176019192,112.3932724,16.67287064,6.2671175,4.143681526,8.85326004,4.458037853,-6.245285034,-4.548147678,0,-2.414350914,-2.439840258,-1.968543173,-3.063036639,12.62879723,0.034714637,-0.034714637,0.604927585,37.56666667,406.566,0,0.305912637,-0.461761303,0.305912637,1.234672702,0.62962963,4,0,0,1,0,1,6,0,0,3,3,0,0,5,5.6728,0,0,0,0,0,0,0,0,0,0,0,0,5,0,1,0,0,0,0,0,0,0,0,0,0
0,1.609529257,181.1496277,83.90446472,0.97253406,-0.075554132,3.537474871,7.340992928,-2.37992239,-6.280959129,1,-2.524187646,-2.463873846,-2.047383866,-3.23601535,13.31369504,0.134831349,-2.745033659,0.336110462,34.375,444.44,0,0.255450836,-0.50965062,0.255450836,2.047922027,0.409090909,3,0,1,1,0,1,5,0,6,0,0,0,0,4,-0.2144,0,4,0,0,0,1,0,1,0,0,0,0,3,0,2,0,0,0,0,0,0,0,0,0,0
0,1.165787816,118.1962814,2.814094543,2.959269047,1.855530977,10.25995064,4.662543297,-2.794258833,-4.786440849,1,-2.50616208,-2.387978429,-1.946214818,-3.329937042,13.23334416,0.016964168,-1.16534397,0.521911809,37.45714286,506.709,0,0.222607593,-0.392111852,0.222607593,1.854320356,0.740740741,0,2,1,0,1,1,7,0,3,0,2,0,0,3,4.05052,0,2,0,0,0,0,0,0,0,0,0,0,1,0,1,0,0,0,0,0,0,0,0,0,0
0,1.252243042,212.827179,56.11027908,4.7391119,3.438746452,9.695907593,4.692996979,-4.284834862,-4.812472343,1,-2.325122601,-2.454514591,-2.064081905,-3.208863022,14.08875776,0.241065563,-1.055588204,0.766454321,44.80952381,289.380938,0,0.126715373,-0.507956032,0.126715373,1.710270699,0.666666667,3,0,0,1,0,1,6,0,2,2,2,0,0,4,3.5572,0,1,0,0,0,1,0,0,0,0,0,0,5,1,0,0,0,0,0,0,0,0,0,0,0
0,1.209237337,225.4870758,35.56167221,5.194412231,3.660361767,8.409547806,3.476825237,-5.167806149,-4.607274532,1,-2.511341657,-2.429009367,-2.013775837,-3.13676713,13.22448098,0.001936623,-1.623987688,0.625125288,42.15151515,458.595,0,0.306253956,-0.457524418,0.306253956,1.551991604,0.740740741,4,0,0,0,0,0,7,0,2,3,3,0,0,4,3.5447,0,2,0,0,0,0,0,0,0,0,0,0,5,0,2,0,0,0,0,0,0,0,0,0,0
0,1.14995718,157.7240295,13.77972794,5.120989799,3.343370438,8.549674034,3.747270346,-5.028967381,-4.583145142,1,-2.550254379,-2.466488787,-2.034289739,-3.059319182,12.77324594,0.028221083,-0.376735419,0.694387314,43.22222222,372.505,0,0.302563852,-0.457860096,0.302563852,1.555074862,0.782608696,4,0,0,0,0,0,6,0,0,3,3,0,0,4,4.2667,0,0,0,0,0,0,0,0,0,0,0,0,5,0,2,0,0,0,0,0,0,0,0,0,0
0,1.268789291,230.2190552,36.45858383,3.999080181,1.926057458,7.858635426,3.947201014,-4.282412529,-4.598677158,1,-2.51517393,-2.43284164,-2.01760811,-3.140599403,12.87004299,0.041293173,-1.584703746,0.700523428,46.24137931,404.503,0,0.302565672,-0.457741927,0.302565672,1.654619514,0.782608696,4,0,0,0,0,0,7,0,2,3,3,0,0,4,2.3524,0,2,0,0,0,0,0,0,0,0,0,0,5,0,2,0,0,0,0,0,0,0,0,0,0
0,1.153373718,166.1847687,37.45969009,5.298043251,4.586902618,4.017031193,5.476191044,-6.243289948,-5.330289841,1,-2.544949535,-2.498592791,-2.099888658,-3.556185785,14.07419213,0.017092154,-1.028743641,0.152234085,19.59615385,719.924,0,0.243007033,-0.378792235,0.243007033,1.509822115,0.575,0,2,4,2,0,2,5,0,4,0,2,0,0,4,2.5835,0,0,0,0,0,0,0,0,0,0,0,0,0,0,1,0,0,0,0,0,0,0,0,0,0
0,1.525727034,205.2861481,44.76327133,1.530585408,1.738108277,6.399637699,2.870847225,-3.083639145,-4.45699358,1,-2.665045747,-2.877294051,-2.415715655,-3.499037853,14.62821419,0.176075087,-0.6076943,0.739645442,16.62962963,370.344,0,0.414335995,-0.441474125,0.414335995,1.584974808,0.235294118,0,1,1,1,2,3,1,0,1,0,1,0,0,4,1.3957,0,1,0,0,0,0,0,0,0,0,1,0,0,1,0,0,1,0,0,0,0,0,0,0,0
0,1.256637692,184.1650238,28.91614914,1.340831041,2.184767246,5.82466507,3.171343327,-3.127618313,-5.608884335,1,-2.592999495,-2.485352129,-2.083383027,-3.435568343,12.82666698,0.091930561,-1.694984426,0.463046153,12.89285714,384.245,0,0.474964712,-0.425736095,0.425736095,2.161933231,0.368421053,0,0,2,1,1,2,2,0,4,0,0,0,0,2,0.3606,0,0,0,0,0,0,0,0,0,0,0,0,0,0,0,0,0,0,0,0,0,0,0,0,0
0,1.098843813,129.2037659,16.43338394,5.434387207,3.521054029,8.706882477,3.955071926,-5.71281147,-4.525379181,0,-2.390767106,-2.408751789,-1.995215459,-3.023673489,11.90310053,0.04109543,-0.04109543,0.673250323,45.88,344.495,0,0.305293342,-0.461777277,0.305293342,1.590853355,0.818181818,4,0,0,0,0,0,6,0,0,3,3,0,0,4,4.8401,0,0,0,0,0,0,0,0,0,0,0,0,5,0,1,0,0,0,0,0,0,0,0,0,0
0,1.45516181,198.0241394,66.71118164,3.019545078,-0.100656509,4.823028564,4.49384737,-2.217886448,-5.973460674,1,-2.552977221,-2.373114956,-2.017425788,-3.314821015,15.02234364,0.036460108,-1.947471394,0.109538159,42.5,1085.156,0,0.202321905,-0.506740062,0.202321905,1.042558143,0.769230769,1,5,0,2,0,2,25,0,11,0,5,0,0,8,-0.24928,0,9,0,0,0,2,0,0,0,0,0,0,2,0,2,0,0,0,0,0,0,0,0,0,0
0,1.239741921,211.3548126,-0.786903381,1.431429386,2.782797098,7.64278698,4.334117889,-4.822898865,-7.098052502,1,-2.50956364,-2.448327746,-2.037100339,-3.321439062,13.15517739,0.044517799,-1.002846251,0.178338586,29.63888889,540.708,0,0.329020594,-0.456048054,0.329020594,2.552335739,0.625,0,2,4,0,0,0,4,2,4,0,1,0,0,2,1.4296,0,0,0,0,0,0,0,0,0,0,0,0,7,0,0,0,0,0,0,0,0,0,0,0,0
0,1.483727694,148.2832947,72.43118286,1.987512827,1.688614607,8.714249611,2.622472763,-3.321437359,-4.445127964,1,-2.318406073,-2.192748696,-1.839047903,-3.011633027,11.17309996,0.405827664,-0.405827664,0.586359034,11.0625,216.192,0,0.335825578,-0.489678795,0.335825578,2.59603906,0.083333333,0,0,0,1,2,3,0,0,0,0,0,0,0,3,2.5478,0,0,0,0,0,0,0,0,0,0,0,0,2,0,0,0,0,0,0,0,0,0,0,0,0
0,1.312866688,245.5240936,53.99747849,4.22901535,3.220544815,10.44651222,6.312828541,-5.591524601,-5.268587112,0,-2.672194086,-2.867194637,-2.265592423,-3.693669142,13.61960956,0.091088187,-0.20008043,0.29660706,12.28947368,498.586,0,0.257800117,-0.345517265,0.257800117,1.228249672,0.09375,0,1,2,4,1,5,0,0,2,0,0,0,0,6,6.50732,0,0,0,0,1,0,0,0,0,0,2,0,3,0,0,0,0,0,0,0,0,0,0,0,0
0,1.099778295,108.0307541,-4.000312805,5.489718914,4.234871864,6.99348402,4.521945,-6.364441872,-4.432465076,1,-2.444712738,-2.360947147,-1.947224191,-3.076866085,13.05692217,0.033019111,-0.952890277,0.386183665,41.61290323,428.613,0,0.306296473,-0.450438061,0.306296473,1.594577955,0.814814815,4,0,0,0,0,0,6,0,0,3,3,0,0,4,5.9696,0,0,0,0,0,0,0,0,0,0,0,0,5,0,2,0,0,0,0,0,0,0,0,0,2
0,1.504869342,191.22966,88.84907532,3.664054394,3.527536869,7.791355133,3.157398701,-5.898460388,-5.278987885,1,-2.554338928,-2.708791259,-2.175210472,-3.5574325,12.76420594,0.036501043,-4.501285474,0.636822295,35.88888889,376.334,0,0.415910267,-0.27214932,0.27214932,1.351121624,0.421052632,4,1,3,1,0,1,6,2,1,2,3,0,0,6,2.4033,0,0,0,0,0,0,0,0,0,0,0,0,0,3,0,0,0,0,0,0,0,0,0,0,0
0,1.317352057,193.6801147,38.13451767,2.323203564,2.318561077,11.65853214,1.027230263,-3.716945648,-4.487048149,1,-2.292025287,-2.302045514,-1.948325947,-3.396409268,11.75297052,0.473518519,-0.473518519,0.74836345,12.55555556,236.274,0,0.323422196,-0.350883837,0.323422196,2.30525079,0,0,1,2,2,0,2,0,0,1,0,0,0,0,3,3.3872,0,0,0,0,0,0,0,1,0,0,2,0,2,0,0,0,0,0,0,0,0,0,0,0,0
0,1.432918906,172.4628296,31.79276657,2.110761642,1.113060474,7.763336182,2.337646484,-3.38854599,-5.174957275,1,-2.287574963,-2.469543836,-1.88299397,-3.229084614,12.29361867,0.072138605,-3.713780917,0.446255892,11.31818182,318.354,0,0.266863343,-0.288367658,0.266863343,2.245466343,0,0,0,1,2,0,2,0,0,3,0,0,0,0,2,2.006,0,0,0,0,0,0,0,0,1,0,1,0,0,0,0,0,0,0,0,0,0,0,1,0,0
0,1.274415851,228.5353241,14.14242935,3.630607367,1.789269447,7.829601765,3.374986172,-4.062359333,-4.618747711,1,-2.327450465,-2.273535647,-1.829606717,-2.936939796,13.47453622,0.062482521,-1.645537079,0.728838562,43.72413793,402.487,0,0.302565672,-0.457741925,0.302565672,1.664596018,0.739130435,4,0,0,0,0,0,6,0,1,3,3,0,0,4,2.5606,0,1,0,0,0,0,0,0,0,0,0,0,5,0,3,0,0,0,0,0,0,0,0,0,0
0,1.283620834,237.526947,42.12139511,3.783774853,2.094843149,8.088713646,3.472789288,-4.490154266,-4.83823204,1,-2.51517393,-2.43284164,-2.01760811,-3.140599403,12.85887015,0.002433245,-1.602720327,0.701612336,45.68965517,402.487,0,0.302565672,-0.457741927,0.302565672,1.663956408,0.695652174,4,0,0,0,0,0,7,0,2,3,3,0,0,4,2.1284,0,2,0,0,0,0,0,0,0,0,0,0,5,0,2,0,0,0,0,0,0,0,0,0,0
0,1.469837546,145.0243225,29.49561691,0.601714134,0.698830485,8.572301865,2.578637123,-1.838123679,-4.514700413,1,-2.286920989,-2.365352023,-1.975156082,-3.473859783,14.11247496,0.055648148,-1.69525463,0.751515975,11.77272727,306.276,0,0.137254856,-0.381137984,0.137254856,2.006201264,0.230769231,0,0,0,1,2,3,0,0,1,0,0,0,0,3,0.7358,0,1,0,0,0,0,0,0,0,0,0,0,0,2,0,0,0,0,0,0,0,0,0,0,0
0,1.296953678,121.2284393,6.636257172,6.159861565,5.296668053,8.872946739,3.521718264,-5.876976013,-5.022146225,1,-2.166240755,-2.332851889,-1.90808624,-3.082653645,12.95233595,0.019499234,-5.542129731,0.164586202,30.46341463,606.782,0,0.452728834,-0.507956031,0.452728834,1.15060473,0.8125,3,0,0,1,0,1,7,0,2,2,2,0,1,4,8.6826,0,1,0,0,0,1,0,0,0,0,0,0,5,5,0,0,0,0,0,0,0,0,0,0,6
0,1.589600563,186.3069763,58.58284378,-2.477901697,-2.52310586,7.662049294,8.361392021,0.363645315,-6.539637089,1,-2.457926219,-2.263759315,-1.959470422,-3.246700347,10.93437059,0.084947405,-1.661604858,0.166853652,53.72727273,484.503,0,0.186623337,-0.393567282,0.186623337,1.722064446,1,1,2,0,0,0,0,15,0,11,1,3,0,0,3,-7.2914,0,7,0,0,0,0,0,4,0,0,0,0,0,0,0,0,0,0,0,0,0,0,0,0,0
0,1.192547679,253.7000427,32.80605698,4.424314499,3.434020996,9.824337959,4.675914764,-4.032087803,-4.600474834,1,-2.469386668,-2.395496439,-1.970463664,-3.118354819,12.26195321,0.032153526,-0.032153526,0.777884424,39.05,270.372,0,0.138555679,-0.507956032,0.138555679,1.728441257,0.611111111,3,0,0,1,0,1,4,0,1,2,2,0,0,4,3.8174,0,0,0,0,0,1,0,0,0,0,0,0,5,0,1,0,0,0,0,0,0,0,0,0,0
0,1.103660941,127.634964,-19.73147583,3.191830158,2.674529314,8.338724136,6.733066559,-5.833506584,-5.108349323,1,-2.653955012,-2.487258538,-2.18377371,-3.521807741,14.54365369,0.006967626,-2.468650401,0.116173372,37.43835616,1030.303,0,0.328662805,-0.460091562,0.328662805,1.693990446,0.75,1,3,1,0,0,0,15,2,4,1,3,0,0,4,5.7224,0,4,0,0,0,0,0,0,0,0,0,0,3,0,3,0,1,0,0,0,0,0,0,0,0
0,1.303137422,115.5025711,28.28989792,3.811827183,4.067303658,8.893110275,6.420065403,-4.786849499,-5.068730354,0,-2.444963003,-2.500063349,-1.866141133,-3.479091563,13.26682134,0.135772156,-0.876714489,0.329448553,15.62857143,479.533,0,0.336296878,-0.465580056,0.336296878,1.839003616,0.307692308,0,1,0,2,0,2,1,0,1,0,0,0,1,3,3.6778,0,0,0,0,0,0,0,0,0,0,0,0,0,0,0,0,0,1,0,0,0,0,0,0,0
0,1.291975021,145.176178,16.21640396,3.601984024,2.159793615,5.43759203,3.058495998,-4.869976997,-4.902662277,1,-2.663041532,-2.849252922,-2.227945165,-3.680383324,11.5140623,0.205514446,-3.565834628,0.379572117,11.42857143,496.633,0,0.258901914,-0.37160306,0.258901914,1.686424764,0.346153846,0,0,1,2,1,3,0,0,1,0,0,0,0,3,3.898,0,0,0,0,0,0,0,0,0,0,1,0,0,0,0,0,0,0,0,0,0,0,1,0,1
0,1.525232553,186.378479,84.74185181,1.661145687,0.333415508,3.996977806,7.078730106,-2.534798384,-6.136458874,1,-2.594011488,-2.695322337,-2.289292177,-3.346909153,13.49333223,0.001835212,-2.625690429,0.39837156,29.09090909,457.483,0,0.255450836,-0.50965062,0.255450836,1.977420193,0.434782609,3,0,1,1,0,1,4,0,5,0,0,0,0,4,0.1866,0,3,0,0,0,1,0,1,0,0,1,0,3,0,2,0,0,0,0,0,0,0,0,0,0
0,1.381792545,268.4275818,51.89260483,2.032385826,1.6352036,8.559240341,2.944908619,-3.574213266,-5.183263779,1,-2.367847885,-2.435320334,-1.972249339,-3.106292379,16.77743063,0.013461436,-2.232025883,0.545907214,52.53571429,394.439,0,0.192313337,-0.389712402,0.192313337,1.837691879,0.714285714,4,0,0,0,0,0,8,0,4,3,3,0,0,4,0.6205,0,4,0,0,0,0,0,0,0,0,0,0,5,1,2,0,0,0,0,0,0,0,0,0,0
0,1.312021375,216.8697815,35.25703812,2.025216579,1.85697937,7.648000717,4.3985672,-6.37997818,-6.497942924,1,-2.910355962,-3.095160324,-2.583157256,-3.728229668,15.18304278,0.076303049,-1.883873546,0.117861158,26.22222222,1255.438,0,0.328962492,-0.458367475,0.328962492,1.320824187,0.612903226,1,5,10,1,0,1,10,0,5,0,4,0,0,7,0.72564,0,0,1,0,0,0,0,1,0,0,1,0,4,0,0,0,2,0,0,0,0,0,0,0,0
0,1.434623599,284.730896,80.52009583,2.4634161,3.34391284,7.985620022,4.510538101,-4.220544815,-4.930529118,1,-2.342952568,-2.224078604,-1.835219187,-3.129664134,12.53060264,0.037140443,-1.168657407,0.614448228,15.76,332.311,0,0.339675439,-0.50782238,0.339675439,1.912405935,0.05,0,2,0,3,0,3,0,0,2,0,0,1,0,5,3.6658,0,0,0,0,0,2,0,0,0,0,0,0,6,0,0,0,0,0,0,0,0,0,0,0,0
0,1.065163612,79.7604599,0.465309143,6.254435539,4.476673126,8.081899643,5.075683594,-6.506260872,-4.401737213,0,-2.390767106,-2.408751789,-1.995215459,-3.023673489,12.46965597,0.029370368,0.029370368,0.382549639,41.20689655,400.603,0,0.305574447,-0.461769754,0.305574447,1.428693514,0.846153846,4,0,0,0,0,0,6,0,0,3,3,0,0,4,6.4005,0,0,0,0,0,0,0,0,0,0,0,0,5,0,1,0,0,0,0,0,0,0,0,0,3
0,1.315665007,236.4186096,63.91345596,2.519204378,2.56974864,9.700092316,7.195209026,-3.460738897,-5.205816269,1,-2.796611135,-2.978935063,-2.369173877,-3.796426663,12.62506885,0.027898553,-0.08603547,0.639215305,20.63636364,446.559,0,0.267593465,-0.367721294,0.267593465,1.285920324,0.5,1,2,1,0,3,3,0,0,2,1,2,1,0,6,2.7245,0,0,0,0,0,0,0,0,0,0,3,0,4,0,0,0,0,0,0,0,0,0,0,0,0
0,1.119432449,123.0950623,5.442989349,3.423948288,2.197642565,10.48390198,7.920258522,-3.503161907,-4.690142155,1,-2.770887393,-2.870254369,-2.211565037,-3.706228446,12.60440571,0.044172336,0.044172336,0.910996283,19.85,274.408,0,0.241244516,-0.324234949,0.241244516,2.098541474,0.588235294,0,1,1,1,0,1,1,0,1,0,1,0,0,2,3.50644,0,0,0,0,0,0,0,0,0,0,1,0,0,0,0,0,0,0,0,0,0,0,0,0,0
0,1.335837841,200.8852997,40.61617661,2.959712505,3.033623695,8.480323792,6.57540369,-4.429334641,-4.631867409,1,-2.400998661,-2.506964708,-2.111833576,-3.43702928,13.32945766,0.146500352,-3.698090545,0.553404611,15.87878788,474.587,0,0.276858411,-0.493112565,0.276858411,1.851702472,0.5,0,1,0,1,2,3,0,0,1,0,1,0,0,4,1.6109,0,0,0,0,1,0,0,0,0,0,0,0,1,0,0,0,0,0,0,0,0,0,1,0,0
0,1.28333962,132.4459076,-2.616535187,1.660793424,0.19906044,10.0976429,1.427037716,-2.083569288,-4.902454376,1,-2.72881116,-2.867432223,-2.312653105,-3.674076093,11.39648526,0.045092593,0.045092593,0.638544183,16.23076923,174.203,0,0.252619319,-0.272116338,0.252619319,2.326238618,0.2,0,1,1,1,0,1,0,0,0,0,0,0,0,2,1.7992,0,0,0,0,0,0,0,0,0,0,1,0,0,0,0,0,0,0,0,0,0,0,0,0,0
0,1.227101326,201.1912537,14.31057358,3.41991353,2.917021751,8.80060482,4.855683327,-4.297779083,-4.538131714,1,-2.639921107,-2.548805035,-2.13785791,-3.244811439,11.73036014,0.025032455,-0.261628834,0.642105611,47,300.398,0,0.305844992,-0.459049041,0.305844992,1.683439676,0.684210526,3,1,0,0,0,0,5,0,0,2,3,0,0,4,3.5899,0,0,0,0,0,0,0,0,0,0,0,0,5,0,1,0,0,0,0,0,0,0,0,0,0
0,1.458075881,181.9725342,64.72450256,0.648465872,-0.489123344,5.135091782,2.672561169,-2.698591232,-5.014262676,1,-2.5149354,-2.648921175,-2.258822792,-3.597695749,11.88854308,0.117919501,-3.644814815,0.804736707,11.35294118,253.283,0,0.262637665,-0.398727717,0.262637665,2.276726284,0.1,0,0,0,1,1,2,0,0,2,0,0,0,0,2,1.36602,0,0,1,0,0,0,0,1,0,0,2,0,0,0,0,0,0,0,0,0,0,0,1,0,0
0,1.315651298,165.3052979,40.51491928,2.218134403,2.108501196,8.926907539,8.417259216,-4.162451744,-5.066563129,1,-2.331446216,-2.536546105,-2.144654629,-3.439217229,13.39145513,0.160541793,-0.302883313,0.657745219,18.06666667,410.493,0,0.256480374,-0.355890959,0.256480374,1.232849231,0.52173913,0,2,0,1,2,3,0,0,0,0,1,0,0,5,3.59042,0,0,0,0,0,0,0,0,0,0,0,0,2,1,0,0,0,0,0,0,0,0,0,0,0
0,1.494962573,152.3076019,44.06579971,2.891043425,2.668344021,10.72644043,5.24239254,-4.983085632,-4.772041321,1,-2.549652621,-2.597950879,-2.102065113,-3.590265989,11.75556051,0.255629882,-0.281498488,0.572269538,15.25,439.313,0,0.305098308,-0.468994298,0.305098308,1.927797776,0.238095238,0,1,0,1,2,3,1,0,0,0,0,0,0,4,4.18352,0,0,0,0,0,0,0,0,0,0,0,0,3,1,0,0,0,0,0,0,0,0,0,0,0
0,1.051116347,76.44438934,-7.316108704,7.198984146,5.235046864,8.57084465,4.826720238,-6.783349037,-4.466636658,0,-2.390767106,-2.408751789,-1.995215459,-3.023673489,12.68054647,0.043148075,0.043148075,0.247237814,37.66666667,456.711,0,0.305574447,-0.461769754,0.305574447,1.270831474,0.866666667,4,0,0,0,0,0,6,0,0,3,3,0,0,4,7.9609,0,0,0,0,0,0,0,0,0,0,0,0,5,0,1,0,0,0,0,0,0,0,0,0,7
0,1.222114086,142.8845673,13.44851303,0.89743185,0.766684055,10.17236137,3.973189116,-1.40559876,-4.53885603,1,-2.384861913,-2.442319255,-1.956229104,-3.303970934,11.83614182,0.152979182,-0.656284958,0.770192058,11.66666667,250.298,0,0.244753661,-0.381996662,0.244753661,2.481951907,0.384615385,0,0,2,1,0,1,1,0,2,0,0,0,0,1,0.4539,0,0,0,0,0,0,0,0,0,0,0,0,0,0,0,0,0,0,0,0,0,0,0,0,0
0,1.48486352,156.7148743,55.46641159,4.46744442,2.11790204,5.603158951,4.165415287,-6.063649654,-5.518937111,1,-2.363295407,-2.361889071,-1.843424108,-3.239089696,13.87348783,0.004887286,-5.287249485,0.150375354,25.68627451,723.65,0,0.470672693,-0.506847955,0.470672693,1.579738897,0.5,2,1,1,2,0,2,6,0,5,0,1,0,0,5,2.4622,0,2,0,0,0,2,0,0,0,0,0,0,3,3,3,0,0,0,0,0,0,0,0,0,1
0,1.308326721,209.9863892,69.72602844,0.352303624,0.052543163,5.167870998,8.557458878,-4.502200603,-6.077648163,1,-2.344695798,-2.430071244,-1.959689049,-3.40822011,15.09894101,0.005650634,-1.803156476,0.01194009,16.63157895,1311.473,0,0.245330209,-0.507966645,0.245330209,1.049490313,0.421875,0,2,11,3,3,6,9,0,18,0,2,0,0,8,-2.08513,0,1,0,0,3,1,0,2,0,0,0,0,2,0,0,0,0,0,0,0,0,0,0,0,0
0,1.085490584,111.6664734,-1.039253235,1.879680514,1.103794456,7.425064087,3.106086731,-2.643610954,-4.662957668,1,-2.61832569,-2.631987819,-2.168984002,-3.52426071,11.68245748,0.0825,-0.403373961,0.735528414,23.2,212.293,0,0.239717985,-0.367882041,0.239717985,2.625637243,0.818181818,0,1,2,0,0,0,2,0,1,0,1,0,0,1,0.8989,0,0,0,0,0,0,0,1,0,0,0,0,0,0,0,0,0,0,0,0,0,0,0,0,0
0,1.069755435,169.0436401,16.23731613,5.650306702,3.795597076,9.619703293,4.816500664,-4.910792828,-5.079859257,0,-2.460149278,-2.365987444,-1.98367494,-3.143338649,12.16553265,0.049022922,-0.049022922,0.76721106,55.65217391,318.501,0,0.132960181,-0.393119728,0.132960181,1.614904104,0.952380952,4,0,0,0,0,0,8,0,1,4,4,0,0,4,4.5952,0,1,0,0,0,0,0,0,0,0,0,0,5,0,1,0,0,0,0,0,0,0,0,0,0
0,1.426255584,213.706665,70.84577942,2.994623661,1.006249309,4.054663181,7.108474731,-5.400758743,-6.569704056,1,-2.490157557,-2.328712716,-1.983317135,-3.552396407,16.55800707,0.119264756,-2.398043228,0.052986639,29.744,1793.125,0,0.330440697,-0.507810286,0.330440697,1.016357124,0.418604651,0,8,7,7,0,7,22,11,20,0,3,0,0,15,4.4952,1,6,0,0,0,3,0,2,0,0,0,0,15,3,0,0,0,0,0,0,0,0,0,0,0
0,1.335184813,129.4974976,32.79938889,3.508933783,2.150331497,8.606689453,3.904970884,-4.314217567,-6.111701965,1,-2.496609294,-2.676737585,-2.192135792,-3.560870566,13.90171693,0.096132957,-4.316078323,0.164002433,24.26190476,602.585,0,0.459059742,-0.464229656,0.459059742,1.532768755,0.481481481,0,1,0,1,2,3,6,0,4,0,1,0,0,4,2.31218,0,2,1,0,0,0,0,1,0,0,1,0,1,0,0,0,0,0,0,0,0,0,0,0,0
0,1.416079879,213.7333374,84.98361206,2.161361933,1.997069836,9.765411377,6.401254654,-3.005787611,-5.004465103,1,-2.453845396,-2.421403306,-1.995737283,-3.427659027,14.85630984,0.043853543,-1.283113604,0.172802939,28.94642857,784.888,0,0.333001672,-0.504008862,0.333001672,1.230678171,0.463414634,0,7,0,3,1,4,7,4,4,0,2,1,0,11,4.18894,0,1,0,0,1,1,0,0,0,0,0,0,11,0,0,0,0,0,0,0,0,1,0,0,0
0,1.409808755,174.931015,50.04274368,3.041102648,3.136410713,11.3034668,5.100344181,-4.390736103,-4.357501507,1,-2.3343806,-2.557639408,-2.004864276,-3.491716356,14.30244457,0.292959656,-0.292959656,0.654885085,13.08695652,325.774,0,0.132100615,-0.298370502,0.132100615,2.027496174,0.111111111,0,1,0,2,1,3,0,0,0,0,0,0,0,4,4.32422,0,0,0,0,0,0,0,0,0,0,0,0,3,2,0,0,0,0,0,0,0,0,0,0,0
0,1.065627337,76.11279297,1.84973526,6.983286858,5.177656174,8.716720581,6.346743107,-6.53681469,-4.414216042,0,-2.390767106,-2.408751789,-1.995215459,-3.023673489,12.59066321,0.043716039,0.043716039,0.288412752,36.90322581,428.657,0,0.305574447,-0.461769754,0.305574447,1.27321772,0.857142857,4,0,0,0,0,0,6,0,0,3,3,0,0,4,7.1807,0,0,0,0,0,0,0,0,0,0,0,0,5,0,1,0,0,0,0,0,0,0,0,0,6
0,1.337966323,231.15271,66.86485291,2.880458117,0.190083742,6.80461216,5.013132095,-3.317916393,-5.19921875,1,-2.48509498,-2.55832943,-1.92162856,-3.457930075,4.751956727,0,0,0.515951765,10.47619048,319.861,0,0.258641546,-1,0.258641546,1.61E-06,0.25,0,0,0,2,1,3,0,0,0,0,0,0,0,3,0.8666,0,0,0,0,0,0,0,0,0,0,2,0,2,1,0,0,0,0,0,0,0,0,0,0,0
0,1.473891258,30.26096344,-6.930969238,-0.37028265,0.701870084,3.826969862,5.250485897,-0.417979717,-5.845011711,1,-2.338359278,-2.30857767,-1.882054571,-3.346712735,5.75,1.254243827,-1.268518519,0.461379514,32.36363636,189.224,0,0.145360194,-0.249116748,0.145360194,1.880403839,1,0,3,0,0,0,0,0,0,0,0,3,0,0,3,0.1577,0,0,0,0,0,0,0,0,0,0,0,0,0,0,0,0,0,0,0,0,0,0,0,0,0
0,1.613538861,303.688324,38.9403038,1.191229224,1.214153409,7.582477093,2.91639328,-2.478831053,-4.645178318,1,-2.601015452,-2.710861112,-2.141033087,-3.807722275,11.54950617,0.120925926,-3.572731481,0.740375775,18,230.676,0,0.285556549,-0.34215726,0.285556549,2.727809302,0.125,0,1,0,1,0,1,0,0,1,0,0,0,0,2,1.8726,0,0,0,0,0,0,0,0,0,1,1,0,1,1,0,0,0,0,0,0,0,0,1,0,0
0,2.026558876,193.240387,53.97979355,-2.228729963,-2.187117338,10.6092205,3.543701649,-0.386092663,-6.118358612,1,-2.255098466,-2.361042925,-2.007233976,-3.326536207,11.47087065,0.196302411,-1.349931028,0.426247465,32.88235294,244.207,0,0.353775534,-0.393566854,0.353775534,2.319695266,0.625,0,1,0,0,1,1,4,0,4,0,1,0,0,2,-3.168,0,3,1,0,0,0,0,1,0,0,1,0,0,0,0,0,0,0,0,0,0,0,0,0,0
0,1.002252102,28.03847504,-91.81242371,3.010362625,2.633135557,11.08333778,3.614174366,-2.590775251,-6.086723804,1,-2.304378401,-2.319384562,-1.801777019,-2.984091744,8.569898769,0.032500662,0.032500662,0.107953174,11.55,582.816,0,0.070114395,-0.393980325,0.070114395,3.014359989,1,0,0,0,0,0,0,0,0,1,0,0,0,0,0,4.049,0,1,0,0,0,0,0,0,0,0,0,0,0,0,0,0,0,0,0,0,0,0,0,0,9
0,1.489768267,152.5799713,53.09354019,-1.92543149,-1.912184477,7.754522324,8.223752975,0.57475853,-6.270815849,1,-2.457686157,-2.267998876,-1.95819316,-3.250939908,10.97178556,0.054234517,-1.440677402,0.174006568,52.6875,467.52,0,0.18564759,-0.393567282,0.18564759,1.699170647,1,1,2,0,0,0,0,14,0,10,1,3,0,0,3,-6.2958,0,5,0,0,0,0,0,5,0,0,0,0,0,0,0,0,0,0,0,0,0,0,0,0,0
0,1.360177517,189.8167725,26.79080582,-1.383945465,-1.734098673,9.429380417,8.310007095,0.535199404,-5.677970409,1,-2.227460275,-2.265662538,-1.809858905,-3.068833388,9.226851852,0.087515117,-0.794907407,0.472427207,12.83333333,169.18,0,0.157261455,-0.504259875,0.157261455,2.962539757,0.25,0,0,0,1,0,1,1,0,4,0,0,0,0,1,0.0899,0,1,0,0,0,2,0,1,0,0,0,0,0,0,0,0,0,0,0,0,0,0,0,0,0
0,1.707658887,197.8098145,84.38420105,3.795489311,0.524687767,6.608899593,3.130857468,-4.421788216,-6.277183056,1,-2.255948158,-2.134531679,-1.706836727,-3.012301899,15.27206934,0.294681878,-3.118202658,0.019798201,14.63934426,1701.206,0,0.343440906,-0.504143738,0.343440906,1.086959255,0.078947368,0,1,0,10,0,10,5,0,25,0,1,0,1,11,4.8381,0,0,0,0,0,25,0,0,0,0,0,0,0,0,0,0,0,0,0,0,0,0,0,0,0
0,1.332547545,173.8971252,12.74061966,4.608576298,4.13961935,10.12589645,6.94052887,-5.83409977,-4.830024242,0,-2.302939932,-2.417322255,-1.898024325,-3.323198183,13.28298652,0.005649423,-4.924651128,0.51598963,26.08571429,500.483,0,0.415936663,-0.371541254,0.371541254,1.575334967,0.48,0,2,1,2,0,2,3,0,2,0,2,1,0,4,5.7295,0,0,0,0,0,0,0,0,0,0,0,0,0,6,0,0,0,0,0,0,0,0,0,0,0
0,1.352244139,89.19032288,21.22618484,4.462622643,4.456449986,8.027117729,4.934858799,-5.619608879,-5.920439243,1,-2.492453866,-2.680919004,-1.936149951,-3.663725432,13.31063403,0.186213959,-4.350619198,0.727811547,17.66666667,437.531,0,0.415986985,-0.395044554,0.395044554,1.471666976,0.454545455,0,2,0,2,0,2,0,0,1,0,1,0,0,4,4.3081,0,1,0,0,0,0,0,0,0,0,2,0,2,3,0,0,0,0,0,0,0,0,0,0,0
0,1.526217937,197.0515137,84.58052063,1.653717279,0.462558985,4.088340759,7.635211468,-3.510591984,-6.261812687,1,-2.797390862,-2.872106721,-2.4072784,-3.650186719,15.35973222,0.020078025,-2.791423621,0.216104336,28.475,558.563,0,0.255450836,-0.50965062,0.255450836,1.581675138,0.481481481,3,1,2,1,0,1,4,0,6,0,1,0,0,5,0.294,0,3,0,0,0,1,0,1,0,0,1,0,3,1,2,0,0,0,0,0,0,0,0,0,0
0,1.332347751,196.6117401,78.77296448,2.361401081,0.782702565,4.221065521,8.057973862,-3.199448109,-5.921872139,1,-2.562934629,-2.76152305,-2.254446168,-3.390477267,14.05820523,0.008406433,-2.656351057,0.280219862,26.575,556.66,0,0.255450836,-0.50965062,0.255450836,1.89605539,0.551724138,3,0,1,1,0,1,4,0,6,0,0,0,0,4,1.3223,0,3,0,0,0,1,0,1,0,0,1,0,3,0,2,0,0,0,0,0,0,0,0,0,0
0,1.407024026,184.4462433,69.45518494,1.298633695,1.100654483,4.845891953,6.962977409,-3.778641701,-6.648401737,1,-2.596580906,-2.418473628,-2.08072224,-3.67259704,16.83120307,0.094291882,-2.452110946,0.042339888,25.84375,1816.716,0,0.335334632,-0.507810142,0.335334632,1.04179973,0.420454545,0,8,8,7,0,7,18,17,21,0,2,0,18,15,4.168,1,7,0,0,0,4,0,0,0,0,0,0,14,2,0,0,0,0,0,0,0,0,0,0,5
0,1.681805372,167.3274231,26.045681,-2.989342451,-2.457314253,8.271741867,3.16311264,-0.166828632,-6.817008972,1,-1.799237973,-1.560685025,-1.363666852,-2.770988946,10.1627224,0,-1.954894206,0.10418085,41.48571429,562.299,1,3,-0.393579135,0.393579135,6.12E-06,1,0,2,0,0,0,0,14,0,12,0,2,0,0,2,-7.9395,0,12,0,0,0,0,0,0,0,0,0,0,0,0,0,0,0,0,0,0,0,0,0,0,0
0,1.378000379,120.0853119,42.28287888,2.27786541,1.314956665,5.795986176,4.990213394,-3.848642826,-4.945201397,1,-2.484414077,-2.590553226,-2.071240352,-3.582110592,15.32911481,0.022943299,-2.039702689,0.130418383,13.45098039,717.779,0,0.417637446,-0.459718142,0.417637446,1.349281666,0.285714286,0,0,1,2,3,5,3,0,2,0,0,0,1,5,4.58458,0,1,0,0,0,0,0,0,0,0,1,0,0,2,0,0,0,0,0,0,0,0,0,0,0
0,1.7903409,206.2975769,46.82670975,-1.061891556,-1.43962121,10.4076643,4.217525005,-0.972817302,-5.994517803,1,-2.515399387,-2.710936011,-2.140385339,-3.499812727,13.70087207,0.114055624,-3.713275227,0.612087373,30.55555556,263.2,0,0.351313799,-0.393564363,0.351313799,2.419121978,0.555555556,0,1,0,0,1,1,3,0,3,0,1,0,0,2,-1.2886,0,2,1,0,0,0,0,1,0,0,1,0,0,2,0,0,0,0,0,0,0,0,0,0,0
0,1.424471021,208.0829468,81.45350647,1.73309207,1.668839097,9.086070061,6.46339941,-2.599161863,-4.981958389,1,-2.446271087,-2.413828997,-1.997747967,-3.416686399,14.68232285,0.022586336,-1.357791302,0.226303343,29.42592593,761.85,0,0.331458676,-0.504247757,0.331458676,1.320436711,0.487179487,0,7,0,3,0,3,7,4,4,0,2,1,0,10,3.41324,0,1,0,0,0,2,0,0,0,0,0,0,9,0,0,0,0,0,0,0,0,1,0,0,0
0,1.287081718,132.87117,39.9175148,2.908317089,1.580743074,8.991674423,8.181082726,-4.407249451,-4.972343445,1,-2.534252262,-2.528315786,-2.09647831,-3.454733462,13.75532806,0.068569847,-2.120281268,0.447624791,26.97435897,545.629,0,0.338979094,-0.497389758,0.338979094,1.502003553,0.655172414,1,3,0,1,0,1,4,0,2,0,1,1,0,5,2.5807,0,2,0,0,0,0,0,0,0,0,0,0,3,0,0,0,0,0,0,0,0,0,0,0,0
0,1.504325628,145.2716064,28.85845566,2.732005358,2.56274581,8.56874752,4.812256813,-4.908367157,-4.52147913,1,-2.288135693,-2.379750176,-1.890814124,-3.213937796,12.52091136,0.022691563,-4.423642519,0.747285964,13.12,369.368,0,0.422066687,-0.483723718,0.422066687,1.78634564,0.25,0,0,0,1,2,3,1,0,1,0,0,0,1,3,3.51522,0,0,0,0,1,0,0,0,0,0,0,0,1,3,0,0,0,0,0,0,0,0,0,0,0
0,1.412034988,213.9824371,68.10810852,0.267750621,-1.840263128,5.618449211,8.681530952,0.089385986,-5.72029686,1,-2.676392829,-2.437204128,-2.119647577,-3.415588339,12.22099962,0.002197027,-2.227483584,0.360820282,53.56521739,332.353,0,0.279549044,-0.389658085,0.279549044,1.923376267,0.928571429,1,2,0,0,0,0,9,0,5,1,3,0,0,3,-2.9256,0,3,0,0,0,0,0,0,0,0,0,0,2,0,1,0,0,0,0,0,0,0,0,0,0
0,1.435886264,170.7403259,47.22655869,5.400798321,1.904014707,4.205430508,6.901819229,-5.306096077,-5.758653641,1,-2.460892952,-2.598662441,-2.123966773,-3.634612927,15.08773424,0.016239302,-4.663898375,0.379567537,17.17073171,572.559,0,0.415990299,-0.496687833,0.415990299,1.602838026,0.310344828,0,2,0,3,0,3,1,0,1,0,1,0,0,5,5.7074,1,0,0,0,0,0,0,0,0,0,2,0,1,4,0,0,0,0,0,0,0,0,0,0,0
0,0.90693295,39.70261383,-89.18684387,3.498028278,2.124794006,5.103217602,9.213488579,-4.23890686,-5.254103184,1,-2.18698955,-2.12134555,-1.725100264,-3.185267194,10.32407501,0.097222222,-0.664233856,0.270482486,10.625,343.552,0,0.302839557,-0.48123039,0.302839557,0,0.85,0,0,0,0,0,0,0,0,3,0,0,0,0,0,5.0459,1,1,0,0,0,0,0,1,0,0,0,0,0,0,0,0,0,0,0,0,0,0,0,0,11
0,1.493144393,126.3827972,49.42864609,1.685340285,2.334438562,8.388175964,5.439853668,-4.756520271,-4.742452145,1,-2.196379776,-2.295327555,-1.797638217,-3.104400358,12.64393442,0.009616708,-2.920764799,0.675197521,12.34615385,383.376,0,0.387033214,-0.492735405,0.387033214,1.862554154,0.25,0,0,0,1,2,3,1,0,1,0,0,0,1,3,2.8843,0,0,0,0,1,0,0,0,0,0,0,0,1,2,0,0,0,0,0,0,0,0,0,0,0
0,1.685961008,245.80896,96.63586426,0.511616707,0.537706375,4.858576298,3.66966939,-3.892868996,-4.599952698,1,-2.50446999,-2.590771385,-2.189632539,-3.771820089,14.7594719,0.065174395,-1.654986897,0.568456268,14.23333333,440.765,0,0.340738169,-0.477496856,0.340738169,2.140605297,0.166666667,0,1,0,1,2,3,0,0,3,0,1,0,0,4,1.9177,0,1,1,1,0,0,0,1,0,0,2,0,1,4,0,0,0,0,0,0,0,0,0,0,0
0,1.281993747,210.4796143,102.5492401,1.854724169,1.036965489,8.963029861,8.773497581,-3.78845191,-5.399855614,1,-2.576078501,-2.468098114,-2.143656356,-3.457640464,13.8674222,0.016980723,-2.471305043,0.145250738,50.43859649,809.947,0,0.340536042,-0.458052249,0.340536042,1.446822377,0.902439024,4,3,0,0,0,0,20,4,6,4,7,1,20,7,0.578,0,6,0,0,0,0,0,0,0,0,0,0,5,0,0,0,0,0,0,0,0,0,0,0,0
0,1.203765392,236.6122131,43.1736412,4.879511833,2.469694138,9.174118042,8.33078289,-3.825732708,-4.653288841,1,-2.576383517,-2.574915843,-2.227075749,-3.585836145,11.9496927,0.12663348,-0.603134448,0.875191488,38.95833333,327.468,0,0.115393476,-0.507955643,0.115393476,1.591622624,0.714285714,3,1,0,1,0,1,3,2,2,2,3,0,0,5,3.3656,0,1,0,0,0,1,0,0,0,0,0,0,1,0,0,0,0,0,0,0,0,0,0,0,0
0,1.431800723,173.1354065,66.96148682,1.426383018,-0.892495155,8.835310936,8.336133957,-4.327433586,-6.727093697,1,-2.368958951,-2.573197342,-2.132936853,-3.421997093,13.37004522,0.009392785,-0.559376962,0.139316778,12.4375,444.488,0,0.200045639,-0.507154162,0.200045639,1.96860059,0.363636364,1,0,0,2,0,2,0,0,8,0,0,0,0,3,-0.1392,0,2,0,0,0,2,0,0,0,0,2,0,2,0,2,0,0,0,0,0,0,0,0,0,0
0,1.21266222,121.6901703,11.13042068,3.568840027,3.206397295,9.865429878,7.673983574,-3.514491558,-4.398155689,1,-2.72891026,-2.872010946,-2.165323978,-3.713974304,12.91252489,0.1715607,-0.261281179,0.681092179,16.96296296,386.561,0,0.226802445,-0.382234288,0.226802445,1.735187905,0.5,0,1,1,1,1,2,0,0,0,0,1,0,0,3,4.2148,0,0,0,0,0,0,0,0,0,0,1,0,0,0,0,0,0,0,0,0,0,0,0,0,0
0,1.232807517,41.31364441,-70.88433838,-1.533741713,-3.883116484,15.28154182,3.268103123,0.707680702,-4.752340317,1,-1.853490951,-1.819784941,-1.414179322,-2.687063173,8.166666667,0.364583333,-0.953703704,0.381494432,10,92.094,0,0.100047026,-0.393593316,0.100047026,2.754184786,1,0,0,0,0,0,0,0,0,3,0,0,0,0,0,-1.6681,0,3,0,0,0,0,0,0,0,0,0,0,0,0,0,0,0,0,0,0,0,0,0,0,0
0,1.323554516,172.8406982,35.46307755,3.440388203,2.648495197,8.457148552,7.566956043,-4.498794556,-4.937976837,1,-2.330492196,-2.489472348,-1.94445183,-3.325503486,12.94303274,0.040356833,-0.331698547,0.664951556,14.96428571,379.435,0,0.330306957,-0.305228237,0.305228237,1.339540856,0.272727273,0,1,0,2,1,3,0,0,1,0,0,0,0,4,3.6784,0,0,0,0,1,0,0,0,0,0,0,0,1,1,1,0,0,0,0,0,0,0,0,0,0
0,1.815364122,236.6920013,78.28791809,-1.235899687,-1.11935854,9.304181099,9.70382309,-0.702280283,-6.589619637,1,-2.327548105,-2.190339207,-1.864186088,-3.325351792,12.06310709,0.135722508,-2.387779776,0.068219956,47.425,581.58,0,0.187761209,-0.393566529,0.187761209,1.937768964,0.857142857,1,2,0,0,0,0,15,0,14,1,3,0,0,3,-7.74176,0,7,0,0,0,0,0,2,0,0,0,0,0,0,0,0,0,0,0,0,0,0,0,0,0
0,1.3511343,249.3976746,53.84014511,2.698378801,0.195396423,8.425840378,4.443676472,-4.310409546,-6.031298637,1,-2.574277641,-2.443715763,-2.246008932,-3.394910345,12.61530058,0.018783288,-1.649208302,0.103310254,55.33333333,943.09,0,0.330661014,-0.457979647,0.330661014,0.737154319,0.936170213,4,5,0,0,0,0,26,0,9,4,8,0,0,9,0.0423,0,9,0,0,0,0,0,0,0,0,0,0,5,0,0,0,1,0,0,0,0,0,0,0,0
0,1.389245987,200.4439392,86.25205994,1.860729218,-0.262676954,4.190149784,7.633896828,-2.780184746,-6.310519218,1,-2.618513054,-2.817114604,-2.334882211,-3.488731236,14.0634691,0.017507528,-2.727207179,0.180875237,25.69047619,585.658,0,0.255450836,-0.50965062,0.255450836,1.874079657,0.517241379,3,0,2,1,0,1,4,0,7,0,0,0,0,4,0.5132,0,3,0,0,0,1,0,1,0,0,2,0,3,0,2,0,0,0,0,0,0,0,0,0,0
0,1.366159081,236.5076141,34.94037247,4.067485809,0.305347443,4.703001499,5.9383111,-4.876737595,-5.016970158,1,-2.249642092,-2.326909526,-2.027763687,-3.402949897,11.97799627,0.018700869,-4.191024712,0.619558169,11.12,364.423,0,0.335306543,-0.4776378,0.335306543,2.591803586,0.235294118,0,0,0,2,0,2,0,0,3,0,0,0,0,2,3.0365,0,0,0,1,0,0,0,1,0,0,1,0,0,0,0,0,0,0,0,0,0,0,1,0,1
0,1.615410209,154.953064,70.7776947,-3.479353189,-2.530832529,5.728933811,3.467851162,-0.209713936,-6.745801926,1,-1.827629074,-1.454064151,-1.354597687,-2.813182647,10.96438558,0,-2.647290604,0.072653808,41.12,788.436,1,3,-2,2,0,0.958333333,0,3,0,0,0,0,19,0,14,0,3,0,19,3,-12.478,1,14,0,0,0,0,0,0,0,0,0,0,0,0,0,0,0,0,0,0,0,0,0,0,0
0,1.450222135,216.3490906,24.22811508,2.024719715,3.657454729,3.809473753,5.856696606,-5.105621338,-5.8755126,1,-2.69273865,-2.745056854,-2.150055387,-3.572453721,13.9975957,0.024461274,-5.075920734,0.183033478,16.91489362,688.606,0,0.415935588,-0.756140975,0.415935588,1.71479338,0.419354839,0,1,1,2,1,3,1,0,1,0,1,0,1,4,5.73662,0,0,0,0,0,0,0,0,0,0,2,0,0,6,0,0,0,0,1,1,1,0,0,0,0
0,2.377094746,218.8225708,64.57128906,3.233789206,1.440160036,2.856847286,8.319003105,-6.157214165,-5.225835323,1,-2.113027646,-2.034647316,-1.61543823,-3.085155981,10.86643866,0.208657462,-1.01943397,0.426710171,12,650.976,0,0.320315512,-0.506845354,0.320315512,2.259938326,0.133333333,0,0,0,2,0,2,1,0,3,0,0,0,0,2,3.9527,1,0,0,0,0,1,0,1,0,0,0,0,0,3,0,0,0,0,0,0,0,0,0,0,0
0,1.287177444,197.6758728,12.3202858,1.637217283,1.558932304,7.195448399,6.912930965,-4.519936085,-5.694344044,1,-2.590836276,-2.429265568,-2.080444613,-3.468015704,12.94028912,0,-1.502487245,0.547729585,25.70833333,398.341,0,0.343127216,-1,0.343127216,2.08E-06,0.631578947,1,1,0,1,0,1,2,0,1,1,2,0,2,3,-0.5397,0,1,0,0,0,0,0,0,0,0,0,0,0,1,0,0,0,0,0,0,1,0,0,0,0
0,1.291880846,181.2884064,21.1819191,-0.864608288,-1.136920929,8.613456726,8.814558029,0.140547276,-5.882060051,1,-2.217245661,-2.258861656,-1.803676155,-3.047100783,9.49537037,0.207755102,-0.827314815,0.502106162,15.30769231,183.207,0,0.157261645,-0.504259875,0.157261645,2.966828328,0.333333333,0,0,0,1,0,1,2,0,4,0,0,0,0,1,0.4784,0,1,0,0,0,2,0,1,0,0,0,0,0,0,0,0,0,0,0,0,0,0,0,0,0
0,1.348653913,160.337265,37.0123024,2.798343658,-1.131984949,3.469826937,3.840592384,-3.201559067,-5.405094624,1,-2.546601088,-2.346302099,-2.054782823,-3.583656755,12.37539446,0.057510393,-0.823555472,0.855918702,17.15789474,255.273,0,0.312074121,-0.480738755,0.312074121,1.988116862,0.2,0,1,0,1,1,2,1,0,1,0,0,0,1,3,2.291,1,0,0,0,0,0,0,0,0,0,0,0,1,0,1,0,0,0,0,0,0,0,0,0,0
0,1.209062934,133.4172668,-6.571914673,0.88339293,2.01084137,2.101124525,3.677079439,-2.988675117,-4.96888113,1,-2.235229148,-2.287751915,-1.904884156,-3.069714135,10.65128275,0.253479308,-4.505346868,0.619628936,12.21052632,288.28,0,0.472013108,-0.466362935,0.466362935,2.978760116,0.538461538,0,0,0,1,0,1,0,0,2,0,0,0,0,1,3.379,0,0,0,0,0,0,0,0,0,0,0,0,0,0,0,0,0,0,1,1,0,0,0,0,0
0,1.025266409,30.85214996,-78.01933289,0.676489115,0.767011881,14.24104977,3.955768347,0.612544298,-4.193525791,0,-2.354219341,-2.308168053,-1.770241626,-3.174384345,3.696759259,1.175925926,1.175925926,0.490446891,8.833333333,82.106,0,0.051586797,-0.285478047,0.051586797,3.049648321,0.25,0,0,0,0,1,1,0,0,1,0,0,0,0,1,0.71812,0,0,0,0,1,0,0,0,0,0,0,0,0,0,0,0,0,0,0,0,0,0,0,0,0
0,1.268980384,118.1163788,51.01329422,-0.651049852,-1.512699366,8.177380562,8.421905518,0.667944193,-6.295986652,1,-2.491706637,-2.344978348,-2.027997304,-3.349621431,11.12947795,0.061970558,-1.291217054,0.05709488,51.03125,1390.728,0,0.185231785,-0.387562324,0.185231785,2.03E-07,1,3,6,0,0,0,0,38,0,24,3,9,0,2,9,-10.8924,0,9,0,0,0,0,0,11,0,0,0,0,0,0,0,0,0,0,0,0,0,0,0,0,0
0,1.14685607,70.61289215,1.496097565,4.634156227,0.892069578,4.652497292,8.54943943,-3.585775614,-4.91826725,1,-2.63344758,-2.405306934,-2.202973045,-3.501644455,10.53615418,0.023837711,-0.769974371,0.414210854,31.4,352.471,0,0.302851133,-0.494672649,0.302851133,1.825587219,0.75,1,1,0,0,0,0,5,0,3,1,2,0,0,2,3.4085,1,2,0,0,0,0,0,0,0,0,0,0,1,0,0,0,0,0,0,0,0,0,0,0,3
0,1.15773344,82.43592072,-17.23671341,1.269518495,1.626664162,5.124060631,7.963383198,-4.93155098,-5.438495159,1,-2.21651137,-2.113820788,-1.787778914,-3.184267564,10.46009078,0.064985591,-1.208333333,0.124669703,24.24242424,475.623,0,0.302851114,-0.481230254,0.302851114,1.09E-06,0.791666667,1,0,0,0,0,0,5,0,8,1,1,0,0,1,0.7037,1,6,0,0,0,0,0,1,0,0,0,0,0,0,0,0,0,0,0,0,0,0,0,0,3
0,1.196306348,126.6548462,12.95164871,3.445811749,3.60449791,9.626256943,7.138008595,-3.895661116,-4.766911507,1,-2.58065733,-2.461080973,-2.127741226,-3.643447704,13.81324436,0.249423606,-0.592443665,0.774030395,22.53571429,378.516,0,0.237555223,-0.37879274,0.237555223,1.737893656,0.458333333,0,2,1,2,0,2,1,0,0,0,2,0,1,4,3.1733,0,0,0,0,0,0,0,0,0,0,0,0,0,0,0,0,0,0,0,0,0,0,0,0,0
0,1.361348987,149.1175842,53.33634567,2.6535604,2.156807661,9.368585587,5.564484119,-5.208106995,-4.498031139,1,-2.321430732,-2.322028485,-1.925874372,-3.284012675,12.68025754,0.277212459,-1.328285305,0.769239037,12.33333333,345.424,0,0.197303118,-0.496683562,0.197303118,1.900572834,0.294117647,0,0,0,1,2,3,1,0,1,0,0,0,0,3,2.89974,0,0,0,0,1,0,0,0,0,0,0,0,1,0,0,0,0,0,0,0,0,0,0,0,0
0,1.084503293,98.46028137,-7.646564484,3.641724348,2.035325289,10.33053398,7.323052406,-3.797544003,-4.53630209,1,-2.523210804,-2.629431244,-2.105222218,-3.432377414,12.57051682,0.04263322,-0.04263322,0.822260925,12.5,276.424,0,0.241233463,-0.32423511,0.241233463,2.868573601,0.588235294,0,0,1,1,0,1,1,0,1,0,0,0,1,1,3.75244,0,0,0,0,0,0,0,0,0,0,1,0,0,0,0,0,0,0,0,0,0,0,0,0,0
0,1.13958919,83.24353027,-14.01758575,1.532799006,1.467931271,5.192368507,7.89786911,-5.247220993,-5.335226059,1,-2.21651137,-2.113820788,-1.787778914,-3.184267564,10.48609408,0.080170777,-1.208333333,0.123123855,24.85294118,489.65,0,0.302851114,-0.481230254,0.302851114,1.16E-06,0.8,1,0,0,0,0,0,5,0,8,1,1,0,0,1,1.0938,1,6,0,0,0,0,0,1,0,0,0,0,0,0,0,0,0,0,0,0,0,0,0,0,3
0,1.245413065,150.7123718,-9.933696747,1.448069572,0.937773228,6.760845661,6.93924284,-2.19934392,-6.187279701,1,-2.649685053,-2.610288957,-2.295099245,-3.605861992,13.99761989,0.02433191,-3.874053494,0.401597555,28.0625,690.86,0,0.330035772,-0.459922827,0.330035772,2.000937747,0.617647059,0,2,2,0,1,1,5,2,2,0,1,0,0,3,2.2693,0,1,0,0,0,0,0,0,0,0,0,0,3,0,1,0,1,0,0,0,0,0,0,1,0
0,2.080367088,195.3412933,58.37614059,-2.620639563,-0.151910305,7.372525215,3.515813112,-4.474972725,-4.887686729,1,-2.352441765,-2.455022154,-2.06706051,-3.307993013,13.01481623,0.013287706,-1.288209493,0.114255811,13.70588235,821.141,0,0.253134921,-0.393614704,0.253134921,3.725515731,0.526315789,0,0,3,1,0,1,3,0,8,0,0,0,3,1,-1.6275,0,6,0,0,0,0,0,0,0,0,1,0,0,3,0,0,0,0,0,0,0,0,0,0,0
0,0.973860383,164.1643372,-53.95724487,4.972702026,3.321970463,10.05583763,8.258928299,-5.28931284,-4.364324093,0,-2.404275308,-2.513529831,-2.06681072,-3.265598415,12.93673469,0.130792706,-0.136974915,0.652718922,22.68181818,309.494,0,0.311895419,-0.463894691,0.311895419,1.936816541,0.947368421,2,0,0,0,0,0,0,0,0,2,2,0,0,2,4.4022,0,0,0,0,0,0,0,0,0,0,0,0,0,0,0,0,0,0,0,0,0,0,0,0,0
0,1.309024215,172.4826813,73.8740387,2.697463512,2.162605286,9.115604401,7.482765198,-3.322462797,-4.989991665,1,-2.645536484,-2.709144802,-2.293605165,-3.590726684,10.26032195,0.016274565,-0.037993433,0.721339458,20.35,267.328,0,0.165212259,-0.504244007,0.165212259,2.053850223,0.294117647,1,1,0,2,0,2,1,0,2,0,0,0,0,4,2.8499,0,0,0,0,0,2,0,0,0,0,0,0,2,0,0,0,0,0,0,0,0,0,0,0,0
0,1.238092065,166.4901886,23.28443527,1.185020924,1.049623132,8.726492882,8.026004791,-1.755998611,-5.594799042,1,-2.53477874,-2.559173508,-2.269267489,-3.467936172,14.58157957,0.02574902,-2.278499976,0.04771559,28.63636364,1093.331,0,0.248126728,-0.507966618,0.248126728,1.728493142,0.75,0,3,7,1,0,1,16,0,16,0,3,0,0,4,-3.3119,0,7,0,0,0,1,0,2,0,0,0,0,2,0,0,0,0,0,0,0,0,0,0,0,5
0,1.224895239,158.1203461,51.50003433,3.635134697,2.498727322,10.65454578,8.74946022,-3.259550571,-4.576169968,1,-2.562407475,-2.542716695,-2.102620781,-3.441268097,11.15185516,0.177547241,-0.503544974,0.877601618,30.25,324.424,0,0.119124446,-0.49674294,0.119124446,1.687085362,0.45,0,3,0,1,1,2,5,2,1,0,3,0,1,5,3.1732,0,1,0,0,0,0,0,0,0,0,0,0,4,0,0,0,0,0,0,0,0,0,0,0,0
0,1.28525424,203.4832153,47.97060013,0.251713514,-0.643170357,5.185093403,8.372056007,-4.928286552,-6.303278446,1,-2.346080067,-2.305239681,-2.008415058,-3.502158841,15.11524928,0.047251874,-1.796798218,0.013616051,15.75961538,1443.632,0,0.299684553,-0.507966645,0.299684553,2.01E-06,0.442857143,0,2,10,3,3,6,9,0,18,0,2,0,0,8,-0.60523,2,1,0,0,2,1,0,1,0,0,0,0,1,0,0,0,0,0,0,0,0,0,0,0,0
0,1.611017942,111.0490265,62.29431534,-2.58091855,-0.582079887,7.416584969,3.368143559,-1.25852716,-6.067795753,1,-2.015798266,-1.836950324,-1.554188518,-2.906346482,12.83454949,1.073240428,-3.674864171,0.026883684,53.06921241,6179.373,0,0.223967522,-0.393566515,0.223967522,0.323543678,1,0,38,0,0,0,0,153,0,116,0,38,0,0,38,-83.6668,0,116,0,0,0,0,0,0,0,0,0,0,0,0,0,0,0,0,0,0,0,0,0,0,0
0,1.301363945,162.3065186,18.72618484,0.545427918,0.229406357,9.501752853,3.287753344,-1.062823772,-4.552788734,1,-2.459577487,-2.627522762,-2.165782022,-3.181575602,10.52446854,0.115102041,-0.115102041,0.595026197,9.181818182,151.165,0,0.220747436,-0.507964316,0.220747436,2.736298072,0.125,0,0,1,1,0,1,0,0,2,0,0,0,0,1,1.3506,0,0,0,0,0,1,0,0,0,0,1,0,0,0,0,0,0,0,0,0,0,0,0,0,0
0,1.325228214,202.804657,52.16490555,0.264762878,-0.246858358,8.124488831,7.364012718,-2.64271903,-5.911486626,1,-2.380492442,-2.271686259,-1.917603563,-3.289680914,14.35132867,0,-5.319198554,0.048125214,31.03225806,1355.388,0,3,-0.756104788,0.756104788,4.53E-06,0.619047619,0,6,7,1,1,2,15,8,9,0,2,0,15,8,3.40921,0,2,0,0,0,0,0,6,0,0,0,0,7,0,0,0,0,0,1,1,0,0,0,0,0
0,1.276473165,150.4691162,14.22937393,3.883071899,2.441716194,9.24847126,5.407188416,-6.449362755,-4.816026688,1,-2.31519292,-2.339621825,-1.91712094,-3.290729921,13.37134133,0.238755669,0.238755669,0.599149564,29.92307692,365.522,0,0.321116482,-0.310289214,0.310289214,1.446977418,0.409090909,0,3,2,2,0,2,4,0,0,0,3,0,4,5,3.6559,0,0,0,0,0,0,0,0,0,0,0,0,3,0,0,0,0,0,0,0,0,0,0,0,0
0,1.241324425,28.89731598,-71.08760834,0.750421762,-2.079097509,8.348804474,3.116385937,-0.168661594,-4.564599037,1,-2.034105625,-2.045670459,-1.660780402,-2.982484307,8.209490741,0.049382716,0.049382716,0.449399668,14.5,124.23,0,0.05549309,-0.395202884,0.05549309,2.754184786,1,0,0,0,0,0,0,1,0,3,0,0,0,1,0,0.2069,0,1,0,0,0,0,0,0,0,0,0,0,0,0,0,0,0,0,0,0,0,0,0,0,0
0,1.545097232,133.2964783,27.06740952,-1.000477552,-1.784904718,7.208427429,2.410962105,-0.351138592,-5.385473728,1,-1.888601918,-1.957791815,-1.586226642,-2.88731118,11.30341167,0.406698869,-1.634674036,0.27104183,35.94444444,265.222,0,0.340128356,-0.393566523,0.340128356,2.706552786,0.875,0,1,2,0,0,0,5,0,5,0,1,0,0,1,-2.8909,0,4,0,0,0,0,0,0,0,0,0,0,0,0,0,0,0,0,0,0,0,0,0,0,0
0,1.347462654,245.6366577,46.83776474,4.227229118,0.524736762,9.48573494,7.956938744,-5.492928982,-4.627345085,1,-2.60762107,-2.457061899,-1.966429306,-3.421714755,12.60963496,0.035588624,-0.241982132,0.862400284,34.5,324.38,0,0.340085899,-0.458602152,0.340085899,1.325010268,0.473684211,0,4,0,1,1,2,5,4,1,0,4,0,1,6,2.519,0,0,0,0,1,0,0,0,0,0,0,0,2,0,1,0,0,0,0,0,0,0,0,0,0
0,2.69169426,284.8378906,77.31703186,4.332740784,0.08447051,2.620150089,3.436942816,-5.392533302,-4.590802193,1,-2.375026848,-2.427142104,-1.908307028,-3.458154858,12.41527635,0.152320802,-1.055892143,0.160706146,10.64705882,1139.764,0,0.337436183,-0.47758372,0.337436183,1.940118896,0.2,0,0,2,2,0,2,0,0,4,0,0,0,0,2,6.8482,0,0,0,2,0,0,0,0,0,0,2,0,0,6,0,0,0,0,0,0,0,0,0,0,1
0,1.329598427,93.59602356,21.57701492,4.915599823,4.630934715,8.906997681,6.005887508,-5.898545265,-5.83424139,1,-2.420812337,-2.573245401,-1.855545641,-3.51191098,13.27138162,0.587686269,-4.331191157,0.709478258,18.07142857,407.505,0,0.415986985,-0.339581092,0.339581092,1.549600115,0.428571429,0,2,0,2,0,2,0,0,0,0,1,0,0,4,4.9456,0,0,0,0,0,0,0,0,0,0,2,0,2,3,0,0,0,0,0,0,0,0,0,0,0
0,1.023950934,236.256546,-69.19213867,-2.452042341,-4.521289825,9.811385155,5.22300148,0.889971495,-4.830509663,1,-2.034821238,-2.082142172,-1.688300863,-2.934405996,8.38625,0.28125,0.28125,0.47504471,12,103.1734336,0,0.101493486,-0.39051529,0.101493486,3.154490065,1,0,0,0,0,0,0,0,0,1,0,0,0,0,0,-0.3151,0,1,0,0,0,0,0,0,0,0,0,0,0,0,0,0,0,0,0,0,1,0,0,0,0
0,1.202825546,75.0184021,45.50278854,1.992371082,0.549655795,9.860786438,8.113153458,-3.187655687,-5.002958298,1,-2.511890261,-2.397778799,-1.957671315,-3.278968908,14.05461131,0.015760597,-0.779951916,0.409154248,52.38461538,729.908,0,0.171739605,-0.391709611,0.171739605,0.993754798,0.875,0,10,0,0,0,0,19,12,2,0,10,1,0,10,3.438,0,1,0,0,0,0,0,1,0,0,0,0,6,0,1,0,0,0,0,0,0,0,0,0,0
0,1.151229739,131.5834961,3.368354797,2.012728214,1.265733123,10.08504105,7.957409382,-2.82379818,-4.845422745,1,-2.820727475,-2.817847161,-2.261405119,-3.655507702,12.32958711,0.025700113,0.025700113,0.869904321,20.72222222,246.354,0,0.241234393,-0.324235097,0.241234393,2.109479849,0.533333333,0,1,1,1,0,1,1,0,1,0,1,0,1,2,2.72624,0,0,0,0,0,0,0,0,0,0,1,0,0,0,0,0,0,0,0,0,0,0,0,0,0
0,1.287658691,230.7065887,55.89816666,2.174117327,1.140520334,8.671946526,7.614839077,-5.570099354,-5.603251457,1,-2.52611232,-2.547141815,-2.105870641,-3.365079746,11.48030331,0.001573486,-0.050294607,0.24494085,20.2,609.743,0,0.201483463,-0.504238673,0.201483463,1.429424108,0.351351351,0,4,0,4,0,4,2,6,2,0,0,0,0,8,6.701,0,0,0,0,0,2,0,0,0,0,0,0,2,0,0,0,0,0,0,0,1,0,0,0,0
0,2.138020754,215.9537201,70.43218994,-2.517421961,0.376480699,6.63333416,3.78463006,-5.91105032,-5.09617281,1,-2.289245119,-2.397419001,-2.007578417,-3.267407805,13.64380425,0.014140282,-1.622715282,0.059188514,13.62903226,1550.188,0,0.253134921,-0.393614704,0.253134921,2.841564366,0.485714286,0,0,6,2,0,2,4,0,13,0,0,0,4,2,-1.5869,0,9,0,0,0,0,0,0,0,0,2,0,0,6,0,0,0,0,0,0,0,0,0,0,0
0,1.2726717,172.0387268,36.26665115,3.853352547,0.786120176,8.532932281,8.117352486,-3.997061968,-6.303713322,1,-2.567254937,-2.620156738,-2.234070661,-3.507896803,12.90096333,0.147484883,-1.361937506,0.438273017,39.92592593,424.991,0,0.237217365,-0.387508441,0.237217365,2.094099659,0.944444444,0,2,1,0,0,0,9,0,4,0,2,0,0,2,0.3895,0,3,0,0,0,0,0,0,0,0,0,0,0,1,0,0,0,0,0,0,0,1,0,0,0
0,1.468349576,213.5600433,93.69546509,-0.24232626,-0.056870461,4.74519825,7.315716743,-3.618836164,-5.212925434,1,-2.876125864,-2.927234171,-2.534642457,-3.95158283,15.24871763,0.024719578,-1.604817014,0.3329931,21.05,558.517,0,0.340739267,-0.47749685,0.340739267,1.416147372,0.346153846,1,1,2,1,2,3,5,0,4,1,2,0,0,5,0.9039,0,0,0,1,0,0,0,1,0,0,1,0,2,3,0,0,0,0,0,0,0,0,0,0,0
0,1.291689992,254.4670105,24.06574631,2.04199791,2.133569241,2.330609798,8.355955124,-6.340208054,-6.133280277,0,-2.452595828,-2.608515704,-1.989717008,-3.590287019,11.37437673,0.25309491,-4.009225614,0.057172735,17.77358491,754.007,0,0.264351776,-0.343945165,0.264351776,1.251469946,0.325581395,0,2,0,4,0,4,0,0,2,0,0,0,0,6,9.0555,0,0,0,0,0,0,0,0,0,0,1,0,6,0,0,0,0,0,0,0,0,0,0,0,2
1,1.272572637,199.1188507,33.01548386,0.471953869,0.271227121,4.848733902,8.691343307,-1.588760853,-6.11968565,1,-2.453917142,-2.323867622,-1.961263235,-3.606490967,14.67078446,0.003649478,-1.594405113,0.036300918,21.32432432,1025.182,0,0.325695473,-0.479717475,0.325695473,1.548061108,0.46,0,1,8,2,2,4,7,0,14,0,1,0,0,5,-0.43933,1,0,0,0,2,0,0,1,0,0,0,0,1,0,0,0,0,0,0,0,0,0,0,0,1
1,1.414625049,177.9478607,36.15056229,0.581876159,0.991101146,7.74601078,5.22328186,-2.292212486,-4.684588909,1,-2.547225066,-2.706348726,-2.273499691,-3.716655737,14.44791399,0.189437532,-0.538079124,0.891597389,20.91666667,337.351,0,0.41431651,-0.442045997,0.41431651,1.692165277,0.5,0,2,2,1,0,1,1,0,1,0,2,0,0,3,1.1236,0,0,0,0,0,0,0,0,0,0,2,0,0,1,0,0,1,0,0,0,0,0,0,0,0
1,1.252470374,220.0365295,58.48781967,2.016916513,0.981802106,5.290005684,8.041863441,-5.63123703,-6.761642456,1,-2.533271738,-2.549302672,-2.083942561,-3.463142023,14.91424794,0.024037556,-1.846779078,0.024674501,15.43564356,1416.089,0,0.2474813,-0.507966645,0.2474813,1.248735159,0.458333333,0,1,12,4,1,5,10,0,13,0,1,0,0,6,1.168,0,1,0,0,0,1,0,2,0,0,0,0,1,1,0,0,0,0,0,0,0,0,0,0,1
1,1.191903234,99.98596954,8.437103271,3.427556515,2.311101675,11.48976707,7.975565434,-4.175559044,-4.598956108,1,-2.602994789,-2.746967327,-2.094141816,-3.659652447,12.78586109,0.079273537,-0.504992248,0.639343772,16.96153846,352.478,0,0.316145299,-0.465313584,0.316145299,1.645742072,0.409090909,0,1,0,2,0,2,0,0,1,0,1,0,0,3,3.4082,0,0,1,0,0,0,0,1,0,0,1,0,0,0,0,0,0,0,0,0,0,0,0,0,0
1,1.314861417,123.6274109,37.48651505,3.609982252,2.787618876,3.726914644,5.661767006,-5.47650528,-5.316588402,1,-2.611518566,-2.390709762,-2.197247865,-3.460166818,12.07346189,0.067012734,-1.031936408,0.583073454,48.40740741,384.425,0,0.30819321,-0.481218929,0.30819321,1.582893989,0.894736842,1,4,0,0,0,0,8,2,1,1,5,1,0,5,2.6024,1,0,0,0,0,0,0,0,0,0,0,0,2,0,0,0,0,0,0,0,0,0,0,0,0
1,1.251520157,134.1583252,14.87512589,1.551966786,2.564822435,10.06158733,7.259254932,-3.000396252,-4.394701004,1,-2.716368161,-2.862067372,-2.191691808,-3.767362371,12.834318,0.116101146,-1.036744142,0.677733039,16.40740741,376.453,0,0.33177168,-0.468960108,0.33177168,2.268819022,0.55,0,1,1,1,0,1,0,0,0,0,1,0,0,2,2.0003,0,0,0,0,0,0,0,0,0,0,1,0,0,0,0,0,0,0,0,0,0,0,0,0,0
1,1.220369697,104.0945129,7.763702393,1.958690405,0.262484074,5.821930408,9.304021835,-4.037446499,-5.899218559,1,-2.419157692,-2.281382725,-2.071573962,-3.374507754,12.02354421,0.057843863,-3.601087932,0.384302205,16.3,440.606,0,0.321573702,-0.493601479,0.321573702,1.739689847,0.681818182,0,1,0,1,0,1,1,0,3,0,1,0,0,2,2.9505,1,0,0,0,0,0,0,0,0,0,0,0,0,0,0,0,0,0,0,0,0,0,1,0,2
1,1.369337201,285.8482666,47.4051857,0.906449914,0.784326553,8.028424263,4.828092575,-2.299426556,-5.74368,1,-2.47301573,-2.445454467,-1.965693697,-3.45344659,11.36420509,0.12260393,-0.34925359,0.778669777,9.75,211.224,0,0.265591442,-0.324752195,0.265591442,2.677976211,0.083333333,0,0,0,0,2,2,0,0,1,0,0,0,0,2,1.617,0,0,0,0,1,0,0,0,0,0,0,0,0,0,0,0,0,0,0,0,0,0,0,0,0
1,1.908375263,221.0108032,74.47068787,0.354228735,0.461185217,9.290057182,3.029598236,-1.847186685,-5.61017561,1,-2.315631625,-2.4676287,-1.944995888,-3.483442697,14.0685497,0.061492373,-1.736559902,0.648649936,30.2,303.681,0,0.225952838,-0.39356669,0.225952838,2.070664128,0.5,0,1,0,0,2,2,4,0,3,0,1,0,0,3,-0.3494,0,2,1,0,0,0,0,1,0,0,1,0,1,2,0,0,0,0,0,0,0,0,0,0,0
1,1.192749262,140.7359161,14.0389061,3.755786657,1.380155325,7.750353336,8.184263229,-4.518174171,-5.55010891,1,-2.475158023,-2.393678381,-1.961148559,-3.288364378,13.4576151,0.019401037,-0.663400301,0.382734991,50.08571429,507.737,0,0.315698602,-0.461101115,0.315698602,1.620562786,0.857142857,4,0,0,0,0,0,11,2,3,4,4,0,1,4,3.8668,0,2,0,0,0,0,0,1,0,0,0,0,0,0,1,0,0,0,0,0,0,1,0,0,0
1,1.248178959,117.0562286,48.25535202,-0.446211815,-1.824121237,8.544446945,8.526150703,0.268728495,-5.95919323,1,-2.48393728,-2.359745164,-2.031324249,-3.348920924,11.27098998,0.048281743,-1.280799031,0.175035371,46.51515152,475.587,0,0.214912481,-0.466552979,0.214912481,1.750481214,0.904761905,1,2,0,0,0,0,11,0,8,1,2,0,0,3,-3.2007,0,3,0,0,0,0,0,3,0,0,0,0,0,0,0,0,0,0,0,0,0,0,0,0,0
1,1.312954783,160.9246216,74.29377747,4.665412426,2.001081228,7.450429916,8.293072701,-3.852068901,-4.659700871,1,-2.585463479,-2.616111972,-2.202168554,-3.519247084,12.07979686,0.156521164,-0.779722222,0.813193739,41.4,339.435,0,0.165686911,-0.50424645,0.165686911,1.57878798,0.619047619,3,2,0,1,0,1,4,2,2,2,3,1,0,6,2.5125,0,1,0,0,0,1,0,0,0,0,0,0,0,0,0,0,0,0,0,0,0,0,0,0,0
1,1.154409885,172.3924103,39.51231766,4.53800106,1.431401491,5.088114738,8.529763222,-4.932216644,-5.507155895,1,-2.430529286,-2.326542228,-1.969341701,-3.306555859,11.46525589,0.059063484,-0.706907588,0.659162096,51.67857143,392.58,0,0.302850257,-0.481230262,0.302850257,1.562527921,0.958333333,4,0,0,0,0,0,10,0,3,4,4,0,0,4,4.4779,1,2,0,0,0,0,0,0,0,0,0,0,5,0,0,0,0,0,0,0,0,0,0,0,0
1,1.28837502,261.7370605,39.00881577,4.050154686,0.838892817,8.522548676,4.819453239,-6.192167282,-5.663823128,1,-2.687469749,-2.556907872,-2.338638136,-3.487539548,12.55798029,0.024309039,-0.995686078,0.188481572,54.96296296,764.95,0,0.330661,-0.457979662,0.330661,0.826308373,0.926829268,4,4,0,0,0,0,20,0,5,4,7,0,0,8,3.2473,0,5,0,0,0,0,0,0,0,0,0,0,5,0,0,0,1,0,0,0,0,0,0,0,0
1,1.310620785,263.0469666,48.85976791,3.497794151,0.399610639,8.535320282,4.878469467,-5.64548111,-5.663191319,1,-2.667535368,-2.53697349,-2.339266659,-3.488168072,12.56839695,0.045206267,-1.012484854,0.162214624,55.54545455,780.949,0,0.330661014,-0.457979647,0.330661014,0.837498199,0.926829268,4,4,0,0,0,0,21,0,6,4,7,0,0,8,2.2181,0,6,0,0,0,0,0,0,0,0,0,0,5,0,0,0,1,0,0,0,0,0,0,0,0
1,1.309136152,181.6010742,5.449180603,2.231730938,1.023853421,8.97354126,8.25952816,-2.511363268,-4.592284203,1,-2.376913916,-2.462024684,-1.934205636,-3.533786552,11.52311728,0.016064815,-0.452546296,0.438708272,11.12121212,469.973,0,0.331653183,-0.367459863,0.331653183,1.94E-07,0.291666667,0,0,0,2,2,4,0,0,1,0,0,0,0,4,2.9679,0,0,0,0,1,0,0,0,0,0,0,0,1,1,0,0,0,0,0,0,0,0,0,0,0
1,1.234596848,223.3720398,50.68108749,1.638797283,1.273510575,4.826153755,9.720048904,-5.547708511,-6.636526108,1,-2.369360608,-2.405234098,-1.91794275,-3.373911443,15.19190912,0.03652393,-1.818939385,0.015104775,14.8125,1570.35,0,0.245329001,-0.507966645,0.245329001,1.291345395,0.5,0,1,11,4,1,5,10,0,16,0,1,0,0,6,2.2727,0,1,0,0,0,1,0,1,0,0,0,0,1,1,0,0,0,0,0,0,0,0,0,0,2
1,1.234161973,130.5282288,4.605712891,2.381772041,1.456991196,6.480624199,5.652662754,-3.057457924,-4.202204227,1,-2.727367902,-2.884104092,-2.152724969,-3.686183631,12.95341464,0.105955564,-0.373136414,0.614045374,16.5,416.526,0,0.363188568,-0.382234288,0.363188568,1.714930454,0.619047619,0,1,1,1,1,2,0,0,0,0,1,0,0,3,1.3839,0,0,0,0,0,0,0,0,0,0,1,0,0,0,0,0,0,0,0,0,0,0,0,0,0
1,1.116573095,163.8748016,16.57149124,5.105288982,1.906480908,8.762901306,8.069144249,-6.125617981,-5.238936901,1,-2.618060444,-2.622561306,-2.249350056,-3.435798983,13.00040021,0.009519306,-0.11417763,0.18133657,44.37209302,597.905,0,0.305523898,-0.460881955,0.305523898,1.308911254,0.891891892,4,2,0,0,0,0,10,0,0,4,6,0,0,6,6.9122,0,0,0,0,0,0,0,0,0,0,0,0,5,0,0,0,0,0,0,0,1,0,0,0,0
1,1.280639052,239.779541,65.70263672,2.670338631,1.391356945,5.222761154,7.982702255,-6.341247082,-6.690274239,1,-2.393007788,-2.567425211,-1.904105774,-3.472512007,15.45675434,0.004099354,-1.923596271,0.024193921,16.13675214,1632.289,0,0.321601078,-0.393679071,0.321601078,1.096276471,0.414634146,0,2,17,5,1,6,11,0,17,0,2,0,0,8,1.5147,0,1,0,0,0,0,0,2,0,0,2,0,1,1,0,0,0,0,0,0,0,0,0,0,1
1,1.471094966,100.4117584,30.75854111,-0.354470968,0.0771842,10.10050583,1.89759922,-1.373033881,-5.159018517,1,-2.447564456,-2.487935541,-2.004694217,-3.407872747,11.70027416,0.264560658,-0.670648148,0.445400429,26.10526316,267.245,0,0.329958489,-0.393665572,0.329958489,2.341856937,0.6,0,1,0,0,1,1,3,0,2,0,1,0,0,2,-0.19628,0,1,0,0,1,0,0,0,0,0,0,1,0,0,0,0,0,0,0,0,0,0,0,0,0
1,1.233792543,89.85217285,21.2134819,3.495913267,2.556569815,9.734210014,8.834976196,-3.526330471,-5.222865105,1,-2.548692639,-2.458310699,-2.069046053,-3.399719169,6.335622286,0.090023505,0.090023505,0.701081107,24.33333333,386.561,0,0.133546313,-0.495545225,0.133546313,1.455957865,0.590909091,1,1,0,0,2,2,1,0,1,1,2,1,0,4,4.6926,0,0,0,0,0,0,0,0,0,0,0,0,0,0,0,0,0,0,0,0,0,0,0,0,0
1,1.629051685,133.4168243,-25.91776085,-2.794242144,-2.490311861,-0.299572945,4.812202454,0.071417809,-6.373770714,1,-2.121875414,-1.813810885,-1.642416281,-3.126730759,11.98604852,0.10172808,-4.452970679,0.218234439,45.59375,604.715,0,,,,2.046829065,0.833333333,0,4,0,0,0,0,4,0,3,0,4,1,2,4,-7.9118,3,3,0,0,0,0,0,0,0,0,0,0,0,0,0,0,0,0,0,0,4,0,0,0,0
1,1.232996941,104.5758057,36.62651443,4.805541039,3.026375294,10.67754269,8.650755882,-5.245264053,-4.27163887,1,-2.572258226,-2.614389832,-2.160410703,-3.455781563,12.1483516,0.19654321,0.19654321,0.727312028,14.29166667,340.492,0,0.162175686,-0.338045842,0.162175686,2.068863894,0.35,0,1,0,2,0,2,1,0,0,0,0,0,1,3,4.8321,0,0,0,0,0,0,0,0,0,0,2,0,2,0,1,0,0,0,0,0,0,0,0,0,0
1,1.31912899,208.3997345,-51.74401855,1.298853159,-0.510918379,8.628791809,9.455826759,-0.093575954,-5.250213146,1,-2.195701545,-2.319234693,-1.916188828,-3.163750656,6.476817838,0,0,0.094844463,11.61538462,891.54,0,0.203293905,-1,0.203293905,-4.32E-06,0.8,0,0,0,1,0,1,0,0,0,0,0,0,0,1,-3.5355,0,0,0,0,0,0,0,0,0,0,0,0,0,3,0,0,0,0,0,0,3,0,0,0,0
1,1.490145087,155.6251831,63.62117386,0.117297411,0.731551051,4.028489113,6.269173622,-1.64665854,-5.882634163,1,-2.494476491,-2.406022842,-1.932833861,-3.523359143,12.3289263,0.005102749,-3.758686867,0.307507907,34.59259259,420.513,0,0.352962451,-0.476539137,0.352962451,1.708870329,0.733333333,0,3,1,0,0,0,6,0,5,0,2,0,0,3,-1.6031,1,1,0,0,0,0,0,1,0,0,0,0,1,0,0,1,0,0,0,0,0,1,0,0,0
1,1.3822155,198.7928467,47.53541946,3.429132223,-0.241068363,2.894667149,3.704786539,-5.291656971,-5.255251408,1,-2.535901707,-2.447999427,-1.938635036,-3.624584884,13.18094829,0.368498546,-1.031655571,0.730104801,24.72413793,414.483,0,0.327399385,-0.493021814,0.327399385,1.639621137,0.380952381,0,2,2,2,0,2,3,0,2,0,2,0,0,4,2.4838,1,0,0,0,0,0,0,0,0,0,0,0,2,0,0,1,0,0,0,0,0,1,0,0,0
1,1.923439264,221.2279968,68.44522095,-1.19978261,-0.490085125,11.43774128,3.714919567,-1.003908992,-6.171830177,1,-2.238899388,-2.404744649,-2.049447768,-3.357351322,9.950183768,0.21804944,-1.189129819,0.490519868,31.10526316,267.245,0,0.167138506,-0.393566854,0.167138506,2.035435146,0.5,0,1,0,0,2,2,4,0,4,0,1,0,0,3,-1.98,0,3,1,0,0,0,0,1,0,0,1,0,1,0,0,0,0,0,0,0,0,0,0,0,0
1,1.589638829,117.2097549,33.71485519,1.500232816,0.757555485,2.822876453,3.709435701,-4.119946957,-5.10399437,0,-2.379250579,-2.588174249,-2.073350307,-3.563411133,13.66745383,0.006032139,-5.071490251,0.264567586,19.85365854,614.411,0,0.452165528,-0.349264174,0.349264174,1.68157193,0.391304348,0,1,0,2,1,3,3,0,3,0,1,0,0,4,4.3663,0,0,0,0,1,0,0,0,0,0,0,0,0,7,0,0,0,0,0,0,0,0,0,0,0
1,1.38645637,205.3440552,59.30994034,0.448214769,0.485282421,9.687316895,7.217491627,-3.326116562,-5.351347923,1,-2.681434841,-2.933030273,-2.481135441,-3.863575111,12.8040011,0.098757043,-0.395431356,0.547055967,17.22857143,480.529,0,0.260613194,-0.490798656,0.260613194,1.347754846,0.434782609,0,3,1,1,1,2,0,0,2,0,1,0,0,5,0.6618,0,0,1,0,0,0,0,1,0,1,1,0,3,0,0,0,0,0,0,0,0,0,0,0,0
1,1.266589403,185.3435822,36.64558029,1.580804229,-0.136445045,10.12768555,7.480797768,-5.883543015,-5.402265072,1,-2.537689261,-2.46563416,-2.017624047,-3.426737997,13.09176115,0.089848778,-0.456707688,0.032395007,18.67567568,1035.238,0,0.305874298,-0.492704625,0.305874298,1.083947664,0.535714286,0,2,0,4,0,4,4,0,0,0,0,0,4,6,7.7098,0,0,0,0,0,0,0,0,0,0,0,0,2,0,0,0,0,0,0,0,2,0,0,0,0
1,1.315541148,185.7445526,10.1914978,2.208623171,1.544845343,10.07705116,7.45819664,-2.675351858,-4.401250362,1,-2.364042005,-2.28916503,-1.815241329,-3.173574218,12.17881551,0.258657407,-0.558935185,0.857156529,25.75,237.73,0,0.156947224,-0.304285911,0.156947224,2.483414674,0.461538462,1,0,0,1,0,1,1,0,1,1,1,0,1,2,2.8978,0,0,0,0,0,0,0,0,0,0,0,0,0,1,1,0,0,0,0,0,0,0,0,0,0
1,1.604540467,198.9097748,43.2322197,-1.683041096,-1.133547306,11.0238266,5.054224491,-0.033327341,-5.817474365,1,-2.056863382,-2.217828136,-1.859196735,-3.206948515,9.899107143,0.234124307,-0.737300669,0.536958845,33.84210526,268.273,0,0.161686651,-0.393568836,0.161686651,1.904521264,0.636363636,0,2,0,0,1,1,4,0,4,0,1,0,0,3,-1.1798,0,3,0,0,0,0,0,0,0,0,0,0,1,0,0,0,0,0,0,0,0,0,0,0,0
1,1.608249903,205.0680542,65.07009888,2.249058485,0.387868881,4.62686491,7.526683331,-3.143665314,-6.216731071,1,-2.451974873,-2.362673029,-1.990139337,-3.655401556,11.34944843,0.16255102,-4.105997483,0.768936393,11.33333333,330.749,0,0.337344533,-0.477582972,0.337344533,2.406625749,0.083333333,0,0,0,1,1,2,0,0,3,0,0,0,0,2,1.8907,0,0,0,1,0,0,0,1,0,0,1,0,0,1,0,0,0,0,0,0,0,0,1,0,0
1,1.405920625,217.3012848,71.9303894,1.406112194,-0.384711504,6.084894657,9.230881691,-3.641680479,-4.8681674,1,-2.756289749,-2.821853897,-2.504880433,-3.943698411,15.32022251,0.059850298,-1.301440712,0.818518297,24,401.438,0,0.340723118,-0.492238337,0.340723118,1.729081682,0.523809524,1,2,0,1,1,2,2,0,2,1,3,0,0,5,2.3705,0,0,0,1,0,0,0,0,0,0,1,0,2,1,0,0,0,0,0,0,0,0,0,0,0
1,1.226024628,196.7208252,65.27236938,1.249948978,0.491965771,4.066503525,10.25103092,-1.62806356,-6.298295975,1,-2.400939006,-2.290760878,-1.903093972,-3.463576398,11.60171769,0.099400983,-1.109444444,0.282901677,28.39130435,328.413,0,0.308721486,-0.480954001,0.308721486,3.167127579,0.8,1,0,1,0,0,0,5,0,6,1,1,0,0,1,-0.13943,1,1,0,0,0,0,0,1,0,0,0,0,0,0,0,0,0,0,0,0,0,0,0,0,0
1,1.202648163,99.95198059,-12.08182907,-0.409030437,0.117006302,10.88833427,7.39180851,0.433834791,-5.989041805,1,-2.223786692,-2.272720015,-1.832744738,-2.98161747,11.26955168,0.000230064,-1.230376984,0.412780403,13.78571429,205.254,0,0.248995065,-0.39630669,0.248995065,3.988878925,0.888888889,0,0,1,0,0,0,1,0,4,0,0,0,0,0,-1.1356,0,3,0,0,0,0,0,0,0,0,0,0,0,0,0,0,0,0,0,0,0,0,0,0,0
1,1.286706805,233.4245911,62.79189682,0.822114825,1.21838057,5.129184246,8.515406609,-4.470077991,-6.689831734,1,-2.109107973,-2.255638233,-1.746395646,-3.219060151,14.86619952,0.001694756,-1.853308758,0.013447287,15.20588235,1431.064,0,0.311673052,-0.507966645,0.311673052,1.253762406,0.428571429,0,1,13,4,1,5,10,0,17,0,1,0,0,6,-0.50613,0,1,0,0,0,1,0,3,0,0,0,0,1,1,0,0,0,0,0,0,0,0,0,0,0
1,1.346911192,205.6024475,85.14089966,2.372573376,0.889795184,10.75618744,7.484667778,-4.161587715,-4.781377792,1,-2.542164834,-2.635486002,-2.285533632,-3.470175091,6.043289527,0.169164725,0.169164725,0.606983103,10.66666667,369.425,0,0.222050034,-0.492633763,0.222050034,1.920354042,0.263157895,0,0,0,2,1,3,0,0,3,0,0,0,0,3,2.74052,0,0,2,0,0,0,0,2,0,0,3,0,1,0,0,0,0,0,0,0,0,0,0,0,0
1,1.420041919,207.4012604,69.2258606,2.08326602,0.847950935,9.17883873,8.347699165,-1.973078728,-5.4925313,1,-2.396050302,-2.315319933,-1.877759861,-3.260797963,9.861880406,0.006574074,-0.262247417,0.611366933,18.04761905,305.761,0,0.176288935,-0.507966639,0.176288935,2.14470891,0.25,0,1,0,2,0,2,1,0,4,0,0,0,1,3,2.7344,0,0,0,0,0,3,0,0,0,0,0,0,1,1,0,0,0,0,0,0,0,0,0,0,0
1,1.296105742,177.1851501,22.27383041,2.377631664,0.9099406,6.340090275,6.94268465,-3.907745361,-6.668718338,1,-2.735672479,-2.837425705,-2.294868656,-3.710402088,15.70410487,0.028889848,-1.691239493,0.213901639,29.52054795,1022.239,0,0.333204636,-0.505469481,0.333204636,1.193604659,0.528301887,0,6,6,2,1,3,9,2,4,0,6,0,0,9,2.3235,0,0,0,0,0,1,0,0,0,0,1,0,5,0,1,0,1,0,0,0,0,1,0,0,0
1,1.318643808,149.488205,49.95859146,-1.237609863,-1.570750475,8.158499718,8.533660889,0.398566961,-6.290164471,1,-2.566375011,-2.466958822,-2.110698945,-3.380064109,12.67177974,0.021550245,-1.45866313,0.089117882,40.3902439,592.691,0,0.248699663,-0.466544711,0.248699663,1.788448535,0.88,1,2,1,0,0,0,12,0,11,1,2,0,0,3,-5.3611,0,5,0,0,0,0,0,3,0,0,0,0,0,0,0,0,0,0,0,0,0,0,0,0,0
1,1.23750031,133.7947388,9.265182495,3.761905909,2.909702539,10.22499847,7.484692574,-3.149864197,-4.942379951,1,-2.482866746,-2.467161443,-1.828660042,-3.472821148,8.779094161,0.090898388,0.090898388,0.720292463,17.30769231,374.912,0,0.069785866,-0.393980333,0.069785866,1.659765853,0.428571429,0,1,0,2,0,2,1,0,1,0,1,0,1,3,3.0559,0,1,0,0,0,0,0,0,0,0,0,0,0,1,0,0,0,0,0,0,0,0,0,0,0
1,1.379942894,200.4465637,45.31988907,-0.661885738,-2.487236738,6.646035671,7.9921031,-1.484121203,-6.736322403,1,-2.324582433,-2.277613515,-1.854417265,-3.142578655,14.60023058,0.001055526,-1.795902764,0.00857422,22.80405405,2140.492,0,0.246223609,-0.507966645,0.246223609,4.01E-07,0.489130435,0,4,22,4,0,4,16,0,27,0,4,0,16,8,-9.7336,0,0,0,0,0,2,0,11,0,0,0,0,0,0,0,0,0,0,0,0,0,0,0,0,1
1,1.438762426,195.2372131,36.5445137,0.97567451,1.009224772,9.097439766,5.912020683,-2.880457163,-4.880791664,1,-2.464058928,-2.657899966,-2.123940717,-3.54210405,13.46773881,0.165439815,-0.539203095,0.793247745,13.40909091,303.293,0,0.358400963,-0.461212997,0.358400963,2.197253813,0.266666667,0,1,1,1,1,2,0,0,0,0,0,0,0,3,1.7737,0,0,0,0,0,0,0,0,0,0,0,0,3,1,0,0,0,0,0,0,0,0,0,0,0
1,1.428504229,158.4097443,76.02896118,-1.299827099,-1.591856241,7.667527199,6.865079403,-2.429039001,-6.329861164,1,-2.600966041,-2.700503518,-2.280554315,-3.539006131,15.18087521,0.00525207,-2.200064388,0.015025866,24,1415.576,0,0.404462257,-0.44052636,0.404462257,1.261377345,0.618181818,0,2,8,0,4,4,19,0,20,0,2,0,10,6,-7.70358,0,8,1,0,1,0,0,5,0,0,1,0,0,0,0,0,0,0,0,0,0,0,0,0,0
1,1.333237886,185.5704956,47.41863632,0.73548615,0.18474555,6.818527699,8.079582214,-2.300158978,-7.021893024,1,-2.510055094,-2.421537156,-2.007630879,-3.346698956,14.8609718,0.050056267,-1.550719402,0.045331919,21.62337662,1096.347,0,0.243696606,-0.507966645,0.243696606,1.394359281,0.407407407,0,1,8,4,1,5,9,0,13,0,1,0,9,6,0.8216,0,1,0,0,1,1,0,3,0,0,0,0,2,0,0,0,0,0,0,0,0,0,0,0,1
1,1.350519061,208.7193604,83.42195129,4.214310646,1.147738934,8.59595108,8.353466034,-2.820963144,-4.61193037,1,-2.564751638,-2.563283964,-2.215443869,-3.519634277,12.08010936,0.081891534,-0.88399093,0.751485927,43.53846154,357.45,0,0.165316794,-0.504246653,0.165316794,1.521187532,0.714285714,3,2,0,1,0,1,5,2,3,2,3,1,0,6,1.7073,0,2,0,0,0,1,0,0,0,0,0,0,0,0,0,0,0,0,0,0,0,0,0,0,0
1,1.611186981,126.9430771,-5.088226318,-0.441846371,1.152700186,9.625890732,4.164832592,-0.33244729,-5.498186111,1,-1.731172259,-1.761684513,-1.499011457,-2.955836013,10.20703798,0,-0.482561728,0.512632811,11.54545455,363.575213,0,-1,-1,1,0,0.8,0,0,2,0,0,0,1,0,2,0,0,0,1,0,-3.3612,0,0,0,0,0,0,0,1,0,0,0,0,0,1,0,0,0,0,0,0,0,0,0,0,0
1,1.14342308,141.9377441,-1.778068542,0.11796689,-2.291596174,10.11859322,9.045345306,0.557245493,-5.316832542,1,-2.240193622,-2.306722495,-1.845117022,-3.051936537,9.471342593,0.183012094,-0.553611111,0.619057368,12.83333333,167.208,0,0.115448789,-0.50795465,0.115448789,2.732558068,0.333333333,0,0,0,1,0,1,1,0,3,0,0,0,0,1,0.645,0,1,0,0,0,1,0,0,0,0,0,0,0,0,0,0,0,0,0,0,0,0,0,0,0
1,1.434179664,252.8156586,69.77124023,2.411533117,0.253109217,6.499652386,8.532282829,-1.426277399,-4.744021893,1,-2.765449851,-2.675548631,-2.291660215,-3.639996242,12.52377551,0.003187831,-0.95375,0.739698012,42,301.342,0,0.173963021,-0.504246433,0.173963021,1.877413743,0.588235294,2,2,0,1,0,1,4,2,2,1,2,1,0,5,0.7452,0,1,0,0,0,1,0,0,0,0,0,0,0,0,1,0,0,0,0,0,0,0,0,0,0
1,1.369536281,178.9594727,35.12031174,1.648881435,0.339546084,4.396904945,6.482855797,-4.607445717,-5.708064079,1,-2.62363241,-2.692940874,-2.159455093,-3.881990713,10.63498738,0.160394306,-0.774221093,0.699336276,11.08695652,358.269,0,0.302853522,-0.48123024,0.302853522,2.231666832,0.5,0,0,0,1,1,2,0,0,1,0,0,0,0,2,3.2646,1,0,0,0,0,0,0,0,0,0,1,0,1,2,0,0,0,0,0,0,0,0,0,0,0
1,1.359968424,223.6000671,65.57284546,2.312954664,0.079679728,5.693579674,7.383806229,-4.488409996,-5.63630724,1,-2.684156406,-2.58533888,-2.226842877,-3.5183866,12.79987594,0.078862014,-0.931041667,0.79138954,45.23076923,356.442,0,0.173973485,-0.504246433,0.173973485,1.602314763,0.666666667,3,2,0,1,0,1,5,2,2,2,3,1,0,6,1.67,0,1,0,0,0,1,0,0,0,0,0,0,0,0,1,0,0,0,0,0,1,0,0,0,0
1,1.228185058,203.806366,7.929000854,-0.616397142,-0.338667393,9.830096245,9.045927048,0.337103367,-4.834470749,1,-2.232837516,-2.26714154,-1.868487298,-2.982366386,9.035908919,0.087083333,-0.091878307,0.544872839,9.909090909,153.181,0,0.157163017,-0.504259893,0.157163017,2.864712197,0.25,0,0,0,1,0,1,0,0,3,0,0,0,0,1,0.599,0,0,0,0,0,2,0,1,0,0,0,0,0,0,0,0,0,0,0,0,0,0,0,0,0
1,1.805440307,266.0264282,17.7937355,-2.317028761,3.006588221,4.951826096,2.345065594,-0.296972275,-5.998666286,1,-1.958727831,-1.893833739,-1.621678373,-2.972695649,10.78452711,0,-5.294051293,0.349070105,10.44,422.085,0,1,-0.780241036,0.780241036,-1.21E-06,0.090909091,0,0,0,2,0,2,0,0,0,0,0,0,0,2,-12.42078,0,0,0,0,0,0,0,0,0,0,0,0,1,0,0,0,0,0,2,2,0,0,0,0,0
1,1.26335156,209.5040436,47.90083694,1.818751335,0.745869637,9.032024384,6.297376633,-5.9058671,-5.939593315,1,-2.527334795,-2.533019135,-2.10068221,-3.400162975,6.86255414,0.071293218,0.071293218,0.213660353,20.25,652.832,0,0.204006144,-0.492844926,0.204006144,1.456836282,0.4,0,4,0,4,0,4,2,6,0,0,0,0,0,8,7.4516,0,0,0,0,0,0,0,0,0,0,0,0,2,0,0,0,0,0,0,0,2,0,0,0,0
1,1.160339355,75.86057281,-17.91123581,3.317304134,1.25857091,9.476530075,9.627649307,-3.9628613,-5.410446644,1,-2.145376184,-2.356041587,-1.881328636,-3.133380905,11.21475476,0.508755555,-3.268123172,0.472519033,13.11538462,384.586,0,0.229318852,-0.388420717,0.229318852,2.322408198,0.7,0,0,0,1,0,1,1,0,2,0,0,0,1,1,4.164,0,1,0,0,0,0,0,0,0,0,1,0,0,0,0,0,0,0,0,0,0,0,1,0,4
1,1.160988927,127.7229614,-19.33848572,3.562260866,2.682333231,12.71787453,7.209803104,-3.05030036,-4.564173222,1,-2.429696538,-2.389417782,-1.849049724,-3.253049365,4.307760771,0.357546296,0.357546296,0.792074978,12.73333333,200.285,0,0.09228259,-0.350881194,0.09228259,2.419296208,0.307692308,0,0,0,1,1,2,1,0,1,0,0,0,0,2,3.17834,0,0,0,0,1,0,0,0,0,0,0,0,0,0,0,0,0,0,0,0,0,0,0,0,0
1,1.145865679,109.167572,34.657444,4.50278759,3.089674711,10.39610672,8.8030653,-4.968297958,-4.310968399,1,-2.505015047,-2.382517736,-1.965540104,-3.423940361,11.77454152,0.393232001,-0.663805745,0.832019345,33,311.469,0,0.094208638,-0.384804158,0.094208638,1.546266391,0.619047619,2,1,0,1,0,1,4,2,1,1,2,0,4,4,3.9624,0,1,0,0,0,0,0,0,0,0,0,0,2,0,0,0,0,0,0,0,0,0,0,0,0
1,1.429910541,295.8251953,57.7429924,-0.55467248,-0.634937525,1.547987461,4.594817162,-4.802569389,-6.279793262,1,-2.680683283,-2.750513878,-2.375168495,-3.806974785,13.50861502,0.011429649,-4.86988261,0.016439684,17.03296703,1326.521,0,0.326055884,-0.744035597,0.326055884,1.02442025,0.327868852,1,2,1,4,2,6,1,0,8,0,0,0,0,9,6.8774,1,0,1,0,1,0,0,1,0,0,3,0,3,0,0,0,0,0,0,0,0,0,0,0,2
1,1.570001721,143.1612244,-25.85982513,-2.2358706,-2.486961126,7.520850182,2.766002178,-0.295971155,-5.933950901,1,-1.793586413,-1.854878317,-1.559516392,-2.659222938,12.30183485,0.196447468,-2.262777778,0.354306538,21.08333333,181.149938,0,0.183341207,-0.393579132,0.183341207,4.070579537,0.833333333,0,0,0,0,0,0,4,0,4,0,0,0,0,0,-2.4016,0,4,0,0,0,0,0,0,0,0,0,0,0,1,0,0,0,0,0,0,0,0,0,0,0
1,1.00191474,79.12762451,-65.16483307,0.829225302,1.362335086,9.473705292,7.995722294,-1.414963007,-4.885120869,1,-2.363045825,-2.315712438,-1.878139041,-2.912102671,11.08085751,0.00375,-0.297871788,0.466219456,10,215.293,0,0.305727812,-0.465665246,0.305727812,3.295514772,0.818181818,0,0,0,0,0,0,0,0,1,0,0,0,0,0,1.4179,0,0,0,0,0,0,0,1,0,0,0,0,0,0,1,0,0,0,0,0,0,0,0,0,3
1,2.020445824,201.3607178,53.67520523,-3.41395402,-0.643515825,-2.037659645,3.724085331,-0.228525639,-6.34399128,1,-2.037114476,-1.813626837,-1.499546514,-3.089560143,13.00440503,0.73507831,-6.356459097,0.029700911,38.64835165,1508.273,0,0.397399674,-0.479242585,0.397399674,1.598176133,0.935483871,0,5,0,0,0,0,25,0,19,0,5,0,0,5,-13.7501,2,6,0,0,0,0,0,0,0,0,0,0,0,0,0,0,0,0,0,0,0,0,0,0,0
1,1.23571527,79.13122559,21.47745132,5.188109398,4.122852802,9.413209915,7.881623745,-6.033950806,-4.997386932,1,-2.502072859,-2.614044562,-1.966299841,-3.53333136,2.619910741,1.080513511,1.080513511,0.627821954,17.62962963,399.629,0,0.05635975,-0.339561057,0.05635975,1.507337066,0.454545455,0,2,0,2,0,2,0,0,0,0,1,0,0,4,5.0388,0,0,0,0,0,0,0,0,0,0,2,0,2,0,0,0,0,0,0,0,0,1,0,0,0
1,1.286396503,222.8551331,43.58680344,2.752756357,0.758633733,3.703191519,6.011179447,-5.333785534,-6.127358437,1,-2.303087963,-2.271991713,-1.946153572,-3.458942926,13.91187644,0.02570744,-1.62453856,0.082328315,13.40740741,767.906,0,0.407165411,-0.481162308,0.407165411,1.786503938,0.432432432,0,0,6,2,1,3,4,0,8,0,0,0,0,3,1.5202,1,0,0,0,1,0,0,1,0,0,0,0,1,0,0,0,0,0,0,0,0,1,0,0,0
1,1.324746013,232.2504272,73.27168274,-0.895918131,-1.061620951,6.644980431,8.856974602,-2.40012908,-6.647129059,1,-2.433955532,-2.392701926,-1.957664176,-3.257867438,14.44324489,0.015568664,-1.756820327,0.012856792,16.75294118,1182.311,0,0.245330222,-0.507966645,0.245330222,1.159822585,0.472727273,0,2,11,2,2,4,8,0,16,0,2,0,8,6,-4.3874,0,1,0,0,2,1,0,3,0,0,0,0,1,0,0,0,0,0,0,0,0,0,0,0,0
1,1.31221962,207.1860046,-24.62193298,-3.461965322,1.379939437,1.048845291,9.224919319,0.9907341,-5.515429497,1,-2.046080633,-2.100474843,-1.702308691,-2.952102823,10.32974104,0.425445641,-3.869314011,0.34462472,11.91666667,214.227,0,0.383528369,-0.330424745,0.330424745,3.062398421,1,0,0,0,0,0,0,0,0,4,0,0,0,0,0,-0.2493,0,0,0,0,0,0,0,1,0,0,0,0,0,0,0,0,0,0,0,0,0,0,0,0,0
1,1.826125622,210.9269714,75.47584534,0.047200203,0.301403284,9.550513268,3.382035971,-1.783181429,-5.608263016,1,-2.300705313,-2.470944996,-1.910371986,-3.502730893,9.737182365,0.017595926,-0.734160998,0.648166824,27.21052632,285.691,0,0.225952827,-0.393568836,0.225952827,2.023467355,0.5,0,1,0,0,2,2,3,0,3,0,1,0,0,3,-0.2974,0,2,1,0,0,0,0,1,0,0,1,0,1,1,0,0,0,0,0,0,0,0,0,0,0
1,1.121945262,122.2646027,-8.54145813,3.904972076,2.781155348,11.60570335,8.889234543,-4.187521935,-4.54791975,1,-2.205058951,-2.159715161,-1.783991969,-3.193466121,13.17441327,0.281111111,-0.582384259,0.760121279,13.08695652,309.453,0,0.147084625,-0.306666884,0.147084625,2.66136139,0.380952381,0,0,0,2,0,2,1,0,0,0,0,0,1,2,4.292,0,0,0,0,0,0,0,0,0,0,0,0,0,0,1,0,0,0,0,0,0,0,0,0,0
1,1.686769247,169.3233337,62.91441727,-0.550892591,0.439962506,2.396796465,3.513693571,-2.171515465,-5.739492893,1,-2.556705544,-2.615135334,-2.158106758,-3.499209368,16.26664474,0.001773568,-5.850485381,0.017627659,29.48140044,7177.248,0,0.386606461,-0.39362925,0.386606461,0.266936058,0.626086957,0,20,0,0,26,26,89,0,45,0,20,0,19,46,4.98838,0,2,15,0,9,0,0,15,0,0,15,0,6,0,0,0,0,0,0,0,0,0,0,0,0
1,1.244751692,167.7674561,29.54992294,2.889893293,0.198779821,9.152052879,7.481257915,-6.662513733,-5.579981327,1,-2.553654064,-2.481585834,-2.022109236,-3.345773055,12.85328902,0.055056214,-0.245727886,0.02309124,18.86486486,1029.278,0,0.305596654,-0.492859142,0.305596654,0.966894854,0.517241379,0,2,0,4,0,4,4,0,0,0,0,0,2,6,9.029,0,0,0,0,0,0,0,0,0,0,0,0,2,0,0,0,0,0,0,0,2,0,0,0,0
1,1.108613014,231.109314,25.74072647,4.235081673,1.776187658,9.930379868,9.207422256,-2.296420097,-4.94773531,1,-2.425306293,-2.452300247,-2.036586433,-3.182717286,9.771201342,0.052986111,0.052986111,0.73743297,35.44444444,245.366,0,0.115392412,-0.507955651,0.115392412,2.114421727,0.625,2,0,0,1,0,1,3,2,2,1,1,0,0,3,3.1136,0,0,0,0,0,1,0,1,0,0,0,0,4,0,0,0,0,0,0,0,0,0,0,0,0
1,1.364345193,166.437439,32.95647812,-0.255185366,-0.523700953,11.27741814,4.660120964,-0.948164463,-5.317986488,1,-2.570825734,-2.701460724,-2.046710255,-3.597709056,8.975182843,0.177713322,0.177713322,0.794127326,10.83333333,265.362,0,0.224995997,-0.395995931,0.224995997,2.230916754,0.416666667,0,0,0,0,2,2,0,0,2,0,0,0,0,2,0.60774,0,1,1,0,0,0,0,1,0,0,1,0,0,0,0,0,0,0,0,0,0,0,0,0,0
1,1.432418704,255.7684021,64.56843567,0.179678082,-0.473920345,5.668925762,8.166713715,-2.662419081,-4.732915878,1,-2.672654453,-2.745190718,-2.329065164,-3.757936511,14.98365316,0.043358791,-1.315329409,0.874739826,20.26923077,361.373,0,0.340723138,-0.486916991,0.340723138,2.004088915,0.444444444,0,2,0,1,1,2,1,0,1,0,1,0,0,4,1.544,0,0,0,1,0,0,0,0,0,0,1,0,0,1,0,0,0,0,0,0,0,0,0,0,0
1,1.279123425,230.0972443,51.96506119,-0.10356307,-0.418130398,3.780127048,8.887924194,-3.748012543,-6.342859268,1,-2.246148439,-2.086650322,-1.795190311,-3.418530494,15.46104248,0.001237293,-2.290551925,0.00957637,14.30584192,4113.641,0,0.325710069,-0.507966645,0.325710069,1.194264943,0.609625668,0,0,35,4,2,6,30,0,57,0,0,0,0,6,-11.62786,7,5,0,0,2,1,0,4,0,0,0,0,1,0,0,0,0,0,0,0,0,0,0,0,14
1,1.023623586,233.2010803,-76.80812073,-2.155358553,-4.276069641,6.965212822,7.376986027,-7.328678608,-5.907495022,1,-2.427130631,-2.376709944,-1.876095756,-3.259905564,2.459667816,1.3671875,1.3671875,0.494479221,26.47058824,240.435,0,0.078627626,-0.326037207,0.078627626,1.540145475,1,0,2,0,0,0,0,0,0,0,0,2,0,0,2,2.6375,0,0,0,0,0,0,0,0,0,0,0,0,0,0,0,0,0,0,0,0,2,0,0,0,2
1,1.962807059,237.6087646,70.52937317,-0.592730045,-0.25495553,9.958525658,3.035912514,-1.504841089,-5.961851597,1,-2.227213962,-2.349905472,-1.993887158,-3.3003807,13.22259795,0.03225907,-1.315924981,0.471833647,30.2,285.235,0,0.312177239,-0.393566854,0.312177239,2.070664128,0.5,0,1,0,0,2,2,4,0,4,0,1,0,0,3,-1.8409,0,3,1,0,0,0,0,1,0,0,1,0,1,1,0,0,0,0,0,0,0,0,0,0,0
1,1.161445141,182.2868652,34.16108322,4.9576087,2.181568146,9.400856018,8.713832855,-3.574325323,-4.750912666,1,-2.519981113,-2.541398586,-2.100030584,-3.34319993,9.984928262,0.340188492,0.340188492,0.837737563,34.85714286,283.415,0,0.115391768,-0.507955657,0.115391768,1.830585014,0.578947368,2,1,0,1,0,1,3,2,1,1,2,0,0,4,3.6366,0,0,0,0,0,1,0,0,0,0,0,0,1,0,0,0,0,0,0,0,0,0,0,0,0
1,1.858832121,177.1046143,70.28804016,-0.654010057,-0.260817289,10.77592278,3.403751135,-1.390672326,-5.850999355,1,-2.206614682,-2.386545832,-2.091694079,-3.278754091,10.04543171,0.020515374,-1.234504913,0.50561306,29.14285714,297.271,0,0.246468524,-0.47927803,0.246468524,2.074899881,0.545454545,0,1,0,0,2,2,4,0,4,0,1,0,0,3,-1.9714,0,3,1,0,0,0,0,1,0,0,1,0,1,0,0,0,0,0,0,0,0,0,0,0,0
1,1.425525546,198.1055756,17.71002579,-0.368114471,0.695993066,8.612797737,4.138849258,-1.165058851,-4.705307007,1,-2.13748827,-2.289445074,-1.927012739,-3.275351279,10.75199452,0.088518519,-0.630596183,0.510530543,10.61538462,182.187,0,0.270800094,-0.364135075,0.270800094,2.884454459,0.333333333,0,0,1,0,1,1,0,0,2,0,0,0,0,1,0.0689,0,0,0,0,1,0,0,1,0,0,0,0,0,0,0,0,0,0,0,0,0,0,0,0,0
1,1.254227877,176.0075836,30.84490585,1.903419495,-0.111731529,9.395497322,7.750183582,-6.386059761,-5.958246231,1,-2.553327298,-2.481259068,-2.01887762,-3.342541439,13.1999012,0.039344488,-0.215071921,0.038349396,19.55223881,929.161,0,0.311011624,-0.492869978,0.311011624,0.987039976,0.509433962,0,2,0,4,0,4,4,0,0,0,0,0,4,6,8.0655,0,0,0,0,0,0,0,0,0,0,0,0,2,0,0,0,0,0,0,0,2,0,0,0,2
1,1.150925994,180.5502014,24.16039658,3.898934364,1.622110128,7.777566433,7.495132923,-4.919616699,-5.212716579,1,-2.591675586,-2.603496614,-2.237874426,-3.519144028,12.49132853,0.017413016,-0.209057882,0.324902822,48.52631579,529.786,0,0.302650387,-0.455613414,0.302650387,1.299189762,0.90625,4,2,0,0,0,0,10,0,1,4,6,0,0,6,4.4075,0,1,0,0,0,0,0,0,0,0,0,0,5,0,0,0,0,0,0,0,1,0,0,0,0
1,1.265666962,151.2066956,26.47533035,2.203787804,1.485275745,6.969312191,8.138615608,-3.72884059,-6.363289356,1,-2.327490358,-2.527363869,-2.049211039,-3.408187066,15.30585884,0.038474668,-1.417275389,0.059766406,21.58441558,1047.227,0,0.40701569,-0.488917067,0.40701569,1.191153257,0.327586207,0,2,7,5,1,6,7,0,9,0,2,0,0,8,3.3685,0,0,0,0,1,0,0,2,0,0,0,0,2,0,0,0,0,0,0,0,0,0,0,0,1
1,1.588248014,210.5881042,38.54268265,0.001899481,2.268343925,2.535189629,7.168185711,-3.41475153,-5.565062046,1,-2.489848159,-2.620875753,-2.04145607,-3.641713377,12.13257511,0.316492583,-1.190285685,0.658673446,10.65217391,387.23,0,0.317231106,-0.480285527,0.317231106,2.881741107,0.4,0,0,1,1,0,1,0,0,3,0,0,0,0,1,1.78406,2,0,0,0,0,0,0,0,0,0,1,0,0,1,0,0,0,0,0,0,0,0,0,0,0
1,1.805903554,186.6088867,46.42474747,-1.831068993,-2.034194231,10.12977123,3.916349649,-0.631134987,-5.900598526,1,-2.248803444,-2.359227527,-1.993559762,-3.323869672,11.43642621,0.112496667,-0.80606198,0.527362443,29.5,228.208,0,0.353678961,-0.393568836,0.353678961,2.232655521,0.625,0,1,0,0,1,1,3,0,3,0,1,0,0,2,-2.1388,0,2,1,0,0,0,0,1,0,0,1,0,0,0,0,0,0,0,0,0,0,0,0,0,0
1,1.404828668,225.5714569,25.29533768,-2.060112715,0.196753502,5.255553246,7.248838902,-1.342577457,-6.600050926,1,-2.379894652,-2.278810812,-1.990260625,-3.147880699,14.88848441,0.103177163,-5.033338617,0.019893943,21.5046729,1634.897,0,0.245419822,-0.746957425,0.245419822,4.333127573,0.810344828,0,1,11,0,0,0,13,0,18,0,1,0,13,1,-9.7734,0,2,0,0,0,0,0,0,0,0,0,0,0,0,0,0,0,0,0,0,0,0,0,0,1
1,1.395306706,166.0391846,40.87453079,0.597105384,0.043883562,11.8169384,5.095094681,-1.15941,-4.931838036,1,-2.215315403,-2.28307305,-1.979802261,-3.274834612,5.263408919,0.604722222,0.604722222,0.480554166,10.08333333,160.18,0,0.170033375,-0.306453866,0.170033375,2.79096703,0,0,0,0,1,1,2,0,0,2,0,0,0,0,2,0.9154,0,0,1,0,0,0,0,1,0,0,1,0,1,0,0,0,0,0,0,0,0,0,0,0,0
1,1.26802814,90.80225372,35.43227005,2.386946917,1.79839468,9.792956352,7.755779266,-3.104371548,-5.003183842,1,-2.669915669,-2.707493189,-2.136784344,-3.55004237,12.01052957,0.152682351,-0.428175522,0.785651174,12,284.381,0,0.349701837,-0.464772097,0.349701837,2.784967282,0.538461538,0,0,1,0,1,1,1,0,2,0,0,0,1,1,2.16972,0,0,0,0,0,0,0,0,0,0,1,0,0,0,0,0,0,0,0,0,0,0,0,0,0
1,1.11334157,72.35908508,-24.14790726,-0.325717449,-1.129686356,13.12208366,9.211372375,0.989118814,-4.591883183,1,-2.340903761,-2.331435493,-1.846837768,-3.199316899,5.271944444,0.682731481,0.682731481,0.560081635,9.625,111.148,0,0.048956126,-0.330084818,0.048956126,2.500248652,0.4,0,0,0,0,1,1,0,0,2,0,0,0,0,1,-0.0891,0,0,0,0,1,0,0,1,0,0,0,0,0,0,0,0,0,0,0,0,0,0,0,0,0
1,1.851456404,155.9289551,69.84870911,-3.738192797,-0.881675243,-0.6940341,3.892183304,-0.196038008,-6.384248734,1,-2.126179803,-1.877662046,-1.587564327,-3.138409779,12.74465797,0.840345043,-6.086966971,0.047465153,39.2,1134.934,0,0.397399674,-0.479242721,0.397399674,1.825883284,0.884615385,0,4,1,0,0,0,20,0,15,0,4,0,20,4,-10.7119,2,6,0,0,0,0,0,0,0,0,0,0,0,0,0,0,0,0,0,0,0,0,0,0,0
1,1.606505394,180.3712616,42.46061325,-3.466281176,1.745763063,2.113884449,7.585581779,-1.399184346,-6.034601212,1,-2.134921823,-1.982716984,-1.807983905,-3.287976909,11.43739421,0,-4.824657693,0.073962914,12,691.382,1,2,-0.548752512,0.548752512,9.24E-06,0.454545455,0,0,0,0,2,2,0,0,6,0,0,0,0,2,-2.47526,2,0,0,0,0,2,0,0,0,0,0,0,0,0,0,0,0,0,2,2,0,0,0,0,0
1,1.341024876,222.1657257,58.59283066,0.783773899,0.232108831,12.35692596,7.242779732,-2.430828094,-4.629214287,1,-2.518139955,-2.612432783,-2.241034469,-3.384698195,5.848108466,0.15383521,0.15383521,0.853355507,10.23809524,290.323,0,0.221431636,-0.492704456,0.221431636,2.397562137,0.285714286,0,0,0,1,1,2,0,0,2,0,0,0,0,2,1.2576,0,0,2,0,0,0,0,2,0,0,2,0,0,0,0,0,0,0,0,0,0,0,0,0,0
1,1.394568324,176.4464111,34.63810349,0.232640624,-1.250779629,0.276516438,5.182020187,-1.178140044,-5.869215488,1,-2.224713301,-2.090424914,-1.897456503,-3.155710219,18.7985003,0.021527157,-7.77907801,0.097194863,38.05434783,1346.377,0,,,,1.434974409,0.629032258,0,10,7,1,1,2,15,8,10,0,3,1,1,12,-0.21626,0,2,0,0,0,0,0,6,0,0,0,0,9,0,0,0,0,0,1,1,0,0,0,0,0
1,1.475619078,153.9075012,46.40385056,0.140286207,0.389554977,3.344362736,3.566576719,-2.025656462,-6.112364769,1,-2.446325417,-2.460353656,-2.091042081,-3.329645349,14.67409799,0.10666635,-5.353708452,0.033439666,26.4494382,1270.291,0,0.446106809,-0.504211888,0.446106809,1.224680587,0.482142857,0,3,8,3,1,4,15,0,16,0,3,0,0,7,-3.902,0,8,0,0,0,1,0,1,0,0,0,0,2,0,0,0,0,0,0,0,0,0,0,0,2
1,1.133573055,70.00922394,1.155006409,1.969233871,1.308693767,11.3359642,8.118397713,-2.53339386,-4.687196255,1,-2.524616189,-2.626357006,-2.112281623,-3.334714487,11.79690571,0.016435185,-0.153188776,0.799248445,12.1875,220.316,0,0.24072769,-0.324498984,0.24072769,2.540522039,0.461538462,0,0,1,1,0,1,1,0,2,0,0,0,1,1,2.32162,0,0,0,0,0,0,0,0,0,0,1,0,0,0,0,0,0,0,0,0,0,0,0,0,0
1,1.495380282,190.5990295,65.09855652,0.267962456,-0.547197819,3.45336771,4.697347164,-4.206255913,-6.165165424,1,-2.497219655,-2.530139157,-2.027803164,-3.607341002,13.42617663,0.010322262,-1.800358958,0.051117662,20.18,752.228,0,0.349825159,-0.543191095,0.349825159,1.294065654,0.433333333,0,3,3,1,1,2,2,0,6,0,2,0,0,5,-0.1817,2,0,1,0,0,2,0,1,0,0,1,0,1,1,0,1,0,0,0,0,1,1,0,0,0
1,1.813073158,226.9779968,88.85691833,-0.801755428,0.279527426,8.649879456,3.684659958,-1.779947758,-6.193505764,1,-2.295125441,-2.477258032,-2.142377655,-3.340015467,11.71775107,0.057857825,-1.306716806,0.320331133,24.71428571,390.36,0,0.254145383,-0.393566854,0.254145383,1.770808228,0.4,0,1,1,0,3,3,4,0,5,0,1,0,0,4,-2.4347,0,3,1,0,0,0,0,1,0,0,1,0,1,0,0,0,0,0,0,0,0,0,0,0,0
1,1.437731028,168.6283875,70.14341736,1.771038175,-0.354660273,3.471792459,7.390192509,-2.490807533,-5.906900406,1,-2.561894507,-2.588300969,-2.142599657,-3.706361,12.67350429,0.029826717,-1.177958954,0.362190798,29.48484848,475.523,0,0.352962451,-0.477638326,0.352962451,1.430215326,0.454545455,0,3,2,1,0,1,6,0,5,0,2,0,0,4,0.9407,1,1,0,1,0,0,0,0,0,0,1,0,1,0,0,1,0,0,0,0,0,1,0,0,0
1,1.261072278,139.1772766,21.23790359,1.206759095,-0.232958317,9.318351746,8.732089043,-1.722938538,-5.669762135,1,-2.125879539,-2.181962527,-1.771858457,-3.062754336,10.01745732,0.191537126,-0.723519865,0.380843451,12.2173913,317.385,0,0.157261456,-0.507966645,0.157261456,1.626797459,0.333333333,0,0,0,2,0,2,1,0,5,0,0,0,0,2,2.4493,0,1,0,0,0,3,0,0,0,0,0,0,0,0,0,0,0,0,0,0,0,0,0,0,1
1,1.245536923,207.196228,-0.473804474,-3.49331069,-1.657366037,3.693786621,6.6941576,0.899991751,-5.681177616,1,-2.002290903,-1.850313232,-1.517737087,-2.97496477,10.01751134,0.282222222,-1.202824074,0.494486133,14.54545455,161.201,0,0.108045732,-0.550063811,0.108045732,3.694259125,0.857142857,0,0,0,0,0,0,1,0,1,0,0,0,0,0,-1.8065,1,1,0,0,0,0,0,0,0,0,0,0,0,0,0,0,0,0,0,0,1,0,0,0,0
1,1.458119988,97.15249634,-23.95595551,-2.666087389,1.434286237,3.040952444,8.632408142,-1.094542503,-6.766072273,1,-2.317017479,-2.38263191,-1.923224006,-3.274336456,11.10646065,0.017426304,-5.331358764,0.30575681,14.10526316,319.231,0,0.368988126,-0.367486744,0.367486744,4.632835403,1,0,0,0,0,0,0,0,0,5,0,0,0,0,0,0.5,0,1,0,0,0,0,0,0,0,0,0,0,0,0,0,0,0,0,0,0,0,0,0,0,2
1,1.273995399,167.1623077,28.00221634,0.971426129,0.899124622,6.346648693,7.980564594,-1.881988525,-6.54825449,1,-2.456016487,-2.392091573,-1.972209975,-3.307190115,14.71540928,0.033992185,-1.662766759,0.045517553,22.83098592,1019.261,0,0.245444393,-0.394137066,0.245444393,1.564414608,0.448979592,0,1,7,3,1,4,10,0,13,0,1,0,0,5,-0.8054,0,3,0,0,1,0,0,2,0,0,0,0,1,0,0,0,0,0,0,0,0,0,0,0,1
1,1.363968253,257.0080872,74.83306885,3.116054058,1.024045825,8.479421616,8.455799103,-1.609746337,-4.723582745,1,-2.793379311,-2.703478091,-2.312262401,-3.551359323,12.4926644,0.172453704,-0.365925926,0.786933531,39.85714286,285.343,0,0.173755456,-0.504246443,0.173755456,1.833036088,0.588235294,2,2,0,1,0,1,4,2,1,1,2,1,0,5,1.6303,0,0,0,0,0,1,0,0,0,0,0,0,0,0,1,0,0,0,0,0,0,0,0,0,0
1,1.282743692,86.61035156,32.56998062,4.715593815,3.804532766,9.025202751,6.092415333,-5.709436417,-4.965090275,1,-2.435396292,-2.561805406,-1.799391446,-3.487589462,6.289695069,0.808147065,0.808147065,0.775124662,18.08,373.953,0,0.056730031,-0.339550847,0.056730031,1.493235645,0.4,0,2,0,2,0,2,0,0,0,0,1,0,0,4,4.5802,0,0,0,0,0,0,0,0,0,0,2,0,2,1,0,0,0,0,0,0,0,0,0,0,0
1,1.338428736,241.2113953,66.45562744,1.734138489,0.280085564,10.88931561,10.56951809,-2.29017067,-6.746590614,1,-2.101474352,-2.172931976,-1.595901405,-2.964038928,9.8870196,0.030551481,-0.082730412,0.334943815,10.66666667,280.331,0,0.123028579,-0.507309391,0.123028579,2.207027769,0,0,0,0,2,0,2,0,0,5,0,0,0,0,2,2.13074,0,0,2,0,0,1,0,2,0,2,0,0,0,0,0,0,0,0,0,0,0,0,0,0,0
1,0.970005155,278.0488892,-45.37117004,-1.293863773,-2.735108614,9.447227478,5.127405167,-0.876854658,-5.263926983,1,-2.190303536,-2.248970475,-1.77645941,-2.996312841,2.285446899,1.11612426,1.11612426,0.39283812,13,258.494,0,0.077992828,-0.330914819,0.077992828,3.12895101,1,0,0,0,0,0,0,0,0,0,0,0,0,0,0,3.5196,0,0,0,0,0,0,0,0,0,0,0,0,0,0,0,0,0,0,0,0,2,0,0,0,7
1,1.624276161,199.1684418,55.53706741,-0.79201746,-0.223774433,6.045155525,0.352379322,-1.644368649,-4.55009079,1,-2.310908133,-2.364758639,-2.015163937,-3.288608095,11.39548375,0.06,-0.74069161,0.560119174,10.64285714,194.154,0,0.352194964,-0.36413475,0.352194964,2.906324848,0.166666667,0,0,1,0,2,2,0,0,1,0,0,0,0,2,-2.0781,0,0,0,0,0,0,0,1,0,0,0,0,1,0,0,0,0,0,0,0,0,0,0,0,0
1,1.516259789,170.1508789,34.56509781,0.155889034,-2.156261206,3.470627069,4.580379486,-1.296722174,-6.538682938,1,-2.115615202,-1.847473743,-1.707324656,-3.090470373,12.27626383,0.158927099,-2.325508959,0.02534533,41.5,2002.176,0,0.303679686,-0.481208465,0.303679686,1.116677596,0.888888889,0,30,0,0,0,0,40,16,24,0,30,0,0,30,-7.6816,8,16,0,0,0,0,0,0,0,0,0,0,0,0,0,0,0,0,0,0,0,8,0,0,0
1,1.131969213,199.7429047,-21.07652664,-1.891112566,-2.088171244,8.699995995,5.514050484,0.814070225,-4.709133148,1,-2.31949224,-2.372826458,-2.008152557,-3.093249503,10.28862245,0.118055556,-0.702824074,0.600059465,14.18181818,161.225,0,0.404473487,-0.440684769,0.404473487,3.694259125,0.857142857,0,0,1,0,0,0,1,0,1,0,0,0,1,0,0.1764,0,0,0,0,0,0,0,1,0,0,0,0,0,0,0,0,0,0,0,0,1,0,0,0,0
1,1.543330431,158.4459381,4.804836273,1.250647664,-3.835734129,2.184791803,4.277341843,-1.963232398,-6.749440193,1,-2.638591354,-2.385490558,-1.908450494,-3.60377944,11.87921296,0.08775463,-3.568472222,0.598816361,35.86666667,233.245,0,0.327602651,-0.479670393,0.327602651,2.571522463,0.75,0,2,1,0,0,0,2,0,1,0,2,0,0,2,-0.795,1,0,0,0,0,0,0,0,0,0,0,0,1,0,0,1,0,0,0,0,0,0,0,1,0
1,1.047081232,161.0643616,-48.82964325,3.610873222,1.109572053,12.23615456,8.544193268,-3.330184221,-4.616664886,1,-2.190015411,-2.185393205,-1.853596487,-3.189018515,6.164212963,0.011435185,0.011435185,0.793208727,12.6,269.388,0,0.107851394,-0.367449336,0.107851394,2.228710246,0.333333333,0,0,0,2,0,2,1,0,0,0,0,0,1,2,3.66262,0,0,0,0,0,0,0,0,0,0,0,0,0,0,0,0,0,0,0,0,0,0,0,0,0
1,1.371021032,198.9816132,59.33704758,2.804228067,1.003122449,6.782292843,8.224681854,-2.148220301,-4.606707573,1,-2.647813743,-2.577383938,-2.174024106,-3.530204824,12.63331641,0.040783048,-1.001111111,0.801519513,39.29166667,327.38,0,0.173963021,-0.504246433,0.173963021,1.79694801,0.526315789,2,2,0,1,0,1,4,2,2,1,2,1,0,5,1.3014,0,1,0,0,0,1,0,0,0,0,0,0,0,0,1,0,0,0,0,0,0,0,0,0,0
1,1.251051784,220.1356964,-50.37226868,-0.642115593,-0.95865798,5.437325954,-2.708749294,-2.141831875,-4.797847271,1,-1.817281857,-1.698684458,-1.464688398,-2.805595183,10.32847222,0.913194444,-6.402777778,0.453705389,13.76923077,215.941,0,,,,6.846487913,0,0,0,0,0,0,0,0,0,0,0,0,0,0,0,0.2985,0,0,0,0,0,0,0,0,0,0,0,0,0,0,0,0,0,0,0,0,0,0,0,0,0
1,1.330097318,220.1702881,22.49023056,1.137310743,-0.700447321,4.911608696,5.640481949,-2.166244984,-5.990178585,1,-2.326341379,-2.252552076,-1.963709891,-3.414841447,11.11231106,0.064040769,-0.728900594,0.493478115,32,244.316,0,0.314936293,-0.48123039,0.314936293,1.703040654,0.8,0,2,2,0,0,0,3,0,3,0,2,0,0,2,0.7968,1,0,0,0,0,0,0,0,0,0,0,0,1,0,0,0,0,0,0,0,0,1,0,0,1
1,1.451635361,215.5134888,48.19491196,-1.216540813,-0.038947821,8.89546299,8.966966629,-0.239210844,-6.152231216,1,-2.274462044,-2.341316171,-1.904616822,-3.309765834,13.55889663,0.248949346,-1.784773218,0.094985164,27.5625,685.7,0,0.315719068,-0.393679071,0.315719068,2.534275603,0.6,0,2,8,0,0,0,7,0,16,0,2,0,0,2,-8.67313,0,3,0,0,0,0,0,3,0,0,0,0,0,0,0,0,0,0,0,0,0,0,0,0,0
1,1.112665772,213.3416138,15.21068192,2.360687971,0.680991292,7.004246712,5.575033188,-6.022080421,-5.613456249,1,-2.639475988,-2.628411869,-2.255796587,-3.436414939,12.51776565,0.002340384,-0.122913597,0.362042416,46.23255814,602.905,0,0.30247805,-0.460881877,0.30247805,1.256526848,0.942857143,4,2,0,0,0,0,10,0,0,4,6,0,0,6,3.6335,0,0,0,0,0,0,0,0,0,0,0,0,5,0,0,0,0,0,0,0,2,0,0,0,0
1,1.692214727,170.5766144,16.54892349,-1.97302556,-1.885002851,5.324941158,3.092873096,-0.006551743,-6.385643959,1,-2.13400292,-1.941713052,-1.752531567,-3.127323488,10.5324452,0.671342593,-1.417962963,0.385005401,25.83333333,176.124,0,0.377497234,-0.5050473,0.377497234,2.796067066,0.5,0,1,0,0,0,0,2,0,4,0,0,0,2,1,-1.4074,0,4,0,0,0,0,0,0,0,0,0,0,0,0,0,0,1,0,0,0,0,0,0,0,0
1,1.226490021,187.9003143,30.63837814,2.138832569,-0.693238497,9.780757904,9.134492874,-2.072750568,-4.971644878,1,-2.166900799,-2.175982744,-1.800267716,-3.080331902,10.23632118,0.091057519,-0.619983518,0.657903013,13.80952381,287.359,0,0.115098123,-0.507966645,0.115098123,1.818850694,0.294117647,0,0,0,2,0,2,2,0,4,0,0,0,0,2,2.352,0,1,0,0,0,2,0,0,0,0,0,0,0,0,0,0,0,0,0,0,0,0,0,0,0
1,1.396597862,157.5437622,17.38234329,-0.771111965,-0.582741022,11.31793785,2.548453331,-0.08993578,-5.753822327,1,-2.529594845,-2.503377982,-2.071278719,-3.244421939,10.74953704,0.303333333,-0.303333333,0.316578679,8.9,137.142,0,0.264782751,-0.290142928,0.264782751,2.852627929,0,0,0,1,0,1,1,0,0,2,0,0,0,0,1,-0.3149,0,0,1,0,0,0,0,1,0,0,0,0,0,0,0,0,0,0,0,0,0,0,0,0,0
1,1.497623801,153.1615601,28.94897842,-1.093000889,-1.22482419,10.45139694,3.060164452,-1.03187871,-4.718513966,1,-2.22844639,-2.173790084,-1.901299062,-3.234242357,11.99772251,0.042106954,-0.982092309,0.646083242,13.11111111,254.246,0,0.331703435,-0.393614252,0.331703435,2.736464368,0.5,0,0,0,0,2,2,1,0,2,0,0,0,1,2,-2.2131,0,2,0,0,0,0,0,0,0,0,0,0,1,0,0,0,0,0,0,0,0,0,0,0,0
1,1.577714443,197.7324371,12.97770309,-4.866472244,1.668479681,3.676007032,9.509811401,-0.382235765,-5.801486492,1,-1.722550849,-1.518639328,-1.269893224,-2.90798828,10.40347343,0,-1.52999769,0.316679791,9.304347826,374.27,0,2,-0.548752505,0.548752505,-6.02E-07,0.6,0,0,0,0,0,0,0,0,0,0,0,0,0,0,-13.7828,4,0,0,0,0,0,0,0,0,0,0,0,0,0,0,0,0,0,0,0,0,0,0,0,0
1,1.658634305,169.4977112,48.32171249,-1.450370073,-0.693236113,8.315000534,2.265052319,-0.495387793,-5.671898842,1,-2.065225589,-2.072575084,-1.688481941,-3.11691284,13.01789974,0.038310658,-1.115612717,0.577617132,28.52941176,246.194,0,0.330123143,-0.393568836,0.330123143,2.335396042,0.555555556,0,1,0,0,1,1,3,0,3,0,1,0,0,2,-1.6836,0,2,0,0,1,0,0,0,0,0,0,0,0,1,0,0,0,0,0,0,0,0,0,0,0
1,1.141629338,206.0674133,9.198745728,3.118377209,0.713950396,8.345676422,7.212709427,-6.499183655,-5.252259254,1,-2.639475988,-2.628411869,-2.255796587,-3.436414939,12.52769088,0.046155109,-0.099838402,0.301332798,46.87804878,572.875,0,0.302650385,-0.456206303,0.302650385,1.306114613,0.942857143,4,2,0,0,0,0,10,0,0,4,6,0,0,6,6.1105,0,0,0,0,0,0,0,0,0,0,0,0,5,0,0,0,0,0,0,0,2,0,0,0,0
1,1.23659265,164.8971863,24.34727859,2.728700876,1.074307919,9.316016197,8.434950829,-2.415447712,-5.159549713,1,-2.268760929,-2.351705193,-1.930898973,-3.199202983,11.24755244,0.017292658,-0.775115478,0.596838962,13.41666667,328.412,0,0.251965728,-0.507121532,0.251965728,1.847302299,0.315789474,0,0,1,2,0,2,2,0,4,0,0,0,2,2,2.1354,0,1,0,0,0,1,0,1,0,0,0,0,0,0,0,0,0,0,0,0,0,0,0,0,0
1,1.964471459,154.1474915,9.086711884,-3.649400949,1.454396129,3.755935431,5.901689053,-0.372772455,-4.881913662,1,-1.602002643,-1.402277472,-1.207393299,-2.621805282,10.14888889,0,-5.612847222,0.037499707,12.04285714,1321.572,4,3,-0.789509532,0.789509532,-7.69E-08,0.5,0,0,0,0,0,0,1,0,12,0,0,0,1,0,-20.0986,9,3,0,0,0,0,0,0,0,0,0,0,0,0,0,0,0,0,6,0,0,0,0,0,0
1,1.253910303,167.0396881,28.04827499,1.799787521,-0.051667213,12.23879433,10.66005039,-2.592875004,-6.014709473,1,-2.113525233,-2.224406152,-1.644423601,-3.037027655,7.339727088,0.057855034,0.057855034,0.301957822,10.24,340.427,0,0.122277631,-0.493601031,0.122277631,1.570229756,0.263157895,0,0,0,2,0,2,0,0,4,0,0,0,0,2,2.88284,0,0,2,0,0,0,0,2,0,2,0,0,0,0,0,0,0,0,0,0,0,0,0,0,2
1,1.514603138,165.4202881,63.15593338,0.336604834,-0.280712366,3.662493944,3.449665308,-3.094176292,-6.867846489,1,-2.566327098,-2.488633133,-2.028536815,-3.581743467,13.50399504,0.064422697,-1.323430263,0.162953593,18.61904762,612.65,0,0.352158502,-0.50796662,0.352158502,1.339505264,0.28,0,2,3,1,2,3,3,0,5,0,1,0,0,5,0.32672,1,0,0,0,0,2,0,0,0,0,0,0,1,0,0,1,0,0,0,0,0,2,0,0,0
1,1.311933756,196.4616241,49.23762894,0.334834695,0.578367233,4.609742165,10.10396957,-2.938939571,-6.155743122,1,-2.641348567,-2.623509702,-2.108621833,-3.757405311,13.52132727,0.072788827,-4.098861489,0.161855354,23.02857143,508.645,0,0.325925203,-0.479712006,0.325925203,1.865400469,0.608695652,0,2,1,1,0,1,4,0,6,0,1,0,1,3,0.91257,1,0,0,0,0,0,0,1,0,0,1,0,1,0,0,0,0,0,0,0,0,0,1,0,0
1,1.516436577,153.5480499,30.87295151,0.888932467,-0.448924303,3.045109272,1.769396305,-3.058753729,-5.958153248,1,-2.496025674,-2.433221688,-1.888865684,-3.562027809,12.84266645,0.096641269,-1.225400794,0.275969581,20.51515152,490.523,0,0.352158502,-0.476560678,0.352158502,1.481728319,0.315789474,0,2,2,1,1,2,3,0,2,0,1,0,0,4,-0.0449,1,0,0,0,0,0,0,0,0,0,0,0,1,0,0,1,0,0,0,0,0,2,0,0,0
1,1.127537489,196.3375244,16.21097946,3.974748135,1.183106422,8.705244064,8.142437935,-6.32378006,-5.046744823,1,-2.639475988,-2.628411869,-2.255796587,-3.436414939,12.49463286,0.046648936,-0.110579142,0.315109808,46.925,557.84,0,0.302650385,-0.460881955,0.302650385,1.288785714,0.941176471,4,2,0,0,0,0,10,0,0,4,6,0,0,6,5.9659,0,0,0,0,0,0,0,0,0,0,0,0,5,0,0,0,0,0,0,0,1,0,0,0,0
1,1.283898115,80.66175842,28.47386551,5.14483881,3.165904522,10.71354675,8.995817184,-5.909570217,-4.479556561,1,-2.4373066,-2.451964299,-1.82732858,-3.406267329,6.208828377,0.798371021,0.798371021,0.654221359,15.14285714,315.869,0,0.041247051,-0.309091689,0.041247051,2.062890975,0.222222222,0,1,0,2,0,2,0,0,0,0,0,0,0,3,5.188,0,0,0,0,0,0,0,0,0,0,0,0,2,1,0,0,0,0,0,0,0,0,0,0,0
1,2.437576294,249.2331696,72.95765686,-0.485139847,-0.571159124,2.837789297,1.499100208,-2.6594944,-4.526475906,1,-2.495679546,-2.62672027,-2.028583976,-3.666681282,11.63081239,0.072653704,-1.106477702,0.504746562,10.19047619,627.942,0,0.337517255,-0.477582766,0.337517255,3.793341394,0.25,0,0,2,1,0,1,0,0,2,0,0,0,0,1,3.1397,0,0,0,1,0,0,0,0,0,0,2,0,0,3,0,0,0,0,0,0,0,0,0,0,0
1,1.30069375,212.8701935,19.5307045,-0.463531017,1.152388215,6.613482952,9.039081573,-0.752737761,-7.223372936,1,-2.347363409,-2.182484537,-1.858807583,-3.401128152,15.69759981,0.015717086,-2.365131152,0.012650279,26.08474576,2639.187,0,0.305481062,-0.507966645,0.305481062,2.368304213,0.666666667,0,3,25,1,0,1,22,4,42,0,3,0,0,4,-16.21286,1,4,0,0,0,1,0,8,0,0,0,0,6,0,0,0,0,0,0,0,0,1,0,0,4
1,1.405011177,168.9779053,44.47513962,1.481691837,-0.337097883,2.675209284,3.394533157,-3.704382896,-7.211551666,1,-2.319635044,-2.348403066,-1.720709246,-3.480213164,13.31949337,0.020020006,-1.261721545,0.344807402,25.69444444,517.564,0,0.327399385,-0.479672802,0.327399385,1.508034016,0.47826087,0,3,6,1,0,1,4,0,3,0,3,0,0,4,-0.2403,1,0,0,0,0,0,0,0,0,0,0,0,1,0,0,1,0,0,0,0,0,1,0,0,0
1,1.120714426,173.4157562,-81.45071411,0.868814707,-1.170156956,10.5068655,6.708079338,-1.161393881,-4.491957664,1,-2.161564275,-2.321604461,-1.828250707,-3.173698746,5.447376543,0.687885802,0.687885802,0.55574007,10.5,156.056,0,0.035055907,-0.304002317,0.035055907,2.919612641,1,0,0,0,0,0,0,0,0,0,0,0,0,0,0,1.3958,0,0,0,0,0,0,0,0,0,0,0,0,0,2,0,0,0,0,0,0,0,0,0,0,0
1,1.137990475,98.64378357,2.206806183,3.661128998,3.059725285,11.68568802,8.248987198,-3.029351711,-4.826517582,1,-2.367829775,-2.455999789,-1.898598659,-3.296352576,2.601851852,0.380648148,0.380648148,0.842341982,17.5,266.388,0,0.060218529,-0.303824928,0.060218529,1.919561156,0.333333333,0,1,0,2,0,2,0,0,0,0,1,0,0,3,3.0234,0,0,0,0,0,0,0,0,0,0,0,0,0,0,0,0,0,0,0,0,0,0,0,0,0
1,1.607169747,199.3720551,28.65522385,-3.325299501,-0.460319996,2.441835165,4.659850121,-0.649111032,-5.720839977,1,-2.512303334,-2.622523844,-2.206773792,-3.462879021,11.37371595,0.062902118,-4.31354755,0.451971284,13.5,279.189,0,0.350495957,-0.39360352,0.350495957,2.681021614,0.5,0,0,0,0,1,1,1,0,4,0,0,0,0,1,-1.6618,0,1,1,0,0,0,0,1,0,0,1,0,0,0,0,0,0,0,0,0,0,0,0,0,0
1,1.308347583,239.4653931,62.28260422,-0.66933918,-0.588071108,4.518389702,7.823170185,-3.067683697,-7.001516342,1,-2.375912248,-2.458986113,-1.974707894,-3.374591395,15.25617989,0.019124005,-2.241373928,0.008445924,18.90613718,3949.455,0,0.245559486,-0.507966645,0.245559486,0.896591688,0.614035088,0,4,44,3,1,4,41,0,56,0,4,0,0,8,-23.82513,0,8,0,0,1,1,0,11,0,0,0,0,0,0,0,0,0,0,0,0,0,0,0,0,1
1,1.344117522,210.3618622,35.06888962,0.591263771,-0.853022337,3.688426495,7.580747128,-2.248347521,-6.73999548,1,-2.586070689,-2.445187175,-2.180611057,-3.704526194,14.83731618,0.018598819,-2.448438021,0.011296922,21.1826087,1620.693,0,0.328969964,-0.481221803,0.328969964,1.87357263,0.527777778,0,1,14,2,1,3,13,0,22,0,1,0,0,4,-5.6218,4,1,1,0,1,0,0,3,0,0,1,0,1,0,1,0,1,0,0,0,0,0,0,0,6
1,1.618740439,146.6550293,-0.985733032,-3.208264112,-3.043978453,3.737342834,4.08863163,-0.15019393,-6.408569336,1,-1.692568851,-1.429815895,-1.21567129,-2.646447735,9.979759543,0,-2.309074074,0.144001871,19.62962963,430.372,0,2,-0.547209169,0.547209169,-4.11E-07,0.833333333,0,0,0,0,0,0,8,0,10,0,0,0,0,0,-10.0364,2,10,0,0,0,0,0,0,0,0,0,0,0,0,0,0,0,0,0,0,0,0,0,0,0
1,1.815214157,315.4225464,98.28240967,-1.376577377,-0.875758648,-4.519521713,4.55645895,-2.282101393,-6.857312202,1,-2.251167983,-2.308964509,-1.951094697,-3.339771572,12.66081953,0.05388322,-4.516728746,0.409014594,18.5,422.396,0,0.294037481,-0.349878797,0.294037481,1.785635688,0,0,2,0,2,0,2,0,0,4,0,0,0,0,4,1.3082,0,0,0,0,0,0,0,0,0,0,2,0,2,0,2,0,0,0,0,0,0,0,0,0,0
1,1.299843669,150.8817749,39.9781456,1.378705978,-0.222528219,8.902490616,8.806288719,-3.40903759,-6.036778927,1,-2.642133986,-2.732496215,-2.29846524,-3.607122887,12.60964853,0.030554532,-3.521974618,0.702316523,18.28,369.487,0,0.254646835,-0.495842228,0.254646835,2.241239296,0.588235294,0,1,1,1,0,1,1,0,2,0,1,0,1,2,1.2851,0,0,1,0,0,0,0,1,0,0,1,0,0,0,0,0,0,0,0,0,0,0,0,1,0
1,1.467020631,186.9013367,46.85493851,-0.05407548,0.346758604,3.347313881,6.280962944,-4.449415684,-6.077464104,1,-2.281443512,-2.333276055,-1.857502169,-3.469662971,12.89283297,0.061522346,-1.366845971,0.212040946,24.75,480.572,0,0.275863469,-0.543191095,0.275863469,1.517605262,0.526315789,0,3,2,0,1,1,2,0,2,0,2,0,0,4,-1.2799,1,0,1,0,0,0,0,1,0,0,1,0,1,0,0,1,0,0,0,0,1,1,0,0,0
1,1.580534697,162.6263885,18.34469986,0.900196671,-7.822552681,1.616570473,6.508345127,-0.516047478,-5.881053925,1,-1.808899915,-1.669078321,-1.369658573,-2.754908206,10.05657407,1.263117284,-1.286358025,0.454109848,15.8,182.222,0,0.317608749,-0.480379935,0.317608749,4.069511909,0.5,0,0,0,0,0,0,2,0,4,0,0,0,0,0,-0.2476,2,0,0,0,0,0,0,0,0,0,0,0,0,0,0,0,0,0,0,0,0,0,0,0,0
1,1.094204783,75.36701202,-30.64605904,0.061593771,-1.424530268,11.4225769,9.802657127,-0.061812639,-4.38654089,1,-2.364041544,-2.40289255,-1.876732287,-3.299128551,3.625948322,1.039361514,1.039361514,0.353778376,22.88888889,502.796,0,0.023378893,-0.315420411,0.023378893,1.452887586,0.785714286,0,2,0,1,0,1,0,0,6,0,2,0,0,3,0.4158,0,0,0,0,0,0,0,0,0,0,0,0,0,0,0,0,0,0,0,0,0,0,0,0,0
1,1.350518107,215.4950256,7.111164093,-0.975297451,0.139248848,4.102312565,9.408111572,-1.415351391,-6.00437212,1,-2.326047507,-2.247853383,-1.792675714,-3.302858682,10.52724693,0.053702759,-0.837592593,0.802631633,12.42857143,213.664,0,0.303512496,-0.481213681,0.303512496,2.782977188,0.3,0,0,0,1,0,1,1,0,2,0,0,0,1,1,1.857,1,0,0,0,0,0,0,1,0,0,0,0,0,1,0,0,0,0,0,0,0,0,0,0,0
1,1.516460776,152.7157593,34.18298721,-0.194965839,1.609803319,2.068031073,0.375173569,-2.504161358,-5.097736835,1,-2.048543083,-2.178579628,-1.718962689,-3.064602045,13.06529919,0.526138511,-4.830814402,0.548934231,16.8,362.278,0,0.47083251,-0.315430937,0.315430937,2.064951203,0.125,0,1,3,2,0,2,0,0,3,0,1,0,0,3,1.5488,0,0,0,0,0,0,0,0,0,0,0,0,0,0,0,0,0,0,1,1,0,0,0,0,0
1,1.340552449,189.210556,-54.32771301,0.102858543,-3.402997732,6.604431152,-0.495882511,0.331943512,-4.447272301,1,-2.423900829,-2.382272237,-1.966693289,-3.148075909,8.200243764,0.865740741,0.865740741,0.257157504,10.5,137.162,0,0.226306498,-0.410668205,0.226306498,3.028654664,0.142857143,0,0,0,0,1,1,0,0,1,0,0,0,0,1,0.3192,0,0,0,0,0,0,0,0,0,0,0,0,0,0,0,0,0,0,0,0,0,0,0,0,0
1,1.17842257,238.7694855,42.68828964,4.957099915,1.268233776,9.699349403,9.156485558,-2.525214434,-5.201534271,1,-2.657034926,-2.651764393,-2.278426814,-3.504595187,9.913962034,0.376736111,0.376736111,0.771814375,37.52631579,257.377,0,0.115391768,-0.507955657,0.115391768,1.904867133,0.647058824,2,1,0,1,0,1,3,2,1,1,2,0,0,4,3.0804,0,0,0,0,0,1,0,0,0,0,0,0,1,0,0,0,0,0,0,0,0,0,0,0,0
1,1.429106951,181.1605377,23.31830215,-0.954866171,-0.641907692,9.8110466,5.090983391,0.018579483,-4.862961292,1,-2.435618692,-2.45969269,-2.001689743,-3.269644114,9.37587963,0.037916667,-0.28662037,0.585830848,10.25,169.18,0,0.142142375,-0.505658654,0.142142375,3.253293462,0.375,0,0,0,0,1,1,0,0,3,0,0,0,0,1,0.08022,0,2,0,0,0,1,0,0,0,0,0,0,0,0,0,0,0,0,0,0,0,0,0,0,0
1,1.261537075,152.4927216,-31.67746353,-0.514205456,-2.245435953,6.210514545,0.589213371,0.584353924,-4.880835533,1,-2.422032898,-2.441322221,-2.069624579,-3.116576742,11.11797052,0.369259259,-0.369259259,0.593415276,9.461538462,181.215,0,0.414420647,-0.403800175,0.403800175,2.69278516,0.333333333,0,0,1,0,1,1,0,0,0,0,0,0,0,1,0.5715,0,0,0,0,0,0,0,0,0,0,0,0,0,0,0,0,0,0,0,0,0,0,0,0,0
1,1.441018462,187.7474365,-26.47764969,0.698597193,-0.542566776,9.078783035,8.183433533,-1.542739272,-5.880995274,1,-2.132107952,-2.197634354,-1.715029729,-3.087350216,3.568107048,1.03037037,1.03037037,0.715610068,11.69230769,243.168,0,0.105044448,-0.324924445,0.105044448,2.800149854,0.454545455,0,0,0,1,0,1,0,0,0,0,0,0,0,1,3.0454,0,0,0,0,0,0,0,0,0,0,0,0,0,1,0,0,0,0,0,0,1,0,0,0,0
1,1.078411698,276.2520142,-24.48805046,0.013922691,-1.121627331,4.829333305,10.60883904,0.100672483,-5.063195705,1,-2.512428846,-2.395812454,-1.990799817,-3.421824048,10.51810138,0.099259259,-0.638452381,0.623852386,31.72727273,157.213,0,0.305987523,-0.48102646,0.305987523,2.297820229,0.875,1,0,0,0,0,0,0,0,2,1,1,0,0,1,0.8361,1,0,0,0,0,0,0,1,0,0,0,0,0,0,0,0,0,0,0,0,0,0,0,0,0
1,1.173243165,133.7715454,-6.880573273,0.100698233,-0.798789978,9.319250107,9.163566589,-0.1270051,-5.19494772,1,-2.224481585,-2.264664278,-1.813245649,-3.062612632,9.486111111,0.145555556,-0.711018519,0.609220732,15.58333333,167.208,0,0.115448977,-0.507954648,0.115448977,2.876810542,0.333333333,0,0,0,1,0,1,2,0,3,0,0,0,0,1,0.7728,0,1,0,0,0,1,0,1,0,0,0,0,0,0,0,0,0,0,0,0,0,0,0,0,0
1,1.190940738,81.47743225,-7.719081879,1.789338589,-0.023008585,10.91288567,9.356780052,-2.514720917,-4.712273598,1,-2.274046643,-2.321740662,-1.889928711,-3.123132842,11.05827336,0.211943197,-0.53573983,0.676298731,12.23809524,295.379,0,0.305340033,-0.490849113,0.305340033,2.31746423,0.5625,0,0,0,1,0,1,1,0,2,0,0,0,1,1,1.5299,0,1,0,0,0,0,0,0,0,0,0,0,0,0,0,0,0,0,0,0,0,0,0,0,0
1,1.4246521,198.9280243,52.80762863,3.118490934,-0.864060163,2.763809919,3.551559448,-4.562793732,-5.094181061,1,-2.63091306,-2.541738103,-2.034368159,-3.66025175,12.92740662,0.272677522,-1.042250547,0.752450923,25.17857143,401.444,0,0.327399385,-0.479672802,0.327399385,1.577295151,0.368421053,0,2,2,1,1,2,3,0,2,0,2,0,0,4,1.89532,1,0,0,0,0,0,0,0,0,0,0,0,1,0,0,1,0,0,0,0,0,1,0,0,0
1,1.254688978,96.98447418,18.08070755,0.843939066,-0.683755875,11.14410019,9.078383446,-1.06957829,-5.163508892,1,-2.189807898,-2.25410437,-1.824257385,-3.094291618,9.869132653,0.355549887,-0.754583333,0.781942163,14.46666667,211.261,0,0.124490367,-0.496751428,0.124490367,3.108433376,0.454545455,0,0,0,1,0,1,2,0,2,0,0,0,2,1,1.0844,0,1,0,0,0,0,0,1,0,0,0,0,0,0,0,0,0,0,0,0,0,0,0,0,0
1,1.151680708,139.3400421,-52.88938141,-0.741658688,-1.625104427,4.498093605,6.480108738,0.05121398,-4.466105461,1,-2.06431516,-1.811248586,-1.426382267,-3.043984138,8.888888889,0,-1.083333333,0.354842412,5.555555556,158.166,0,2,-0.550477028,0.550477028,-7.20E-08,0.5,0,0,0,0,0,0,0,0,0,0,0,0,0,0,-2.8684,2,0,0,0,0,0,0,0,0,0,0,0,0,0,0,0,0,0,0,0,0,0,0,0,0
1,1.126268387,167.0447693,-9.371593475,4.942049026,2.347084522,11.81612015,9.224396706,-4.952184677,-4.359235287,1,-2.269989868,-2.384166139,-1.857992399,-3.253756775,2.41962963,1.08829554,1.08829554,0.813678389,13.57142857,277.411,0,0.001013763,-0.309091689,0.001013763,2.065949703,0.3,1,0,0,2,0,2,0,0,0,0,0,0,0,3,4.1686,0,0,0,0,0,0,0,0,0,0,0,0,2,0,0,0,0,0,0,0,0,0,0,0,0
1,1.6603899,273.6684875,29.48629379,-0.859710932,-0.883672953,8.319428444,-0.222851276,-1.360090494,-5.45784235,1,-1.918641046,-1.992145107,-1.49575618,-3.102035535,11.98481481,0.707037037,-1.001157407,0.482564503,9.444444444,130.078,0,0.325347136,-0.311155703,0.311155703,3.523897719,0,0,0,0,0,1,1,0,0,2,0,0,0,0,1,-0.7977,0,0,0,0,2,0,0,0,0,0,0,0,0,1,0,0,0,0,0,0,0,0,0,0,0
1,1.874929786,162.2357178,27.57279587,-0.708258629,1.644415975,2.914307117,3.782061338,-2.128264189,-6.094385147,1,-2.452623282,-2.55110002,-2.092439414,-3.424807429,12.6766968,0.019109088,-5.965175066,0.045116637,24.36363636,776.366,0,0.479145279,-0.387419476,0.387419476,1.81664401,0.705882353,0,1,0,0,2,2,6,0,7,0,1,0,2,3,2.8505,0,2,0,0,0,0,0,0,0,0,1,0,1,5,0,0,0,0,1,1,0,2,0,0,0
1,1.370467782,94.13347626,-11.70669556,3.669516325,1.049977064,11.82026482,9.524718285,-2.387514114,-4.533863544,1,-2.440740196,-2.415156502,-1.891050837,-3.301830456,4.525590868,0.358055556,0.358055556,0.830054236,12.63157895,319.246,0,0.04783435,-0.309364732,0.04783435,2.258475116,0.3125,0,0,0,1,1,2,1,0,0,0,0,0,1,2,3.9277,0,0,0,0,0,0,0,0,0,0,0,0,0,1,0,0,0,0,0,0,0,0,0,0,0
1,1.348873138,158.7147369,62.54291916,-0.44130826,0.467942834,4.123094559,9.897356987,-2.18956089,-6.883874416,1,-2.343767527,-2.245091329,-1.913289222,-3.515796513,15.34218778,0.002684424,-1.667813111,0.019949586,22.40217391,1304.548,0,0.325696694,-0.479717468,0.325696694,1.016699667,0.610169492,1,4,9,1,1,2,12,0,18,1,4,0,0,7,-4.39399,1,2,0,0,0,0,0,4,0,0,0,0,2,0,0,0,0,0,0,0,0,0,0,0,0
1,1.477120399,183.1848755,16.47732162,-1.77703166,0.844028234,3.440938234,8.376277924,-1.792448282,-5.923042297,1,-1.927283661,-1.766311477,-1.545858252,-3.120091758,13.11556656,0,-5.145208946,0.073927761,15.27272727,957.868,1,3,-0.756113771,0.756113771,0,0.484848485,1,0,0,2,0,2,2,0,0,1,1,0,1,3,-14.547,5,0,0,0,0,0,0,0,0,0,0,0,0,0,0,0,0,0,1,1,0,0,0,0,0
1,1.164331675,98.78188324,-27.68202782,2.736743689,1.527736902,11.37745285,8.965432167,-2.243976593,-4.671307087,1,-2.560580819,-2.592078799,-2.056254758,-3.605892369,12.38644274,0.065462963,-0.440694444,0.766994434,19.44444444,247.338,0,0.316145295,-0.465313584,0.316145295,2.313014283,0.533333333,0,1,0,1,0,1,0,0,0,0,1,0,0,2,2.2131,0,0,0,0,0,0,0,0,0,0,0,0,0,0,0,0,0,0,0,0,0,0,0,0,0
1,1.433820248,152.9391785,13.61567307,1.368387222,-0.950517893,4.008714676,6.191483021,-1.821639061,-5.968922615,1,-2.343817615,-2.121608642,-1.871965522,-3.259661733,11.81826071,0.132022048,-1.152420635,0.685746158,22.55,297.141,0,0.477886924,-0.481160121,0.477886924,1.790266822,0.5,0,1,1,0,1,1,2,0,3,0,1,0,0,2,0.4488,1,0,0,0,0,0,0,0,0,0,0,0,0,0,0,0,0,0,0,0,0,0,0,0,0
1,1.290389538,73.57992554,34.31516647,5.178753853,3.140120983,10.3967247,9.140353203,-5.788965225,-4.673650265,1,-2.415071033,-2.537000523,-1.814276274,-3.476972003,6.209383932,0.797537688,0.797537688,0.791805341,13.23809524,318.873,0,0.056730031,-0.339550851,0.056730031,1.943763266,0.294117647,0,1,0,2,0,2,0,0,0,0,0,0,0,3,4.8944,0,0,0,0,0,0,0,0,0,0,2,0,2,1,0,0,0,0,0,0,0,0,0,0,0
1,1.475558043,230.1446075,19.98025894,-0.178397894,-1.531515598,9.288132668,8.54654789,-1.128844023,-5.626115799,1,-2.270208923,-2.363069897,-2.028224445,-3.282719675,11.44078704,0.351296296,-0.370740741,0.246991872,10.46666667,420.434,0,0.331703247,-0.338721321,0.331703247,1.82E-07,0.375,0,0,0,0,4,4,0,0,4,0,0,0,0,4,-3.1756,0,0,0,0,2,0,0,2,0,0,0,0,2,0,0,0,0,0,0,0,0,0,0,0,0
1,1.359737277,146.3812408,36.75407028,-1.888609171,-0.557504177,3.946797609,8.072561264,-2.814202309,-7.062449932,1,-1.991368403,-2.111733106,-1.648760005,-3.16306649,12.59910407,0.007277558,-1.518554672,0.04361477,11.91044776,947.005,0,0.325770778,-0.507623489,0.325770778,1.748876376,0.522727273,0,0,4,2,0,2,2,0,12,0,0,0,0,2,1.5545,6,0,0,0,0,2,0,0,0,0,0,0,0,0,0,0,0,0,0,0,0,0,0,0,3
1,1.106661797,86.74023438,-29.38312912,1.739317656,0.263914585,11.54257774,9.499750137,-2.026547432,-4.681118488,1,-2.109570383,-2.164998898,-1.762931592,-3.03637144,9.726079241,0.302716049,-0.490214884,0.713569619,12.68421053,267.369,0,0.118956222,-0.490849113,0.118956222,2.285695819,0.6,0,0,0,1,0,1,1,0,2,0,0,0,1,1,1.6132,0,1,0,0,0,0,0,0,0,0,0,0,0,0,0,0,0,0,0,0,0,0,0,0,0
1,1.228076696,163.9616699,19.302845,2.577217817,0.413598776,9.768449783,8.963582993,-2.386898994,-4.895906448,1,-2.196638901,-2.230719716,-1.844951389,-2.987913217,9.450190452,0.071408614,-0.084282337,0.593334887,12.22727273,301.386,0,0.157163018,-0.507966645,0.157163018,1.69635731,0.333333333,0,0,0,2,0,2,1,0,4,0,0,0,1,2,2.9568,0,0,0,0,0,3,0,0,0,0,0,0,0,0,0,0,0,0,0,0,0,0,0,0,0
1,1.378219724,132.1586456,60.57529831,-0.132398367,1.019926786,3.354219675,7.338470936,-1.208522916,-5.466055393,1,-2.619242777,-2.517757371,-2.040702877,-3.643998381,12.34083946,0.007569076,-1.11933621,0.558825196,34.57692308,383.47,0,0.352962451,-0.476539137,0.352962451,1.780441075,0.705882353,0,3,2,0,0,0,6,0,3,0,2,0,0,3,-0.308,1,1,0,0,0,0,0,0,0,0,0,0,1,0,0,1,0,0,0,0,0,1,0,0,0
1,1.175389171,107.9709167,-8.791667938,3.337141514,1.358842373,11.55029011,9.359743118,-2.806384325,-4.566922665,1,-2.060982462,-2.118582544,-1.713912161,-3.051101851,9.843953767,0.299332955,-0.498732993,0.837505792,12.84210526,259.349,0,0.126758692,-0.490195023,0.126758692,1.977941782,0.375,0,0,0,2,0,2,1,0,2,0,0,0,1,2,2.5775,0,1,0,0,0,0,0,0,0,0,0,0,1,0,0,0,0,0,0,0,0,0,0,0,0
1,1.601635695,149.8811646,18.67482376,0.222127438,-2.582072496,2.299293041,3.041577816,-1.755708575,-6.840717793,1,-2.630352492,-2.494155703,-1.907735336,-3.62862371,12.54413643,0.153709845,-3.79525463,0.672167002,34.65,300.296,0,0.327691137,-0.47966933,0.327691137,2.097498684,0.6,0,2,1,0,1,1,3,0,1,0,2,0,0,3,-1.5232,1,0,0,0,0,0,0,0,0,0,0,0,1,0,0,1,0,0,0,0,0,0,0,1,0
1,1.204103351,168.0435791,-10.09947586,2.96558404,0.52855444,8.783435822,8.718330383,-5.421413898,-5.805645943,1,-2.516063944,-2.54176338,-2.087734114,-3.398541359,13.06440571,0.210868292,-0.441660998,0.546096061,13.88888889,368.497,0,0.317929933,-0.458970247,0.317929933,1.793097582,0.434782609,0,1,0,2,0,2,0,0,0,0,0,0,0,3,4.7308,0,0,0,0,0,0,0,0,0,0,0,0,2,0,0,0,0,0,0,0,1,0,0,0,0
1,1.156204104,176.5431519,-28.62979126,-1.89282155,-3.304287672,8.667757034,4.582512856,0.318910122,-5.61980772,1,-2.158943624,-2.171559129,-1.802191317,-2.934604972,11.42637275,0.083681737,-0.34536793,0.451587161,12.1,290.404,0,0.30608804,-0.459658889,0.30608804,3.661659205,0.857142857,0,0,0,0,0,0,0,0,0,0,0,0,0,0,0.2654,0,0,0,0,0,0,0,0,0,0,0,0,0,0,0,0,0,0,0,0,2,0,0,0,0
1,1.5807302,239.8578186,83.00880432,-0.436667442,-1.172088623,3.857679367,5.474862099,-2.986350536,-6.884042263,1,-2.700080017,-2.677437429,-2.254240506,-3.728646339,12.26726516,0.052441952,-1.313792057,0.258854015,11.625,441.404,0,0.325721201,-0.481229256,0.325721201,1.621834841,0.210526316,0,0,1,1,2,3,1,0,6,0,0,0,0,3,-0.0448,2,0,1,0,1,0,0,1,0,0,2,0,1,0,0,0,0,0,0,0,0,0,0,0,0
1,1.163619161,108.3294907,12.22519302,4.817778587,0.516315699,11.19350815,8.694114685,-4.134921551,-4.665915012,1,-2.426827053,-2.535129763,-1.841600139,-3.418538963,6.037304924,0.441518802,0.441518802,0.756411757,12.77272727,319.88,0,0.073705035,-0.381998759,0.073705035,1.954331763,0.5,0,0,0,1,1,2,1,0,1,0,0,0,1,2,4.8106,0,0,0,0,0,0,0,0,0,0,1,0,1,1,0,0,0,0,0,0,0,0,0,0,0
1,1.076178551,153.1958771,-42.30357742,2.820061207,1.140734076,10.17725754,8.253861427,-3.416731596,-4.476485252,1,-2.330741299,-2.591378731,-2.128395007,-3.305384372,12.13654715,0.367352608,-0.367352608,0.559906508,10.66666667,294.395,0,0.341466519,-0.492618888,0.341466519,2.638556625,0.5625,0,0,0,1,0,1,0,0,1,0,0,0,0,1,2.5562,0,0,1,0,0,0,0,1,0,0,1,0,0,0,0,0,0,0,0,0,0,0,0,0,0
1,1.221850872,166.3678894,-28.03180885,2.272115707,-1.783413172,10.84378815,9.636731148,-2.172996759,-4.744990349,1,-2.343133155,-2.30692185,-1.943900665,-3.316211065,4.336519274,0.932705263,0.932705263,0.691050964,15.5,160.22,0,0.100839066,-0.371699739,0.100839066,2.036479851,0.3,0,1,0,1,0,1,0,0,1,0,0,0,0,2,1.2308,0,0,0,0,0,0,0,0,0,1,0,0,0,0,0,0,0,0,0,0,0,0,0,0,0
1,1.224228144,116.9814682,17.94711685,4.628185272,2.757483006,11.38202763,8.760774612,-4.988101482,-3.943095207,1,-2.509519935,-2.560699876,-1.994775835,-3.521791285,2.450231481,0.499270597,0.499270597,0.832153893,14.9,284.428,0,0.055290218,-0.33806509,0.055290218,2.031569707,0.294117647,0,1,0,2,0,2,1,0,0,0,0,0,1,3,4.2394,0,0,0,0,0,0,0,0,0,0,2,0,2,0,0,0,0,0,0,0,0,0,0,0,0
1,1.454463482,166.0111389,41.10148239,2.130310059,-2.043943644,2.861739159,4.550043106,-3.411765575,-6.103225708,1,-2.548649524,-2.356789434,-1.816848161,-3.631198942,12.51094451,0.309209197,-1.437283373,0.50295113,27.23076923,378.406,0,0.327399385,-0.480398813,0.327399385,1.778325532,0.411764706,0,2,2,1,0,1,4,0,3,0,2,0,1,3,0.4865,2,0,0,0,0,0,0,0,0,0,0,0,1,0,0,1,0,0,0,0,0,1,0,0,0
1,2.561321735,255.3937988,85.06721497,-0.49004221,-0.97396493,2.818795204,1.455448151,-2.605362654,-4.539374828,1,-2.522792257,-2.575568294,-2.064305358,-3.514467828,11.39244743,0.054737037,-1.117218443,0.456991539,10.05,613.915,0,0.337517131,-0.477582766,0.337517131,3.676002394,0.181818182,0,0,2,1,0,1,0,0,3,0,0,0,0,1,3.1154,0,0,0,1,0,0,0,0,0,0,2,0,0,3,0,0,0,0,0,0,0,0,0,0,0
1,1.452812433,150.4304962,52.53090286,1.999160767,-0.741703987,2.723616123,3.665487528,-4.803093433,-6.58409071,1,-2.314599823,-2.337341534,-1.781604847,-3.512822927,13.14842183,0.174841105,-1.144783373,0.45444555,26.625,461.5,0,0.327399385,-0.479672802,0.327399385,1.511737109,0.45,0,3,6,1,0,1,4,0,4,0,3,0,0,4,0.0942,1,0,0,0,0,0,0,0,0,0,0,0,1,0,0,1,0,0,0,0,0,1,0,0,0
1,1.414609551,177.4421387,72.01080322,0.238432527,-1.82468009,3.615288258,5.81294632,-3.185720682,-6.460618973,1,-2.673541989,-2.638267887,-2.20712377,-3.587473325,12.47736064,0.002727748,-1.314158391,0.259939677,12.42857143,477.481,0,0.325721201,-0.481229256,0.325721201,1.755996827,0.260869565,0,0,1,1,2,3,2,0,5,0,0,0,1,3,0.9816,2,0,2,0,0,0,0,2,0,0,2,0,1,0,0,0,0,0,0,0,0,0,0,0,0
1,1.837851524,245.7782898,7.872356415,-4.024940491,1.583544493,1.773454666,6.908741951,-0.298001289,-6.99414444,1,-2.10350024,-2.124989633,-1.741087898,-3.132944407,10.94457625,0.956527778,-5.406512346,0.431963994,14.0625,272.09,0,0.370883288,-0.366159235,0.366159235,3.176122133,0.4,0,0,0,0,1,1,0,0,5,0,0,0,0,1,-1.1154,0,1,0,0,0,0,0,0,0,0,0,0,0,0,0,0,0,0,0,0,0,0,0,0,0
1,1.121209502,179.9765625,0.959144592,4.604291439,2.143084288,11.07647514,9.126191139,-5.03465271,-4.665077686,1,-2.499462411,-2.611809719,-2.007778539,-3.502636573,2.515046296,1.075601852,1.075601852,0.838462327,13.76190476,280.415,0,0.044296113,-0.340990812,0.044296113,1.946085728,0.368421053,0,1,0,2,0,2,0,0,0,0,0,0,0,3,3.875,0,0,0,0,0,0,0,0,0,0,2,0,2,0,0,0,0,0,0,0,0,0,0,0,0
1,1.789057016,315.9128418,91.39179993,-1.536681652,-0.770441532,-4.531179428,2.97648716,-2.403842211,-6.835268974,1,-2.090317514,-2.12471626,-1.703723553,-3.093351991,12.65734731,0.037227891,-4.518271956,0.461099881,14.35714286,422.396,0,0.294037503,-0.504967332,0.294037503,1.848791667,0,0,1,0,2,1,3,0,0,4,0,0,0,0,4,1.684,0,0,0,0,1,1,0,0,0,0,0,0,2,0,1,0,0,0,0,0,0,0,0,0,0
1,1.337237835,203.1048737,39.36458206,0.180017829,-1.840914488,7.497293472,9.299204826,-1.335264683,-6.547589779,1,-2.46385145,-2.397782935,-1.932257338,-3.376473591,14.64760277,0.057302327,-1.397712175,0.020222235,21.69230769,1117.334,0,0.243611506,-0.370153153,0.243611506,1.548286474,0.428571429,0,1,9,2,2,4,8,0,15,0,1,0,0,5,-3.1754,0,0,0,0,2,0,0,5,0,0,0,0,1,0,0,0,0,0,0,0,0,0,0,0,0
1,1.126568437,165.829895,-18.92517853,-0.167931795,-1.364776134,8.60761261,2.921982765,0.41037035,-5.935093403,1,-1.962735065,-2.244171049,-1.804164639,-2.931857832,9.261910431,0.339953704,0.339953704,0.665970206,11.58333333,166.244,0,0.135630193,-0.507726701,0.135630193,3.026535165,0.4,0,0,0,1,0,1,0,0,1,0,0,0,0,1,1.979,0,0,0,0,0,1,0,0,0,0,0,0,0,0,0,0,0,0,0,0,1,0,0,0,0
1,1.504176259,225.6818848,79.37124634,-0.557065248,-1.558419943,3.732589483,5.734220505,-2.857987881,-7.172691345,1,-2.721325279,-2.674700088,-2.275485769,-3.722412812,12.33183493,0.060325648,-1.328337764,0.213131482,15.41176471,473.446,0,0.325721201,-0.481229256,0.325721201,1.616786126,0.3,0,1,2,1,1,2,2,0,7,0,0,0,1,3,-0.7311,2,0,1,0,1,0,0,1,0,0,4,0,1,0,0,0,0,0,0,0,0,0,0,0,0
1,1.288225651,176.5430756,32.34175491,0.94884491,-0.886488676,10.81451797,9.137849808,-1.756741643,-5.270040989,1,-2.516574941,-2.509004903,-2.098913176,-3.626462968,11.61742275,0.011647377,-3.231269303,0.844571218,12.4,295.408,0,0.215025282,-0.360888948,0.215025282,2.29341151,0.428571429,0,0,0,1,1,2,0,0,2,0,0,0,0,2,1.3212,0,0,0,0,1,0,0,0,0,0,0,0,1,0,0,0,0,0,0,0,0,0,1,0,0
1,1.607765794,167.6587067,28.55804825,-0.310168266,-1.338741779,9.111868858,7.618026733,-1.712934375,-5.870826721,1,-2.112527921,-2.22334751,-1.853993649,-3.168087979,10.64867059,0.014377652,-3.916262908,0.286612438,12.35,337.456,0,0.318366611,-0.386401795,0.318366611,2.36698511,0.375,0,0,0,0,1,1,0,0,4,0,0,0,0,1,-0.768,0,0,0,0,0,0,0,4,0,1,0,0,0,0,0,0,0,0,0,0,0,1,0,0,0
1,1.064877033,147.3784943,-42.4143486,2.063133478,0.106456757,10.21286011,8.223804474,-2.115623474,-4.731963158,1,-2.383285534,-2.638189075,-2.026757734,-3.418440386,11.63256614,0.294299887,-0.294299887,0.603845685,10.52941176,236.315,0,0.3376672,-0.460732266,0.3376672,2.369457579,0.461538462,0,0,0,1,0,1,0,0,1,0,0,0,0,1,1.7674,0,0,1,0,0,0,0,1,0,0,1,0,0,0,0,0,0,0,0,0,0,0,0,0,0
1,1.699492693,162.9919586,7.011486053,-2.320096731,0.663991332,-0.9555583,4.209888935,-0.516542673,-6.447312355,1,-2.236939817,-2.357952774,-1.963976009,-3.216460779,11.72305556,0.154722222,-4.754600104,0.595448684,28.64705882,265.247,0,0.418209415,-0.36788081,0.36788081,2.19799181,0.714285714,0,2,3,0,0,0,2,2,2,0,2,0,0,2,-1.5253,0,0,0,0,0,0,0,1,2,0,0,0,2,0,0,0,0,0,0,0,0,0,0,0,0
1,1.084683418,215.0809631,-28.54872513,-2.453448057,-4.635562897,2.500401258,10.05337906,0.521321058,-6.126845837,1,-2.169213371,-2.07397074,-1.662906263,-3.074949535,10.13722175,0.52037037,-0.933313492,0.457177158,13,146.19,0,0.3199673,-0.480086448,0.3199673,3.214876897,0.833333333,0,0,0,0,0,0,1,0,3,0,0,0,0,0,-0.4727,1,0,0,0,0,0,0,2,0,0,0,0,0,0,0,0,0,0,0,0,0,0,0,0,1
1,1.034853935,115.8606339,-34.04820251,1.712483883,-1.1658144,11.15738297,9.757613182,-0.6107862,-4.927051067,1,-2.210743282,-2.236496732,-1.766394358,-3.167514198,9.726527778,0.090185185,-0.420185185,0.707818723,15.58333333,165.236,0,0.093965301,-0.386793435,0.093965301,2.711040723,0.4,0,0,0,1,0,1,2,0,2,0,0,0,0,1,1.3279,0,1,0,0,0,0,0,0,0,0,0,0,0,0,0,0,0,0,0,0,0,0,0,0,0
1,1.193439007,161.9079742,-2.796161652,-0.579104424,-1.181339025,8.887766838,1.947627544,-0.012950659,-5.321399689,1,-2.124016046,-2.420972124,-1.971905749,-2.941613185,11.37180886,0.3624452,-0.3624452,0.717081102,11.0625,223.296,0,0.414205287,-0.409980435,0.409980435,2.875199039,0.416666667,0,0,1,1,0,1,0,0,0,0,0,0,0,1,1.9437,0,0,0,0,0,0,0,0,0,0,0,0,0,0,0,0,0,0,0,0,1,0,0,0,0
1,1.35692513,115.4009476,12.72095871,-0.444841385,-5.905418396,3.502578974,4.292778492,-0.390272856,-5.944011688,1,-2.078414028,-1.963962964,-1.623863535,-3.087509396,10.30910494,0.106064815,-1.06462963,0.491542713,12.2,163.198,0,0.326557339,-0.479694668,0.326557339,3.833483296,0.6,0,0,1,0,0,0,1,0,3,0,0,0,0,0,-0.4945,1,0,0,0,0,0,0,0,0,0,0,0,0,0,0,0,0,0,0,0,0,0,0,0,0
1,1.534095049,173.1210785,46.78216934,0.731410742,-0.81125474,2.901432514,3.007510662,-2.639203548,-5.678367615,1,-2.330404446,-2.334081612,-1.913797773,-3.473427449,12.83100899,0.076162587,-1.656960782,0.409781329,23.67857143,427.46,0,0.404316905,-0.476559432,0.404316905,1.810301942,0.375,0,2,3,0,1,1,2,0,3,0,1,0,0,3,0.0986,1,0,0,0,0,0,0,1,0,0,0,0,1,0,0,1,0,0,0,0,0,1,0,0,0
1,1.404504299,149.5447388,34.33717728,-2.55079627,-1.93163991,3.718434811,8.141047478,-1.072969317,-5.485295296,1,-2.29035709,-2.053958974,-1.890016518,-3.328313382,12.63660988,0,-1.604952401,0.046448096,17.4137931,970.101,1,3,-0.548435775,0.548435775,1.68E-05,0.685714286,0,1,3,0,1,1,6,2,9,0,0,0,6,2,-8.8945,3,6,0,0,0,0,0,0,0,0,0,0,2,0,0,0,0,0,0,0,0,0,0,0,0
1,1.275874138,133.8822021,5.004096985,-1.435186148,-2.632500887,7.534150124,9.279917717,-1.370882034,-6.252363205,1,-2.361105232,-2.490390374,-2.016060295,-3.21626416,11.9822609,0.019079622,-0.548428475,0.05957997,10.58974359,560.693,0,0.24592863,-0.356094186,0.24592863,3.750611399,0.8,0,0,5,0,0,0,0,0,6,0,0,0,0,0,0.9221,0,0,0,0,0,0,0,1,6,0,0,0,0,0,0,0,0,0,0,0,0,0,0,0,6
1,1.278059602,99.63485718,27.99412918,4.262517929,2.518507481,9.743988991,9.219198227,-5.630673885,-4.65117836,1,-2.447939011,-2.536146792,-1.969954684,-3.494962899,12.0107309,0.664288496,-0.957848773,0.745499972,21.15384615,386.586,0,0.056450901,-0.339548776,0.056450901,1.65484467,0.428571429,0,2,0,2,0,2,2,0,0,0,1,0,2,4,4.9011,0,0,0,0,0,0,0,0,0,0,2,0,2,0,0,0,0,0,0,0,0,0,0,0,0
1,1.400705695,235.7343903,38.55083847,-0.962519646,-0.805241346,8.545586586,6.92805481,-0.957552195,-4.778863907,1,-2.599104062,-2.609980557,-2.08559983,-3.458157111,11.27921417,0.089166667,-0.323552217,0.540092783,24.05263158,268.273,0,0.240285736,-0.294207675,0.240285736,1.907792686,0.636363636,0,2,4,0,0,0,1,0,2,0,2,0,0,2,-2.7083,0,0,0,0,0,0,0,0,0,0,0,0,0,0,0,0,0,0,0,0,0,0,0,0,0
1,1.381943464,152.3621826,-1.828178406,-2.300037622,-3.490419149,3.479332209,8.875384331,0.027040482,-4.923591137,1,-2.308597922,-2.033009836,-1.887271586,-3.271039317,11.01442815,0,-1.256384078,0.30273308,20.06896552,558.69,1,3,-0.548752729,0.548752729,7.84E-06,0.823529412,0,1,0,0,0,0,1,0,1,0,1,0,1,1,-6.1615,3,1,0,0,0,0,0,0,0,0,0,0,0,0,0,0,0,0,0,0,0,0,0,0,0
1,1.501596689,150.5717773,40.49539566,2.048579216,-0.87831521,2.649989605,3.244082451,-3.962011337,-6.896241665,1,-2.311488037,-2.338705758,-1.714184529,-3.435040968,13.28133721,0.193145006,-3.865003942,0.412555334,25.75,539.592,0,0.341417194,-0.479672802,0.341417194,1.514962989,0.476190476,0,3,6,1,0,1,4,0,3,0,3,0,0,4,-0.2338,1,0,0,0,0,0,0,0,0,0,0,0,1,0,0,1,0,0,0,0,0,1,1,0,0
1,1.193611503,191.8699493,35.22169876,0.386220813,0.041679382,3.129130602,8.785106659,-2.809111834,-6.632396698,1,-2.614893145,-2.523070124,-2.128475933,-3.634462507,13.85867827,0.000285941,-1.403879636,0.110742347,16.57142857,679.863,0,0.323312591,-0.479873247,0.323312591,1.765858204,0.527777778,0,1,4,2,0,2,4,0,7,0,1,0,0,3,0.8331,1,0,0,0,0,0,0,3,0,0,0,0,0,0,0,0,0,0,0,0,0,0,0,0,1
1,1.549965262,172.9747314,53.26082993,1.697223186,-2.0359447,2.70147109,4.931470871,-3.325495243,-6.568157196,1,-2.495747821,-2.403985232,-1.775970976,-3.597865527,12.41353332,0.348561049,-1.40020004,0.500083128,28,384.435,0,0.327399385,-0.480398453,0.327399385,1.767121693,0.466666667,0,2,2,0,1,1,4,0,3,0,2,0,0,3,0.548,2,0,0,0,0,0,0,0,0,0,0,0,1,0,0,1,0,0,0,0,0,1,0,0,0
1,1.325584769,238.9373474,-9.292671204,-1.950048208,-3.386387587,2.009271622,8.736142159,-0.488861084,-5.432272911,1,-1.904637611,-1.779732025,-1.436307291,-2.908402361,9.756435185,0.189814815,-1.00462963,0.424381502,13.42857143,121.161,0,0.320822211,-0.480063884,0.320822211,3.343417059,0.666666667,0,0,0,0,0,0,1,0,3,0,0,0,0,0,-0.6719,1,0,0,0,0,0,0,1,0,0,0,0,0,0,0,0,0,0,0,0,0,0,0,0,0
1,1.030655384,174.3006744,-48.0138092,-2.513655424,-2.171481848,4.595335484,10.59407616,0.382004976,-6.215161324,1,-2.345930534,-2.251294762,-1.804869027,-3.250523066,9.931203231,0.277777778,-0.715720899,0.536584419,9.444444444,131.175,0,0.302839563,-0.48123039,0.302839563,2.828868135,0.833333333,0,0,0,0,0,0,0,0,2,0,0,0,0,0,0.5901,1,0,0,0,0,0,0,1,0,0,0,0,0,0,0,0,0,0,0,0,0,0,0,0,2
1,1.473312259,177.6146698,13.27593613,-2.303504229,0.809409618,0.200362206,9.264717102,-0.760458708,-6.473053932,1,-2.22972276,-2.349202276,-1.922816635,-3.22536005,12.43922788,0.08736224,-4.768610547,0.547702967,29,348.381,0,0.418209415,-0.351481129,0.351481129,1.644884991,0.833333333,0,3,3,0,0,0,2,2,3,0,3,0,0,3,-1.1424,0,0,0,0,0,0,0,0,2,0,0,0,2,0,0,0,0,0,0,0,0,0,0,0,0
1,1.371341467,217.1782837,45.01253128,-0.373558998,-0.707847357,6.296888351,7.802518368,-1.457014203,-6.449233532,1,-2.452001542,-2.456904458,-2.072960239,-3.276720034,14.83822015,0.051723452,-1.871682477,0.032444953,21.17647059,1227.395,0,0.246223609,-0.507966645,0.246223609,1.812303587,0.5,0,2,14,2,0,2,8,0,16,0,2,0,0,4,-6.9805,0,0,0,0,0,1,0,5,0,0,0,0,0,0,0,0,0,0,0,0,0,0,0,0,1
1,1.582672119,180.7722931,57.90230942,0.270168066,-0.368438721,3.596634626,2.014609814,-2.926999807,-6.249398232,1,-2.443425204,-2.499694429,-1.901643628,-3.539435411,12.85245,0.088024613,-1.217870631,0.172026649,20.36363636,511.571,0,0.352158502,-0.476560678,0.352158502,1.493369381,0.375,0,2,2,0,2,2,2,0,3,0,1,0,0,4,-0.8698,1,0,1,0,0,0,0,1,0,0,1,0,1,0,0,1,0,0,0,0,0,2,0,0,0
1,1.288828373,161.0792084,23.85336685,0.12364769,-1.044523239,9.46437645,9.64136219,-1.40955615,-5.575526714,1,-2.163212379,-2.362077993,-1.909064814,-3.194320909,11.02640852,0.310948381,-3.256582063,0.724121853,13.61111111,272.37,0,0.229318852,-0.387083444,0.229318852,2.645578495,0.5,0,0,0,1,0,1,1,0,3,0,0,0,1,1,1.0895,0,1,0,0,0,0,0,0,0,0,1,0,0,0,0,0,0,0,0,0,0,0,1,0,0
1,1.357882619,230.1367188,52.96632767,-2.225543261,-0.010248184,4.049206734,10.47865391,-1.684585214,-6.31880331,1,-2.287669377,-2.213301829,-1.77982897,-3.260989672,14.1096351,0.002013949,-1.414679536,0.011995528,14.02816901,1048.273,0,0.320864942,-0.480063385,0.320864942,6.486100757,0.657894737,0,0,8,0,0,0,8,0,22,0,0,0,0,0,-7.22862,1,0,0,0,0,0,0,6,0,0,0,0,0,0,0,0,0,0,0,0,0,0,0,0,0
1,0.91835624,170.6008453,-75.06639862,2.197106838,0.80603981,12.3833847,9.980104446,-1.589446306,-5.432460308,1,-2.22863442,-2.250489631,-1.794802025,-3.108211477,3.289787415,0.195787037,0.195787037,0.720183035,11.58333333,163.264,0,0.016195987,-0.3144822,0.016195987,2.641246256,0.454545455,0,0,0,1,0,1,0,0,1,0,0,0,0,1,2.2271,0,0,0,0,0,0,0,0,0,0,0,0,0,0,0,0,0,0,0,0,0,0,0,0,0
1,1.43703866,167.1750641,21.08719254,-4.194471359,1.383927107,3.412537098,8.453979492,-1.001142502,-6.153931141,1,-1.846061147,-1.752856359,-1.476452708,-2.918945012,11.48515163,0,-1.39716143,0.178485609,10.56666667,573.661,1,3,-0.548752729,0.548752729,0,0.6875,0,0,2,0,0,0,0,0,2,0,0,0,0,0,-7.3659,3,0,0,0,0,0,0,0,0,0,0,0,0,0,0,0,0,0,0,0,0,0,0,0,0
1,1.210835338,73.21756744,15.01014328,4.713424683,2.543782473,10.82823372,9.41179657,-5.212108612,-4.489330292,1,-2.479875773,-2.588801154,-1.976979273,-3.518422612,2.462962963,1.062268519,1.062268519,0.828858049,13.25,284.428,0,0.055235524,-0.33959376,0.055235524,1.907955758,0.294117647,0,1,0,2,0,2,0,0,0,0,0,0,0,3,4.241,0,0,0,0,0,0,0,0,0,0,2,0,2,0,0,0,0,0,0,0,0,0,0,0,0
1,1.334195614,186.0245514,57.31697464,-0.604866743,-1.043661118,3.700170517,8.699606895,-3.268239737,-6.667206764,1,-2.41845106,-2.355624516,-2.054144795,-3.497422793,14.98785855,0.020043061,-2.151153217,0.014176046,16.42580645,2180.317,0,0.325706233,-0.507966645,0.325706233,1.052628361,0.540816327,0,3,20,3,0,3,16,0,28,0,3,0,0,6,-8.11643,6,0,0,0,0,1,0,3,0,0,0,0,0,0,0,0,0,0,0,0,0,0,0,0,0
1,1.409131289,235.4524231,59.92600632,-0.422315121,-1.807729959,2.556442499,5.298003197,-3.690299749,-6.873229027,1,-2.413108072,-2.259218734,-2.014876167,-3.458986766,14.45110657,0.022591763,-5.017289133,0.018806177,15.61702128,1352.426,0,0.445974702,-0.481162308,0.445974702,1.361095583,0.413793103,0,1,12,3,1,4,10,0,17,0,1,0,0,5,-4.5153,2,1,0,0,1,0,0,2,0,0,0,0,1,0,0,0,0,0,0,0,0,1,0,0,0
1,1.368978262,194.7585449,43.73186874,-0.224803448,-0.345742702,6.610239983,8.293362617,-1.61852324,-6.51564455,1,-2.309609004,-2.36958456,-1.921306713,-3.29270491,14.55880445,0.016296657,-1.77264894,0.027500717,21.72972973,1069.238,0,0.246223609,-0.507966645,0.246223609,1.680525786,0.47826087,0,2,11,2,0,2,7,0,14,0,2,0,0,4,-4.13203,0,0,0,0,0,1,0,4,0,0,0,0,0,0,0,0,0,0,0,0,0,0,0,0,0
1,1.131605864,132.7323303,9.200611115,0.963790417,-0.324212313,9.865381241,8.586013794,-1.788311243,-5.435456276,1,-2.455921337,-2.75377184,-2.16626486,-3.471389806,11.74367725,0.044299887,-0.044299887,0.731539693,10.52941176,235.331,0,0.250825642,-0.39872822,0.250825642,2.369457579,0.461538462,0,0,1,1,0,1,0,0,2,0,0,0,0,1,1.3404,0,0,1,0,0,0,0,1,0,0,1,0,0,0,0,0,0,0,0,0,0,0,0,0,0
1,1.643674731,178.3754883,62.59399796,0.062652111,0.25243783,2.769176483,2.23841095,-3.425210714,-5.881473064,1,-2.556475019,-2.619081086,-2.026354555,-3.692972925,13.14631996,0.077390012,-4.678699224,0.068023502,18.65116279,684.7,0,0.428873666,-0.543162073,0.428873666,1.311960729,0.272727273,0,2,2,0,3,3,2,0,4,0,1,0,0,5,-0.115,1,0,0,0,0,0,0,0,0,0,1,0,1,0,0,1,0,0,0,0,0,2,0,0,0
1,1.175703287,120.110199,-6.675613403,3.446084976,1.089432001,11.79382133,9.486976624,-2.093695641,-4.613312244,1,-2.471183213,-2.458603629,-1.823595596,-3.364991481,5.966028255,0.320246914,0.320246914,0.824006924,12.63157895,274.795,0,0.047834354,-0.309364732,0.047834354,2.258475116,0.3125,0,0,0,1,1,2,1,0,0,0,0,0,1,2,3.8186,0,0,0,0,0,0,0,0,0,0,0,0,0,1,0,0,0,0,0,0,0,0,0,0,0
1,1.361777186,181.3868713,43.22838211,-1.175724983,-0.795236826,7.968582153,8.870858192,-0.421904564,-6.67794466,1,-2.162405567,-2.180154369,-1.811770995,-3.059797222,13.45696676,0.010127499,-1.625794143,0.053409771,26.4516129,1321.435,0,0.315719068,-0.393679073,0.315719068,4.85E-07,0.6,0,4,16,0,0,0,12,0,27,0,2,0,0,4,-15.442,0,1,0,0,0,0,0,10,0,0,0,0,0,0,0,0,0,0,0,0,0,0,0,0,0
1,1.39197576,164.7565613,7.857219696,-3.447310209,1.316014409,3.473453283,8.567974091,-1.239437938,-6.468545437,1,-1.840624736,-1.747419947,-1.468769777,-2.892450512,11.99363305,0,-1.415961571,0.103603838,10.80555556,661.767,1,3,-0.548752729,0.548752729,0,0.75,0,0,2,0,0,0,0,0,2,0,0,0,0,0,-7.3327,3,0,0,0,0,0,0,0,0,0,0,0,0,0,0,0,0,0,0,0,0,0,0,0,0
1,1.164334655,148.1183014,-26.35887718,2.783369541,0.62409997,9.079221725,8.493929863,-2.769779682,-4.677537918,1,-2.183797285,-2.451704936,-1.732796636,-3.342541053,11.76895503,0.322073308,-0.410040627,0.637123026,10.66666667,270.76,0,0.339195601,-0.460693835,0.339195601,2.501847098,0.461538462,0,0,0,1,0,1,0,0,1,0,0,0,0,1,2.4208,0,0,1,0,0,0,0,1,0,0,1,0,0,1,0,0,0,0,0,0,0,0,0,0,0
1,1.25737524,129.9088287,28.70684433,2.587495804,0.706301451,9.21062088,9.019521713,-3.150695801,-4.785235405,1,-2.275237193,-2.586141754,-2.088660439,-3.361996666,12.13697972,0.212123961,-0.212123961,0.755813246,10.65,299.802,0,0.254646585,-0.495841839,0.254646585,2.699369855,0.5,0,0,1,1,0,1,0,0,2,0,0,0,0,1,2.0024,0,0,1,0,0,0,0,1,0,0,1,0,0,1,0,0,0,0,0,0,0,0,0,0,0
1,1.372201681,149.8096924,38.57815933,-1.790692329,0.031051159,4.153094292,9.776460648,-2.758936167,-6.844336033,1,-1.718000135,-1.79931308,-1.432175464,-3.063842689,12.79015448,0,-1.523447328,0.025824526,11.73529412,1011.90898,0,3,-0.872230772,0.872230772,2.31E-05,0.522727273,0,0,4,2,0,2,2,0,8,0,0,0,0,2,-2.6472,6,0,0,0,0,0,0,0,0,0,0,0,0,0,0,0,0,0,0,0,0,0,0,0,3
1,1.50508368,178.9039154,55.50437546,0.300543666,-0.495671988,3.302568913,5.898880959,-2.268574953,-6.353574753,1,-2.527471949,-2.579420357,-1.9450357,-3.663033322,12.80337945,0.000916895,-1.176690267,0.264561135,19.85294118,525.642,0,0.352158502,-0.476560678,0.352158502,1.406383825,0.5,0,2,2,0,2,2,2,0,3,0,1,0,0,4,-0.6532,1,0,1,0,0,0,0,1,0,0,1,0,1,0,0,1,0,0,0,0,0,2,0,0,0
1,1.359960079,180.4537048,52.93574905,-1.357277393,-1.387318373,6.597886562,5.927242279,-1.354791641,-6.844387531,1,-2.589104289,-2.609228962,-2.143849887,-3.533061616,12.98309075,0.185250159,-0.87462774,0.47033006,23.53846154,362.39,0,0.245736016,-0.367881864,0.245736016,1.738183614,0.5625,0,2,4,0,1,1,3,0,4,0,2,0,0,3,-1.8081,0,0,0,0,1,0,0,1,0,0,0,0,0,0,0,0,0,0,0,0,0,0,0,0,0
1,1.267304659,185.187088,17.75671768,-1.141828775,-1.503635645,3.512488842,8.438987732,-3.687444448,-5.871341228,1,-2.462068664,-2.360146221,-1.952997625,-3.358541762,11.95027859,0.039957402,-1.135543641,0.324592729,20.29166667,358.46,0,0.351550041,-0.480063768,0.351550041,2.253837295,0.6875,1,0,1,0,0,0,2,0,4,1,1,0,0,1,1.4326,2,0,0,0,0,0,0,1,0,0,0,0,0,0,0,0,0,0,0,0,0,1,0,0,2
1,1.200166702,146.8568115,11.4979744,-0.551166534,-1.336636066,8.311069489,3.67488575,-1.236526608,-5.623419762,1,-2.621926622,-2.520446455,-2.119859219,-3.413813876,11.19722222,0.056157407,-0.395601852,0.641049215,19.75,170.212,0,0.239717755,-0.367882043,0.239717755,2.647164206,0.75,0,1,2,0,0,0,1,0,1,0,1,0,0,1,-0.1273,0,0,0,0,0,0,0,1,0,0,0,0,0,0,0,0,0,0,0,0,0,0,0,0,0
1,1.396749139,220.5524902,53.66050339,0.101554394,-0.70194459,2.191380024,7.167314053,-4.091305733,-7.131302357,1,-2.34077806,-2.199014734,-1.946042341,-3.348238869,14.3419037,0.013184607,-4.873910613,0.024584862,13.8974359,1143.29,0,0.445974702,-0.481176216,0.445974702,1.540360903,0.387755102,0,0,8,3,1,4,7,0,13,0,0,0,0,4,-1.3294,2,0,0,0,1,0,0,2,0,0,0,0,1,0,0,0,0,0,0,0,0,2,0,0,0
1,1.39744544,201.1524353,-1.802223206,-1.861479998,-1.454977274,2.68180728,9.24471283,-0.186168432,-5.81600523,1,-2.186380971,-2.149965868,-1.812434523,-3.132128795,12.11093821,0.151736111,-3.068009259,0.547612587,16.08333333,182.17,0,0.329163383,-0.479716037,0.329163383,4.294403782,0.833333333,0,0,0,0,0,0,1,0,3,0,0,0,1,0,-0.2275,1,0,0,0,0,0,0,2,0,0,0,0,0,2,0,0,0,0,0,0,0,0,0,0,0
1,1.464969277,140.736969,32.55064011,0.247990727,-1.012134314,3.301814079,7.916013718,-1.478762388,-6.675016403,1,-2.5974708,-2.500154945,-1.976959569,-3.602158314,11.94050665,0.054285242,-1.102112045,0.26621239,26.9,299.352,0,0.352950907,-0.476539274,0.352950907,2.107761157,0.583333333,0,2,1,0,0,0,3,0,3,0,1,0,0,2,-0.3857,1,1,0,0,0,0,0,1,0,0,0,0,1,0,0,1,0,0,0,0,0,1,0,0,0
1,1.497621536,165.8859406,51.41621017,-0.307382345,-0.276131153,3.514998198,2.338144302,-2.741847754,-7.133391857,1,-2.264527476,-2.283320961,-1.830139765,-3.373989355,13.56016778,0.082303327,-1.42398238,0.14453824,20.68181818,645.68,0,0.352158502,-0.50796662,0.352158502,1.314988683,0.4,0,3,6,1,1,2,3,0,4,0,2,0,0,5,-1.112,1,0,0,0,0,1,0,0,0,0,0,0,1,0,0,1,0,0,0,0,0,2,0,0,0
1,1.233354807,109.4365387,26.31428146,-0.285449743,-2.872255564,3.252364397,8.786397934,-3.161934614,-6.552797318,1,-2.668486289,-2.580691522,-2.099885335,-3.705365689,12.49965439,0.346553367,-1.021492924,0.649983159,19.4,348.399,0,0.325915494,-0.480080407,0.325915494,1.94620765,0.5,0,1,1,1,0,1,3,0,3,0,1,0,0,2,1.1261,2,0,0,0,0,0,0,0,0,0,0,0,0,0,0,0,0,0,0,0,0,0,0,0,0
1,1.450088024,188.7151794,24.22472,-0.053953171,-1.080252886,3.621619463,6.691780567,-1.630686164,-5.777123451,1,-2.086376759,-2.032717636,-1.6850804,-3.056378269,11.79163285,0.138784424,-1.199546522,0.438158388,9.76,367.383,0,0.3224705,-0.479930441,0.3224705,2.183476379,0.266666667,0,0,3,1,0,1,0,0,4,0,0,0,0,1,-1.0068,1,0,0,0,0,0,0,0,0,0,0,0,0,0,0,0,0,0,0,0,0,1,0,0,0
1,1.536746025,195.1307373,57.45586014,0.428795338,-0.718634367,3.241019011,3.246269464,-2.726724386,-5.866393089,1,-2.272935462,-2.33036991,-1.849411658,-3.504162398,12.65941475,0.16476222,-1.319294951,0.207944234,20.93333333,455.474,0,0.352260958,-0.476559451,0.352260958,1.771753118,0.375,0,2,2,0,1,1,2,0,3,0,1,0,0,3,-0.6225,1,0,1,0,0,0,0,1,0,0,1,0,1,0,0,1,0,0,0,0,0,1,0,0,0
1,1.274164319,218.925354,51.74835587,0.05597949,-2.220765352,3.223994017,8.691472054,-3.307732821,-7.328691483,1,-2.446777505,-2.388875524,-2.088734626,-3.415916068,14.57186981,0.002107127,-1.509838361,0.021798208,16.34666667,1046.197,0,0.326047064,-0.507966645,0.326047064,1.589965903,0.5,0,1,7,2,1,3,9,0,13,0,1,0,0,4,-1.3147,2,0,0,0,1,1,0,3,0,0,0,0,0,0,0,0,0,0,0,0,0,0,0,0,0
1,1.24848783,132.7965698,22.20502853,1.997019172,0.792024374,11.01875305,8.944505692,-2.95966506,-4.877436161,1,-2.289184161,-2.46846279,-1.990377765,-3.240121292,12.53365471,0.230960577,-0.230960577,0.67474303,10.5,388.464,0,0.251326501,-0.492688848,0.251326501,1.980099996,0.380952381,0,0,1,2,0,2,0,0,1,0,0,0,0,2,2.5828,0,0,0,0,0,0,0,0,0,0,0,0,0,0,0,0,0,0,0,0,0,0,0,0,0
1,1.358777881,177.7197266,33.36812973,-1.121218204,-1.874914885,3.619520664,8.624620438,-1.988950968,-6.226348877,1,-2.124486899,-2.046221569,-1.864526025,-3.34926858,13.81749991,0,-1.555148387,0.039177097,18.50666667,1216.073758,0,3,-0.548752729,0.548752729,1.48E-05,0.591836735,1,1,5,2,0,2,3,0,8,1,2,0,0,4,-4.3821,6,0,0,0,0,0,0,0,0,0,0,0,1,0,0,0,0,0,0,0,0,0,0,0,1
1,1.202958345,147.3918457,9.808731079,0.184886575,-0.930384398,10.55808544,9.326787949,-1.548528433,-5.4544487,1,-2.354601205,-2.401130001,-2.00588401,-3.142428232,10.74650782,0.223426022,-0.548429521,0.637673978,12.42105263,266.341,0,0.221339043,-0.490849109,0.221339043,2.346203475,0.5,0,0,1,1,0,1,1,0,3,0,0,0,1,1,0.4521,0,1,0,0,0,0,0,1,0,0,0,0,0,0,0,0,0,0,0,0,0,0,0,0,0
1,1.501777768,176.1820831,74.41026306,-0.918796778,-1.246145725,3.303107738,7.414899826,-2.622858524,-6.161522865,1,-2.355316379,-2.3976746,-1.996560904,-3.48737892,13.22599019,0.010551206,-1.824662047,0.049306215,18.17777778,666.703,0,0.349825169,-0.543190718,0.349825169,1.536716966,0.434782609,0,2,4,0,2,2,2,0,7,0,1,0,0,4,-3.9033,2,0,2,0,0,0,0,3,0,0,3,0,1,0,0,1,0,0,0,0,0,1,0,0,0
1,1.59033668,191.4553223,71.1889801,0.396047592,-0.71908164,3.219074488,2.938546181,-3.205710649,-6.793717861,1,-2.434701904,-2.48174011,-1.910874641,-3.533964388,12.47250583,0.071939012,-1.177769063,0.348318313,22.6,383.411,0,0.351836112,-0.47656858,0.351836112,1.753340982,0.307692308,0,2,2,0,1,1,2,0,3,0,1,0,0,3,-0.5558,1,0,1,0,0,0,0,1,0,0,1,0,1,0,0,1,0,0,0,0,0,1,0,0,0
1,1.558606625,224.2880554,49.85840225,-0.155961275,-0.950295448,3.310483932,2.474369049,-2.351979256,-6.135363579,1,-2.336299357,-2.369087959,-1.878663153,-3.464980708,12.56692508,0.015200735,-4.998004177,0.183041605,20.53571429,435.44,0,0.349825159,-0.73074095,0.349825159,2.259276298,0.461538462,0,1,2,0,1,1,2,0,3,0,1,0,0,2,-2.2239,1,0,0,0,0,0,0,0,0,0,0,0,0,0,0,1,0,0,0,0,1,0,0,0,0
1,1.609310508,184.9006042,54.88069534,0.209708571,-0.71725297,3.243443251,1.659126282,-2.756772757,-6.210353851,1,-2.534873466,-2.470319063,-1.810221981,-3.635538363,12.59807743,0.015312526,-1.160962284,0.405190454,21,454.519,0,0.352158498,-0.476560678,0.352158498,1.437412095,0.428571429,0,2,2,0,2,2,2,0,2,0,1,0,0,4,-0.63608,1,0,0,0,0,0,0,0,0,0,0,0,1,0,0,1,0,0,0,0,0,2,0,0,0
1,1.54570055,176.2990875,29.99937057,-0.15068984,-1.044050455,3.378229618,1.732513905,-2.571769953,-5.298214912,1,-2.386492476,-2.32642278,-1.794753702,-3.549411574,12.93487741,0.015288213,-1.637063886,0.201127672,22.9,471.546,0,0.35216179,-0.47656066,0.35216179,1.776867739,0.533333333,0,2,2,0,1,1,2,0,2,0,1,0,0,3,-0.72832,1,0,0,0,0,0,0,0,0,0,0,0,1,0,0,1,0,0,0,0,0,3,0,0,0
1,1.607905149,206.4384308,66.29675293,-0.124284506,-1.053138494,3.484409571,2.478701115,-2.97116828,-6.554944515,1,-2.434270908,-2.490540133,-1.909557439,-3.547349222,12.91486047,0.101562803,-1.308401752,0.095298005,19.55555556,554.592,0,0.352158502,-0.476560678,0.352158502,1.511846164,0.333333333,0,2,2,0,2,2,2,0,4,0,1,0,0,4,-1.6113,1,0,1,0,1,0,0,1,0,0,1,0,1,0,0,1,0,0,0,0,0,2,0,0,0
1,1.530540705,195.512085,42.29143143,-0.493887901,-1.748240709,2.810185194,6.548385143,-2.167878151,-6.559728622,1,-2.465346389,-2.396288129,-1.756787289,-3.502575089,12.84761439,0.058648731,-1.258307874,0.227818472,19.22857143,519.565,0,0.352158502,-0.479864844,0.352158502,1.432510853,0.35,0,2,2,1,1,2,2,0,4,0,1,0,0,4,-0.7102,2,0,0,0,0,0,0,1,0,0,0,0,1,0,0,1,0,0,0,0,0,2,0,0,0
1,1.634143353,162.0013885,33.64683914,-0.484939337,-0.680174351,1.623980045,2.600717068,-2.172732592,-6.158360481,1,-2.333286045,-2.215864034,-1.650268647,-3.347309538,12.77574096,0.028501883,-4.399626533,0.172102078,20.74285714,542.577,0,0.352158502,-0.476560678,0.352158502,1.457011974,0.333333333,0,2,2,1,1,2,3,0,4,0,1,0,0,4,-0.9173,1,1,0,0,0,0,0,0,0,0,0,0,1,0,0,1,0,0,0,0,0,2,0,0,0
1,1.642378092,174.4362793,59.36572647,-0.082339764,-1.50201273,3.100032091,2.680334568,-2.705460787,-5.554331779,1,-2.429457265,-2.365950377,-1.830971001,-3.409667141,13.18235763,0.075529107,-1.810973364,0.066416698,25,575.632,0,0.35216179,-0.477450431,0.35216179,1.491686825,0.411764706,0,3,3,0,1,1,2,0,4,0,2,0,0,4,-1.3975,2,0,0,0,0,0,0,1,0,0,0,0,1,0,0,1,0,0,0,0,0,4,0,0,0
0,1.508134127,198.2636414,61.97540665,2.608794451,2.490519524,11.10721779,2.946151257,-4.17820549,-4.286572456,1,-2.445550178,-2.479356604,-1.833381908,-3.380195124,11.78937295,0.420324074,-1.497733056,0.847697895,17.57142857,321.163,0,0.275713569,-0.364132078,0.275713569,2.268925353,0.066666667,0,1,1,2,0,2,1,0,2,0,0,0,1,3,3.1013,0,1,0,0,0,0,0,0,0,0,1,0,1,2,0,0,0,0,0,0,0,0,0,0,0
0,1.4871943,61.52828979,-62.87129974,-0.755690813,-0.202092171,4.808989525,6.364993572,-0.952105284,-5.434136868,1,-2.08941833,-2.172421231,-1.715104727,-3.032454859,10.47384083,0.047574641,-3.398778187,0.45331274,13,246.306,0,0.263887109,-0.270318833,0.263887109,3.4084654,1,0,0,0,0,0,0,0,0,0,0,0,0,0,0,-0.281,0,0,0,0,0,0,0,0,0,0,0,0,0,0,0,0,0,0,0,0,0,0,0,0,1
0,1.130580664,147.2912292,27.26446152,6.183273315,4.355980873,8.876821518,4.540682793,-6.122698784,-4.681992531,0,-2.425648416,-2.432293448,-2.014730591,-3.082447216,12.20703808,0.004919874,0.004919874,0.739742671,35.30769231,356.506,0,0.305574266,-0.507956032,0.305574266,1.512982431,0.695652174,3,0,0,1,0,1,5,0,1,2,2,0,0,4,5.3503,0,0,0,0,0,1,0,0,0,0,0,0,5,0,0,0,0,0,0,0,0,0,0,0,1
0,1.128616214,103.8284607,10.38159943,5.952726364,4.382716179,8.518913269,4.854625702,-6.663118362,-4.462508202,1,-2.401297748,-2.419282431,-2.005746102,-3.035890595,12.66322031,0.057886052,0.057886052,0.501759124,43.53333333,412.614,0,0.305585143,-0.461769626,0.305585143,1.254035658,0.851851852,5,0,0,0,0,0,6,0,0,4,4,0,0,5,6.4005,0,0,0,0,0,0,0,0,0,0,0,0,5,0,1,0,0,0,0,0,0,0,0,0,0
0,1.249454379,222.2277832,68.76699829,2.653725624,2.220447063,8.545434952,2.976652145,-4.052650452,-5.133244514,1,-2.48719912,-2.403701607,-2.007227893,-3.159862291,12.41473049,0.006200542,-1.572424598,0.685142539,51.25925926,374.477,0,0.189629163,-0.392760695,0.189629163,1.781065864,0.727272727,4,0,0,0,0,0,8,0,3,3,3,0,0,4,1.8036,0,3,0,0,0,0,0,0,0,0,0,0,5,0,2,0,0,0,0,0,0,0,0,0,0
0,0.926788688,36.99649811,-43.19219208,3.905146599,4.319153309,10.98171806,3.556732178,-3.383671999,-4.772411346,1,-2.13726249,-2.18078705,-1.756656522,-2.833317606,9.92962963,0.387685185,0.387685185,0.732676156,11.23076923,178.275,0,0.121972941,-0.507363306,0.121972941,3.184631821,0.5,0,0,0,1,0,1,0,0,1,0,0,0,0,1,3.639,0,0,0,0,0,1,0,0,0,0,0,0,0,0,0,0,0,0,0,0,0,0,0,0,0
0,1.144258142,128.8502197,-15.1336937,3.522015095,2.895461082,7.786781311,4.552165031,-4.332123756,-5.007578373,1,-2.913490629,-2.873522028,-2.574166171,-3.884951907,14.30508657,0.009881898,-2.51025443,0.184955536,40.96491228,804.031,0,0.3289793,-0.455930995,0.3289793,1.777631424,0.772727273,1,3,1,0,0,0,14,2,3,1,3,0,0,4,4.639,0,3,0,0,0,0,0,0,0,0,0,0,3,0,2,0,1,0,0,0,0,0,0,0,0
0,1.211429834,118.3823395,2.241508484,2.216565371,2.254234552,7.879018307,1.843686581,-2.836529255,-4.656939507,1,-2.404459079,-2.417154224,-2.028594068,-3.324523995,12.00273526,0.140185185,-1.202708333,0.56048836,20.47058824,238.287,0,0.327632479,-0.276803084,0.276803084,3.113648891,0.583333333,0,1,4,0,0,0,1,0,2,0,1,0,1,1,1.3511,0,0,0,0,0,0,0,0,0,0,0,0,0,0,0,0,0,0,0,0,0,0,0,0,0
0,1.480193853,233.3424835,73.71893311,2.391006947,0.817445397,9.742511749,4.092391491,-5.01666832,-6.013018608,1,-2.47716804,-2.438438926,-1.969000133,-3.352205966,13.38511409,0.030064203,-1.436270499,0.429829258,36.45238095,588.562,0,0.309940386,-0.501699479,0.309940386,1.318237005,0.551724138,1,4,0,2,0,2,10,0,3,0,3,0,0,7,1.3386,0,2,0,0,0,1,0,0,0,0,0,0,4,0,0,0,1,0,0,0,0,0,0,0,0
0,1.381714344,238.0848846,43.14650345,2.05248189,2.284624815,9.770187378,4.485399723,-3.313391924,-4.886685848,1,-2.467442874,-2.605413973,-2.020027765,-3.534599229,12.57377929,0.173637566,0.173637566,0.64998558,14.28571429,299.761,0,0.227755551,-0.62300365,0.227755551,2.27183897,0.125,0,1,0,2,0,2,0,0,1,0,0,0,0,3,2.9507,0,0,0,0,0,0,0,0,1,1,0,0,1,1,0,0,0,0,0,0,0,0,0,0,0
0,1.3113029,218.1128387,57.34054947,3.418068409,1.934684277,7.375797749,6.930399418,-4.938726902,-5.504240513,1,-2.535132807,-2.576013855,-2.158744738,-3.524822232,14.18811651,0.171240745,-2.026666001,0.433136086,35.18604651,583.689,0,0.280215476,-0.360880465,0.280215476,1.077420826,0.484848485,1,4,3,2,1,3,7,0,3,0,4,0,0,8,2.0811,0,1,0,0,1,0,0,0,0,0,0,0,5,0,0,0,0,0,0,0,0,0,0,0,0
0,1.30500257,186.5139465,34.58712387,3.690219879,4.284199715,7.235574722,4.297645569,-5.840355396,-5.168762207,1,-2.627002687,-2.631540749,-2.108526321,-3.474523766,14.94548197,0.063719049,-2.353438114,0.146809486,33.68965517,807.89,0,0.407747107,-0.455737673,0.407747107,1.485705767,0.558139535,3,1,1,2,0,2,11,2,5,2,3,0,0,6,3.2596,0,4,0,0,0,0,0,0,0,0,0,0,5,0,1,0,0,0,0,0,0,0,0,0,0
0,1.601680279,177.2380219,93.94824219,1.60358417,0.368399143,3.620366335,6.897053719,-2.032664299,-6.127987862,1,-2.519646673,-2.503834723,-2.087344743,-3.196748687,13.31702838,0.103720343,-2.89477903,0.332217488,34.375,444.44,0,0.255450868,-0.509648748,0.255450868,2.060772795,0.409090909,3,0,1,1,0,1,6,0,6,0,0,0,0,4,-0.3476,0,4,0,0,0,1,0,1,0,0,0,0,3,0,2,0,0,0,0,0,0,0,0,0,0
0,1.254641175,211.440567,62.29076004,0.451777697,0.343032241,5.17485857,8.678271294,-3.897590637,-6.13248682,1,-2.40508054,-2.461149662,-2.014767629,-3.436138852,14.68575726,0.03784015,-1.753201101,0.015472459,17.14942529,1209.421,0,0.245330208,-0.507966645,0.245330208,1.22037594,0.525423729,0,2,10,2,2,4,9,0,16,0,2,0,0,6,-1.22843,0,1,0,0,2,1,0,1,0,0,0,0,1,0,0,0,0,0,0,0,0,0,0,0,0
0,1.268545866,192.7634277,27.36825943,-0.934854031,-2.562216997,9.510313034,8.70410347,0.655455112,-5.937673569,1,-2.210127992,-2.278090167,-1.818294488,-3.057785574,9.480601852,0.180178099,-0.669907407,0.510156889,12.76923077,183.207,0,0.157261456,-0.504259875,0.157261456,2.835168262,0.333333333,0,0,0,1,0,1,1,0,4,0,0,0,0,1,0.3506,0,1,0,0,0,2,0,0,0,0,0,0,0,0,0,0,0,0,0,0,0,0,0,0,0
0,1.339830041,177.9316254,45.96936417,1.440541029,1.777280092,9.321990967,8.367321968,-3.625757694,-5.479273796,1,-2.333033014,-2.435885613,-2.068419853,-3.446952959,13.39820467,0.002374874,-0.641358985,0.690288796,20.29032258,426.492,0,0.256555495,-0.385171513,0.256555495,1.23966727,0.52173913,0,2,0,1,2,3,1,0,1,0,1,0,1,5,3.08132,0,1,0,0,0,0,0,0,0,0,0,0,2,1,0,0,0,0,0,0,0,0,0,0,0
0,1.689329386,184.1502075,98.72288513,0.956932664,-0.011366606,3.333906651,7.133919716,-2.435915947,-6.430038929,1,-2.524187646,-2.463873846,-2.047383866,-3.23601535,13.34813949,0.028085317,-3.023390141,0.261554585,35.96969697,460.439,0,0.255450868,-0.509648748,0.255450868,2.102541529,0.409090909,3,0,1,1,0,1,6,0,7,0,0,0,0,4,-1.2436,0,5,0,0,0,1,0,1,0,0,0,0,3,0,2,0,0,0,0,0,0,0,0,0,0
0,1.313594103,205.2491455,30.07548904,3.905678749,3.666315794,7.047515869,3.160107136,-5.662812233,-5.619821548,1,-2.742282951,-2.627637672,-2.154882739,-3.503852353,15.48379502,0.002885344,-2.390958147,0.129786194,31.85483871,853.918,0,0.338014233,-0.455736924,0.338014233,1.387447664,0.446808511,3,1,1,3,0,3,11,2,4,2,3,0,0,7,3.7357,0,3,0,0,0,0,0,0,0,0,0,0,5,0,1,0,0,0,0,0,0,0,0,0,0
0,1.318769693,179.3072205,25.37405014,4.605498791,4.376885891,8.096151352,4.948899269,-4.160048485,-5.39040184,1,-2.595275512,-2.762196843,-2.120907419,-3.602135147,9.644321187,0.077237835,-0.077237835,0.308145469,16.55555556,504.636,0,0.227803311,-0.394534284,0.227803311,1.937972802,0.75,0,2,0,0,2,2,0,0,4,0,2,0,0,4,-0.0176,0,4,0,0,0,0,0,0,0,0,4,0,1,0,0,0,0,0,0,0,0,0,0,0,0
0,1.194316983,69.74771881,-39.10676575,2.210308313,2.472514629,10.40786648,5.077949524,-3.107409954,-4.308059692,1,-2.409969448,-2.459779514,-2.07072683,-3.154677401,11.98999812,0.045706019,-0.273812403,0.613650624,10.16666667,337.416,0,0.309754531,-0.492858676,0.309754531,2.693227895,0.555555556,0,0,1,1,0,1,0,0,0,0,0,0,0,1,2.4381,0,0,0,0,0,0,0,0,0,0,0,0,0,0,0,0,0,0,0,0,0,0,0,0,0
0,2.023646355,149.792099,16.05314255,-2.027345896,-1.245689631,7.782777786,3.268260956,-0.508712292,-6.787011623,1,-1.865322184,-1.654568054,-1.406820472,-2.893478801,9.374814815,0.379182099,-1.269675926,0.40619749,46.46153846,392.183,0,,,,2.65939048,1,0,1,0,0,0,0,5,0,4,0,1,0,0,1,-2.0187,0,4,0,0,0,0,0,0,0,0,0,0,0,0,0,0,0,0,0,0,0,0,0,0,0
0,1.498670578,232.842804,76.69256592,2.667569876,1.112208724,9.685188293,4.033308983,-4.935265541,-5.885142803,1,-2.489733528,-2.443671119,-1.966942813,-3.37035578,13.48340167,0.02415493,-1.471654097,0.332795678,34.30434783,656.662,0,0.309940386,-0.501699479,0.309940386,1.158228944,0.46875,1,4,0,2,1,3,10,0,3,0,3,0,0,8,2.7529,0,2,0,0,0,1,0,0,0,0,0,0,4,0,0,0,1,0,0,0,0,0,0,0,0
0,1.148085117,157.2738037,20.68227005,4.548493862,3.226616621,8.966921806,4.083135128,-4.114280701,-4.575332642,1,-2.371862099,-2.388681559,-2.012098395,-3.041162859,11.78734775,0.082288176,-0.082288176,0.734229612,52.71428571,288.431,0,0.15519729,-0.392551425,0.15519729,1.68834964,0.842105263,4,0,0,0,0,0,6,0,1,3,3,0,0,4,3.8792,0,1,0,0,0,0,0,0,0,0,0,0,5,0,1,0,0,0,0,0,0,0,0,0,0
0,1.356028438,107.9474945,-28.9603138,0.583762646,0.468653083,10.32813931,3.232358217,-1.377861738,-4.669281006,1,-2.178120575,-2.348023371,-1.959025191,-3.032094381,10.30650633,0.020185185,-0.937581255,0.7576671,11.64705882,241.243,0,0.404083709,-0.49287001,0.404083709,2.41075834,0.363636364,0,0,1,1,0,1,1,0,2,0,0,0,1,1,0.5302,0,1,0,0,0,0,0,1,0,0,0,0,0,0,0,0,0,0,0,0,0,0,0,0,0
0,1.49309659,45.22806549,-13.8370285,1.468296289,-0.295084715,6.701442242,2.373036385,-2.538597107,-4.978523731,1,-1.953302244,-2.206776235,-1.818610431,-3.154031916,10.92688272,0.096403376,-0.5775,0.42360586,9.166666667,214.052,0,0.339988607,-0.335216422,0.335216422,3.76615174,0.8,0,0,2,0,0,0,0,0,1,0,0,0,0,0,1.157,0,0,0,0,0,0,0,0,0,0,0,0,0,2,0,0,0,0,0,0,0,0,0,0,0
0,1.236769319,148.1298218,22.48827744,1.556392431,1.984724641,7.011380196,4.006084442,-2.532136917,-4.963335991,1,-2.827049335,-2.721552509,-2.274044031,-3.563675742,14.99643018,0.054460082,-1.775789481,0.111578483,27.21518987,1110.357,0,0.329042884,-0.496768219,0.329042884,1.889861231,0.701754386,0,3,7,1,0,1,12,0,4,0,3,0,12,4,2.5247,0,1,0,0,0,0,0,0,0,0,0,0,1,0,2,0,2,0,0,0,0,0,0,0,0
0,1.433483124,206.742569,50.05115128,4.240228176,3.343129873,9.778589249,2.600838184,-5.562479973,-5.073904514,0,-2.196385808,-2.496885825,-1.833479181,-3.370781273,13.94873694,0.190966553,-0.821052287,0.901993762,10.08695652,335.766,0,0.325656579,-0.376927876,0.325656579,2.12732073,0.125,0,0,3,2,0,2,0,0,2,0,0,0,0,2,3.507,0,0,0,0,0,0,0,0,0,0,2,0,0,2,0,0,0,0,0,0,0,0,0,0,0
0,1.175501943,163.9897919,2.161880493,2.799209118,3.403943062,9.027006149,4.495676041,-2.566759109,-5.200139999,1,-2.581153363,-2.512276179,-2.160004438,-3.418938786,15.12954023,0.022871036,-1.609939614,0.147924715,26.90588235,1202.635,0,0.245643649,-0.390126486,0.245643649,4.320268725,0.790322581,0,1,11,0,0,0,12,0,5,0,1,0,12,1,3.269,0,1,0,0,0,0,0,0,0,0,0,0,0,0,0,0,0,0,0,0,0,0,0,0,0
0,1.36475575,142.971817,32.94266891,3.006500721,3.108155489,10.67301083,3.267869473,-3.793969631,-4.14352417,1,-2.650739478,-2.782118619,-2.041036785,-3.638265025,12.02446838,0.028237434,-0.028237434,0.791645336,14.6,284.746,0,0.24791728,-0.313199918,0.24791728,2.229963444,0.125,0,1,1,2,0,2,0,0,0,0,0,0,0,3,3.1538,0,0,0,0,0,0,0,0,0,0,1,0,1,1,0,0,0,0,0,0,0,0,0,0,0
0,1.232162833,152.3012085,23.83700943,1.350939035,1.835204005,7.368020535,4.197422981,-2.439955235,-5.116958618,1,-2.805295413,-2.69002521,-2.238544616,-3.636724415,15.00466215,0.072014094,-1.764191685,0.124489918,27.6835443,1112.373,0,0.329042884,-0.496768219,0.329042884,1.888213714,0.719298246,0,3,7,1,0,1,13,0,5,0,3,0,13,4,2.3165,0,2,0,0,0,0,0,0,0,0,0,0,1,0,1,0,2,0,0,0,0,0,0,0,0
0,1.507478595,138.2161713,29.99029922,5.023648262,6.053241253,10.10922432,6.614729881,-6.233203888,-4.40175724,1,-2.452483138,-2.38432792,-1.903408045,-3.412577408,6.365387412,0.286378338,-0.286378338,0.461690621,12.32,416.135,0,0.102252187,-0.366866556,0.102252187,1.826992247,0.166666667,0,0,0,2,1,3,1,0,0,0,0,0,1,3,6.4548,0,0,0,0,0,0,0,0,0,0,0,0,0,4,0,0,0,0,0,0,0,0,0,0,0
0,1.138559103,205.8517761,-2.04523468,6.5219841,2.655156374,10.09427547,6.692847729,-5.936981201,-4.972825527,0,-2.707651226,-2.878927526,-2.437017989,-3.396706659,12.05847381,0.173484143,-0.194093103,0.315948062,17.96551724,391.555,0,0.248125593,-0.507964316,0.248125593,1.954451288,0.346153846,1,0,1,1,0,1,0,0,2,0,0,0,0,2,6.8623,0,0,0,0,0,1,0,0,0,0,1,0,0,0,0,0,0,0,0,0,0,0,0,0,0
0,1.427433968,204.8219299,75.61332703,2.381493568,-0.134935141,6.24993515,7.952829838,-4.259404182,-6.11848402,1,-2.435144876,-2.226871085,-1.820631762,-3.219454242,13.33007037,0.005877268,-1.974834577,0.328346506,31.41666667,497.5,0,0.197896159,-0.506847955,0.197896159,1.664819148,0.423076923,2,1,0,2,0,2,6,0,5,0,1,0,6,5,1.0203,0,2,0,0,0,2,0,1,0,0,0,0,3,0,3,0,0,0,0,0,0,0,0,0,0
0,1.685073853,112.7987823,11.69893265,7.401306152,5.709746838,8.76081562,8.855558395,-7.789591789,-4.536801815,0,-2.41562772,-2.437172806,-2.10846773,-3.319429851,13.58803156,0.015348308,0.015348308,0.167647246,11.41935484,645.319,0,0.196750409,-0.490030676,0.196750409,1.888864773,0.4,0,0,0,2,1,3,0,0,0,0,0,0,0,3,6.9362,0,0,0,0,0,0,0,0,0,0,0,0,1,2,1,0,0,0,0,0,0,0,0,0,1
0,1.356469035,197.2234802,24.12522507,1.385446787,-0.158784389,6.704771996,-0.128711224,-2.632722855,-4.430971622,1,-2.235677088,-2.304316744,-1.824282979,-3.232990141,11.97579082,0.293611111,-1.310347222,0.736883807,18.52941176,232.239,0,0.327651019,-0.276523018,0.276523018,2.535973053,0.25,0,1,4,1,0,1,0,0,2,0,1,0,0,2,0.7004,0,0,0,0,0,0,0,0,0,0,0,0,0,0,0,0,0,0,0,0,0,0,0,0,0
0,1.193891525,212.068985,37.60014725,3.423360109,3.828136444,8.810138702,3.042555332,-4.530899525,-4.515450954,1,-2.443926973,-2.335013555,-1.95701089,-3.090487623,12.28280998,0.046418903,-1.133505239,0.77948641,52.04,344.495,0,0.16134532,-0.38150605,0.16134532,1.734146319,0.818181818,4,0,0,0,0,0,7,0,1,3,3,0,7,4,4.0844,0,1,0,0,0,0,0,0,0,0,0,0,5,0,2,0,0,0,0,0,0,0,0,0,0
0,1.059213161,35.50428009,-36.89876556,8.549721718,5.490300179,10.05963326,3.286494732,-7.312381268,-4.850536346,0,-2.382135902,-2.442165162,-1.965415217,-3.124233611,12.88539664,0.005261031,-0.005261031,0.264705831,16.39393939,450.707,0,0.189971782,-0.288951744,0.189971782,1.705761181,0.612903226,1,0,0,1,0,1,2,0,0,0,0,0,2,2,9.1576,0,0,0,0,0,0,0,0,0,0,0,0,1,0,2,0,0,0,0,0,0,0,0,0,0
0,1.223674655,200.6313477,58.57554245,4.05722332,3.70001173,10.23911095,3.727581739,-4.391180038,-4.649520874,1,-2.439484179,-2.397651888,-2.041521576,-3.150700039,10.37248662,0.08827339,-0.08827339,0.757169744,42.7,272.388,0,0.115370618,-0.507956032,0.115370618,1.711199877,0.666666667,3,0,0,1,0,1,5,0,2,2,2,0,5,4,3.6092,0,1,0,0,0,1,0,0,0,0,0,0,5,0,0,0,0,0,0,0,0,0,0,0,0
0,1.216183186,178.6461945,-23.82997894,1.960160255,0.018642902,3.832199097,8.6109972,-4.974020004,-6.00472641,1,-2.461153679,-2.28447276,-1.998976165,-3.53583029,12.61321938,0.107125094,-2.325405557,0.173524051,45.49230769,924.091,0,0.311304345,-0.480882984,0.311304345,1.859385458,0.659574468,0,3,0,0,0,0,19,2,12,0,2,0,0,3,0.7117,1,10,0,0,0,0,0,1,0,0,0,0,2,0,0,0,1,0,0,0,0,0,0,0,0
0,1.117311001,107.1936035,2.57559967,3.333866596,3.27384758,10.34459114,7.619374752,-4.040430069,-4.708110332,1,-2.793223378,-2.790343064,-2.233901022,-3.62631714,12.69273479,0.045653817,0.045653817,0.891012713,19.47619048,288.435,0,0.241244518,-0.324234949,0.241244518,2.065054948,0.611111111,0,1,1,1,0,1,1,0,1,0,1,0,1,2,3.89654,0,0,0,0,0,0,0,0,0,0,1,0,0,0,0,0,0,0,0,0,0,0,0,0,1
0,1.516538262,207.7509308,73.02529907,3.302610397,-0.12402153,6.053263187,7.98606205,-4.862577438,-5.95971632,1,-2.43865671,-2.23038292,-1.827048447,-3.26526537,13.62979259,0.014742957,-1.999417698,0.305129156,30.31578947,527.526,0,0.201631281,-0.506847955,0.201631281,1.683134146,0.444444444,2,1,0,2,0,2,6,0,5,0,1,0,0,5,1.0289,0,2,0,0,0,2,0,1,0,0,0,0,3,0,3,0,0,0,0,0,0,0,0,0,0
0,1.56134069,203.809082,76.86605835,3.099496126,-0.373522043,6.072732449,7.977830887,-4.127830505,-6.15404892,1,-2.441883059,-2.238088892,-1.827756201,-3.266935613,13.64305706,0.017252414,-2.240737143,0.235262582,29.84615385,543.525,0,0.201631281,-0.506847955,0.201631281,1.68626321,0.444444444,2,1,0,2,0,2,6,0,6,0,1,0,0,5,0.0013,0,3,0,0,0,2,0,1,0,0,0,0,3,0,3,0,0,0,0,0,0,0,0,0,0
0,1.326663256,223.8248901,54.05716324,3.726941586,1.432444692,6.656376362,9.555296898,-4.905236721,-5.739445686,1,-2.565407375,-2.735672349,-2.268551124,-3.407108064,13.58117294,0.095133029,-1.863973748,0.355955569,22.20930233,586.689,0,0.414728189,-0.458197728,0.414728189,1.163284424,0.515151515,0,4,1,1,2,3,1,0,1,0,2,0,0,7,4.0911,0,1,0,0,0,0,0,0,0,0,0,0,5,0,0,0,1,0,0,0,0,0,0,0,0
0,1.318956137,216.4392395,73.81448364,4.888278008,2.441356182,9.607544899,8.329535484,-5.771950722,-5.93547821,1,-2.77417513,-2.92423449,-2.450460437,-3.783735714,15.32199407,0.155289363,-2.531098413,0.131024776,36.46666667,824.972,0,0.343630542,-0.496343133,0.343630542,1.379097002,0.565217391,1,5,1,2,1,3,10,2,3,1,3,1,0,9,3.5175,0,2,0,0,1,0,0,0,0,0,1,0,6,0,0,0,0,0,0,0,0,0,0,0,0
0,1.464925051,263.9353638,77.4634552,-1.219207048,-0.571543932,5.297218323,8.272026062,-1.556867123,-5.891420364,1,-2.437571646,-2.362185605,-2.028384137,-3.35664657,10.44069303,0.159722222,-4.666666667,0.177194926,39.27659574,668.765,0,0.394346529,-0.50424666,0.394346529,1.21E-07,0.529411765,4,4,0,2,0,2,10,4,6,0,2,2,10,10,1.7434,0,2,0,0,0,2,0,0,0,0,0,0,0,0,0,0,0,0,0,0,0,0,0,0,0
0,1.566590786,190.366272,60.77025986,-2.582749128,-2.433508158,7.912552834,8.719808578,0.257098675,-6.434952259,1,-2.497308654,-2.352817427,-2.049307987,-3.257122852,12.57843074,0.010081054,-1.755830655,0.113063794,47.05,585.608,0,0.248699663,-0.393567282,0.248699663,1.847903729,0.954545455,1,2,1,0,0,0,16,0,13,1,3,0,0,3,-8.4242,0,8,0,0,0,0,0,4,0,0,0,0,0,0,0,0,0,0,0,0,0,0,0,0,0
0,1.179546237,170.456955,-0.682598114,4.693137646,4.125845432,6.196692467,4.788887501,-5.068518162,-5.480178833,1,-1.96901997,-1.958028768,-1.678213042,-2.810610836,12.9868073,0,-5.056645229,0.013556432,14.91954023,1277.515,0,1,-0.756119057,0.756119057,-3.53E-05,0.847457627,0,0,6,0,0,0,10,0,9,0,0,0,1,0,1.1522,0,3,0,0,0,0,0,1,0,0,0,0,0,0,0,0,0,0,1,1,0,0,0,0,24
0,1.331865907,231.3502808,73.28450012,4.876847267,2.487734079,6.458506584,7.71159935,-6.058403015,-5.053782463,1,-2.818871979,-2.663201435,-2.237153479,-3.710178197,13.68805245,0.083672496,-1.168314847,0.159242899,17.75471698,718.807,0,0.334158567,-0.481221926,0.334158567,1.775655847,0.317073171,1,2,0,0,3,3,2,8,3,0,0,0,2,6,6.71924,1,0,0,0,2,0,0,0,0,0,0,0,11,0,0,0,0,0,0,0,0,0,0,0,0
0,1.79656291,217.8859711,54.06549454,-2.026551962,-1.809851885,11.18265152,4.624569416,-0.353336811,-5.935333729,1,-2.530426791,-2.649289396,-2.144052665,-3.528121332,11.51087065,0.053697589,-1.309931028,0.448930489,32.88235294,243.219,0,0.351212694,-0.393566854,0.351212694,2.319695266,0.555555556,0,1,0,0,1,1,4,0,4,0,1,0,0,2,-2.563,0,3,1,0,0,0,0,1,0,0,1,0,0,0,0,0,0,0,0,0,0,0,0,0,0
0,1.492937446,57.06420135,-25.11088181,0.840176105,0.081605673,7.468352318,4.228919506,-1.488362193,-4.834414482,1,-2.370365385,-2.367898852,-1.896003064,-3.395115745,12.18854938,0.42253858,-2.842183642,0.605720669,28.21428571,261.089,0,0.342983689,-0.305966345,0.305966345,2.582264028,1,0,1,0,0,0,0,1,0,1,0,1,0,1,1,1.884,0,0,0,0,0,0,0,0,0,0,0,0,0,2,0,0,0,0,0,0,0,0,0,0,0
0,1.357312441,160.9127808,44.68809128,4.847799778,4.889146805,9.141466141,7.733765602,-5.55637455,-4.932010651,0,-2.521526761,-2.671012542,-2.071825982,-3.528878617,11.54706748,0.080907681,0.080907681,0.614980151,16.86666667,448.394,0,0.224215092,-0.49351975,0.224215092,1.154396952,0.434782609,0,2,1,2,0,2,0,0,1,0,1,0,0,4,4.8593,0,0,0,0,0,0,0,0,0,0,2,0,1,2,0,0,0,0,0,0,0,0,0,0,1
0,1.525923252,152.4125977,37.93424606,1.175314784,1.230701447,7.860733032,2.295968533,-2.230686426,-5.252916813,1,-2.061499825,-2.349444324,-1.896913583,-3.148217604,11.30478637,0.13230143,-1.325823356,0.409070928,13.85,323.132,0,0.268945133,-0.394123208,0.268945133,2.82115815,0.363636364,0,0,1,1,0,1,2,0,3,0,0,0,0,1,0.909,0,2,0,0,0,0,0,0,0,0,0,0,0,2,0,0,0,1,0,0,0,0,0,0,0
0,1.465914607,155.5381927,26.87179184,4.551913261,1.100200415,4.122410774,4.49283886,-3.922996044,-4.678347111,1,-2.151599743,-2.212226356,-1.57629805,-3.277635348,10.8273384,0.064241071,-0.889346708,0.880728539,10.21052632,296.153,0,0.307395877,-0.480985214,0.307395877,2.355887944,0.071428571,0,0,0,2,0,2,0,0,2,0,0,0,0,2,4.3641,1,0,0,0,0,0,0,0,0,0,2,0,0,2,0,0,0,0,0,0,0,0,0,0,0
0,1.279405236,235.1369171,47.56973648,2.907738209,1.65237236,8.288051605,3.752587557,-3.595231056,-4.632033348,1,-2.501400996,-2.416470182,-2.023763339,-3.170388144,12.36157077,0.069679233,-1.543731523,0.696016441,50.5,362.466,0,0.189629163,-0.392772864,0.189629163,1.735083201,0.80952381,4,0,0,0,0,0,7,0,3,3,3,0,0,4,1.7816,0,3,0,0,0,0,0,0,0,0,0,0,5,0,2,0,0,0,0,0,0,0,0,0,0
0,1.401649237,149.8796387,51.09182358,4.218828201,0.561976552,4.66365242,3.722590208,-5.365273476,-4.85854435,1,-2.467506537,-2.286972132,-1.928635611,-3.576271137,12.9872034,0.170239303,-0.95471129,0.767806512,10.84,357.793,0,0.307407802,-0.49674296,0.307407802,2.232371733,0.157894737,0,0,0,2,1,3,0,0,1,0,0,0,0,3,3.92732,1,0,0,0,0,0,0,0,0,0,0,0,1,1,0,0,0,0,0,0,0,0,0,0,0
0,1.375368953,178.6404724,54.12153244,5.508532047,4.456826687,7.374097347,3.2517519,-6.240276337,-4.681374073,1,-2.485121342,-2.510628424,-1.945103156,-3.5253238,12.80151582,0.064479397,-1.158501335,0.174394288,20.12244898,705.647,0,0.350101208,-0.490790806,0.350101208,0.92529827,0.371428571,0,2,0,3,2,5,3,0,0,0,2,0,1,7,5.5773,0,0,0,0,0,0,0,0,0,0,2,0,0,2,0,0,0,0,0,0,0,0,0,0,0
0,1.152603984,155.5345764,48.08476639,6.058580399,4.797696114,11.7408762,8.493112564,-6.570798874,-5.146589279,0,-2.435526195,-2.425341297,-1.956159711,-3.378778761,5.777356314,0.115953442,0.115953442,0.435548713,24.02857143,468.685,0,0.122865808,-0.496425711,0.122865808,1.484942692,0.4375,0,3,0,3,0,3,2,2,1,0,3,0,2,6,6.3772,0,0,0,0,0,0,0,0,0,0,0,0,3,0,0,0,0,0,0,0,0,0,0,0,0
0,1.36706388,227.2342224,42.02741623,1.273774385,1.728235006,5.109073162,4.764434814,-1.756293178,-4.608843803,1,-2.665142264,-2.794601124,-2.121869476,-3.572625222,11.18917344,0.087431973,-0.087431973,0.495929642,16.66666667,209.253,0,0.345633505,-0.754003724,0.345633505,2.274025095,0.555555556,0,1,0,0,1,1,0,0,2,0,1,0,0,2,-0.1303,0,0,2,0,0,0,0,2,0,0,3,0,0,0,0,0,0,0,0,0,0,0,0,0,0
0,1.461539865,189.3868408,88.17930603,0.671708107,0.253628492,8.595244408,4.507699966,-1.478420496,-6.208440781,1,-2.553550146,-2.630836001,-2.195161801,-3.414258951,12.77067649,0.058604497,-0.957337963,0.41066984,36.75,334.332,0,0.404010763,-0.448858872,0.404010763,1.846855262,0.533333333,1,3,1,0,0,0,4,0,3,0,2,0,0,4,-1.6512,0,0,0,0,0,0,0,2,0,0,0,0,4,0,2,0,0,0,0,0,0,0,0,0,0
0,1.277057171,241.221344,3.736064911,3.141473055,0.223737955,10.92641068,9.325405121,-3.414813995,-4.754427433,1,-2.347629554,-2.317011743,-1.986003261,-3.40262557,4.443330971,0,0,0.865964264,14,246.741,0,0.100862089,-0.371699426,0.100862089,1.08E-06,0.214285714,0,1,0,2,0,2,0,0,1,0,0,0,0,3,2.8058,0,0,0,0,0,0,0,0,0,1,0,0,1,1,0,0,0,0,0,0,0,0,0,0,0
0,1.161442876,79.96930695,-11.13402939,3.182181597,0.441694498,4.831461906,6.887372017,-2.75169611,-4.934013367,1,-2.48918246,-2.245842993,-1.957975953,-3.247850927,12.12579226,0.104776621,-0.766862389,0.347612695,24.92,354.487,0,0.302839557,-0.48123039,0.302839557,2.389223445,0.8,1,0,0,0,0,0,4,0,3,1,1,0,4,1,3.4751,1,2,0,0,0,0,0,0,0,0,0,0,0,0,1,0,0,0,0,0,0,0,0,0,5
0,1.511684656,234.2343903,37.2240715,1.71576035,-0.544565201,5.947095871,3.713564157,-3.861596823,-4.639338017,1,-2.575008408,-2.711961105,-2.216824677,-3.573075289,12.50190681,0.046864712,-3.905928577,0.870183922,15.95652174,331.353,0,0.277488412,-0.504861549,0.277488412,2.093281793,0.066666667,0,1,1,1,1,2,0,0,2,0,0,0,0,3,1.581,0,1,0,0,0,0,0,0,0,0,1,0,1,0,0,0,0,0,0,0,0,0,1,0,0
0,1.391949415,188.978653,67.40148926,0.236125112,0.609500647,3.471167803,7.691488743,-3.673125267,-6.445919037,1,-2.459967598,-2.279452258,-1.982989435,-3.540104379,16.33498523,0.122579904,-4.846153585,0.023203452,26.70247934,1755.658,0,0.338729346,-0.50746594,0.338729346,1.170226065,0.525,0,7,7,5,0,5,18,11,23,0,2,0,18,12,2.6922,1,6,0,0,0,3,0,1,0,0,0,0,15,2,0,0,0,0,0,0,0,0,0,0,7
0,1.552751541,176.6435699,-32.04294968,1.155593872,1.953741074,3.708303213,3.696012259,-1.668220282,-4.370375156,1,-1.909285207,-1.749901929,-1.458605324,-3.033265541,10.68515385,0,-1.062404573,0.578558812,8.642857143,404.816,0,1,1,1,1.69E-06,0.222222222,0,0,0,1,0,1,0,0,0,0,0,0,0,1,-1.4181,0,0,0,1,0,0,0,0,0,0,0,0,0,0,0,0,0,0,0,0,0,0,0,0,0
0,1.451675892,146.9190369,38.20830917,1.826247454,1.845946789,9.120692253,3.07629776,-2.714317322,-4.461648941,1,-2.382135313,-2.508481929,-2.082031327,-3.565679508,14.37922367,0.095981198,-1.957662037,0.763975761,14.92,349.316,0,0.162866059,-0.382403297,0.162866059,2.127146403,0.25,0,0,0,1,2,3,2,0,1,0,0,0,0,3,2.1769,0,1,0,0,0,0,0,0,0,0,0,0,0,3,0,0,0,0,0,0,0,0,0,0,0
0,1.471165895,202.7831116,34.74369431,0.116892815,0.099627733,5.357832909,7.417166233,-4.747800827,-5.984259129,1,-2.442401148,-2.624930616,-1.886295714,-3.656346131,11.56633609,0,-3.666666667,0.438612129,14.97222222,563.098,0,0.261427323,-0.411509522,0.261427323,7.43E-07,0.363636364,0,2,1,2,1,3,0,0,2,0,1,0,0,5,0.8389,0,0,0,0,0,0,0,0,0,0,2,0,2,1,0,0,0,0,0,0,0,0,0,0,0