target,Density,MP,Tg,logP,logD,A_pKa,B_pKa,logS,logPapp,Kinetic_Solubility_Pred,Soubility_ethanol,Soubility_methanol,Soubility_DMF,Max_organic_solubility,Min_organic_solubility,MaxAbsEStateIndex,MinAbsEStateIndex,MinEStateIndex,qed,SPS,MolWt,MaxPartialCharge,MinPartialCharge,BalabanJ,TPSA,FractionCSP3,NumAliphaticCarbocycles,NumAliphaticHeterocycles,NumAliphaticRings,NumAmideBonds,NumAromaticCarbocycles,NumAromaticHeterocycles,NumAromaticRings,NumAtomStereoCenters,NumBridgeheadAtoms,NumHAcceptors,NumHeterocycles,NumRotatableBonds,NumSaturatedHeterocycles,NumSaturatedRings,NumSpiroAtoms,NumUnspecifiedAtomStereoCenters,RingCount,MolLogP,fr_Al_COO,fr_Al_OH,fr_ArN,fr_Ar_COO,fr_Ar_NH,fr_Ar_OH,fr_C_S,fr_NH0,fr_NH1,fr_NH2,fr_N_O,fr_amidine,fr_aniline,fr_azide,fr_bicyclic,fr_halogen,fr_ketone,fr_lactam,fr_lactone,fr_nitro,fr_nitro_arom,fr_phos_acid,fr_quatN,fr_sulfide,fr_sulfonamd,fr_sulfone,fr_unbrch_alkane
0,1.386319399,188.7379608,37.5932579,3.650976181,3.379142046,4.285933018,4.487132549,-5.94878912,-4.910057068,1,-2.524629612,-2.75469091,-2.637803486,-2.26524542,-3.55781666,16.34292853,0.051608738,-4.314022507,0.303894573,31.31666667,868.948,0.407589676,-0.496683534,1.300873297,195.22,0.7,3,2,5,4,1,1,2,8,2,11,3,8,1,4,0,0,7,4.9565,0,0,0,0,0,0,0,3,3,0,0,0,0,0,5,4,0,0,0,0,0,0,0,0,1,0,0
0,1.202379346,144.1902771,34.12416458,4.86871624,4.358150482,7.211341858,4.291462898,-7.301414967,-5.053665161,1,-2.414028827,-2.550828061,-2.41719288,-2.109084208,-3.473351248,13.79731878,0.11982707,-1.219772092,0.15431196,14,704.869,0.407023553,-0.452870235,1.955024999,171.22,0.447368421,0,0,0,4,2,1,3,4,0,9,1,14,0,0,0,0,3,4.2116,0,1,0,0,0,0,0,2,4,0,0,0,0,0,0,0,0,0,0,0,0,0,0,0,0,0,0
0,1.100366712,66.97823334,-4.199920654,6.764823914,4.425387383,8.460130692,5.957640648,-7.025441647,-4.358436108,0,-2.409352684,-2.485574794,-2.543119074,-2.037829,-3.155386914,10.54785848,0.019390563,0.019390563,0.510774868,21.08695652,314.469,0.12286807,-0.507496958,2.337597235,40.46,0.523809524,1,0,1,0,1,0,1,2,0,2,0,6,0,0,0,0,2,5.8465,0,0,0,0,0,2,0,0,0,0,0,0,0,0,0,0,0,0,0,0,0,0,0,0,0,0,2
0,1.037928224,156.7781982,0.766048431,3.50403595,2.84968853,8.516810417,4.968677044,-3.330545425,-5.422643661,1,-2.576655549,-2.58840895,-2.437863151,-2.243627946,-3.521855999,15.16259808,0.01245437,-1.635981281,0.13916059,26.6744186,1214.646,0.245643649,-0.390126485,4.337043183,278.8,0.761904762,0,1,1,11,0,0,0,12,0,12,1,16,1,1,0,0,1,3.4351,0,1,0,0,0,0,0,7,4,0,0,0,0,0,0,0,0,0,0,0,0,0,0,0,0,0,0
0,1.32986486,262.0743713,26.95640945,2.604950666,1.852098227,8.225340843,3.556431532,-3.511225224,-4.77499342,1,-2.393040111,-2.453192394,-2.443458787,-1.993346473,-3.147326267,16.78323468,0.017080171,-1.879491804,0.679894964,51.85185185,380.456,0.189629196,-0.389725479,1.797655104,94.83,0.80952381,4,0,4,0,0,0,0,7,0,5,0,2,0,3,0,0,4,1.8737,0,3,0,0,0,0,0,0,0,0,0,0,0,0,5,1,2,0,0,0,0,0,0,0,0,0,0
0,1.311656833,156.5820007,32.18839645,3.661205769,4.037917614,7.753865242,3.463225126,-5.257726669,-4.392174721,1,-2.458900866,-2.502652195,-2.497014438,-1.967961863,-3.486457881,12.8763511,0.114141629,-0.97688681,0.452786037,16.71428571,388.42,0.33626393,-0.465580031,2.691404767,107.77,0.4,0,1,1,0,1,0,1,1,0,7,1,6,0,0,0,1,2,3.2018,0,0,0,0,0,0,0,1,1,0,0,0,0,0,0,0,0,0,0,1,1,0,0,0,0,0,0
0,1.29820168,146.227951,20.91856766,6.078923225,4.102119923,4.510300636,7.420861244,-7.090292454,-4.647055626,1,-2.423607376,-2.463864815,-2.372093884,-2.076499534,-3.619189318,13.821631,0.031452745,-4.397952317,0.295072334,18.02702703,516.604,0.41619699,-0.480955234,1.402057615,62.13,0.517241379,1,1,2,0,2,0,2,0,0,4,1,9,1,2,0,0,4,6.7727,1,0,0,0,0,0,0,2,0,0,0,0,0,0,0,3,0,0,0,0,0,0,0,0,0,0,0
0,1.307859302,103.6196136,34.76528549,4.06716013,3.014817238,8.248668671,3.473150492,-5.471006393,-5.2156744,1,-2.586198515,-2.717924176,-2.571181309,-2.23534468,-3.625624281,13.48994715,0.000182827,-3.927918185,0.364423117,22.81578947,547.674,0.407322832,-0.443274597,1.5050424,140.42,0.518518519,0,2,2,1,2,0,2,5,0,8,2,11,2,2,0,0,4,2.3753,0,1,1,0,0,0,0,1,1,1,0,0,1,0,1,0,0,0,0,0,0,0,0,0,1,0,0
0,1.265256882,150.3776703,59.0068779,4.701407433,3.732856989,9.263623238,6.009309769,-6.212817669,-5.093541145,1,-2.535252869,-2.729472099,-2.609049517,-2.19392822,-3.609539263,13.51861655,0.104129766,-0.686986852,0.140298185,18.14814815,738.89,0.40701287,-0.452870358,1.105428798,174.64,0.45,0,2,2,4,2,2,4,4,0,8,4,11,2,2,0,0,6,6.222,0,0,0,0,2,0,0,4,4,0,0,0,0,0,0,0,0,0,0,0,0,0,0,0,0,0,0
0,1.347093463,132.6619873,43.64889908,6.24601841,4.15157938,4.941268921,3.236637831,-6.338460922,-4.54019022,1,-2.42151429,-2.401591884,-2.356817403,-1.920774305,-3.656599329,12.92624604,0.06828156,-1.087882855,0.152769334,12.30769231,591.557,0.3307896,-0.495658548,1.767138317,97.75,0.344827586,0,0,0,1,2,1,3,1,0,6,1,13,0,0,0,0,3,8.5236,1,0,0,0,0,0,0,1,1,0,0,0,1,0,0,2,0,0,0,0,0,0,0,0,0,0,3
0,1.522492647,131.7358856,54.57036972,5.347855568,4.210360527,7.43346405,3.002979279,-6.81350708,-4.544571877,0,-2.665708474,-2.768351506,-2.784285061,-2.211882649,-3.580463076,12.55488518,0.08034465,-2.993163413,0.704638346,13.57692308,403.212,0.387161548,-0.489382563,1.810990516,60.45,0.294117647,1,0,1,1,1,1,2,0,0,4,1,7,0,1,0,0,3,5.0309,0,0,0,0,0,0,0,1,1,0,0,0,1,0,0,4,0,0,0,0,0,0,0,0,0,0,0
0,1.212352991,100.0914154,23.24266434,5.477474213,3.739744425,8.32988739,9.509674072,-6.664738655,-4.691791534,0,-2.405146979,-2.560621865,-2.597056505,-2.075167482,-3.460561558,13.67614357,0.147778908,-3.448715757,0.133407036,11.82051282,556.769,0.229319215,-0.493549659,1.712970762,88.85,0.516129032,0,0,0,0,2,1,3,0,0,6,1,18,0,0,0,0,3,7.049,0,0,0,0,0,0,0,1,1,0,0,0,1,0,1,0,1,0,0,0,0,0,0,0,1,0,3
0,1.350432277,140.348175,34.97113419,5.184579372,4.688738346,9.367908478,7.347340107,-7.105976582,-5.595139027,0,-2.456628164,-2.65431722,-2.544242319,-2.093991432,-3.529017195,13.71609571,0.077313476,-4.532205749,0.129688905,16.04,693.732,0.41591022,-0.349191056,1.052191156,61.44,0.333333333,1,1,2,2,4,0,4,0,0,3,1,10,1,1,0,0,6,8.3821,0,0,0,0,0,0,0,1,2,0,0,0,0,0,3,6,0,0,0,0,0,0,0,0,0,0,1
0,1.102226734,48.08263397,-54.15207291,5.682243347,7.265104294,7.701727867,3.775060415,-7.089436054,-5.330719948,1,-2.107058867,-2.123758464,-2.11508987,-1.65494954,-2.954909792,12.48767393,0.1469336,-0.842248183,0.156093614,10.69230769,530.661,0.30581911,-0.461579758,1.409814476,78.9,0.363636364,0,0,0,0,3,0,3,0,0,6,0,17,0,0,0,0,3,6.0533,0,0,0,0,0,0,0,0,0,0,0,0,0,0,0,0,0,0,0,0,0,0,0,0,0,0,0
0,1.219251156,178.9582977,29.68372726,5.103681087,3.698369026,8.074986458,4.293190002,-5.602116585,-4.525239944,1,-2.525543534,-2.441777942,-2.443400045,-2.031744584,-3.147292983,13.33052092,0.041242696,-1.58839182,0.542992215,43.2,486.649,0.305730985,-0.457539113,1.275924187,100.9,0.827586207,5,0,5,0,0,0,0,7,0,6,0,6,0,4,0,0,5,4.3029,0,2,0,0,0,0,0,0,0,0,0,0,0,0,5,0,2,0,0,0,0,0,0,0,0,0,0
0,1.118430018,91.65351868,8.830852509,5.391806602,2.283923864,10.59946251,9.750148773,-6.069627762,-5.585368156,1,-2.205019832,-2.352466329,-2.354523789,-1.94749048,-3.072464856,12.34291413,0.044613279,-0.244631939,0.421099694,12.76666667,411.586,0.313270734,-0.426020349,2.475404284,49.77,0.5,0,0,0,0,2,0,2,1,0,4,0,10,0,0,0,0,2,5.3811,0,1,0,0,0,0,0,1,0,0,0,0,0,0,0,0,0,0,0,0,0,0,0,0,0,0,0
0,1.358368278,143.5830994,46.47986221,5.124282837,5.729991913,9.330724716,4.106699944,-6.509501457,-5.200755119,0,-2.60534863,-2.814889941,-2.690325206,-2.255548054,-3.628261731,12.99100013,0.114397104,-4.748471614,0.493386971,18.28571429,485.506,0.572596303,-0.405799291,1.471020779,63.69,0.307692308,0,1,1,1,2,1,3,2,0,5,2,5,1,1,0,0,4,5.82152,0,0,0,0,0,0,0,2,1,0,0,0,2,0,0,3,0,0,0,0,0,0,0,0,0,0,0
0,1.169463038,126.2454071,35.0406456,5.390422344,3.983736515,10.01302433,3.860690355,-5.51164484,-4.930007458,1,-2.339198864,-2.239758333,-2.350031189,-1.889147122,-3.190759207,10.95564777,0.104275439,-0.899978293,0.796834753,41.39130435,310.437,0.130335878,-0.496757609,1.696156214,29.46,0.619047619,3,0,3,0,1,0,1,5,0,2,0,1,0,2,0,0,4,3.9156,0,1,0,0,0,0,0,0,0,0,0,0,0,0,5,0,0,0,0,0,0,0,0,0,0,0,0
0,1.142185569,146.6860352,10.67489243,5.306232929,4.074775696,8.346078873,5.889980793,-6.739500046,-4.734926701,1,-2.351190283,-2.27797083,-2.267599744,-1.945977884,-3.08116477,11.79717358,0.042876462,-0.73851759,0.401562773,44.21428571,384.516,0.303672742,-0.458311346,1.565372447,52.6,0.75,4,0,4,0,0,0,0,7,0,4,0,2,0,3,0,0,4,4.4259,0,0,0,0,0,0,0,0,0,0,0,0,0,0,5,0,0,0,0,0,0,0,0,0,0,0,0
0,1.30930829,231.3639221,56.1033287,3.324574471,2.222974062,7.722232342,3.639185667,-5.454729557,-4.780043125,1,-2.394443911,-2.455761417,-2.410627935,-1.971182126,-3.133015502,15.35271764,0.1443086,-1.777512466,0.661485151,48.35483871,434.504,0.302565674,-0.457741701,1.735903941,100.9,0.708333333,4,0,4,0,0,0,0,9,0,6,0,3,0,3,0,0,4,2.3224,0,2,0,0,0,0,0,0,0,0,0,0,0,0,5,1,2,0,0,0,0,0,0,0,0,0,0
0,1.316080093,127.0893784,22.50043869,5.164507866,3.864495277,5.778440475,2.946481705,-6.574779987,-5.08825779,0,-2.396578868,-2.450391731,-2.409699939,-2.028156777,-3.39676274,13.39042689,0.163282851,-1.143757251,0.14091025,14.17777778,610.671,0.511146001,-0.464935725,1.222997079,143.34,0.333333333,1,0,1,0,3,2,5,1,0,11,2,10,0,1,0,1,6,6.3191,0,0,0,0,1,0,0,5,1,0,0,0,0,0,1,0,0,0,0,0,0,0,0,0,0,0,0
0,1.1989851,99.13043213,3.139575958,4.878258705,3.905359745,10.40284252,7.452599049,-6.720593452,-4.473101139,0,-2.468606146,-2.509134813,-2.500508675,-1.957851029,-3.60761681,13.07685285,0.124265943,-0.710687589,0.42462079,15.88235294,452.598,0.316145299,-0.465313584,1.53554213,53.33,0.333333333,0,1,1,0,3,0,3,0,0,4,1,8,1,1,0,0,4,5.48328,0,0,0,0,0,0,0,2,0,0,0,0,0,0,0,0,0,0,0,0,0,0,0,0,0,0,0
0,1.013218164,62.10421753,-29.97753906,8.717923164,7.208295822,8.652481079,5.972588539,-7.258248806,-4.676346302,1,-2.543837169,-2.482601275,-2.582860987,-2.19322593,-3.282987303,12.86569028,0.073388867,-0.632497768,0.094867473,19.05714286,495.745,0.328410844,-0.460986361,2.577995274,81.7,0.896551724,0,1,1,1,0,0,0,4,0,5,1,23,1,1,0,0,1,6.8819,0,0,0,0,0,0,0,0,1,0,0,0,0,0,0,0,0,0,1,0,0,0,0,0,0,0,11
0,1.069890857,146.928833,12.91153336,5.770781517,3.727270126,9.761234283,8.053347588,-7.22317791,-5.118985176,1,-2.585951782,-2.593429711,-2.565644126,-2.149281848,-3.383987657,12.54410608,0.085363712,-0.597086268,0.671999392,37.89655172,404.547,0.308430805,-0.462187767,1.74016958,72.83,0.75,2,1,3,0,0,0,0,8,0,5,1,6,1,1,0,0,3,4.1955,0,1,0,0,0,0,0,0,0,0,0,0,0,0,1,0,0,0,1,0,0,0,0,0,0,0,0
0,1.275840044,68.63191986,-19.00579834,3.757606506,0.740162373,4.506430626,5.176351547,-3.486519814,-4.677839756,1,-2.109771396,-2.018398271,-2.169373662,-1.686783061,-3.056108679,10.92852627,0.537663559,-0.840869342,0.889352701,11.83333333,242.274,0.310187723,-0.480788489,2.200423047,46.53,0.133333333,0,0,0,0,2,0,2,1,0,2,0,4,0,0,0,1,2,3.667,1,0,0,0,0,0,0,0,0,0,0,0,0,0,0,0,0,0,0,0,0,0,0,0,0,0,0
0,1.275965452,195.7629395,28.56364822,6.372309685,3.665420532,10.3309536,7.637362003,-6.277430534,-5.013541222,0,-2.387806471,-2.533229302,-2.507812684,-1.975453408,-3.458233311,13.46556163,0.02677085,-0.251125461,0.374712747,15.38235294,461.556,0.326214802,-0.305531078,1.205663438,41.03,0.321428571,0,1,1,0,3,1,4,0,0,3,2,7,1,1,0,0,5,5.857,0,0,0,0,1,0,0,2,1,0,0,0,0,0,1,2,0,0,0,0,0,0,0,0,0,0,0
0,1.333383322,179.0380402,51.52695084,5.259846687,2.579954863,5.057032585,4.42029953,-6.491796017,-5.225990772,0,-2.788697162,-2.985677694,-2.931776676,-2.502310568,-3.814080664,12.90130571,0.022130759,-4.039914891,0.278693299,13.73170732,575.687,0.411390863,-0.496439408,1.350688792,115.73,0.290322581,1,0,1,2,3,1,4,0,0,7,1,8,0,1,0,0,5,5.69592,0,0,0,0,0,0,0,1,2,0,0,0,1,0,1,0,0,0,0,0,0,0,0,0,1,0,0
0,1.246045947,263.2525635,12.85765457,3.210713148,2.255195141,8.9856987,4.312498093,-3.930224419,-4.660138607,1,-2.253445261,-2.415347819,-2.397299138,-1.97539749,-3.089972206,16.6345531,0.086539155,-1.692083333,0.713251041,57,336.447,0.155201025,-0.389725722,1.820154998,57.53,0.85,4,0,4,0,0,0,0,7,0,3,0,0,0,3,0,0,4,3.3322,0,2,0,0,0,0,0,0,0,0,0,0,0,0,5,1,1,0,0,0,0,0,0,0,0,0,0
0,1.108276486,137.9337158,18.04352951,6.020030022,3.764595032,10.32838058,7.372608185,-7.08200407,-5.215502739,1,-2.570346133,-2.577824062,-2.550986169,-2.133676199,-3.3693297,12.86586534,0.094948612,-0.601027192,0.639062275,36.53333333,418.574,0.31128691,-0.462187767,1.761277111,72.83,0.76,2,1,3,0,0,0,0,7,0,5,1,6,1,1,0,0,3,4.5856,0,1,0,0,0,0,0,0,0,0,0,0,0,0,1,0,0,0,1,0,0,0,0,0,0,0,0
0,1.143624783,109.8889618,33.01200485,6.3163414,4.472715855,10.12145233,6.132736683,-6.191498756,-4.849322796,0,-2.336013795,-2.236573264,-2.34684612,-1.883802281,-3.142336155,11.05945021,0.105213226,-0.900899453,0.728371386,40.7037037,364.529,0.130335878,-0.490433732,1.396473896,29.46,0.68,4,0,4,0,1,0,1,5,0,2,0,2,0,3,0,0,5,5.2284,0,1,0,0,0,0,0,0,0,0,0,0,0,0,5,0,0,0,0,0,0,0,0,0,0,0,0
0,1.546229959,131.8922272,53.51347733,5.177711487,3.58205986,5.150089741,2.915596485,-7.254044056,-5.100037575,0,-2.599243222,-2.8418182,-2.734834004,-2.121901518,-3.688544744,15.4587029,0.195174687,-5.185931055,0.100970402,17.671875,968.296,0.434963739,-0.345750942,1.451812741,157.94,0.384615385,2,0,2,1,2,3,5,3,0,10,3,11,0,1,0,0,7,7.6628,0,0,0,0,0,0,0,5,2,0,0,0,1,0,4,11,0,0,0,0,0,0,0,0,1,1,0
0,1.367186546,106.7214661,66.34039307,5.421638489,2.505242586,9.74915123,8.675092697,-6.918245316,-5.699865818,0,-2.708087998,-2.876050638,-2.864782485,-2.223084677,-3.824614445,14.97650319,0.132929796,-4.810182769,0.226870577,13.95121951,562.571,0.434701779,-0.32649624,1.494141309,108.76,0.233333333,1,0,1,1,3,1,4,1,0,6,1,9,0,1,0,0,5,5.70188,0,0,0,0,0,0,0,3,2,1,0,0,1,0,0,4,0,0,0,0,0,0,0,0,0,0,0
0,1.404833674,202.6455688,78.22158813,4.874186039,4.100560188,9.35310173,4.59082365,-6.148019791,-4.746010303,0,-2.431932777,-2.654933205,-2.7449154,-2.235024132,-3.548899025,14.99233512,0.001828312,-0.815402892,0.238033232,12.35714286,571.559,0.200475475,-0.487940498,1.591700044,109.06,0.161290323,0,0,0,0,3,3,6,1,0,8,3,6,0,0,0,0,6,6.6627,0,0,1,0,0,0,0,4,0,1,0,0,1,0,2,3,0,0,0,0,0,0,0,0,0,0,0
0,1.408346653,174.9943542,42.19870377,4.514464378,4.14592123,9.419975281,4.417198181,-5.655649185,-4.422782898,0,-2.540211904,-2.455860602,-2.493205133,-1.802569434,-3.413353408,12.58076436,0.210183829,-0.737083333,0.796446128,17.28,384.259,0.336240327,-0.465580051,2.73893106,64.63,0.333333333,0,1,1,0,1,0,1,1,0,5,1,4,0,0,0,1,2,3.9643,0,0,0,0,0,0,0,0,1,0,0,0,0,0,0,2,0,0,0,0,0,0,0,0,0,0,0
0,1.50917995,196.0196533,63.26583481,4.137287617,2.635443449,8.297517776,4.270636559,-5.598104477,-4.861855507,1,-2.803304231,-3.017047946,-2.929613279,-2.308545151,-3.863391313,14.74140885,0.033263666,-4.861183741,0.347500779,24.62790698,603.523,0.405533869,-0.340161582,1.280722192,104.29,0.344827586,1,2,3,3,1,2,3,4,0,5,4,4,1,1,1,0,6,3.9479,0,0,0,0,0,0,0,3,2,0,0,0,1,0,3,6,0,0,0,0,0,0,0,0,0,0,0
0,1.271924138,126.3268127,35.79221725,6.488556862,3.576687098,5.205115318,5.77665329,-7.493288994,-4.930091381,1,-2.621021011,-2.421307026,-2.47519199,-2.085784103,-3.698477039,11.48207768,0.081439384,-0.911076326,0.173564386,15.31707317,586.197,0.303436762,-0.481214805,1.371263876,70.42,0.314285714,1,0,1,0,3,1,4,1,0,4,1,12,0,1,0,0,5,8.948,1,1,0,0,0,0,0,1,0,0,0,0,0,0,1,1,0,0,0,0,0,0,0,1,0,0,0
0,1.577991486,162.4928894,56.57398605,2.240115404,1.705740452,8.596095085,2.36827755,-4.690536499,-4.627254963,1,-2.00736737,-2.16721271,-2.431943883,-1.786638712,-3.142826974,14.38018487,0.051293724,-3.866796308,0.87887549,21.92307692,383.347,0.175408084,-0.456805201,2.168971196,87.39,0.235294118,1,0,1,0,2,0,2,3,0,5,0,3,0,0,0,0,3,3.28888,0,1,0,0,0,0,0,1,0,0,0,0,0,0,1,3,0,0,0,0,0,0,0,0,0,1,0
0,1.180651784,208.0007935,51.03442764,3.500573158,3.647471905,8.417139053,3.011052132,-5.055570126,-4.69076252,1,-2.335146564,-2.229459118,-2.314142058,-1.948907509,-3.115129672,11.75030459,0.060892345,-0.892823549,0.746050157,48.73913043,312.453,0.155176402,-0.37702277,1.671196283,37.3,0.761904762,4,0,4,0,0,0,0,6,0,2,0,1,0,3,0,6,4,3.8826,0,1,0,0,0,0,0,0,0,0,0,0,0,0,5,0,1,0,0,0,0,0,0,0,0,0,0
0,1.364702463,248.0732574,57.31650925,5.848598957,1.829247713,4.461366653,0.921065807,-7.614273071,-6.097860813,1,-2.702695928,-2.709552804,-2.605670443,-2.355501779,-3.70587465,12.93095826,0.111414657,-1.055692421,0.395692758,14.51515152,442.475,0.335200678,-0.505056603,1.6070477,114.59,0.12,0,1,1,1,3,0,3,0,0,6,1,5,0,0,0,0,4,4.56484,0,0,0,1,0,1,0,3,1,0,0,0,2,0,0,0,0,0,0,0,0,0,0,0,0,0,0
0,1.087875843,112.0758209,21.88746262,5.120631695,4.173487663,8.94084549,5.510109425,-5.906318665,-4.804246426,0,-2.332874821,-2.261944035,-2.296893373,-1.881528024,-3.102244297,11.19758023,0.115194043,-0.913682603,0.540960337,48.73913043,310.481,0.130896236,-0.377010292,1.74480748,20.23,0.727272727,4,0,4,0,0,0,0,6,0,1,0,1,0,3,0,0,4,4.8697,0,1,0,0,0,0,0,0,0,0,0,0,0,0,5,0,0,0,0,0,0,0,0,0,0,0,0
0,1.586106181,151.2828369,36.62450027,4.353589058,3.85711813,5.804850578,1.59658432,-6.207571983,-4.573501587,0,-2.098907762,-2.322956961,-2.282475484,-1.849288456,-3.190035196,15.7677715,0.049835846,-4.507098426,0.33651843,13.83783784,527.4,0.422066378,-0.484131519,1.643354186,85.95,0.217391304,0,0,0,0,2,2,4,1,0,7,2,8,0,0,0,0,4,4.6342,0,1,0,0,0,0,0,5,0,0,0,0,0,0,0,7,0,0,0,0,0,0,0,0,0,0,0
0,1.17842257,238.7694855,42.68828964,4.957099915,1.268233776,9.699349403,9.156485558,-2.525214434,-5.201534271,1,-2.657034926,-2.651764393,-2.755646244,-2.278426814,-3.504595187,9.913962034,0.376736111,0.376736111,0.771814375,37.52631579,257.377,0.115391768,-0.507955657,1.904867133,23.47,0.647058824,2,1,3,0,1,0,1,3,2,2,1,0,1,2,0,0,4,3.0804,0,0,0,0,0,1,0,1,0,0,0,0,0,0,1,0,0,0,0,0,0,0,0,0,0,0,0
0,1.302613616,161.009613,43.69718552,4.816854477,2.618052483,3.82701993,3.871602297,-6.087100506,-6.506058693,1,-2.556351135,-2.586648063,-2.461954253,-2.154766448,-3.620016707,14.28035411,0.023202586,-4.067682946,0.105243047,15.88235294,740.945,0.325684562,-0.50796662,1.684131462,174.37,0.432432432,0,1,1,2,3,0,3,2,0,9,1,17,0,0,0,0,4,5.879,1,0,0,0,0,1,0,1,3,0,0,0,2,0,1,0,0,0,0,0,0,0,0,1,1,0,2
0,1.342647195,233.520752,64.93190002,2.387616396,1.818736076,8.111551285,3.031590462,-3.88323617,-5.091301918,1,-2.370210405,-2.430362688,-2.452867724,-1.975703072,-3.156735204,15.12961357,0.130506425,-1.694873578,0.677042226,51.25925926,378.44,0.189629163,-0.392760667,1.781065864,94.83,0.714285714,4,0,4,0,0,0,0,8,0,5,0,2,0,3,0,0,4,1.5056,0,3,0,0,0,0,0,0,0,0,0,0,0,0,5,1,2,0,0,0,0,0,0,0,0,0,0
0,1.189087272,60.82746887,-23.12486649,5.03853178,5.62026453,10.09185123,3.82302165,-4.077364445,-4.846449852,1,-2.44163991,-2.398028412,-2.421744892,-1.947361806,-3.092846844,12.50637411,0.011795004,-0.249862962,0.367567403,15.07692308,366.498,0.227501318,-0.489499143,2.275796037,72.83,0.714285714,1,0,1,0,0,0,0,0,0,5,0,14,0,0,0,0,1,4.2425,0,1,0,0,0,0,0,0,0,0,0,0,0,0,0,0,2,0,0,0,0,0,0,0,0,0,9
0,1.28226614,237.6207886,54.25969315,5.634405136,2.237807751,5.093362808,5.099981308,-6.572950363,-4.907776356,1,-2.475730958,-2.401900292,-2.61420196,-2.083199902,-3.645821467,11.71013876,0.306514769,-0.920785583,0.243238592,11.46153846,514.629,0.335815767,-0.477623278,1.422264806,72.94,0.181818182,0,0,0,0,4,2,6,0,0,5,2,7,0,0,0,0,6,7.26442,0,0,0,1,0,0,0,4,0,0,0,0,0,0,2,0,0,0,0,0,0,0,0,0,0,0,0
0,1.404832959,204.7062683,56.70971298,4.153559685,4.225313663,5.362174988,3.523778439,-5.537013054,-4.939927578,1,-2.358926957,-2.319804413,-2.455739586,-1.919612968,-3.65747676,14.4466164,0.018059111,-1.361713324,0.563953777,12.35483871,447.89,0.340723081,-0.496383818,2.322130447,88.76,0.304347826,0,0,0,0,2,1,3,1,0,5,1,7,0,0,0,0,3,4.281,0,1,0,1,0,0,0,1,0,0,0,0,0,0,1,2,0,0,0,0,0,0,0,0,0,0,0
0,2.377094746,218.8225708,64.57128906,3.233789206,1.440160036,2.856847286,8.319003105,-6.157214165,-5.225835323,1,-2.113027646,-2.034647316,-2.1322808,-1.61543823,-3.085155981,10.86643866,0.208657462,-1.01943397,0.426710171,12,650.976,0.320315512,-0.506845354,2.259938326,92.78,0.133333333,0,0,0,0,2,0,2,1,0,4,0,5,0,0,0,0,2,3.9527,1,0,0,0,0,1,0,0,0,1,0,0,0,0,0,3,0,0,0,0,0,0,0,0,0,0,0
0,1.23279953,77.35397339,25.09847641,5.161204338,3.684195995,7.081725121,6.583846092,-5.614133835,-5.383850574,0,-2.207122298,-2.35369632,-2.17385554,-1.886908134,-3.285482226,14.23032602,0.149557855,-0.761400834,0.105572017,14.88888889,776.042,0.407222352,-0.443766327,1.277205987,138.02,0.475,0,1,1,4,2,2,4,3,0,10,3,19,1,1,0,0,5,6.0007,0,0,0,0,0,0,0,4,3,0,0,0,0,0,0,0,0,0,0,0,0,0,0,0,0,0,0
0,1.179818392,160.7501831,11.81077194,4.026983261,2.972768784,6.380671501,4.091031075,-4.715719223,-4.700436115,1,-2.396412394,-2.220277444,-2.279469272,-1.828093115,-3.089261498,11.7462045,0.105688264,-0.902950864,0.547468704,47.5,298.426,0.13675729,-0.377033867,1.670868835,37.3,0.75,4,0,4,0,0,0,0,5,0,2,0,0,0,2,0,0,4,3.6366,0,1,0,0,0,0,0,0,0,0,0,0,0,0,4,0,1,0,0,0,0,0,0,0,0,0,0
0,1.32139039,147.5645752,47.48328018,5.320671082,4.920138359,10.3055439,5.2871418,-6.49587059,-5.080750942,1,-2.849537652,-3.010156665,-2.891328151,-2.397578651,-3.909280841,14.91500343,0.028874786,-4.562193741,0.289743622,19.52380952,581.654,0.416239847,-0.382314348,1.47756479,61.44,0.393939394,1,1,2,2,3,0,3,2,0,3,1,6,1,2,0,0,5,8.04804,0,0,0,0,0,0,0,1,2,0,0,0,2,0,0,4,0,0,0,0,0,0,0,0,0,0,0
0,1.217887402,177.2718201,10.55188751,3.348300934,1.175504088,8.333877563,8.085492134,-4.279784203,-5.379731178,1,-2.643198774,-2.775062062,-2.543048303,-2.311049783,-3.601911579,14.70737711,0.129610435,-1.40069774,0.184283435,36.70689655,812.018,0.410436065,-0.457501603,1.433018751,171.85,0.720930233,0,3,3,1,0,2,2,13,0,14,5,11,3,3,0,0,5,4.9292,0,1,0,0,0,0,0,5,0,0,0,0,0,0,1,0,2,0,1,0,0,0,0,0,0,0,1
0,1.459223628,123.2642212,57.3154335,5.064586163,4.001142502,9.185855865,3.814094305,-4.825101376,-4.996981621,1,-2.669670322,-2.781145954,-2.781040368,-2.247830592,-3.786177337,13.70752086,0.002905807,-1.154724744,0.231040782,27.61111111,522.578,0.191208264,-0.393980047,1.425118142,138.44,0.565217391,2,0,2,0,1,2,3,6,0,11,2,10,0,2,0,0,5,2.0137,0,3,0,0,0,0,0,5,1,0,0,0,1,0,1,2,0,0,0,0,0,0,0,1,0,0,0
0,1.172186613,111.176918,24.95058823,6.839410782,4.283245564,11.61157036,7.809664249,-6.674818516,-4.97441721,0,-2.482613593,-2.425820171,-2.581098061,-1.861435185,-3.453628888,6.158580767,0.206619349,0.206619349,0.450917622,16.90322581,433.039,0.060220251,-0.296542164,1.435033504,6.48,0.357142857,0,1,1,0,3,0,3,1,0,2,1,5,1,1,0,1,4,6.5447,0,0,0,0,0,0,0,2,0,0,0,0,0,0,0,1,0,0,0,0,0,0,0,0,0,0,0
0,1.281992435,242.6024017,50.29331589,3.324604511,2.709155083,8.496161461,4.100500107,-4.812181473,-4.897394657,1,-2.79093328,-2.615659708,-2.645009977,-2.203921291,-3.479548384,13.54900904,0.00897622,-1.154224957,0.675607866,46.15625,441.524,0.302565349,-0.474863904,1.556268881,102.26,0.68,4,1,5,0,0,0,0,8,0,7,1,3,0,3,0,0,5,2.5632,0,1,0,0,0,0,0,1,0,0,0,0,0,0,7,0,2,0,0,0,0,0,0,0,0,0,0
0,1.33784616,126.8210602,31.18658066,6.920571327,5.738132477,10.28404903,7.468310833,-7.414951324,-4.752848625,1,-1.916453059,-2.083059754,-2.181518214,-1.580770639,-2.987759705,13.43965639,0.345166533,-4.475634407,0.281769305,13.36363636,500.432,0.415931953,-0.388346728,2.034180033,23.47,0.461538462,0,0,0,0,3,0,3,1,0,2,0,10,0,0,0,1,3,8.6443,0,1,0,0,0,0,0,1,0,0,0,0,0,0,3,5,0,0,0,0,0,0,0,0,0,0,2
0,1.460871816,244.6851807,58.74276352,-0.26695323,-0.468702793,6.069489002,8.829379082,-2.346873045,-5.123150349,1,-2.56606375,-2.644633753,-2.681643416,-2.239674794,-3.820885353,14.43240882,0.010986631,-1.328065193,0.863919065,15.13043478,320.324,0.340724893,-0.477497013,2.243584852,87.46,0.4,0,1,1,0,0,2,2,0,0,6,3,3,1,1,0,0,3,0.6633,0,0,0,1,0,0,0,3,1,0,0,0,1,0,1,1,0,0,0,0,0,0,0,0,0,0,0
0,0.964229703,7.569625854,-67.88985443,6.630766869,6.658661842,11.04210758,7.252872944,-7.300042152,-4.138999939,0,-2.262527256,-2.302028137,-2.259961569,-1.843191608,-2.969652402,12.09067624,0.072990256,-0.747353001,0.136498418,10.8,428.61,0.305807172,-0.461579896,4.366932678,78.9,0.875,0,0,0,0,0,0,0,0,0,6,0,20,0,0,0,0,0,5.8958,0,0,0,0,0,0,0,0,0,0,0,0,0,0,0,0,0,0,0,0,0,0,0,0,0,0,9
0,1.11539495,150.1998596,-1.43636322,4.387561798,3.060887337,8.860694885,4.162302971,-4.525716782,-4.56136322,0,-2.361806147,-2.378625607,-2.439571154,-2.012112751,-3.127988608,11.8295034,0.107371544,-0.483939857,0.725330531,54.27272727,302.458,0.15519729,-0.389602794,1.696800172,37.3,0.85,4,0,4,0,0,0,0,6,0,2,0,0,0,3,0,0,4,4.2693,0,1,0,0,0,0,0,0,0,0,0,0,0,0,5,0,1,0,0,0,0,0,0,0,0,0,0
0,1.349117041,146.707489,52.80961227,6.156071663,4.203796864,11.29525757,8.617763519,-6.932952881,-4.797418594,0,-2.307322682,-2.34967292,-2.533249206,-1.958529824,-3.332168846,13.02352309,0.425659486,-1.248873181,0.221354752,14.10810811,555.516,0.217100311,-0.480757178,1.840043482,45.59,0.21875,0,0,0,0,4,1,5,2,0,4,1,8,0,0,0,0,5,7.1305,0,1,0,0,0,0,0,2,0,0,0,0,0,0,2,1,0,0,0,0,0,0,0,0,0,0,0
0,0.9708637,173.6945038,-55.28574753,10.10769081,2.570909977,9.191993713,9.770586967,-8.554338455,-4.860697269,0,-2.238812676,-2.302430354,-2.539352598,-1.798482816,-2.981925028,2.372446066,0.291132424,0.291132424,0.243512702,21.95,536.888,-0.010398602,-0.06957435,1.885637979,0,0.45,2,0,2,0,0,0,0,0,0,0,0,10,0,0,0,0,2,12.6058,0,0,0,0,0,0,0,0,0,0,0,0,0,0,0,0,0,0,0,0,0,0,0,0,0,0,0
0,1.261119366,109.6699371,-3.606575012,6.074485779,4.295317173,11.1386776,2.560198307,-6.7049613,-4.425423622,0,-2.109982998,-2.212437691,-2.351949442,-1.718885016,-2.949974283,8.93201431,0.004759025,0.004759025,0.405355758,11.77777778,378.899,0.118961439,-0.491205815,2.130853983,29.46,0.166666667,0,0,0,0,3,0,3,0,0,2,0,8,0,0,0,0,3,5.6457,0,1,0,0,0,0,0,0,0,0,0,0,0,0,0,1,0,0,0,0,0,0,0,0,0,0,0
0,1.480725288,199.4868011,69.30787659,3.975040197,3.975676537,8.238164902,3.499403954,-5.020409584,-5.134726524,0,-2.437495708,-2.579903022,-2.68589227,-2.066184784,-3.554280533,15.67901219,0.0213479,-4.777002406,0.367049216,12.05714286,519.574,0.26735654,-0.367774544,1.854352019,110.86,0.173913043,0,0,0,0,2,2,4,0,0,7,2,5,0,0,0,0,4,5.3649,0,0,1,0,0,0,0,3,1,1,0,0,2,0,0,3,0,0,0,0,0,0,0,0,1,0,0
0,1.101967096,68.9274292,-24.26547241,4.873161316,4.004650593,9.947303772,6.534748077,-5.16801548,-4.612927914,1,-2.458368402,-2.335089823,-2.379613486,-1.95206602,-3.196648802,12.24012961,0.127363079,-0.726974122,0.286161282,25.07407407,382.541,0.305001839,-0.468995428,2.418000828,83.83,0.818181818,1,0,1,0,0,0,0,4,0,5,0,13,0,1,0,1,1,3.9536,0,2,0,0,0,0,0,0,0,0,0,0,0,0,0,0,1,0,0,0,0,0,0,0,0,0,4
0,1.520286083,196.8598328,62.92168045,4.195338249,4.342036247,10.36979103,4.239031792,-5.635855675,-5.189683914,0,-2.224285702,-2.322489372,-2.235020976,-1.835993265,-3.213032724,12.93887738,0.065938923,-4.641864625,0.461339502,10.90625,464.831,0.417418428,-0.457236902,1.6244376,92.35,0.095238095,0,0,0,3,2,1,3,0,0,4,1,5,0,0,0,0,3,5.5497,0,0,0,0,0,0,0,1,3,0,0,0,2,0,0,4,0,0,0,0,0,0,0,0,0,0,0
0,1.444405437,211.5814819,55.63390732,-0.154434919,-0.486774445,6.023278236,8.748559952,-2.871431828,-4.786773682,1,-2.629873816,-2.608261491,-2.637005705,-2.291375515,-3.756261797,15.19267243,0.069365079,-1.421368011,0.882034688,17.92,351.353,0.34072288,-0.477497024,2.308728009,74.57,0.411764706,0,1,1,0,1,1,2,1,0,5,2,3,1,1,0,1,3,1.7959,0,0,0,1,0,0,0,2,1,0,0,0,1,0,1,2,0,0,0,0,0,0,0,0,0,0,0
0,1.408233285,161.3644714,46.32188797,4.597364426,3.885503054,8.616612434,5.80666256,-5.876426697,-4.842459679,1,-2.510106753,-2.663671427,-2.573146771,-2.046291959,-3.600119929,11.5533428,0.128599994,-1.081078001,0.455414497,22.13888889,531.44,0.219066641,-0.490790806,1.217537201,69.06,0.384615385,0,2,2,1,2,1,3,2,0,7,3,7,2,2,0,0,5,4.2058,0,0,0,0,0,0,0,4,0,0,0,0,1,0,0,2,0,0,0,0,0,0,0,0,0,0,0
0,1.297645688,85.93756866,-8.394420624,3.095142365,-0.189177036,4.055182457,3.548833609,-3.319482565,-4.696365833,1,-2.163830589,-2.059403407,-2.083663288,-1.706061853,-3.150508507,12.24354639,0.097186319,-0.898786953,0.852803689,11.84210526,254.285,0.310185738,-0.4807885,2.340041731,54.37,0.125,0,0,0,0,2,0,2,1,0,2,0,4,0,0,0,1,2,3.1057,1,0,0,0,0,0,0,0,0,0,0,0,0,0,0,0,1,0,0,0,0,0,0,0,0,0,0
0,1.191060662,137.3341064,-4.278312683,5.287973404,2.91276741,3.539285183,4.830118656,-5.895831585,-5.602414608,1,-2.790514296,-2.566548119,-2.566374728,-2.272361617,-3.681449717,14.22760638,0.148562676,-3.595974164,0.125631112,22.41025641,563.672,0.325926198,-0.479712,1.7260452,110.21,0.7,1,1,2,1,1,0,1,4,0,6,1,14,1,2,0,1,3,6.1213,1,0,0,0,0,0,0,1,0,0,0,0,0,0,0,0,0,0,0,0,0,0,0,0,0,0,1
0,1.166913748,63.84840393,-22.97557068,4.209718704,2.190331459,4.823272705,5.672759056,-4.422752857,-4.617070198,1,-2.141269597,-2.077201185,-2.225745033,-1.697625086,-3.018144908,10.94317299,0.556550926,-0.755336934,0.78495583,11.33333333,250.338,0.308563999,-0.49331156,2.428744159,46.53,0.533333333,0,0,0,0,1,0,1,0,0,2,0,6,0,0,0,0,1,3.57324,1,0,0,0,0,0,0,0,0,0,0,0,0,0,0,0,0,0,0,0,0,0,0,0,0,0,0
0,1.383516312,235.599823,74.15637207,1.233247638,0.10396266,5.858953476,8.667578697,-4.359918594,-5.094668865,1,-2.804281915,-2.756841413,-2.801832309,-2.46409888,-3.917245881,15.14680083,0.17671976,-1.272116311,0.879500081,20.57692308,359.401,0.34072327,-0.477497022,1.989710837,74.57,0.473684211,1,1,2,0,1,1,2,1,0,5,2,3,1,2,0,1,4,2.28022,0,0,0,1,0,0,0,2,1,0,0,0,1,0,1,1,0,0,0,0,0,0,0,0,0,0,0
0,1.347411513,189.7402039,52.7767067,3.709908485,2.027429104,5.220360756,5.170109749,-5.289257526,-5.117730141,1,-2.574147811,-2.626290279,-2.644212395,-2.225200919,-3.505130068,14.27659398,0.147344614,-3.827316388,0.29372396,27.38461538,749.956,0.259323202,-0.496405946,1.210097899,156.89,0.552631579,3,1,4,3,1,2,3,5,0,10,3,8,0,3,0,0,7,5.25412,0,0,0,0,0,0,0,3,2,0,0,0,0,0,3,0,0,0,0,0,0,0,0,0,1,0,0
0,1.184318781,196.3332825,42.26296616,5.477747917,3.299300671,8.748315811,5.695248604,-5.954089165,-4.806431293,0,-2.506575038,-2.752768442,-2.766699253,-2.255746872,-3.501057975,12.16955459,0.220906163,-0.913603618,0.639525744,35.84375,429.604,0.155804109,-0.377661207,1.669116623,40.54,0.551724138,4,0,4,0,1,0,1,5,0,3,0,2,0,2,0,0,5,5.4065,0,1,0,0,0,0,0,1,0,0,0,0,1,0,4,0,1,0,0,0,0,0,0,0,0,0,0
0,1.282557964,200.0046234,0.815036774,5.114160538,1.668113708,4.010410309,1.926561356,-4.491945744,-4.834698677,1,-2.37658571,-2.424303594,-2.452576773,-1.983256527,-3.514252679,11.12383188,0.276301965,-0.927401738,0.86005492,10.11111111,241.29,0.337309746,-0.477583341,2.402484301,49.33,0.133333333,0,0,0,0,2,0,2,0,0,2,0,3,0,0,0,0,2,3.74524,0,0,0,1,0,0,0,0,1,0,0,0,2,0,0,0,0,0,0,0,0,0,0,0,0,0,0
0,0.973860383,164.1643372,-53.95724487,4.972702026,3.321970463,10.05583763,8.258928299,-5.28931284,-4.364324093,0,-2.404275308,-2.513529831,-2.467398984,-2.06681072,-3.265598415,12.93673469,0.130792706,-0.136974915,0.652718922,22.68181818,309.494,0.311895419,-0.463894691,1.936816541,29.54,0.947368421,2,0,2,0,0,0,0,0,0,3,0,7,0,2,0,0,2,4.4022,0,0,0,0,0,0,0,1,0,0,0,0,0,0,0,0,0,0,0,0,0,0,0,0,0,0,0
0,1.332547545,173.8971252,12.74061966,4.608576298,4.13961935,10.12589645,6.94052887,-5.83409977,-4.830024242,0,-2.302939932,-2.417322255,-2.332671768,-1.898024325,-3.323198183,13.28298652,0.005649423,-4.924651128,0.51598963,26.08571429,500.483,0.415936663,-0.371541254,1.575334967,50.36,0.48,0,2,2,1,2,0,2,3,0,3,2,5,2,2,1,0,4,5.7295,0,0,0,0,0,0,0,0,2,0,0,0,0,0,0,6,0,0,0,0,0,0,0,0,0,0,0
0,1.283997536,101.8580246,11.23114395,5.036998749,3.301414967,6.714272022,6.747045994,-5.784944057,-4.962197781,0,-2.437908284,-2.650255823,-2.603178621,-2.019631695,-3.537100508,12.87735028,0.046956222,-0.046956222,0.454217959,14.54545455,470.017,0.345535312,-0.49173378,1.242965057,55.53,0.44,0,1,1,0,2,1,3,0,0,7,2,10,1,1,0,0,4,3.5519,0,0,0,0,0,0,0,5,0,0,0,0,1,0,0,1,0,0,0,0,0,0,0,0,0,0,0
0,1.356652021,193.7909393,37.4211235,4.929296494,0.890490651,7.418671608,2.321478844,-5.239237785,-5.024701595,1,-2.444887419,-2.580583714,-2.649315487,-2.215452507,-3.530861304,13.49965002,0.016947249,-4.139544727,0.293915065,11.61538462,551.625,0.263494059,-0.492845248,1.851179608,145.65,0.259259259,0,0,0,0,2,2,4,0,0,10,2,10,0,0,0,0,4,4.2039,0,1,0,0,0,0,0,4,1,0,0,0,1,0,0,0,0,0,0,0,0,0,0,0,1,0,0
0,1.274415851,228.5353241,14.14242935,3.630607367,1.789269447,7.829601765,3.374986172,-4.062359333,-4.618747711,1,-2.327450465,-2.273535647,-2.263853947,-1.829606717,-2.936939796,13.47453622,0.062482521,-1.645537079,0.728838562,43.72413793,402.487,0.302565672,-0.457741925,1.664596018,97.74,0.739130435,4,0,4,0,0,0,0,6,0,6,0,3,0,3,0,0,4,2.5606,0,1,0,0,0,0,0,0,0,0,0,0,0,0,5,0,3,0,0,0,0,0,0,0,0,0,0
0,1.692715287,183.0428772,58.09100723,5.084150791,2.52559042,7.10351181,9.070895195,-6.084013939,-4.69788599,1,-2.559903348,-2.703963311,-2.614866674,-2.151041458,-3.637134786,14.55582433,0.068994387,-1.260618159,0.526222572,20.56666667,531.316,0.255782907,-0.384535773,1.567787707,64.6,0.380952381,0,2,2,1,2,0,2,1,0,4,2,4,2,2,0,0,4,3.7811,0,1,0,0,0,0,0,1,2,0,0,0,2,0,0,4,0,0,0,0,0,0,0,0,0,0,0
0,1.258083463,168.4570618,40.37711716,5.106541634,1.297101259,4.441886902,5.807739258,-6.579542637,-5.303095818,1,-2.7000474,-2.735484549,-2.585524862,-2.282343657,-3.813709507,14.04831457,0.093893979,-1.180193279,0.162760439,12.73170732,558.65,0.30547243,-0.481159428,1.891136859,111.79,0.272727273,0,0,0,1,3,1,4,2,0,5,1,12,0,0,0,0,4,6.3136,1,2,0,0,0,0,0,1,1,0,0,0,1,0,0,1,0,0,0,0,0,0,0,0,0,0,0
0,1.283620834,237.526947,42.12139511,3.783774853,2.094843149,8.088713646,3.472789288,-4.490154266,-4.83823204,1,-2.51517393,-2.43284164,-2.430696872,-2.01760811,-3.140599403,12.85887015,0.002433245,-1.602720327,0.701612336,45.68965517,402.487,0.302565672,-0.457741927,1.663956408,100.9,0.695652174,4,0,4,0,0,0,0,7,0,6,0,3,0,3,0,0,4,2.1284,0,2,0,0,0,0,0,0,0,0,0,0,0,0,5,0,2,0,0,0,0,0,0,0,0,0,0
0,1.601786375,193.7292328,67.43070984,5.328544617,3.776628733,10.1523838,3.545996904,-6.765327454,-4.693885326,0,-2.174790765,-2.134827848,-2.389585281,-1.602639745,-3.06799708,6.242048375,0.349223015,0.349223015,0.579466172,11.04761905,359.665,0.165592609,-0.454093866,2.033086739,37.91,0.071428571,0,0,0,0,2,1,3,0,0,3,1,3,0,0,0,0,3,6.0373,0,0,0,0,1,0,0,1,1,0,0,0,0,0,1,3,0,0,0,0,0,0,0,1,0,0,0
0,1.373986006,130.9331512,21.6781044,4.877323151,3.668140411,9.397137642,5.148484707,-6.42645359,-4.620314121,0,-2.444200609,-2.603130868,-2.556674036,-2.037413225,-3.546718477,13.24531888,0.061871862,-0.973493746,0.574764913,17.58064516,460.983,0.27083917,-0.489237296,1.876126033,82.36,0.304347826,0,1,1,1,2,0,2,1,0,6,1,8,1,1,0,0,3,4.26732,0,2,0,0,0,0,0,2,0,0,0,1,1,0,0,1,0,0,0,0,0,0,0,1,0,0,0
0,1.505584478,181.4694519,45.69455338,2.996685743,2.967980623,7.792234421,3.582321644,-5.19148159,-4.84573555,0,-2.135472093,-2.293200535,-2.161461201,-1.926426655,-3.172980811,15.2536233,0.099416152,-1.023587357,0.344764757,19.525,571.558,0.510391051,-0.450595911,1.575934077,99.54,0.296296296,0,3,3,1,2,1,3,2,0,10,4,4,1,1,0,0,6,3.3912,0,0,0,0,0,0,0,3,0,0,0,0,0,0,4,2,0,0,0,0,0,0,0,1,0,0,0
0,1.118548274,96.77458191,14.78463364,7.144569397,4.531280518,12.00114822,5.767083168,-7.639740467,-5.102182865,0,-2.172901192,-2.21080084,-2.319307418,-1.822830447,-2.973183828,11.11936325,0.154646876,-0.164125094,0.313196687,13.88571429,516.857,0.122601183,-0.507339645,2.566388476,40.46,0.612903226,0,0,0,0,2,0,2,0,0,4,0,4,0,0,0,0,2,9.9083,0,0,0,0,0,2,0,0,0,0,0,0,0,0,0,0,0,0,0,0,0,0,0,2,0,0,0
0,1.551135778,160.6063843,34.87240219,3.902359009,4.514189243,8.903317451,1.943034649,-5.118877888,-4.133429527,0,-2.277191491,-2.465267908,-2.400079473,-1.703637695,-3.419059204,14.22653793,0.00670068,-4.454894534,0.531344623,14.84,386.801,0.405864796,-0.324719379,2.19289321,15.6,0.176470588,0,1,1,0,2,0,2,0,0,2,1,2,0,0,0,0,3,5.0262,0,0,0,0,0,0,1,2,0,0,0,0,1,0,1,5,0,0,0,0,0,0,0,0,0,0,0
0,1.414684534,242.4854889,53.09176254,5.110985279,1.597208261,4.628686905,1.237504482,-5.018964767,-5.460669994,1,-2.431033559,-2.324729122,-2.381200951,-2.082385599,-3.476811392,11.11280141,0.029759018,-1.026884727,0.503162871,10.71428571,373.368,0.33518086,-0.507188546,1.920788422,108.47,0,0,0,0,0,3,1,4,0,0,6,1,4,0,0,0,0,4,3.7107,0,0,0,1,0,2,0,3,0,0,0,0,0,0,0,0,0,0,0,0,0,0,0,0,0,0,0
0,1.221307635,146.7440948,27.91592026,4.565398216,3.277916908,8.277935982,7.666151524,-6.456572533,-5.316858768,1,-2.512917432,-2.669249458,-2.635630153,-2.157386655,-3.475939108,14.11894931,0.023247907,-3.631494521,0.205644309,25.64583333,674.972,0.178820382,-0.488917058,1.238471884,70.08,0.55,0,4,4,0,3,0,3,2,2,6,4,13,3,3,0,0,7,6.6245,0,1,0,0,0,0,0,3,0,0,0,0,1,0,4,0,0,0,0,0,0,0,1,0,0,1,2
0,1.3579669,208.3020172,80.97360229,4.634390831,2.7447474,4.938361168,7.691715717,-4.770515919,-6.131499767,1,-2.57318972,-2.578644053,-2.651874759,-2.274993297,-3.54455037,13.95995652,0.023811223,-1.384064922,0.350521663,29.69047619,570.646,0.251644375,-0.507818967,1.165377823,141.18,0.46875,3,2,5,1,2,1,3,4,2,9,3,6,1,2,1,0,8,3.4798,0,2,0,0,0,1,0,3,1,0,0,0,0,0,0,0,0,0,0,0,0,0,0,0,0,0,0
0,1.172488332,161.3847504,28.46870041,3.374335289,3.092170715,8.953969955,3.757627726,-4.338385582,-4.413279057,0,-2.454672346,-2.399946844,-2.44515378,-1.972303453,-2.997364189,12.39941578,0.068573791,-0.103943649,0.676089554,46.90909091,296.41,0.17816735,-0.29908721,1.775914315,34.14,0.6,4,0,4,0,0,0,0,5,0,2,0,0,0,3,0,0,4,4.0295,0,0,0,0,0,0,0,0,0,0,0,0,0,0,5,0,2,0,0,0,0,0,0,0,0,0,0
0,1.167777538,159.5695801,29.43750381,4.350309372,3.581327438,8.957401276,3.887498856,-4.91623497,-4.717003822,1,-2.45297992,-2.368049106,-2.436141188,-1.970469367,-3.004487206,12.12870158,0.169610025,0.169610025,0.714168127,48.30434783,312.453,0.15551663,-0.299693704,1.724353641,34.14,0.714285714,4,0,4,0,0,0,0,6,0,2,0,1,0,2,0,0,4,4.4995,0,0,0,0,0,0,0,0,0,0,0,0,0,0,5,0,2,0,0,0,0,0,0,0,0,0,0
0,1.351971269,148.1193848,30.5657692,5.333768845,5.400663376,10.08873463,7.240750313,-6.113817692,-4.851873875,0,-2.678811758,-2.892064552,-2.722643647,-2.229254029,-3.695966779,13.89851021,0.060570845,-5.025738818,0.31295018,15.24390244,578.601,0.415935588,-0.354035152,1.793251981,39.68,0.4,0,1,1,1,2,1,3,0,0,4,2,5,1,1,0,0,4,6.78702,0,0,0,0,0,0,0,4,0,0,0,0,2,0,0,6,0,0,0,0,0,0,0,0,0,0,0
0,1.276302814,127.2581711,16.31335068,4.736307144,2.809196949,5.0823493,5.647346973,-6.441405296,-5.66941309,1,-2.62438075,-2.528528101,-2.585229863,-1.998414352,-3.326502948,13.94913501,0.037153496,-1.606156647,0.065519848,34.83333333,1058.052,0.342281725,-0.50532294,1.606267927,266.66,0.634615385,0,3,3,0,1,0,1,14,0,18,3,13,2,2,0,0,4,6.2344,0,5,0,0,0,2,0,0,0,0,0,0,0,0,0,2,0,0,1,0,0,0,0,0,0,0,0
0,1.177325249,224.1417999,21.39024734,4.560922146,3.604176521,8.188905716,5.508615971,-5.648131371,-4.68014431,0,-2.332576678,-2.263088298,-2.315001929,-1.943196646,-3.119299001,11.86941598,0.067273518,-0.719626044,0.331697002,44.48148148,369.505,0.30367292,-0.445411063,1.659812875,58.89,0.739130435,4,0,4,0,0,0,0,6,0,4,0,2,0,3,0,0,4,4.7145,0,0,0,0,0,0,0,1,0,0,0,0,0,0,5,0,0,0,0,0,0,0,0,0,0,0,0
0,1.281643152,151.8826752,46.17566299,4.958026886,4.423909187,8.744505882,7.37231493,-5.069867611,-4.58011055,1,-2.830001439,-2.961633591,-3.005824581,-2.348435772,-3.860565868,13.28347465,0.026077188,0.026077188,0.584169152,35.42857143,492.689,0.232888784,-0.352692016,0.986498177,56.75,0.678571429,3,2,5,2,1,1,2,6,2,6,3,5,2,5,0,0,7,4.2558,0,0,0,0,0,0,0,4,0,0,0,0,1,0,6,0,0,0,0,0,0,0,0,0,0,0,0
0,1.37289083,213.3665161,73.01324463,4.171880722,3.573488235,9.686746597,8.095682144,-7.104300022,-5.011061668,0,-2.823420261,-2.871182343,-2.872026606,-2.437189932,-3.709276692,13.12110429,0.387083196,-1.139261456,0.307722399,13.48648649,501.514,0.239584209,-0.492842041,1.269889495,98.78,0.178571429,1,0,1,2,3,1,4,0,0,6,1,8,0,1,0,0,5,5.5408,0,0,0,0,0,0,0,1,2,0,0,0,2,0,1,1,0,0,0,0,0,0,0,0,0,0,0
0,1.17890501,154.2760468,4.379573822,5.124735832,3.543521881,8.253080368,7.197500706,-6.435088634,-5.296795845,1,-2.726891975,-2.676550697,-2.658357881,-2.221986972,-3.460454573,14.15004895,0.033970543,-1.738450515,0.228688608,44.5,639.83,0.315997775,-0.461516828,1.550940648,116.04,0.675675676,1,4,5,0,0,0,0,10,2,9,4,3,3,3,1,0,5,5.7289,0,2,0,0,0,0,0,1,0,0,0,0,0,0,2,0,0,0,0,0,0,0,0,0,0,0,0
0,1.198343277,219.2773132,39.01096725,4.50848484,3.56441164,8.603233337,4.274535179,-5.692405701,-4.91847086,0,-2.633066193,-2.440192166,-2.53172215,-2.168290809,-3.496478992,11.07559451,0.113574184,-0.908858838,0.721043087,47.76,337.463,0.162309704,-0.37703387,1.53198467,46.26,0.681818182,4,0,4,0,0,1,1,6,0,3,1,0,0,3,0,0,5,4.221,0,1,0,0,0,0,0,1,0,0,0,0,0,0,6,0,0,0,0,0,0,0,0,0,0,0,0
0,1.195354223,152.1695404,18.06248856,4.922967911,2.573781252,7.713627338,6.087285042,-7.159319401,-5.465914249,1,-2.48432756,-2.424371206,-2.457579806,-2.039834438,-3.301603242,14.36609903,0.007077782,-1.82153408,0.065511828,49.48780488,1736.185,0.315997774,-0.46151707,2.12E-07,340.12,0.810526316,2,12,14,0,0,0,0,39,4,28,12,15,10,10,2,0,14,10.8127,0,6,0,0,0,0,0,0,0,0,0,0,0,0,4,0,0,0,0,0,0,0,0,0,0,0,0
0,1.165367126,214.2760773,-27.57341957,6.737221718,0.407897353,4.607043266,7.753175259,-6.810952187,-4.712306023,0,-2.190100998,-2.097251101,-2.231105784,-1.735957792,-3.049069228,10.55732785,0.701849701,-0.93187654,0.579453771,13.08333333,326.436,0.328068806,-0.496467708,2.971612487,46.53,0.285714286,0,0,0,0,1,0,1,0,0,2,0,6,0,0,0,0,1,5.16706,1,0,0,0,0,0,0,0,0,0,0,0,0,0,0,0,0,0,0,0,0,0,0,0,0,0,0
0,1.519892693,163.3959808,65.58862305,-0.407291412,0.719983459,3.423882723,4.456263542,-3.297105551,-5.314648151,1,-2.646905797,-2.784997216,-2.665115596,-2.242256337,-3.540783451,14.66620242,0.007466977,-4.909978552,0.25622599,14.2,580.466,0.470830634,-0.492633536,1.624196905,186.72,0.304347826,0,1,1,1,1,2,3,0,0,12,3,10,0,0,0,0,4,3.0945,0,0,0,0,0,0,0,4,2,0,0,0,5,0,1,1,0,0,0,0,0,1,0,0,0,0,0
0,1.043954611,175.758255,12.17071152,5.344493866,3.86007905,9.518781662,5.343408585,-5.24693203,-4.742798805,0,-2.450093326,-2.355931492,-2.439695443,-1.973618988,-3.230164398,12.20094358,0.274163202,-0.437223761,0.734619022,56.95833333,332.528,0.132960181,-0.390171961,1.609596632,37.3,0.954545455,4,0,4,0,0,0,0,8,0,2,0,1,0,4,0,0,4,4.9853,0,1,0,0,0,0,0,0,0,0,0,0,0,0,5,0,1,0,0,0,0,0,0,0,0,0,0
0,1.135220051,194.5446167,26.85843277,5.958833694,3.550320625,10.131567,5.973622322,-5.700967789,-5.027878761,0,-2.65499969,-2.610723359,-2.677877256,-2.175814686,-3.362758994,10.15552211,0.106424188,-0.106424188,0.688781387,44.42307692,349.518,0.057740057,-0.392796685,1.476849256,33.12,0.625,4,0,4,0,0,1,1,6,0,2,1,1,0,2,0,0,5,5.3986,0,1,0,0,0,0,0,1,0,0,0,0,0,0,5,0,0,0,0,0,0,0,0,0,0,0,0
0,1.637364984,247.2435303,68.47563171,4.244624138,3.72105813,5.473995209,1.082440376,-5.510679245,-4.847446918,0,-2.199441367,-2.393873532,-2.375543073,-1.868500322,-3.234467768,12.03588829,0.013025794,-0.63356198,0.66118045,10.19047619,327.123,0.270570702,-0.507119704,2.273996756,92.47,0,0,0,0,1,2,0,2,0,0,4,0,3,0,0,0,0,2,3.8595,0,0,0,0,0,1,0,1,1,0,0,0,1,0,0,2,0,0,0,1,1,0,0,0,0,0,0
0,1.155309319,181.1159058,11.02018356,3.796257973,1.449872255,8.885015488,8.989204407,-5.952684402,-5.43993187,1,-2.560285751,-2.444411519,-2.45145491,-2.020949118,-3.638838212,14.17401577,0.110789075,-1.964602514,0.265829428,49.01923077,747.964,0.31118842,-0.458936581,2.221952095,182.91,0.947368421,0,3,3,0,0,0,0,18,0,14,3,8,3,3,0,0,3,2.4397,0,4,0,0,0,0,0,1,0,0,0,0,0,0,0,0,1,0,1,0,0,0,0,0,0,0,0
0,1.367160678,112.4280777,10.61322403,0.290920019,-0.866394281,8.777963638,8.391277313,-1.423843145,-6.010304928,1,-2.287975576,-2.338384017,-2.594466166,-1.818075814,-3.306129873,10.35456005,0.41900701,-0.478640534,0.379953466,11.71428571,331.467,0.273570192,-0.369830001,2.218277243,83.33,0.583333333,0,0,0,0,0,1,1,0,0,8,1,10,0,0,0,0,1,1.3225,0,0,0,0,0,0,0,3,2,0,0,0,0,0,0,0,0,0,0,1,0,0,0,1,0,0,0
0,1.103170395,141.589386,-10.25989532,6.110211372,3.773497105,10.75944138,9.404619217,-6.088422775,-4.852281094,1,-2.35425285,-2.359529439,-2.441328793,-1.829691129,-3.42343171,6.482111678,0.455332735,-0.455332735,0.722714522,20.875,343.898,0.115262256,-0.365774548,1.782494615,12.47,0.428571429,0,1,1,0,2,0,2,2,0,2,1,6,1,1,0,0,3,5.1044,0,0,0,0,0,0,0,1,0,0,0,0,0,0,0,1,0,0,0,0,0,0,0,0,0,0,0
0,1.588575602,158.6888123,11.28881454,2.782634974,2.883713484,7.989207268,2.741179466,-5.033373356,-4.491333008,1,-2.398524591,-2.611228062,-2.542210878,-2.107749086,-3.356654292,12.09533837,0.145285966,-4.733560863,0.602377091,16.84,359.26,0.572596301,-0.442978626,1.543639775,88.65,0.357142857,0,1,1,0,1,1,2,1,0,7,2,5,0,0,0,0,3,2.6677,0,0,0,0,0,0,0,3,0,0,0,0,0,0,1,3,0,0,0,1,0,0,0,0,0,0,0
0,1.365265489,191.7469482,37.00938797,3.962786674,4.272109985,6.993725777,3.729155779,-5.36999321,-4.611290932,0,-2.185016064,-2.235594409,-2.359950615,-1.715621626,-3.071658637,12.87620487,0.066336731,-0.435162299,0.762436004,23.11538462,366.844,0.227983111,-0.503812315,1.557149363,54.37,0.272727273,2,0,2,0,2,0,2,0,0,3,0,2,0,1,0,0,4,5.5051,0,1,0,0,0,0,0,0,0,0,0,0,0,0,1,1,2,0,0,0,0,0,0,0,0,0,0
0,1.378000379,120.0853119,42.28287888,2.27786541,1.314956665,5.795986176,4.990213394,-3.848642826,-4.945201397,1,-2.484414077,-2.590553226,-2.551243839,-2.071240352,-3.582110592,15.32911481,0.022943299,-2.039702689,0.130418383,13.45098039,717.779,0.417637446,-0.459718142,1.349281666,159.37,0.285714286,0,0,0,1,2,3,5,3,0,12,3,13,0,0,0,1,5,4.58458,0,1,0,0,0,0,0,7,1,0,0,0,1,0,0,2,0,0,0,0,0,0,0,0,0,0,0
0,1.435886264,170.7403259,47.22655869,5.400798321,1.904014707,4.205430508,6.901819229,-5.306096077,-5.758653641,1,-2.460892952,-2.598662441,-2.501922527,-2.123966773,-3.634612927,15.08773424,0.016239302,-4.663898375,0.379567537,17.17073171,572.559,0.415990299,-0.496687833,1.602838026,77.84,0.310344828,0,2,2,0,3,0,3,1,0,7,2,6,1,1,0,0,5,5.7074,1,0,0,0,0,0,0,4,0,0,0,0,2,0,1,4,0,0,0,0,0,0,0,0,0,0,0
0,1.332787037,164.746109,56.31123734,4.284684181,4.004792213,6.768874645,4.175572395,-4.381113529,-4.151813984,1,-2.566012589,-2.465657828,-2.49186835,-2.004743877,-3.416478379,12.88590538,0.308760262,-0.721712963,0.818100098,17.33333333,371.393,0.336507245,-0.465580049,2.256030792,103.55,0.368421053,0,1,1,0,1,1,2,1,0,8,2,4,0,0,0,1,3,2.5822,0,0,0,0,0,0,0,2,1,0,0,0,0,0,1,0,0,0,0,0,0,0,0,0,0,0,0
0,1.688684821,235.185791,73.15203857,3.063455582,1.825934887,4.838638306,1.493694305,-4.423560143,-5.192615032,1,-2.33369717,-2.496874277,-2.541398437,-2.011578211,-3.359629157,12.092578,0.015986919,-0.888804854,0.165893622,10.96296296,413.173,0.314952405,-0.6173861,2.165737868,149.46,0.133333333,0,0,0,0,1,2,3,0,0,8,2,3,0,0,0,0,3,3.28004,0,0,0,0,0,2,0,4,0,0,0,0,0,0,0,2,0,0,0,1,1,0,0,0,0,0,0
0,1.66089654,227.8107452,81.58668518,4.787653923,3.314885139,7.45930624,5.749991894,-6.166358471,-4.707932949,0,-2.981778822,-3.129892548,-3.036795155,-2.48602747,-3.994823485,14.7950617,0.080438634,-0.580811623,0.331238805,13.10810811,615.403,0.335874042,-0.338441795,1.904147443,107.13,0.230769231,1,0,1,1,2,2,4,0,0,8,2,5,0,1,0,0,5,3.94012,0,0,0,0,0,0,0,3,2,0,0,0,3,0,1,2,0,0,0,0,0,0,0,0,0,0,0
0,1.313374758,254.3219299,45.28580856,3.97770834,2.175226212,4.284173012,4.885159492,-6.302638054,-5.013813972,1,-2.696589422,-2.773660264,-2.672625282,-2.263443117,-3.62859147,14.562183,0.018515029,-1.957695434,0.114855483,30.84210526,785.891,0.312108054,-0.506736739,1.577766284,198.38,0.441860465,0,2,2,1,2,2,4,9,4,13,4,2,0,0,0,0,6,6.15784,0,2,0,0,0,2,0,2,1,0,0,0,1,0,2,0,1,0,0,0,0,0,0,0,0,0,0
0,1.261581182,156.6763763,26.66016769,4.65113163,1.25444293,4.727475643,4.365913391,-5.749829292,-4.722448826,0,-2.739879993,-2.760807704,-2.775032773,-2.338472738,-3.834188648,13.36050722,0.201510886,-0.479613591,0.586744199,17.34375,428.54,0.25568094,-0.293990636,1.383608879,87.13,0.4,1,1,2,1,2,1,3,0,0,5,2,7,0,1,1,0,5,4.7774,0,0,0,0,1,0,0,5,1,0,0,1,0,0,0,0,0,0,0,0,0,0,0,0,0,0,1
0,1.220535636,92.83968353,55.01616287,4.66009903,2.991701603,10.92315865,4.477505684,-4.78621769,-4.567691803,1,-2.606236092,-2.538669945,-2.604864933,-2.14381103,-3.30852795,11.24332142,0.154883236,0.154883236,0.883226598,24.27777778,245.322,0.219225603,-0.492948441,1.644245333,38.33,0.533333333,1,1,2,1,1,0,1,2,0,2,1,4,0,1,0,0,3,2.2512,0,0,0,0,0,0,0,0,1,0,0,0,0,0,1,0,0,0,0,0,0,0,0,0,0,0,0
0,1.219127417,119.6052856,40.63594437,4.925654888,3.150052547,10.51865864,8.230995178,-6.087536335,-4.744175911,1,-2.506947754,-2.496962315,-2.507060004,-2.145551961,-3.470536421,13.19560413,0.137241276,-0.817283128,0.622271327,18.3125,426.56,0.232387696,-0.492959132,1.381834196,55.56,0.321428571,0,2,2,1,3,0,3,1,0,3,2,7,1,1,0,0,5,3.9575,0,0,0,0,0,0,0,1,0,1,0,0,0,0,1,0,0,0,0,0,0,0,0,0,0,0,0
0,1.35227716,103.0647202,51.03946304,2.863060713,3.584606647,9.676343918,4.571249008,-5.102172375,-4.51214838,1,-2.562797284,-2.513850759,-2.561582068,-2.034491462,-3.387201577,14.44797069,0.055634251,-0.547291247,0.746231834,18.23076923,373.449,0.308319986,-0.415584794,1.626197776,46.61,0.4,1,1,2,0,1,1,2,1,0,5,2,5,0,1,0,1,4,3.891,0,0,0,0,0,0,0,1,0,0,0,0,0,0,1,1,1,0,0,0,0,0,0,0,0,0,0
0,1.345230103,162.804657,58.4977684,4.224214554,2.393266439,7.621427536,4.561562538,-4.18802309,-4.932003021,0,-2.718682641,-2.922731593,-2.733638045,-2.31804935,-3.700549515,15.79455328,0.035972747,-0.896977019,0.359067917,15.53658537,560.605,0.355414882,-0.507136778,1.833392424,104.45,0.3,0,1,1,1,1,3,4,1,0,8,4,5,1,1,0,0,5,4.48142,0,0,0,0,0,1,0,6,0,0,0,0,1,0,1,2,0,0,0,0,0,0,0,0,0,0,0
0,1.181074739,145.0498199,14.72704697,3.807851791,3.181105137,8.927907944,8.387104988,-6.101917267,-5.317168713,1,-2.56158485,-2.450190241,-2.4655776,-2.01696151,-3.630037247,14.39116232,0.161811021,-1.188711571,0.186699559,43.45614035,813.979,0.311082936,-0.46195519,1.815385299,184.19,0.87804878,0,4,4,0,0,0,0,18,0,16,4,9,4,4,1,0,4,3.6209,0,0,0,0,0,0,0,1,0,0,0,0,0,0,0,0,1,0,1,0,0,0,0,0,0,0,0
0,1.191480398,125.1858444,30.00982285,5.527436256,2.318958998,4.571168423,5.410834312,-6.132574081,-4.830004692,1,-2.686705978,-2.722143127,-2.601328493,-2.301726202,-3.694132616,13.07138283,0.083072641,-1.040954927,0.516689313,14.72727273,452.595,0.338977967,-0.492966228,1.795905739,78.87,0.481481481,0,1,1,1,2,0,2,1,0,4,1,10,1,1,0,0,3,5.2199,0,0,0,1,0,0,0,1,1,0,0,0,1,0,0,0,0,0,0,0,0,0,0,0,0,0,0
0,1.047081232,161.0643616,-48.82964325,3.610873222,1.109572053,12.23615456,8.544193268,-3.330184221,-4.616664886,1,-2.190015411,-2.185393205,-2.30255211,-1.853596487,-3.189018515,6.164212963,0.011435185,0.011435185,0.793208727,12.6,269.388,0.107851394,-0.367449336,2.228710246,12.47,0.333333333,0,0,0,0,2,0,2,1,0,2,0,6,0,0,0,1,2,3.66262,0,0,0,0,0,0,0,1,0,0,0,0,0,0,0,0,0,0,0,0,0,0,0,0,0,0,0
0,1.202715278,196.1273956,33.3281517,5.493797302,3.749704123,9.213320732,7.536482334,-5.700318813,-5.665203094,1,-2.627092348,-2.611963564,-2.628067443,-2.274213987,-3.523429817,13.460934,0.012365884,-0.886245512,0.326500977,23.075,567.796,0.251521733,-0.507660948,1.535924798,101.9,0.5625,1,1,2,2,2,0,2,5,0,6,1,9,1,2,0,0,4,4.74762,0,1,0,0,0,1,0,1,2,0,0,0,0,0,1,0,0,0,0,0,0,0,0,1,0,0,0
0,1.428143024,250.2532654,66.87324524,5.652492523,3.76755929,4.38753891,7.582016468,-5.43377018,-4.829455853,1,-2.749247514,-2.799870606,-2.758335794,-2.175943306,-3.85505886,13.26660487,0.334522981,-0.765640559,0.296164737,19.28571429,649.67,0.306125779,-0.481024796,1.156458755,101.9,0.517241379,1,2,3,1,0,3,3,0,0,9,5,7,2,3,0,0,6,6.5814,1,0,0,0,0,0,0,5,1,0,0,0,3,0,0,2,0,0,0,0,0,0,0,0,0,0,0
0,1.264179111,229.9884338,32.08949661,3.788869858,1.67681396,5.259994507,7.243363857,-6.04090786,-5.083497047,1,-2.652131911,-2.655590335,-2.633577946,-2.2270014,-3.483607017,14.7086426,0.01644622,-1.967469384,0.263075388,33.83606557,847.019,0.312108052,-0.50673306,1.490863925,205.55,0.586956522,1,4,5,1,1,0,1,9,5,14,4,4,1,1,1,0,6,4.61572,0,2,0,0,0,1,0,2,2,0,0,0,0,0,3,0,2,0,0,0,0,0,0,0,0,0,0
0,1.257000685,148.6257172,31.32949448,3.4978652,0.627739429,4.147166252,5.926854134,-3.644517899,-4.624140739,1,-2.466858095,-2.276816037,-2.279355782,-1.923601614,-3.423887761,11.28582703,0.0047423,-0.820304521,0.905784288,21.42857143,287.359,0.306201519,-0.481141302,2.236500547,62.32,0.470588235,0,1,1,0,1,1,2,1,0,2,2,4,0,0,0,1,3,3.383,1,0,0,0,1,0,0,0,1,0,0,0,0,0,3,0,0,0,0,0,0,0,0,0,0,0,0
0,1.428081751,208.3315277,72.58197021,4.580242157,1.024914384,5.334189892,7.409536839,-5.08870554,-5.158173561,1,-2.391508627,-2.208264383,-2.346725035,-1.65890528,-3.394417494,11.02495662,0.514444252,-0.820828189,0.736403991,12.94736842,273.719,0.310186689,-0.480788495,2.243216956,53.09,0.133333333,0,0,0,0,2,1,3,1,0,1,1,2,0,0,0,1,3,4.1626,1,0,0,0,1,0,0,0,1,0,0,0,0,0,3,1,0,0,0,0,0,0,0,0,0,0,0
0,1.213749409,218.7483521,44.81775284,5.476022243,3.289417267,9.331292152,5.275310516,-5.175330162,-4.632874012,1,-2.630658865,-2.782994872,-2.801866329,-2.257820483,-3.553085431,12.70071594,0.083364675,-1.241728618,0.731014021,36.21875,433.592,0.16134614,-0.381505227,1.672550934,57.61,0.571428571,4,0,4,0,1,0,1,5,0,4,0,3,0,2,0,0,5,4.9722,0,1,0,0,0,0,0,1,0,0,0,0,1,0,4,0,2,0,0,0,0,0,0,0,0,0,0
0,1.454320192,146.393158,46.86680984,3.039980888,0.451824784,5.479998589,1.441678047,-3.845422268,-4.832567215,1,-2.066069721,-2.198720261,-2.273328407,-1.752597184,-3.063863188,12.18059713,0.059395314,-0.860144033,0.38710486,10.25,273.244,0.314892024,-0.50406053,2.498650958,100.67,0.071428571,0,0,0,0,2,0,2,0,0,5,0,3,0,0,0,0,2,2.54542,0,0,0,0,0,2,0,1,0,0,0,0,0,0,0,0,1,0,0,1,1,0,0,0,0,0,0
0,1.54899168,222.3461304,73.22587585,4.340509415,4.219675064,10.70444775,5.486456871,-5.926865101,-4.991721153,0,-2.503141895,-2.693994146,-2.585812496,-2.148960284,-3.54652409,14.65491834,0.04830329,-0.633544874,0.322975018,10.78787879,510.367,0.323264549,-0.373087694,1.768282987,88.05,0.125,0,0,0,2,2,2,4,0,0,5,2,5,0,0,0,0,4,5.6707,0,0,0,0,0,0,0,2,3,0,0,0,3,0,1,2,0,0,0,0,0,0,0,0,0,0,0
0,1.424989343,257.4910889,62.09140396,-0.04971385,-0.356220722,5.749598503,8.141724586,-2.68809557,-4.72553587,1,-2.694990438,-2.665279413,-2.688460158,-2.331244865,-3.754182805,14.98365316,0.043358791,-1.315329409,0.874739826,20.26923077,361.373,0.340723138,-0.486916991,2.004088915,75.01,0.444444444,0,2,2,0,1,1,2,1,0,6,3,2,1,1,0,1,4,1.544,0,0,0,1,0,0,0,3,0,0,0,0,1,0,0,1,0,0,0,0,0,0,0,0,0,0,0
0,1.252328992,234.2777252,67.88165283,5.425079346,2.748168945,8.602168083,7.334079742,-5.65034008,-5.305792332,0,-2.605050361,-2.790179089,-2.840784777,-2.291591586,-3.811576207,13.88475125,0.085702099,-0.349654954,0.58209012,20.27777778,482.628,0.195314957,-0.378792323,1.368747219,72.36,0.466666667,1,2,3,0,2,1,3,0,0,5,3,3,2,2,0,0,6,4.77328,0,0,0,0,1,0,0,3,1,0,0,0,1,0,4,0,1,0,0,0,0,0,0,0,0,0,0
0,1.28482759,150.1003571,51.91016769,6.845903397,5.956634521,10.14338684,8.495043755,-7.857261658,-4.74727726,0,-2.139554612,-2.211530497,-2.480735418,-1.756940909,-3.239845452,11.50441668,0.589223479,-0.643914629,0.221686694,14.42857143,528.951,0.092314293,-0.387049101,1.790468244,23.47,0.333333333,1,0,1,0,3,0,3,1,0,2,0,10,0,0,0,1,4,9.1517,0,1,0,0,0,0,0,1,0,0,0,0,0,0,3,3,0,0,0,0,0,0,0,0,0,0,2
0,0.987640023,124.353241,-74.679245,-1.077328682,-1.622554064,10.98621082,10.14354324,0.51348567,-4.545590401,1,-2.102657272,-2.001198972,-2.262803861,-1.641412704,-3.058356135,3.222222222,1.138888889,1.138888889,0.402237247,24,86.138,0.007722976,-0.314205753,2,24.06,1,0,1,1,0,0,0,0,0,0,2,1,0,1,1,0,0,1,-0.8208,0,0,0,0,0,0,0,0,2,0,0,0,0,0,0,0,0,0,0,0,0,0,0,0,0,0,0
0,1.237735033,132.079834,21.55989456,5.176954269,2.860044479,9.517539978,8.728297234,-5.456084251,-4.748400688,0,-2.395412862,-2.54948313,-2.400843191,-2.09885111,-3.417443308,13.22135676,0.049623751,-0.155457294,0.813118982,29.25925926,362.473,0.410393393,-0.444416737,1.426826695,32.78,0.434782609,0,4,4,1,2,0,2,2,2,3,4,2,3,3,0,0,6,3.8649,0,0,0,0,0,0,0,2,0,0,0,0,0,0,4,0,0,0,0,0,0,0,0,0,0,0,0
0,1.14978075,126.6112061,-26.69703484,4.534655571,3.403417826,8.972319603,7.351427555,-4.354689121,-4.524700165,1,-2.344697936,-2.372261026,-2.44729234,-2.015161268,-3.227539041,12.82365253,0.015838766,-1.58111863,0.600570293,17.23076923,357.494,0.343593424,-0.450103646,2.056554751,49.77,0.590909091,1,0,1,0,1,0,1,1,0,4,0,7,0,1,0,1,2,3.3429,0,1,0,0,0,0,0,1,0,0,0,0,0,0,0,0,0,0,0,0,0,0,0,0,0,0,0
0,1.123523593,89.14849854,-7.010360718,3.716121674,0.093833923,4.847344398,5.473625183,-3.664587498,-5.538564682,1,-2.287595829,-2.181457781,-2.209219484,-1.731872108,-3.069577797,10.99116855,0.300955635,-0.755916413,0.404105152,12.58333333,344.492,0.308561721,-0.480836916,3.625775403,94.83,0.894736842,0,0,0,0,0,0,0,0,0,3,0,14,0,0,0,0,0,4.4699,2,1,0,0,0,0,0,0,0,0,0,0,0,0,0,0,0,0,0,0,0,0,0,0,0,0,4
0,1.365334988,170.23526,62.80975723,4.398539543,3.852835178,10.21260357,3.831103563,-5.570437431,-4.559871197,0,-2.366038623,-2.449015987,-2.578538989,-2.0260369,-3.475553129,13.89500808,0.119064381,-0.590366001,0.501307725,18.4375,450.93,0.256582446,-0.49673959,1.594503247,88.93,0.304347826,0,1,1,1,2,2,4,1,0,6,3,4,1,1,0,0,5,4.26542,0,0,0,0,1,0,0,5,1,0,0,0,0,0,1,1,0,0,0,0,0,0,0,0,0,0,0
0,1.32372427,174.6973419,59.92975235,4.862321854,3.73944664,10.3200016,7.572890759,-5.936837673,-5.18454361,0,-2.475627014,-2.624046904,-2.556813754,-1.988082139,-3.583121584,12.61277934,0.279665633,-0.297099514,0.21847546,11,557.054,0.247689191,-0.491617157,1.643670572,112.4,0.2,0,0,0,1,2,2,4,0,0,8,2,11,0,0,0,0,4,5.93248,0,0,0,0,0,0,0,4,2,0,0,0,3,0,1,1,0,0,0,0,0,0,0,0,0,0,0
0,1.586768508,253.4032288,52.55229568,4.536520958,-1.580255985,2.677480221,1.954357147,-4.261602879,-6.53728056,1,-1.996574776,-2.000689129,-2.07528221,-1.563036593,-3.142736499,10.88000297,0.166805556,-1.31264178,0.639963472,10.72727273,302.242,0.33905109,-0.507050109,2.328594062,139.78,0,0,0,0,0,2,0,2,0,0,6,0,4,0,0,0,0,2,2.9096,0,0,0,2,0,2,0,2,0,0,0,0,0,0,0,0,0,0,0,0,0,0,0,0,0,0,0
0,1.389899731,224.9833832,60.42159653,2.476484537,2.76993227,8.988578796,2.612417698,-4.738233566,-4.750902653,0,-2.516762021,-2.731777121,-2.849524531,-2.171616209,-3.730391002,14.54567941,0.0401075,-0.59604591,0.453318466,12.32258065,415.432,0.268521063,-0.358143704,1.737843692,101.38,0.136363636,0,0,0,0,2,3,5,1,0,7,3,5,0,0,0,0,5,3.7543,0,0,0,0,1,0,0,5,2,0,0,0,1,0,2,1,0,0,0,0,0,0,0,0,0,0,0
0,1.574449301,201.7283936,24.86314011,4.158470154,0.433731198,2.899300575,2.12089777,-3.704354048,-4.930459023,1,-2.076619324,-2.092940504,-2.11280555,-1.657810607,-3.06890157,13.51959136,0.068425926,-1.32234274,0.860782458,10.33333333,250.2,0.338991799,-0.507052124,2.575667364,57.53,0,0,0,0,0,2,0,2,0,0,2,0,2,0,0,0,0,2,3.0356,0,0,0,1,0,1,0,0,0,0,0,0,0,0,0,2,0,0,0,0,0,0,0,0,0,0,0
0,1.03374362,86.58016968,-30.67179489,5.883873463,3.1659863,9.504174232,7.685882568,-4.353121281,-4.642303944,0,-2.21610469,-2.372113642,-2.414202572,-1.950571195,-3.215812584,3.214157344,0.068646754,0.068646754,0.725861827,11.86363636,291.438,0.023966214,-0.298409396,1.977713433,3.24,0.333333333,0,0,0,0,2,0,2,0,0,1,0,4,0,0,0,0,2,4.8773,0,0,0,0,0,0,0,1,0,0,0,0,0,0,1,0,0,0,0,0,0,0,0,0,0,0,0
0,1.303137422,115.5025711,28.28989792,3.811827183,4.067303658,8.893110275,6.420065403,-4.786849499,-5.068730354,0,-2.444963003,-2.500063349,-2.400944382,-1.866141133,-3.479091563,13.26682134,0.135772156,-0.876714489,0.329448553,15.62857143,479.533,0.336296878,-0.465580056,1.839003616,111.01,0.307692308,0,1,1,0,2,0,2,1,0,8,1,9,0,0,0,1,3,3.6778,0,0,0,0,0,0,0,2,1,0,0,0,0,0,0,0,0,0,0,1,1,0,0,0,0,0,0
0,1.381425738,193.2090912,44.61753464,3.89718008,0.024749756,4.553897381,3.130717754,-5.433301926,-5.182762623,1,-2.31451682,-2.332824119,-2.316468922,-1.848277662,-3.348713951,13.65553483,0.145455331,-1.036409625,0.885185467,16.2,356.418,0.30734864,-0.48098578,2.101112058,54.37,0.15,1,0,1,0,2,0,2,1,0,2,0,4,0,0,0,1,3,4.3655,1,0,0,0,0,0,0,0,0,0,0,0,0,0,1,1,0,0,0,0,0,0,0,0,0,0,0
0,1.297671199,178.0017548,24.60087204,3.466139793,3.345166683,5.552233219,2.969976902,-4.742530823,-4.406607151,0,-2.407052885,-2.33597593,-2.423816358,-1.89786353,-3.22277571,12.30100671,0.025512094,-0.470460128,0.736522955,12.42857143,280.323,0.343351507,-0.506592004,2.259700102,50.44,0.166666667,0,0,0,0,2,1,3,1,0,3,1,3,0,0,0,1,3,4.0405,0,0,0,0,0,1,0,0,0,0,0,0,0,0,1,0,0,0,0,0,0,0,0,0,0,0,0
0,1.515657187,244.651123,49.89811325,4.375291348,0.00489378,3.421819925,2.104014397,-4.755748749,-5.095123768,1,-2.445595258,-2.450995161,-2.501887049,-2.198508411,-3.56515205,12.34101012,0.023055499,-3.794932348,0.540588222,11.42857143,398.4,0.33905109,-0.507050109,1.765846496,141.31,0,0,0,0,0,2,1,3,0,0,7,1,6,0,0,0,0,3,3.7016,0,0,0,1,0,1,0,3,1,0,0,0,1,0,0,0,0,0,0,0,0,0,0,0,1,0,0
0,1.277656317,113.5352554,12.95222092,4.588148594,3.595115662,7.872151852,7.880213261,-5.462337494,-4.642849922,0,-2.474485929,-2.545810509,-2.51870165,-2.132642711,-3.438606207,12.89898296,0.131416859,-0.459607243,0.603082429,14.79310345,391.467,0.341514171,-0.460632331,1.627987181,59.75,0.333333333,0,1,1,0,2,1,3,0,0,5,2,5,1,1,0,0,4,4.41112,0,0,0,0,0,0,0,1,0,0,0,0,0,0,1,0,0,0,0,0,0,0,0,0,0,0,0
1,1.305664539,258.2308655,33.55025864,3.530506372,1.174476624,5.196154118,4.636214256,-6.560050011,-5.194867611,1,-2.680489365,-2.62776239,-2.522382217,-2.164320984,-3.573558965,13.92488404,0.070923869,-1.981137711,0.143087409,33.22,697.778,0.312109192,-0.50719516,1.869331302,201.31,0.486486486,0,3,3,1,2,0,2,9,5,12,3,2,0,0,0,0,5,4.75412,0,2,0,0,0,3,0,0,1,0,0,0,1,0,14,0,1,0,0,0,0,0,0,0,0,0,0
1,1.405920625,217.3012848,71.9303894,1.406112194,-0.384711504,6.084894657,9.230881691,-3.641680479,-4.8681674,1,-2.756289749,-2.821853897,-2.813032587,-2.504880433,-3.943698411,15.32022251,0.059850298,-1.301440712,0.818518297,24,401.438,0.340723118,-0.492238337,1.729081682,83.8,0.523809524,1,2,3,0,1,1,2,2,0,6,3,4,2,3,0,0,5,2.3705,0,0,0,1,0,0,0,2,1,0,0,0,1,0,2,1,0,0,0,0,0,0,0,0,0,0,0
1,1.700888991,209.5954437,65.36422729,3.451543331,3.062391043,7.973769188,3.920235157,-4.437878609,-4.948298931,1,-2.435285141,-2.645921274,-2.592399323,-2.000232783,-3.572066916,15.13682122,0.000486308,-0.695005918,0.389285654,11,457.687,0.276639911,-0.393874382,2.086710628,88.41,0.176470588,0,0,0,1,2,1,3,0,0,6,1,6,0,0,0,0,3,3.5256,0,1,0,0,0,0,0,2,2,0,1,0,2,0,1,3,0,0,0,0,0,0,0,0,0,0,0
1,1.363968253,257.0080872,74.83306885,3.116054058,1.024045825,8.479421616,8.455799103,-1.609746337,-4.723582745,1,-2.793379311,-2.703478091,-2.692151322,-2.312262401,-3.551359323,12.4926644,0.172453704,-0.365925926,0.786933531,39.85714286,285.343,0.173755456,-0.504246443,1.833036088,49.77,0.588235294,2,2,4,0,1,0,1,4,2,4,2,0,1,2,1,0,5,1.6303,0,0,0,0,0,1,0,1,0,0,0,0,0,0,0,0,1,0,0,0,0,0,0,0,0,0,0
1,1.434179664,252.8156586,69.77124023,2.411533117,0.253109217,6.499652386,8.532282829,-1.426277399,-4.744021893,1,-2.765449851,-2.675548631,-2.654841093,-2.291660215,-3.639996242,12.52377551,0.003187831,-0.95375,0.739698012,42,301.342,0.173963021,-0.504246433,1.877413743,70,0.588235294,2,2,4,0,1,0,1,4,2,5,2,0,1,2,1,0,5,0.7452,0,1,0,0,0,1,0,1,0,0,0,0,0,0,0,0,1,0,0,0,0,0,0,0,0,0,0
1,1.205452681,99.23825073,22.21606827,6.453310013,3.968483448,11.52352524,7.765146255,-6.162261486,-4.706486702,0,-2.498219242,-2.44142582,-2.619178022,-1.877040834,-3.464953035,6.135091818,0.27739481,0.27739481,0.562641076,16.78571429,390.958,0.060220251,-0.296541993,1.48466459,6.48,0.28,0,1,1,0,3,0,3,1,0,2,1,5,1,1,0,1,4,5.55562,0,0,0,0,0,0,0,2,0,0,0,0,0,0,0,1,0,0,0,0,0,0,0,0,0,0,0
1,0.956422508,72.47949982,-66.69094086,2.008758783,2.780997276,10.55268002,6.230249882,-1.251633167,-4.024112225,1,-2.105117453,-2.188459262,-2.386941931,-1.685954199,-3.041758951,5.191416604,0.703268141,0.703268141,0.607262791,9.75,159.232,0.059883154,-0.291126464,2.480668699,3.24,0.272727273,0,0,0,0,1,0,1,0,0,1,0,3,0,0,0,0,1,1.7516,0,0,0,0,0,0,0,1,0,0,0,0,0,0,0,0,0,0,0,0,0,0,0,0,0,0,0
1,1.377754092,169.412262,36.39253616,3.77897191,0.473827124,3.741817713,4.788513184,-4.491793633,-4.965507984,1,-2.132518936,-2.049899279,-2.153488165,-1.616321194,-3.174898943,12.28434446,0.138230138,-1.331642144,0.851336673,11.04545455,318.756,0.346952726,-0.478304314,2.164915984,63.6,0.176470588,0,0,0,0,2,0,2,0,0,3,0,5,0,0,0,0,2,3.813,1,0,0,0,0,0,0,0,0,0,0,0,0,0,0,1,1,0,0,0,0,0,0,0,0,0,0
1,1.327006459,215.3123627,61.2428093,3.722721338,2.120602846,6.699661255,6.778258801,-6.301589966,-5.656851292,1,-2.624185149,-2.674297216,-2.561851181,-2.223394916,-3.504346755,14.1727041,0.144164283,-2.042078416,0.434010405,33.3255814,581.673,0.280215641,-0.360870664,1.111581158,118.21,0.424242424,1,4,5,3,2,1,3,6,0,6,5,4,3,3,0,0,8,1.9908,0,1,0,0,1,0,0,3,2,0,0,0,0,0,5,0,0,0,0,0,0,0,0,0,0,0,0
1,1.147496581,168.2628632,-1.591423035,5.725481033,4.042712212,11.61714935,9.561501503,-6.379177094,-5.147087097,0,-2.025450784,-2.205008433,-2.201469595,-1.75726516,-3.145605654,12.76510391,0.182971729,-4.280615407,0.522407222,13.07692308,357.419,0.415919477,-0.310163964,1.566219927,12.03,0.272727273,0,0,0,0,3,0,3,1,0,1,0,6,0,0,0,0,3,6.142,0,0,0,0,0,0,0,0,1,0,0,0,0,0,1,3,0,0,0,0,0,0,0,0,0,0,0
1,1.51054275,77.28857422,28.18948746,5.730473518,5.945050716,11.12875938,2.304862022,-6.465688705,-4.293289185,0,-2.067220652,-2.134816337,-2.28235363,-1.56534892,-3.012831339,6.200874591,0.167314815,-0.577707861,0.615021467,12.72222222,320.046,0.118277552,-0.104335408,2.467618737,0,0.142857143,0,0,0,0,2,0,2,1,0,0,0,3,0,0,0,1,2,5.929,0,0,0,0,0,0,0,0,0,0,0,0,0,0,0,4,0,0,0,0,0,0,0,0,0,0,0
1,1.283063412,237.0948944,31.98994064,4.368619442,1.470050573,5.041732311,7.785260677,-6.636864662,-5.053478241,1,-2.88650953,-2.921680552,-2.769940699,-2.391323063,-3.777332014,14.53458574,0.063066517,-2.043394487,0.092638188,32.36507937,877.045,0.312109195,-0.506735678,1.47246725,220.15,0.574468085,1,4,5,1,2,0,2,9,5,15,4,5,1,2,0,0,7,5.64822,0,2,0,0,0,3,0,3,1,0,0,0,1,0,14,0,1,0,0,0,0,0,0,0,0,0,0
1,1.343167186,137.5837402,31.20768356,2.983445168,2.109396219,4.43934679,1.325424671,-4.228593826,-4.362817764,1,-2.159882776,-2.22612011,-2.384268842,-1.754715655,-2.941010326,12.30998165,0.119660336,-0.705272109,0.771772642,14.57894737,252.269,0.178348022,-0.496768209,2.032977548,43.37,0.125,1,0,1,0,2,0,2,0,0,3,0,2,0,0,0,0,3,2.858,0,0,0,0,0,0,0,0,0,0,0,0,0,0,1,0,2,0,0,0,0,0,0,0,0,0,0
1,1.704051495,187.1621399,36.49276352,3.490613937,2.61251688,7.906049728,2.898798466,-4.637533188,-4.230539799,0,-2.635323644,-2.764422336,-2.816581749,-2.202841174,-3.633698312,12.38080335,0.095450733,-3.817093664,0.32581298,11.21875,588.282,0.315971037,-0.473461011,1.806904147,128.22,0.263157895,0,0,0,0,1,2,3,0,0,8,2,11,0,0,0,0,3,3.5727,0,0,0,0,0,0,0,4,2,0,0,0,1,0,0,2,0,0,0,0,0,0,0,0,0,0,0
1,1.318809509,192.7123566,50.39057541,2.380423307,2.541330338,7.660511017,4.327131271,-4.079732418,-4.890552044,1,-2.66968274,-2.587320136,-2.587459752,-2.174116991,-3.377410938,13.02532342,0.030304705,-0.423530394,0.484333714,53.23333333,414.498,0.308886951,-0.468774425,1.489087305,82.2,0.791666667,4,2,6,0,0,0,0,8,0,6,2,1,2,5,2,0,6,3.1245,0,0,0,0,0,0,0,0,0,0,0,0,0,0,4,0,1,0,0,0,0,0,0,0,0,0,0
1,1.59842968,228.526825,74.33677673,2.49189043,4.148147583,6.573664665,4.256259918,-5.877554893,-5.330992222,1,-2.494797742,-2.627351958,-2.550915333,-2.169772507,-3.425519442,13.80854127,0.029648853,-1.192059608,0.742207162,23.65625,449.385,0.276344711,-0.502521395,1.439048184,100.87,0.380952381,1,2,3,2,1,1,2,3,2,6,3,3,1,2,0,0,5,1.6344,0,0,0,0,0,1,0,2,1,0,0,0,0,0,5,3,0,0,0,0,0,0,0,0,0,0,0
1,1.628507495,190.8736877,53.4167366,4.373274803,2.921491623,4.048593521,1.482532978,-5.476075172,-4.885424137,1,-2.582908353,-2.477128893,-2.500821802,-2.071007793,-3.679616146,10.87616677,0.052357621,-0.875359419,0.644772058,14.20833333,404.289,0.313442002,-0.480612509,1.869043643,68.01,0.235294118,1,0,1,0,2,1,3,0,0,5,1,5,0,1,0,0,4,4.2371,1,0,0,0,0,0,0,3,0,0,0,0,0,0,1,1,0,0,0,0,0,0,0,1,0,0,0
1,1.227101326,201.1912537,14.31057358,3.41991353,2.917021751,8.80060482,4.855683327,-4.297779083,-4.538131714,1,-2.639921107,-2.548805035,-2.53867916,-2.13785791,-3.244811439,11.73036014,0.025032455,-0.261628834,0.642105611,47,300.398,0.305844992,-0.459049041,1.683439676,43.37,0.684210526,3,1,4,0,0,0,0,5,0,3,1,0,1,3,0,0,4,3.5899,0,0,0,0,0,0,0,0,0,0,0,0,0,0,5,0,1,0,0,0,0,0,0,0,0,0,0
1,1.364762664,138.6467896,31.74617386,1.455689669,0.649564266,2.779511452,3.699069738,-4.107901096,-5.401725292,1,-2.534053499,-2.73745418,-2.63498296,-2.209281332,-3.605123714,13.62307513,0.023457164,-5.124318526,0.201686483,17.74358974,585.616,0.469469533,-0.443691512,1.958845054,177.72,0.48,0,1,1,1,2,0,2,3,0,8,1,13,1,1,0,0,3,2.5198,0,0,1,0,0,0,0,1,1,1,0,0,1,0,0,0,0,0,0,0,0,1,0,0,1,0,0
1,1.363242149,192.0767212,66.11871338,3.314578533,3.497201443,9.006398201,3.065125465,-4.463498592,-4.508534908,0,-2.505884267,-2.375742182,-2.506189954,-2.03444098,-3.263739301,11.40049587,0.318770314,-0.318770314,0.553210064,11.47058824,228.247,0.335971815,-0.460952888,2.626324292,43.35,0.214285714,0,0,0,0,1,2,3,0,0,3,2,0,0,0,0,0,3,3.46446,0,0,0,0,0,0,0,0,0,0,0,0,0,0,2,0,0,0,0,0,0,0,0,0,0,0,0
1,1.009408474,100.2339783,-47.34989929,2.589328051,2.034976244,11.61620903,7.560372353,-1.349320412,-4.634969711,1,-2.514013596,-2.55598304,-2.432648035,-2.116729847,-3.583915569,5.805,0.231435185,0.231435185,0.673555547,29,191.274,0.097732361,-0.370567906,2.174499248,12.47,0.5,0,1,1,0,1,0,1,2,0,2,1,1,1,1,0,0,2,2.0782,0,0,0,0,0,0,0,1,0,0,0,0,0,0,0,0,0,0,0,0,0,0,0,0,0,0,0
1,1.491311908,150.1061554,30.09578323,3.607210398,3.422129154,9.494174957,3.515610456,-4.6101017,-4.244195461,1,-2.451991375,-2.631206381,-2.479788746,-1.875442468,-3.559350382,12.88216786,0.154470427,-4.510102868,0.801032513,14.91666667,352.743,0.405951159,-0.301004875,2.158939128,32.67,0.176470588,0,1,1,1,2,0,2,0,0,2,1,2,0,0,0,0,3,4.0863,0,0,0,0,0,0,0,2,0,0,0,0,1,0,1,4,0,0,0,0,0,0,0,0,0,0,0
1,1.522322536,207.6175842,39.54598618,4.046310902,3.845784187,8.276254654,2.999473572,-3.959185839,-4.72823,0,-2.566684926,-2.669509588,-2.662934092,-2.252413185,-3.501503609,13.0498478,0.042270288,-4.711163534,0.455270265,12.51515152,473.381,0.432909009,-0.388633612,2.017607197,108.74,0.315789474,0,0,0,0,0,3,3,0,0,8,3,6,0,0,0,0,3,4.2926,0,1,0,0,0,0,0,5,2,0,0,0,3,0,0,6,0,0,0,0,0,0,0,0,0,0,0
1,1.014608622,149.9213867,-55.68966293,2.743027687,1.008859873,11.09209251,7.818473339,-2.117054462,-4.240577221,1,-2.241009335,-2.229324637,-2.334072163,-1.787436562,-3.137148354,12.06222222,0.025555556,-0.025555556,0.688599384,12.8,205.301,0.179158109,-0.294057798,2.765462428,20.31,0.461538462,0,0,0,0,1,0,1,1,0,2,0,5,0,0,0,1,1,2.5996,0,0,0,0,0,0,0,1,0,0,0,0,0,0,0,0,1,0,0,0,0,0,0,0,0,0,0
1,1.581323981,164.0869598,34.51619339,2.226097345,2.486134052,7.721330166,0.608388901,-3.861078739,-4.56398201,1,-2.537113546,-2.706639784,-2.529249099,-2.079443334,-3.53822213,12.91356706,0.383333333,-4.992877693,0.514937138,17.59090909,317.223,0.422575588,-0.323333098,2.572902702,92.55,0.333333333,0,1,1,3,1,0,1,0,0,4,1,2,1,1,0,0,2,2.4484,0,0,0,0,0,0,0,2,1,0,0,0,1,0,0,3,0,0,0,1,1,0,0,0,0,0,0
1,1.101992607,48.09288788,-72.70217896,2.233164549,1.617331028,10.63109016,3.706572056,-2.380345821,-6.660242081,1,-2.435535309,-2.573392922,-2.492757643,-1.941340062,-3.3208568,12.09370759,0.194230092,-0.358377126,0.096285849,11.19047619,603.75,0.33770428,-0.459641865,1.738603348,121.4,0.766666667,0,0,0,0,1,0,1,0,0,12,0,32,0,0,0,0,1,2.8346,0,0,0,0,0,0,0,0,1,0,0,0,1,0,0,0,0,0,0,0,0,0,0,0,0,0,1
1,1.421326876,239.7503052,82.14781189,1.424412489,-0.01783514,6.182536602,8.813705444,-5.309439659,-4.737620354,1,-2.788380204,-2.838707369,-2.781450975,-2.488090926,-3.976236369,15.64530659,0.013410022,-1.448752462,0.691828918,22.64285714,392.406,0.34072458,-0.477497015,2.046795056,100.59,0.473684211,1,1,2,0,1,1,2,2,0,6,2,3,1,2,0,0,4,2.0816,0,0,1,1,0,0,0,2,1,1,0,0,2,0,1,2,0,0,0,0,0,0,0,0,0,0,0
1,1.696908832,205.1285095,60.13412094,3.107688904,2.690644503,8.141399384,3.990086555,-4.063726425,-4.909592152,1,-2.482363148,-2.67999517,-2.658711862,-2.14933894,-3.58046131,15.05745614,0.016011406,-0.80303061,0.404569983,11,441.232,0.276639916,-0.393874382,2.086710628,88.41,0.176470588,0,0,0,1,2,1,3,0,0,6,1,6,0,0,0,0,3,3.0113,0,1,0,0,0,0,0,2,2,0,1,0,2,0,1,3,0,0,0,0,0,0,0,0,0,0,0
1,1.371021032,198.9816132,59.33704758,2.804228067,1.003122449,6.782292843,8.224681854,-2.148220301,-4.606707573,1,-2.647813743,-2.577383938,-2.598676287,-2.174024106,-3.530204824,12.63331641,0.040783048,-1.001111111,0.801519513,39.29166667,327.38,0.173963021,-0.504246433,1.79694801,70,0.526315789,2,2,4,0,1,0,1,4,2,5,2,2,1,2,1,0,5,1.3014,0,1,0,0,0,1,0,1,0,0,0,0,0,0,0,0,1,0,0,0,0,0,0,0,0,0,0
1,1.418707013,223.4179993,45.27686691,1.023228765,-0.219176769,5.778395653,6.693162918,-2.224048376,-4.573037148,1,-2.478957785,-2.438078794,-2.53156092,-2.137177132,-3.628942289,11.91519274,0.217589758,-1.208634259,0.849523695,10.70588235,232.239,0.340724877,-0.477497013,2.946743973,72.19,0.25,0,0,0,0,0,2,2,0,0,4,2,2,0,0,0,0,2,1.42302,0,0,0,1,0,0,0,2,0,0,0,0,0,0,1,0,0,0,0,0,0,0,0,0,0,0,0
1,1.685961008,245.80896,96.63586426,0.511616707,0.537706375,4.858576298,3.66966939,-3.892868996,-4.599952698,1,-2.50446999,-2.590771385,-2.668030697,-2.189632539,-3.771820089,14.7594719,0.065174395,-1.654986897,0.568456268,14.23333333,440.765,0.340738169,-0.477496856,2.140605297,121.68,0.166666667,0,1,1,0,1,2,3,0,0,7,3,3,1,1,0,0,4,1.9177,0,1,1,1,0,0,0,3,0,1,0,0,2,0,1,4,0,0,0,0,0,0,0,0,0,0,0
1,1.217535496,202.2218933,21.59399033,3.94774437,1.674631119,7.517899513,4.301723003,-4.52533865,-4.539377213,1,-2.263507285,-2.309730111,-2.496043533,-1.932816424,-3.28352244,11.70598797,0.121864568,-0.804305031,0.800112113,42.47826087,311.425,0.155804103,-0.388235747,1.718244878,61.09,0.7,4,0,4,0,0,0,0,4,0,3,0,1,0,2,0,0,4,3.83718,0,1,0,0,0,0,0,1,0,0,0,0,0,0,4,0,1,0,0,0,0,0,0,0,0,0,0
1,1.468022943,104.7852783,10.9512291,3.515730858,1.720928669,8.840751648,8.853935242,-5.913905144,-4.728978634,1,-2.303755665,-2.36994224,-2.36576757,-1.915576926,-3.190068704,12.41273577,0.015653309,-4.633711059,0.671584372,17.85714286,414.346,0.422067028,-0.484101215,2.106626262,59.59,0.588235294,0,1,1,1,1,0,1,1,0,4,1,7,1,1,0,1,2,3.4407,0,0,0,0,0,0,0,0,2,0,0,0,0,0,0,6,0,0,0,0,0,0,0,0,0,0,0
1,1.493915081,220.4344177,56.23081589,2.50459528,2.61141777,9.913348198,2.021708965,-4.142488003,-4.464501858,0,-2.525723019,-2.662851092,-2.56198489,-1.920414037,-3.578705588,11.74134055,0.066434398,-0.488875661,0.682474276,13.68181818,315.716,0.269757097,-0.323833426,2.23359918,84.6,0.066666667,0,1,1,1,2,0,2,0,0,4,1,2,0,0,0,0,3,3.0377,0,0,0,0,0,0,0,2,1,0,0,0,1,0,1,1,0,0,0,1,1,0,0,0,0,0,0
1,1.336254001,157.6166687,-26.1325798,0.306783676,-4.06015873,3.149259806,6.434169769,0.90480423,-3.695436954,1,-2.166737389,-2.097307657,-2.229994664,-1.710635887,-3.075364995,2.46875,1.1875,1.1875,0.426761258,57.6,140.19,0.055459509,-0.264357216,1.897366596,12.96,1,0,4,4,0,0,0,0,0,4,4,4,0,4,4,0,0,4,-1.0198,0,0,0,0,0,0,0,4,0,0,0,0,0,0,0,0,0,0,0,0,0,0,0,0,0,0,0
1,1.288280964,114.5496368,24.62020493,1.83058238,2.657342911,9.64509964,4.100608826,-3.636883736,-4.94591713,1,-2.561390927,-2.696360595,-2.629479755,-2.216063,-3.506941573,13.62475763,0.271714065,-3.638041982,0.312997722,15.18181818,476.474,0.342173473,-0.461804099,1.695783514,143.48,0.428571429,0,0,0,0,1,2,3,3,0,10,2,11,0,0,0,0,3,2.9729,0,0,1,0,0,0,0,4,1,1,0,0,1,0,1,0,0,0,0,0,0,0,0,0,0,0,0
1,1.31241107,208.4478455,61.58098984,5.156514645,2.890429497,9.937420845,8.297039032,-3.836008787,-4.701537132,1,-2.692114954,-2.691764515,-2.619626066,-2.295488533,-3.559409076,12.83144629,0.157059004,-0.329878223,0.731456466,30.73333333,403.478,0.342827068,-0.492857134,1.459448391,48,0.4,2,2,4,0,2,0,2,4,2,5,2,3,1,1,1,0,6,3.715,0,0,0,0,0,0,0,1,0,0,0,0,0,0,0,0,0,0,0,0,0,0,0,0,0,0,0
1,1.504869342,191.22966,88.84907532,3.664054394,3.527536869,7.791355133,3.157398701,-5.898460388,-5.278987885,1,-2.554338928,-2.708791259,-2.635817231,-2.175210472,-3.5574325,12.76420594,0.036501043,-4.501285474,0.636822295,35.88888889,376.334,0.415910267,-0.27214932,1.351121624,66.48,0.421052632,4,1,5,3,1,0,1,6,2,3,1,2,1,3,0,0,6,2.4033,0,0,0,0,0,0,0,1,1,0,0,0,0,0,0,3,0,0,0,0,0,0,0,0,0,0,0
1,1.100285172,148.0679169,-10.55554581,5.603970051,3.728858471,10.29524422,8.479991913,-6.116455078,-4.693196297,1,-2.493927239,-2.588719653,-2.813489428,-2.060279209,-3.497185036,6.088269085,0.439970711,0.439970711,0.598860596,15.96296296,366.549,0.063869726,-0.379487762,1.735119471,15.71,0.5,0,1,1,0,2,0,2,1,0,3,1,10,1,1,0,1,3,4.8302,0,0,0,0,0,0,0,2,0,0,0,0,1,0,0,0,0,0,0,0,0,0,0,0,0,0,0
1,1.098196983,120.3205109,-52.97006226,3.350216389,2.493913651,6.095948219,3.778880119,-3.381523848,-5.605776787,1,-2.296559818,-2.322624164,-2.412434455,-1.873850205,-3.141176894,11.6266908,0.169660494,-4.125041547,0.1480547,14.40740741,407.576,0.26757718,-0.756118851,3.311005117,58.59,1,0,0,0,0,0,0,0,1,0,4,0,20,0,0,0,1,0,5.6755,0,0,0,0,0,0,0,1,0,0,0,0,0,0,0,0,0,0,0,0,0,1,1,0,0,0,13
1,1.331779599,167.90979,31.56596756,1.666193008,0.999156952,5.369510174,2.900209427,-3.880337715,-4.440311909,1,-2.468313285,-2.308707403,-2.354665917,-1.847236629,-3.175360393,12.41230678,0.064063261,-0.614534203,0.747625815,12.2173913,308.333,0.343365936,-0.506591773,2.258072468,67.51,0.157894737,0,0,0,0,2,1,3,1,0,4,1,4,0,0,0,1,3,3.6096,0,0,0,0,0,1,0,0,0,0,0,0,0,0,1,0,1,0,0,0,0,0,0,0,0,0,0
1,1.161823034,190.6898651,77.34248352,3.581135273,3.840444565,6.424160957,5.153591156,-5.85941124,-5.7005229,1,-2.517112003,-2.417115574,-2.370615881,-2.068571598,-3.243723612,13.90876009,0.07546026,-1.07364485,0.360055264,26.27027027,519.687,0.315364007,-0.362988995,1.832624999,150.7,0.814814815,2,1,3,5,0,0,0,5,0,5,1,8,1,3,0,1,3,1.7112,0,0,0,0,0,0,0,1,3,1,0,0,0,0,1,0,1,0,0,0,0,0,0,0,0,0,0
1,1.282472849,226.872345,42.23412704,2.931957006,2.007004261,8.174323082,2.606662273,-4.238012314,-4.939275742,1,-2.327846675,-2.247188594,-2.317235997,-1.818823782,-2.948699082,13.39241166,0.021825934,-1.664248105,0.773647893,48.55555556,372.461,0.189918832,-0.38846388,1.789766458,91.67,0.681818182,4,0,4,0,0,0,0,7,0,5,0,2,0,3,0,0,4,2.0118,0,2,0,0,0,0,0,0,0,0,0,0,0,0,5,0,3,0,0,0,0,0,0,0,0,0,0
1,1.289680958,96.34763336,18.10517502,3.375655413,2.2184484,8.633068085,8.249149323,-4.702927589,-4.501206398,1,-2.63814124,-2.774000004,-2.583277051,-2.04101529,-3.628696982,14.42213953,0.019626323,-0.369244813,0.750507507,14.18518519,387.886,0.248222328,-0.308845469,2.042979095,35.91,0.333333333,0,1,1,1,2,0,2,0,0,3,1,6,0,0,0,0,3,4.0049,0,0,0,0,0,0,0,3,0,0,0,0,1,0,1,2,0,0,0,0,0,0,0,0,0,0,0
1,1.404545188,118.0810013,37.06995773,3.065926552,3.70661521,9.771637917,8.243855476,-3.607778311,-6.089379311,0,-2.307412946,-2.457858524,-2.254351289,-1.899443372,-3.336777447,13.13214719,0.078590111,-3.793687611,0.03374989,16.08108108,1145.07,0.314370034,-0.377699431,0.707246367,218,0.48,0,2,2,4,4,0,4,2,0,12,2,29,0,0,0,0,6,6.1566,0,0,0,0,0,0,0,2,6,0,0,0,0,0,2,4,0,0,0,0,0,0,0,0,2,0,1
1,1.290058494,192.3459167,34.17837143,4.678791046,1.483942747,5.464383125,6.164833546,-5.527061462,-5.004106998,1,-2.406338762,-2.551900406,-2.378163301,-2.082050701,-3.356977649,12.53617356,0.006391758,-3.98260368,0.541762428,20.91176471,490.626,0.328409893,-0.337268149,1.460647007,124.68,0.541666667,1,1,2,5,1,0,1,0,0,5,1,7,0,1,0,0,3,3.074,0,0,0,0,0,0,0,1,3,0,0,0,0,0,0,0,0,0,0,0,0,0,0,0,1,0,0
1,1.334446549,137.6581268,43.83598709,5.064013004,3.115738869,11.49828434,6.645492554,-5.848641396,-5.879685402,0,-2.556828903,-2.61032567,-2.654383603,-2.241887084,-3.540112758,13.19520068,0.038579713,-4.482333672,0.410730123,12.48484848,463.5,0.416045076,-0.492736155,2.16194019,78.63,0.375,0,0,0,0,2,1,3,1,0,6,1,9,0,0,0,1,3,5.91082,0,0,0,0,0,0,0,1,1,1,0,0,1,0,1,3,0,0,0,0,0,0,0,0,0,0,0
1,1.525727034,205.2861481,44.76327133,1.530585408,1.738108277,6.399637699,2.870847225,-3.083639145,-4.45699358,1,-2.665045747,-2.877294051,-2.826945111,-2.415715655,-3.499037853,14.62821419,0.176075087,-0.6076943,0.739645442,16.62962963,370.344,0.414335995,-0.441474125,1.584974808,106.26,0.235294118,0,1,1,1,1,2,3,1,0,8,3,4,1,1,0,0,4,1.3957,0,1,0,0,0,0,0,6,0,0,0,0,1,0,0,1,0,0,1,0,0,0,0,0,0,0,0
1,1.277073979,143.8799133,38.78223038,5.407319546,3.074600935,9.624922752,7.568366528,-4.726816654,-5.066057205,1,-2.557741731,-2.713920416,-2.64324127,-2.16445875,-3.518111178,13.03686083,0.107262694,-0.297574664,0.719806907,23.10344828,393.506,0.162424753,-0.371141296,1.219593773,26.79,0.458333333,0,3,3,0,2,0,2,2,0,4,3,5,1,1,0,0,5,3.9165,0,0,0,0,0,0,0,3,0,0,0,0,2,0,3,1,1,0,0,0,0,0,0,0,0,0,0
1,1.352936149,146.0358124,64.49180603,4.506757736,3.637057304,9.708071709,6.891786575,-6.312707901,-5.352034569,0,-2.277844786,-2.482988062,-2.618777238,-1.827718306,-3.455169788,9.745119972,0.356834592,0.356834592,0.378828926,14.44444444,530.456,0.162840614,-0.495116643,1.570806637,82.88,0.384615385,0,1,1,0,2,1,3,0,0,8,2,9,1,1,0,0,4,5.19038,0,0,0,0,0,0,0,4,1,0,0,0,2,0,1,2,0,0,0,0,0,0,0,0,0,0,0
1,1.544468522,193.0977631,35.15017319,1.92216897,2.526807785,5.812773705,0.495556831,-3.512125492,-4.771875858,1,-2.563182402,-2.687199789,-2.58939505,-2.187785607,-3.449809344,12.08991497,0.087340797,-0.597092817,0.401026656,9.952380952,307.287,0.345180814,-0.425872708,2.194885608,111.43,0.083333333,0,0,0,1,1,1,2,0,0,7,1,4,0,0,0,0,2,2.2289,0,0,0,0,0,0,0,2,1,0,0,0,1,0,0,0,0,0,0,1,0,0,0,0,0,0,0
1,1.197557569,123.9794312,14.59157944,4.845972538,2.763006449,10.98114204,9.009111404,-5.140815735,-4.753913879,1,-2.216706098,-2.352378455,-2.225598955,-1.939382871,-3.062270751,13.29761321,0.084247805,-0.264015421,0.666091006,15.12903226,427.564,0.317720247,-0.493333945,1.610628077,44.81,0.48,0,1,1,2,2,0,2,0,0,3,1,8,1,1,0,0,3,4.6665,0,0,0,0,0,0,0,2,1,0,0,0,0,0,0,1,0,0,0,0,0,0,0,0,0,0,0
1,1.613538861,303.688324,38.9403038,1.191229224,1.214153409,7.582477093,2.91639328,-2.478831053,-4.645178318,1,-2.601015452,-2.710861112,-2.820748595,-2.141033087,-3.807722275,11.54950617,0.120925926,-3.572731481,0.740375775,18,230.676,0.285556549,-0.34215726,2.727809302,58.53,0.125,0,1,1,0,1,0,1,0,0,3,1,0,0,0,0,0,2,1.8726,0,0,0,0,0,0,0,1,1,0,0,1,1,0,1,1,0,0,0,0,0,0,0,0,1,0,0
1,1.234163404,235.4515686,50.41727829,4.060451508,3.075533628,3.23803401,4.081284046,-4.761835575,-5.688937187,1,-2.628264004,-2.545646746,-2.684588521,-2.144366644,-3.482034785,10.53602281,0.048860072,-0.24136246,0.66723136,58.16666667,329.44,0.14555459,-0.508376709,1.546288353,76.78,0.85,4,1,5,0,0,0,0,8,0,4,1,0,1,4,1,0,5,3.46688,0,2,0,0,0,0,0,1,0,0,0,0,0,0,4,0,0,0,0,0,0,0,0,0,0,0,0
1,1.310620785,263.0469666,48.85976791,3.497794151,0.399610639,8.535320282,4.878469467,-5.64548111,-5.663191319,1,-2.667535368,-2.53697349,-2.674991084,-2.339266659,-3.488168072,12.56839695,0.045206267,-1.012484854,0.162214624,55.54545455,780.949,0.330661014,-0.457979647,0.837498199,203.06,0.926829268,4,4,8,0,0,0,0,21,0,14,4,7,3,7,0,0,8,2.2181,0,6,0,0,0,0,0,0,0,0,0,0,0,0,5,0,0,0,1,0,0,0,0,0,0,0,0
1,1.226853371,74.78916931,-8.482662201,2.142900705,0.934500575,4.24825573,7.999880314,-3.291217089,-4.582172394,1,-2.448497109,-2.435477768,-2.420485741,-2.083920665,-3.435695323,11.80341246,0.032905673,-0.979926304,0.549791661,18.08695652,329.393,0.409738993,-0.481214337,2.455080334,101.93,0.8125,1,0,1,1,0,0,0,1,0,5,0,7,0,1,0,1,1,2.683,1,0,0,0,0,0,0,0,1,0,0,0,0,0,0,0,0,0,0,0,0,0,0,0,0,0,0
1,1.169607282,107.2379456,15.64809036,4.856072426,3.62064147,9.641851425,8.433889389,-5.281047821,-4.870100498,1,-2.567860237,-2.608285192,-2.568646405,-2.203339629,-3.499739287,12.54294397,0.029896988,-0.781974143,0.553089775,18.4137931,404.551,0.219856672,-0.486147273,1.61314411,71.03,0.695652174,0,2,2,1,1,0,1,2,0,5,2,11,1,1,0,0,3,3.4323,0,1,0,0,0,0,0,1,1,0,0,0,0,0,1,0,0,0,0,0,0,0,0,0,0,0,4
1,1.436051846,221.4597321,69.06636047,2.329781294,2.228872299,9.285405159,4.140083313,-3.749037266,-4.885227203,0,-2.317443264,-2.517858358,-2.46875869,-1.992651579,-3.388151985,14.38830423,0.019073109,-0.616319749,0.488891302,11.16129032,412.428,0.253496689,-0.35502044,1.505757472,85.07,0.086956522,0,0,0,1,2,3,5,0,0,6,3,4,0,0,0,0,5,3.429,0,0,0,0,0,0,0,5,1,0,0,0,0,0,2,1,0,0,0,0,0,0,0,0,0,0,0
1,0.99423337,186.415741,-6.317531586,4.113603592,1.391626358,10.73452091,9.396382332,-2.181728601,-4.832943916,1,-2.146929729,-2.288114606,-2.475057264,-1.875319278,-3.012434108,9.510719325,0.368521353,0.368521353,0.825629722,15.0625,221.344,0.115360971,-0.507956197,2.808170421,23.47,0.571428571,0,0,0,0,1,0,1,2,0,2,0,5,0,0,0,0,1,3.0835,0,0,0,0,0,1,0,1,0,0,0,0,0,0,0,0,0,0,0,0,0,0,0,0,0,0,0
1,1.1721102,179.5062103,3.180030823,4.036547661,3.170712948,7.132116795,4.883582115,-4.411267757,-4.894338131,1,-2.430458678,-2.345527863,-2.417052849,-1.953413095,-3.205925968,12.23987377,0.053072799,-0.528688062,0.510421894,55.83333333,332.484,0.161729823,-0.51517614,1.671629603,57.53,0.857142857,4,0,4,0,0,0,0,7,0,3,0,0,0,4,0,0,4,4.401,0,2,0,0,0,0,0,0,0,0,0,0,0,0,5,0,1,0,0,0,0,0,0,0,0,0,0
1,1.284624338,136.1220398,62.47553635,3.037698269,0.452591419,4.932435513,7.15372324,-5.360770702,-6.372735023,1,-2.547765012,-2.478872755,-2.5208743,-2.24806265,-3.654074994,14.02731396,0.009719241,-1.138683267,0.210541625,12.4047619,569.662,0.338988915,-0.495855224,1.680410553,164.63,0.25,0,0,0,2,3,1,4,2,0,6,1,11,0,0,0,0,4,4.15904,0,0,0,1,1,0,0,2,1,2,0,0,0,0,0,0,0,0,0,0,0,0,0,0,0,0,0
1,1.042106628,160.9171295,-45.06245422,4.061940193,1.045235515,11.61896515,9.830164909,-3.278878212,-4.653759956,1,-2.135510841,-2.172591675,-2.311153258,-1.720353762,-3.030521636,6.19337963,0.092361111,0.092361111,0.848995032,12.10526316,255.361,0.124936368,-0.485416489,2.167710157,21.26,0.294117647,0,0,0,0,2,0,2,1,0,2,0,6,0,0,0,0,2,3.72462,0,0,0,0,0,0,0,0,1,0,0,0,0,0,0,0,0,0,0,0,0,0,0,0,0,0,0
1,1.392924786,156.8974609,55.30415726,1.672915459,1.268793225,8.317025185,2.604178429,-5.395569801,-4.7921772,1,-2.579272223,-2.733446231,-2.645194365,-2.237591311,-3.565289816,13.34687571,0.032170703,-3.600958509,0.601050825,14.1875,460.508,0.263778536,-0.492869645,2.131684952,119.08,0.318181818,0,1,1,3,2,0,2,1,0,7,1,8,0,0,0,0,3,2.4342,0,0,0,0,0,0,0,1,1,0,0,0,1,0,1,0,0,0,0,0,0,0,0,0,0,1,0
1,1.528668761,210.9665833,30.41425705,3.596642971,2.699187994,5.337792873,1.542273998,-5.527877808,-5.595149517,1,-2.382568653,-2.587547023,-2.583935529,-2.100565924,-3.436515166,12.2998458,0.089814815,-4.456405922,0.492603339,12.36842105,270.21,0.415912065,-0.511021228,2.88754316,73.12,0.166666667,0,0,0,1,1,0,1,0,0,3,0,2,0,0,0,0,1,2.99948,0,1,0,0,0,0,0,1,1,0,0,0,1,0,0,3,0,0,0,0,0,0,0,0,0,0,0
1,1.485311151,224.2507935,50.5461235,2.142277002,-0.639672995,3.39459157,2.938293934,-4.540222168,-7.141396046,1,-2.101522773,-2.16505536,-2.187261028,-1.765344433,-3.288701665,11.8126645,0.030148402,-1.279802484,0.559771695,10.61538462,357.322,0.33905109,-0.507050109,2.03503799,148.65,0.117647059,0,0,0,1,2,0,2,0,0,6,0,7,0,0,0,0,2,2.7103,1,0,0,1,0,1,0,2,1,0,0,0,0,0,0,0,0,0,0,0,0,0,0,0,0,0,0
1,1.347924352,228.6690063,52.24165726,3.308726311,0.780213118,3.680654764,2.067615032,-4.69843483,-5.241942883,1,-2.413226072,-2.247000868,-2.457708658,-1.937582258,-3.505751775,11.09068566,0.21633515,-0.987367087,0.90849295,10.5,316.382,0.347324159,-0.491939431,2.354014878,83.21,0.3125,0,0,0,0,1,1,2,0,0,5,1,5,0,0,0,0,2,3.7232,0,0,0,1,0,0,0,2,0,0,0,0,0,0,0,0,0,0,0,0,0,0,0,0,0,0,0
1,0.992661774,84.95249176,-71.19107819,0.966495872,0.240461111,11.87327576,7.13787365,-0.917964935,-4.520074844,0,-2.076066842,-2.132520825,-2.381522507,-1.702050064,-2.998363094,5.126354875,0.837314815,0.837314815,0.473732426,9.7,136.198,0.013786261,-0.271451642,2.426522347,38.05,0.25,0,0,0,0,1,0,1,0,0,2,0,3,0,0,0,0,1,0.6924,0,0,0,0,0,0,0,0,1,1,0,0,0,0,0,0,0,0,0,0,0,0,0,0,0,0,0
1,1.303883672,64.7865448,-67.37317657,3.752838612,4.282957077,7.715250015,1.679244518,-3.544324636,-3.946043968,1,-2.084301413,-2.177192053,-2.393416501,-1.721980658,-2.953784957,5.341120559,0.920839002,0.920839002,0.57313489,10,296.552,0.1469513,-0.357394102,4.041784406,6.48,0.8,0,0,0,0,0,0,0,0,0,4,0,4,0,0,0,0,0,3.6212,0,0,0,0,0,0,2,2,0,0,0,0,0,0,0,0,0,0,0,0,0,0,0,0,0,0,0
1,1.453872681,217.1936188,79.86157227,3.694775105,4.287968159,10.35696125,6.30475235,-5.915081024,-5.134214401,0,-2.161990367,-2.276934723,-2.430359719,-1.857283521,-3.344320407,12.15559382,0.297772994,-0.504594009,0.387870369,10.625,454.87,0.324484191,-0.492842041,1.532236768,107.74,0.136363636,0,0,0,2,2,2,4,0,0,7,2,6,0,0,0,0,4,5.63812,0,0,0,0,0,0,0,2,2,0,0,0,2,0,1,1,0,0,0,0,0,0,0,0,0,0,0
1,1.147796035,134.2095642,17.56158829,4.314764023,-0.501933336,4.259697914,8.502260208,-4.741503239,-6.204696178,1,-2.350336439,-2.280585174,-2.249032718,-1.926160245,-3.246821519,12.43005652,0.015621642,-1.095141135,0.397083786,31.26666667,424.534,0.308432272,-0.481159428,2.089698684,124.29,0.739130435,2,0,2,0,0,0,0,8,0,6,0,10,0,0,0,0,2,2.4404,1,3,0,0,0,0,0,0,0,0,0,0,0,0,1,0,0,0,0,0,0,0,0,0,0,0,0
1,1.443533182,204.743927,61.58410263,3.904423714,3.050235271,8.834794044,4.665126801,-4.326230526,-5.548994541,1,-2.520912946,-2.663837002,-2.539261395,-2.223285238,-3.547583168,14.39914379,0.290061075,-0.5049048,0.670080434,21.25806452,428.443,0.321582711,-0.391212555,1.431646006,86,0.380952381,0,2,2,2,1,2,3,2,0,6,4,3,2,2,0,0,5,2.9475,0,1,0,0,0,0,0,5,1,0,0,0,2,0,1,2,0,0,0,0,0,0,0,0,0,0,0
1,1.365148664,223.7202759,88.9065094,4.376594543,3.321441412,11.76916504,3.626202106,-5.042048454,-4.746733189,1,-2.542529462,-2.565122483,-2.422483132,-2.142186959,-3.561426776,13.88290498,0.044612149,-0.979914021,0.287218392,24.1627907,570.649,0.253437452,-0.374261573,1.425201138,77.73,0.257142857,0,3,3,2,4,2,6,4,2,6,5,3,1,1,0,0,9,5.9068,0,0,0,0,0,0,0,3,1,0,0,0,0,0,13,0,0,0,0,0,0,0,0,0,0,0,0
1,1.351896882,140.2674561,25.29767227,3.216861963,-0.789781809,4.274787903,7.0657444,-3.955703735,-4.731314659,1,-2.695067432,-2.484798741,-2.51672406,-2.162197069,-3.429097365,11.80229189,0.056539614,-0.852501445,0.618199692,13.69565217,320.341,0.342192708,-0.506590076,2.367890425,93.06,0.411764706,0,1,1,0,1,0,1,0,0,5,1,6,0,0,0,0,2,2.73322,1,0,0,0,0,1,0,0,0,0,0,0,0,0,1,0,0,0,1,0,0,0,0,0,0,0,0
1,1.256583452,173.276062,21.31999588,3.714618206,3.088867903,7.395396709,4.120883942,-4.354257584,-5.075520515,1,-2.607955371,-2.516839299,-2.536802982,-2.096300246,-3.261264594,12.1846618,0.011894408,-0.286991869,0.571845984,48.5862069,416.583,0.306007913,-0.458447873,1.557221009,60.44,0.791666667,4,1,5,0,0,0,0,7,0,5,1,1,1,4,1,0,5,4.8523,0,0,0,0,0,0,0,0,0,0,0,0,0,0,6,0,1,0,0,0,0,0,0,1,0,0,0
1,1.179366469,137.0625916,-28.07262993,3.263158321,3.795458794,4.490956306,4.348042488,-3.732105494,-5.535273075,1,-2.575073115,-2.637828298,-2.649569303,-2.234844015,-3.5565917,12.16909708,0.032035941,-3.988536811,0.101901645,13.97368421,561.701,0.353051588,-0.39360352,1.944297483,146.13,0.851851852,0,0,0,0,0,1,1,2,0,9,1,26,0,0,0,1,1,5.2505,0,1,1,0,0,0,0,2,0,1,0,0,1,0,0,0,0,0,0,0,0,0,0,0,0,0,13
1,1.117494226,148.6144104,60.51037216,5.351212502,1.550451875,4.855899334,7.629577637,-5.936937809,-5.512085438,1,-2.4130599,-2.309072842,-2.348655752,-1.980526202,-3.294338753,11.70694694,0.193817407,-0.683147073,0.577156749,51.53333333,420.634,0.302850257,-0.481230262,1.614380521,77.76,0.961538462,4,0,4,0,0,0,0,11,0,3,0,5,0,4,0,0,4,5.114,1,2,0,0,0,0,0,0,0,0,0,0,0,0,5,0,0,0,0,0,0,0,0,0,0,0,0
1,1.504325628,145.2716064,28.85845566,2.732005358,2.56274581,8.56874752,4.812256813,-4.908367157,-4.52147913,1,-2.288135693,-2.379750176,-2.446951954,-1.890814124,-3.213937796,12.52091136,0.022691563,-4.423642519,0.747285964,13.12,369.368,0.422066687,-0.483723718,1.78634564,67.87,0.25,0,0,0,0,1,2,3,1,0,4,2,5,0,0,0,1,3,3.51522,0,0,0,0,1,0,0,2,1,0,0,0,0,0,1,3,0,0,0,0,0,0,0,0,0,0,0
1,1.299441695,237.1151581,29.65604782,2.326454639,1.717336416,8.376099586,2.831524849,-3.624077082,-5.007736206,1,-2.327846675,-2.247188594,-2.317235997,-1.818823782,-2.948699082,13.28574121,0.020550214,-1.622581438,0.78483328,47.07692308,358.434,0.189641824,-0.388464101,1.760537043,91.67,0.666666667,4,0,4,0,0,0,0,6,0,5,0,2,0,3,0,0,4,1.7658,0,2,0,0,0,0,0,0,0,0,0,0,0,0,5,0,3,0,0,0,0,0,0,0,0,0,0
1,1.582930803,229.8968201,93.17991638,1.322976947,0.046282768,5.295057297,7.997460842,-4.676348686,-4.635884762,1,-2.77164557,-2.832713302,-2.918296611,-2.496700954,-3.963421107,14.83501606,0.027180703,-1.5590068,0.67641884,22.4,416.359,0.340739267,-0.47749685,1.761767055,101.45,0.25,1,1,2,0,1,2,3,3,0,6,3,3,1,2,0,0,5,1.8945,0,0,0,1,0,0,0,3,0,1,0,0,1,0,2,3,0,0,0,0,0,0,0,0,0,0,0
1,1.221359253,100.6630707,0.434818268,2.109207153,2.721689701,4.801754951,5.456298351,-2.394603491,-4.126069069,1,-2.141539022,-2.292183068,-2.460848937,-1.833372888,-3.20772766,4.317777778,0.664259259,0.664259259,0.703380443,10,210.285,0.230939244,-0.346747701,3.200818079,48.39,0.666666667,0,0,0,0,0,1,1,0,0,6,1,3,0,0,0,0,1,0.0696,0,0,0,0,0,0,0,6,0,0,0,0,3,0,0,0,0,0,0,0,0,0,0,0,0,0,0
1,1.131590009,136.079895,36.20811081,6.15119648,3.638002157,10.71070385,9.540981293,-4.683972359,-4.254299641,0,-2.372278008,-2.400208341,-2.690021198,-1.926199169,-3.272685081,6.038990615,0.345594136,0.345594136,0.752559982,19.52631579,279.855,0.040569064,-0.305552598,2.314968583,3.24,0.647058824,1,0,1,0,1,0,1,1,0,1,0,5,0,1,0,1,2,4.738,0,0,0,0,0,0,0,1,0,0,0,0,0,0,0,1,0,0,0,0,0,0,0,0,0,0,0
1,1.277433753,192.065567,41.18995285,4.093579769,4.87264204,10.41524696,5.533231735,-5.727122307,-4.524226665,1,-2.82826337,-2.900730364,-2.850072702,-2.433552447,-3.463243303,13.58901071,0.067926694,-0.367830978,0.547646015,31.41666667,492.591,0.40683205,-0.462097373,1.338811487,77.52,0.482758621,2,1,3,1,1,1,2,7,0,5,2,5,1,3,0,0,5,5.6295,0,0,0,0,0,0,0,1,1,0,0,0,0,0,2,1,0,0,1,0,0,0,0,0,0,0,0
1,1.341264725,178.4632111,90.4520874,3.313750029,0.776843071,10.78468513,8.547177315,-1.158105731,-4.338238716,1,-2.696709385,-2.713036704,-2.68410591,-2.332209474,-3.703480359,10.55421344,0.080555556,-0.538553477,0.79814441,41.04545455,299.37,0.165480521,-0.492857481,1.822365424,41.93,0.555555556,2,2,4,0,1,0,1,5,2,4,2,1,1,1,1,0,5,1.5011,0,1,0,0,0,0,0,1,0,0,0,0,0,0,0,0,0,0,0,0,0,0,0,0,0,0,0
1,1.439664364,157.078949,26.25672531,2.108737707,-0.168319702,4.540045738,4.375806332,-3.413181067,-4.60378933,1,-2.218813402,-2.397342098,-2.333152293,-1.870259401,-3.318304369,11.702012,0.005973639,-3.827371189,0.879457657,10.94117647,276.745,0.328193378,-0.337330227,2.750346436,75.27,0.3,0,0,0,2,1,0,1,0,0,3,0,4,0,0,0,0,1,1.7379,0,0,0,0,0,0,0,0,2,0,0,0,0,0,0,1,0,0,0,0,0,0,0,0,1,0,0
1,1.404410481,172.0237732,37.74803543,2.151122332,0.005147457,5.34444809,0.663389683,-2.764294386,-5.33586216,1,-2.18548137,-2.332524658,-2.346938319,-1.908238899,-3.182813115,12.10095868,0.068570484,-0.870384385,0.280418537,10.86363636,305.29,0.314750278,-0.504062092,3.330991051,127.7,0.285714286,0,0,0,1,1,0,1,0,0,6,0,5,0,0,0,0,1,1.78138,0,0,0,0,0,2,0,3,0,0,0,0,0,0,0,0,0,0,0,1,1,0,0,0,0,0,0
1,0.938284338,163.4536743,-63.21385956,1.767916799,0.907909036,11.90550423,9.570748329,-1.338757992,-4.689261436,1,-2.204803468,-2.225890538,-2.354813432,-1.842867204,-3.090635151,5.867482993,0.09587963,-0.09587963,0.683167633,11.54545455,149.237,0.013751435,-0.325253506,2.657660985,26.02,0.4,0,0,0,0,1,0,1,0,0,1,0,2,0,0,0,0,1,1.9664,0,0,0,0,0,0,0,0,0,1,0,0,0,0,0,0,0,0,0,0,0,0,0,0,0,0,0
1,1.321316719,219.593811,35.60012436,4.856209755,-0.97576499,4.201902866,6.134895325,-5.388669968,-5.50874424,1,-2.56368911,-2.459262864,-2.495017861,-1.964695071,-3.802622295,11.83092411,0.235942749,-0.961930474,0.458535897,11.56666667,424.522,0.335178593,-0.477864156,1.93837207,92.42,0.260869565,0,0,0,0,1,2,3,0,0,5,2,10,0,0,0,0,3,4.7444,1,0,0,1,0,0,0,2,0,0,0,0,0,0,0,0,0,0,0,0,0,0,0,0,0,0,1
1,1.364768744,236.8955994,14.96069717,0.673287749,0.613142252,8.133060455,-0.551155567,-2.23460865,-3.996044159,1,-2.325554737,-2.332704567,-2.514813278,-1.857775967,-3.234253603,10.84370748,0.127592593,-0.127592593,0.658732253,9.909090909,170.237,0.251361385,-0.335874392,3.088124236,48.65,0.428571429,0,0,0,0,0,1,1,0,0,2,1,2,0,0,0,0,1,1.38499,0,0,0,0,2,0,0,0,2,0,0,0,0,0,0,0,0,0,0,0,0,0,0,0,0,0,0
1,1.414625049,177.9478607,36.15056229,0.581876159,0.991101146,7.74601078,5.22328186,-2.292212486,-4.684588909,1,-2.547225066,-2.706348726,-2.730638276,-2.273499691,-3.716655737,14.44791399,0.189437532,-0.538079124,0.891597389,20.91666667,337.351,0.41431651,-0.442045997,1.692165277,71.11,0.5,0,2,2,2,1,0,1,1,0,5,2,4,2,2,0,0,3,1.1236,0,0,0,0,0,0,0,2,1,0,0,0,2,0,0,1,0,0,1,0,0,0,0,0,0,0,0
1,1.236670136,107.5651703,13.62430191,4.643279076,0.299087286,7.481606007,2.375312328,-5.405499458,-5.007852554,1,-2.66179637,-2.800124062,-2.698358449,-2.233126785,-3.65069755,12.86939012,0.140274943,-0.587627551,0.788551576,15.52173913,308.381,0.258374977,-0.271678799,2.021506031,40.62,0.263157895,0,1,1,2,2,0,2,0,0,2,1,5,1,1,0,0,3,3.7878,0,0,0,0,0,0,0,2,0,0,0,0,2,0,0,0,0,0,0,0,0,0,0,0,0,0,1
1,1.026623726,39.43284607,-105.7332611,0.212361932,-2.8423388,9.379864693,9.127031326,0.840995789,-5.021934986,0,-1.804171834,-1.85402842,-2.188771878,-1.494539622,-2.871124938,4.951388889,0.683641975,0.683641975,0.419021391,7.5,77.152,0.002549065,-0.329661156,1.974744871,26.02,1,0,0,0,0,0,0,0,0,0,2,0,1,0,0,0,0,0,-0.1251,0,0,0,0,0,0,0,0,0,1,0,0,0,0,0,0,0,0,0,0,0,0,0,0,0,0,0
1,1.478062272,172.2679291,39.78534317,3.567426443,3.921322823,9.218765259,4.495278835,-5.317127228,-4.623609543,1,-2.356167637,-2.515506178,-2.464725932,-2.029216715,-3.454606634,13.12548352,0.137651035,-4.605917134,0.75410533,12.34615385,381.379,0.434698535,-0.232504849,2.160670373,77.98,0.117647059,0,0,0,0,2,1,3,0,0,4,1,3,0,0,0,0,3,3.51392,0,0,0,0,0,0,0,2,0,1,0,0,0,0,0,3,0,0,0,0,0,0,0,0,1,0,0
1,1.36398828,188.5426331,44.16923141,3.896692276,1.617918491,5.302361012,5.970662594,-5.353545189,-4.675777435,1,-2.169993338,-2.383607833,-2.348693848,-1.892140045,-3.402596759,12.49210221,0.002089327,-3.966974926,0.519179709,14.36363636,494.013,0.328409891,-0.495922627,1.513273099,113.6,0.391304348,1,0,1,3,2,0,2,0,0,5,0,8,0,1,0,0,3,3.6417,0,0,0,0,0,0,0,0,3,0,0,0,0,0,0,1,0,0,0,0,0,0,0,0,1,0,0
1,1.265898228,153.0832825,19.73324966,2.375763893,0.063662529,4.224944592,3.805820227,-4.217637062,-5.08511591,1,-2.48206264,-2.293975807,-2.333174707,-1.95959815,-3.417717303,12.36534108,0.001678477,-1.413425926,0.677471296,12.39285714,378.428,0.348399642,-0.478399234,2.193463229,81.54,0.227272727,0,0,0,0,2,1,3,1,0,5,1,7,0,0,0,0,3,3.51564,1,0,0,0,0,0,0,2,0,0,0,0,0,0,0,0,0,0,0,0,0,0,0,0,0,0,0
1,1.236421227,68.40461731,-14.9024353,3.020052195,3.155447721,11.13563347,2.428091049,-4.365019321,-4.384968281,1,-2.255018522,-2.189303258,-2.242768426,-1.766262137,-2.93391559,10.94764176,0.235951717,0.235951717,0.801582331,10.47058824,228.291,0.129670826,-0.496745104,2.279493578,26.3,0.266666667,0,0,0,0,2,0,2,0,0,2,0,4,0,0,0,0,2,3.37,0,0,0,0,0,0,0,0,0,0,0,0,0,0,1,0,1,0,0,0,0,0,0,0,0,0,0
1,1.131276846,59.18651581,-4.708553314,3.554599047,4.241662025,11.09418678,3.712293863,-3.563538313,-4.210954666,1,-2.214603933,-2.212892729,-2.293724648,-1.729466268,-2.985332718,11.56280248,0.339524964,-0.996190949,0.76160462,11,242.702,0.349375577,-0.476165108,2.715496103,35.53,0.416666667,0,0,0,0,1,0,1,0,0,3,0,4,0,0,0,0,1,3.0605,0,0,0,0,0,0,0,0,0,0,0,0,0,0,0,1,0,0,0,0,0,0,0,0,0,0,0
1,1.379295826,123.1407928,35.94441605,2.674674988,0.547909141,3.291512489,4.133105278,-6.077973366,-5.377847672,1,-2.310091969,-2.590903855,-2.529662692,-2.1059575,-3.255324804,12.49768331,0.204800817,-4.503717255,0.374423376,30.81818182,520.39,0.469366756,-0.410197317,1.481851343,96.3,0.695652174,3,0,3,1,1,0,1,5,0,4,0,7,0,2,0,0,4,5.299,0,0,0,0,0,0,0,1,0,0,0,0,0,0,5,2,0,0,0,0,0,1,0,0,0,0,0
1,1.226498008,85.55947113,49.0688591,4.16648531,4.226111412,9.155885696,4.510212898,-4.697715759,-4.789726257,1,-2.611409198,-2.483568037,-2.553275194,-2.145855424,-3.488519086,6.208194444,0.230341553,-0.698019652,0.696614753,59.42857143,298.379,0.201281797,-0.355474724,1.794549735,46.15,1,1,4,5,0,0,0,0,8,2,5,4,1,4,5,1,0,5,2.8408,0,0,0,0,0,0,0,0,0,0,0,0,0,0,2,0,0,0,0,0,0,0,0,0,0,0,0
1,0.999900341,62.12854004,5.426830292,2.688923359,1.768638134,11.2444973,6.688140869,-3.457756519,-4.450774193,1,-2.221913559,-2.227959295,-2.502533111,-1.805434149,-3.157862312,5.214100844,0.478935185,0.478935185,0.67002612,19.46153846,171.243,0.057809319,-0.299293699,2.147729217,12.03,0.333333333,1,0,1,0,1,0,1,1,0,1,0,2,0,0,0,0,2,1.8967,0,0,0,0,0,0,0,0,1,0,0,0,0,0,1,0,0,0,0,0,0,0,0,0,0,0,0
1,1.328125477,153.4245148,41.28928757,4.487916946,0.802135229,4.700099468,6.482512474,-5.779900551,-5.167049885,1,-2.545290351,-2.440798444,-2.438515889,-2.088728993,-3.561600326,13.57525415,0.07494712,-1.133009308,0.497585264,15.96774194,421.468,0.305472654,-0.481159427,1.789369935,90.65,0.28,1,0,1,0,2,1,3,2,0,4,1,8,0,1,0,0,4,4.5181,1,2,0,0,0,0,0,1,0,0,0,0,0,0,1,1,0,0,0,0,0,0,0,0,0,0,0
1,1.331306338,149.7700195,43.53394699,3.947640896,0.647496581,4.65227747,2.898492336,-5.15021801,-5.112387657,1,-2.324298688,-2.388761459,-2.384689603,-2.105562374,-3.396346814,13.45727943,0.115459212,-1.413752519,0.237907587,11.63414634,558.595,0.51863583,-0.452626461,1.47949084,162.16,0.310344828,0,0,0,0,2,3,5,0,0,11,3,10,0,0,0,0,5,4.17002,0,1,0,0,1,0,0,5,1,0,0,0,0,0,0,0,0,0,0,0,0,0,0,0,0,0,0
1,1.31449461,70.84217072,5.331905365,2.270849466,0.481535077,4.463703632,8.047771454,-4.585877419,-5.528538704,1,-2.346412253,-2.507043164,-2.510783097,-1.918184644,-3.573097409,10.44511497,0.214655056,-0.743499798,0.711060778,10.42105263,304.217,0.302851495,-0.481230252,2.554182686,40.54,0.5,0,0,0,0,1,0,1,0,0,2,0,9,0,0,0,0,1,3.3779,1,0,0,0,0,0,0,1,0,0,0,0,1,0,0,2,0,0,0,0,0,0,0,0,0,0,0
1,1.469837546,145.0243225,29.49561691,0.601714134,0.698830485,8.572301865,2.578637123,-1.838123679,-4.514700413,1,-2.286920989,-2.365352023,-2.321233278,-1.975156082,-3.473859783,14.11247496,0.055648148,-1.69525463,0.751515975,11.77272727,306.276,0.137254856,-0.381137984,2.006201264,81.65,0.230769231,0,0,0,0,1,2,3,0,0,7,2,5,0,0,0,0,3,0.7358,0,1,0,0,0,0,0,6,0,0,0,0,0,0,0,2,0,0,0,0,0,0,0,0,0,0,0
1,1.27877593,142.5921936,-33.14667511,4.298192978,1.982069492,11.92021751,8.536654472,-3.731360435,-4.578541756,1,-2.162604977,-2.202484622,-2.315635928,-1.856034435,-3.18905854,6.107945011,0.009953704,-0.009953704,0.7880221,12.6,334.257,0.107597328,-0.367459852,2.175532948,12.47,0.294117647,0,0,0,0,2,0,2,1,0,2,0,6,0,0,0,1,2,4.1167,0,0,0,0,0,0,0,1,0,0,0,0,0,0,0,1,0,0,0,0,0,0,0,0,0,0,0
1,1.783650398,146.2097015,-6.921699524,-0.456522703,2.05193615,0.786932945,1.895750046,-0.749333143,-4.628231525,1,-1.821247974,-1.876915615,-2.18764181,-1.494895988,-2.849972887,9.974212963,0.636959877,-4.515493827,0.555620528,13.7,229.383,0.469224714,-0.302627555,3.674084067,66.76,1,0,0,0,0,0,0,0,0,0,2,0,2,0,0,0,0,0,1.4659,0,0,0,0,0,0,0,0,0,0,0,0,0,0,0,3,0,0,0,0,0,1,0,0,0,0,0
1,1.177915335,110.1528168,21.90097427,4.52273798,0.051697731,3.503381252,7.088028431,-5.651499748,-5.733478546,1,-2.812831383,-2.696475422,-2.623071158,-2.312380977,-3.803197333,13.35322448,0.01670176,-0.943546011,0.585103164,24.83870968,430.545,0.325940155,-0.479711838,1.695721536,95.94,0.625,1,1,2,1,1,0,1,5,0,5,1,9,1,2,0,0,3,2.7733,1,0,0,0,0,0,0,1,1,0,0,0,0,0,1,0,0,0,0,0,0,0,0,0,0,0,0
1,1.270373821,82.25313568,-0.562194824,2.104484797,1.33543551,9.495779037,8.867012978,-1.88745749,-6.439897537,1,-2.601273191,-2.626104395,-2.633117024,-2.218090915,-3.570802686,12.40631798,0.023808485,-0.953847201,0.125215827,27.82608696,651.794,0.165317042,-0.504246653,0.930406533,126.77,0.764705882,2,2,4,0,1,0,1,5,2,12,2,24,1,2,1,0,5,1.8635,0,1,0,0,0,1,0,1,0,0,0,0,0,0,0,0,0,0,0,0,0,0,0,0,0,0,0
1,1.420677543,194.9468079,65.15611267,0.97827518,1.326620102,6.074584007,2.382149696,-3.259586811,-4.565192699,1,-2.435491315,-2.643273588,-2.638800278,-2.242957744,-3.482070258,13.03112768,0.002944972,-1.270778773,0.507297407,11.28125,444.423,0.309123128,-0.501377755,1.877667778,152.24,0.3,0,0,0,2,1,2,3,0,0,9,2,6,0,0,0,0,3,0.91152,0,0,0,0,0,1,0,4,2,0,0,0,0,0,0,1,0,0,0,0,0,0,0,0,0,0,0
1,1.329202652,138.9396362,13.29623795,2.935794592,1.965416431,4.257723808,0.643420219,-3.864361763,-4.297741413,1,-2.163022724,-2.204038802,-2.317268674,-1.750450085,-3.048167359,12.18676304,0.086296296,-0.644814815,0.69511258,15.05882353,222.243,0.178347984,-0.292950297,2.131557372,34.14,0.066666667,1,0,1,0,2,0,2,0,0,2,0,1,0,0,0,0,3,2.8494,0,0,0,0,0,0,0,0,0,0,0,0,0,0,1,0,2,0,0,0,0,0,0,0,0,0,0
1,1.163619161,108.3294907,12.22519302,4.817778587,0.516315699,11.19350815,8.694114685,-4.134921551,-4.665915012,1,-2.426827053,-2.535129763,-2.742582715,-1.841600139,-3.418538963,6.037304924,0.441518802,0.441518802,0.756411757,12.77272727,319.88,0.073705035,-0.381998759,1.954331763,28.16,0.5,0,0,0,0,1,1,2,1,0,3,1,8,0,0,0,1,2,4.8106,0,0,0,0,0,0,0,2,1,0,0,0,1,0,1,1,0,0,0,0,0,0,0,0,0,0,0
1,1.283498168,254.3059387,34.97568893,4.359810829,1.227507472,8.661715508,5.049068451,-6.720090866,-5.636698246,1,-2.651856217,-2.560740145,-2.698757739,-2.303024603,-3.451926016,12.57502933,0.013373936,-0.992074967,0.204786532,52.56140351,806.987,0.330661,-0.459488125,0.818600786,188.9,0.906976744,4,4,8,0,0,0,0,20,0,14,4,8,3,7,0,0,8,3.8181,0,4,0,0,0,0,0,0,0,0,0,0,0,0,5,0,0,0,1,0,0,0,0,0,0,0,0
1,1.465345383,214.860199,-36.50611877,0.465245247,-4.579072952,3.248503685,4.10749197,-0.592872143,-6.512386322,1,-2.480904988,-2.299882796,-2.358026266,-1.936918567,-3.460793887,10.16092593,0.219907407,-0.941574074,0.599868943,8.888888889,123.111,0.336758501,-0.477598632,2.981454614,50.19,0,0,0,0,0,0,1,1,0,0,2,1,1,0,0,0,0,1,0.7798,0,0,0,1,0,0,0,1,0,0,0,0,0,0,0,0,0,0,0,0,0,0,0,0,0,0,0
1,1.288167715,142.1489258,28.77985764,4.390357971,3.704135895,9.826871872,5.4238801,-5.811510563,-5.447821617,0,-2.731587788,-2.900659411,-2.738055672,-2.273882956,-3.792916206,13.62121553,0.045543536,-0.69072078,0.074148825,11.32608696,627.746,0.435063391,-0.465920143,1.405762039,154.03,0.352941176,0,0,0,2,2,2,4,0,0,9,2,15,0,0,0,0,4,5.6026,0,0,0,0,0,0,0,5,1,1,0,1,2,0,1,0,0,0,0,0,0,0,0,0,0,0,3
1,1.183508754,227.7651978,-10.12319565,3.770541191,3.141214848,8.20635128,5.221506119,-4.196105957,-4.900556087,1,-2.608668689,-2.584509349,-2.595973477,-2.187432467,-3.457412516,11.68367006,0.004974529,-0.500574636,0.696290853,57.54545455,306.446,0.305604321,-0.465063176,1.649105231,46.53,0.947368421,3,1,4,0,0,0,0,7,0,3,1,0,1,4,0,0,4,3.5431,0,1,0,0,0,0,0,0,0,0,0,0,0,0,5,0,0,0,1,0,0,0,0,0,0,0,0
1,1.328369021,178.231369,40.99954605,3.336843967,2.210606575,8.331877708,4.487559319,-5.25259304,-4.561544895,1,-2.541322108,-2.636715466,-2.63005496,-2.146443153,-3.429505778,12.74521957,0.315081503,-0.337018187,0.650379112,11.46428571,384.436,0.332214467,-0.492869565,2.137393156,80.28,0.35,0,0,0,0,1,2,3,0,0,8,2,6,0,0,0,0,3,2.1241,0,0,0,0,0,0,0,4,0,0,0,0,0,0,1,0,0,0,0,0,0,0,0,0,0,0,0
1,1.309814334,173.0187378,40.60570908,5.653664589,5.845367432,12.29065323,6.36053896,-7.270933151,-4.805314064,0,-2.294852579,-2.292967288,-2.478880511,-1.721500101,-3.32627655,6.691467152,0.585949074,-0.585949074,0.454544985,11.4,344.845,0.12258561,-0.318902793,2.153583648,17.82,0.045454545,0,0,0,0,3,1,4,0,0,2,1,4,0,0,0,0,4,5.3767,0,0,0,0,0,0,0,2,0,0,0,0,0,0,0,1,0,0,0,0,0,0,0,0,0,0,0
1,1.364770055,89.42903137,-23.74203491,1.32568121,3.091924667,9.447662354,4.33355999,-3.213014841,-5.203689098,1,-2.462157623,-2.597339613,-2.543587504,-2.150012129,-3.438471662,13.09452646,0.236675458,-4.058277086,0.231032896,12.65714286,519.448,0.510164886,-0.431514406,1.952916447,185.44,0.631578947,0,0,0,0,0,2,2,1,0,15,2,13,0,0,0,0,2,3.0356,0,0,1,0,0,0,0,4,0,1,0,0,1,0,1,0,0,0,0,0,0,0,0,0,0,0,0
1,1.220371008,180.4972992,12.87455368,4.379485607,1.791146994,4.294754028,7.57106638,-6.23603344,-4.597447872,1,-2.381071652,-2.2981257,-2.445773097,-1.79822673,-3.558668623,12.25532507,0.571998221,-0.830419457,0.579375308,16.21875,424.544,0.313718564,-0.480573499,1.532742244,64.33,0.285714286,0,1,1,0,3,0,3,0,0,3,1,7,1,1,0,0,4,5.00478,1,0,0,0,0,0,0,2,0,0,0,0,0,0,0,0,0,0,0,0,0,0,0,0,0,0,0
1,1.132674336,32.97132874,-76.46283722,1.358635187,0.269721508,8.423143387,2.719841003,-0.43978405,-4.245282173,1,-1.981918736,-1.926125957,-2.035469131,-1.523584572,-2.703276641,10.31537415,0.578333333,-0.578333333,0.400477023,9.4,144.126,0.330229841,-0.465848192,3.752603086,52.6,0.333333333,0,0,0,0,0,0,0,0,0,4,0,2,0,0,0,0,0,-0.1114,0,0,0,0,0,0,0,0,0,0,0,0,0,0,0,0,0,0,0,0,0,0,0,0,0,0,0
1,1.321399808,168.7933807,0.716079712,3.170704365,-0.411140919,3.248324633,3.302240372,-3.602429867,-4.791847706,1,-2.291517674,-2.219956634,-2.315223052,-1.874825448,-3.386016268,12.37187594,0.080076898,-3.527428193,0.833015742,11.73684211,285.365,0.335179645,-0.477639243,3.065330538,74.68,0.461538462,0,0,0,0,1,0,1,0,0,3,0,7,0,0,0,0,1,2.1955,0,0,0,1,0,0,0,1,0,0,0,0,0,0,0,0,0,0,0,0,0,0,0,0,1,0,0
1,1.458119988,97.15249634,-23.95595551,-2.666087389,1.434286237,3.040952444,8.632408142,-1.094542503,-6.766072273,1,-2.317017479,-2.38263191,-2.517757698,-1.923224006,-3.274336456,11.10646065,0.017426304,-5.331358764,0.30575681,14.10526316,319.231,0.368988126,-0.367486744,4.632835403,138.53,1,0,0,0,0,0,0,0,0,0,4,0,9,0,0,0,0,0,0.5,0,1,0,0,0,0,0,1,0,0,0,0,0,0,0,0,0,0,0,0,0,0,0,0,0,0,2
1,1.338577509,160.8512115,18.67618942,3.492143631,3.051828623,7.655520439,4.249575615,-4.316290379,-4.498215199,0,-2.379451203,-2.443326169,-2.463283838,-1.972222028,-3.226407211,11.58895446,0.211186929,-0.336634088,0.82525391,16.76,356.447,0.285945687,-0.493193237,1.469212241,68.29,0.315789474,0,1,1,2,1,1,2,1,0,5,2,7,1,1,0,1,3,3.1596,0,0,0,0,0,0,0,1,1,0,0,0,0,0,0,0,0,0,0,0,0,0,0,1,0,0,0
1,0.924256921,150.7186279,-74.33668518,3.203401089,2.283705711,10.56117916,7.501623154,-3.06216836,-4.242753029,1,-2.108006819,-2.195828251,-2.338369512,-1.697029403,-3.088444954,5.268946208,0.493935185,0.493935185,0.6530252,12.42857143,187.286,0.059834954,-0.292386456,2.492478105,3.24,0.384615385,0,0,0,0,1,0,1,1,0,1,0,4,0,0,0,0,1,2.1826,0,0,0,0,0,0,0,1,0,0,0,0,0,0,0,0,0,0,0,0,0,0,0,0,0,0,0
1,1.094582438,38.47335815,-52.02367401,1.927687883,0.485728621,8.043306351,3.613833666,-1.065402627,-4.615562439,1,-2.052148025,-1.97486181,-2.260785181,-1.585514609,-2.870490889,9.221388889,0.478888889,-1.151041667,0.582971035,17.11111111,144.601,0.144219145,-0.37398023,4.141053465,20.23,0.428571429,0,0,0,0,0,0,0,1,0,1,0,2,0,0,0,1,0,1.5132,0,1,0,0,0,0,0,0,0,0,0,0,0,0,0,1,0,0,0,0,0,0,0,0,0,0,0
1,1.338725924,170.1636353,63.80874252,4.450964451,3.565899134,9.536444664,7.309939384,-6.27589035,-5.574846745,0,-2.614134371,-2.804290489,-2.762329282,-2.207771576,-3.820916305,13.71137046,0.221732545,-0.610046932,0.294243604,16.70731707,560.649,0.258479736,-0.381427875,1.253405143,85.52,0.35483871,0,2,2,1,3,1,4,0,0,6,3,7,2,2,0,0,6,5.0269,0,0,0,0,1,0,0,3,3,0,0,0,3,0,1,2,0,0,0,0,0,0,0,0,0,0,0
1,1.808671594,304.3828125,52.35828781,0.197980404,-0.307747841,8.883069992,1.466659546,-2.687078238,-4.569564342,1,-2.037938184,-2.003460823,-2.323296148,-1.603855742,-2.989531424,4.905046296,0.547453704,0.547453704,0.553854664,10.4,152.182,0.159293799,-0.340782275,3.09291205,57.36,0,0,0,0,0,0,2,2,0,0,3,2,0,0,0,0,0,2,1.01549,0,0,0,0,2,0,0,2,2,0,0,0,0,0,1,0,0,0,0,0,0,0,0,0,0,0,0
1,1.279123425,230.0972443,51.96506119,-0.10356307,-0.418130398,3.780127048,8.887924194,-3.748012543,-6.342859268,1,-2.246148439,-2.086650322,-2.180905014,-1.795190311,-3.418530494,15.46104248,0.001237293,-2.290551925,0.00957637,14.30584192,4113.641,0.325710069,-0.507966645,1.194264943,1646.18,0.609625668,0,0,0,35,4,2,6,30,0,56,2,149,0,0,0,0,6,-11.62786,7,5,0,0,2,1,0,1,40,4,0,0,0,0,1,0,0,0,0,0,0,0,0,0,0,0,14
1,1.441058397,134.3036652,8.723854065,2.080079317,3.015580654,9.460968971,1.395046234,-4.341977119,-4.929872036,1,-2.356396245,-2.491589619,-2.541667161,-2.144667191,-3.468806261,10.68146496,0.045063967,-0.468486535,0.477786557,10.42105263,279.321,0.342235936,-0.483309463,2.034882535,70.19,0.25,0,0,0,0,1,1,2,0,0,6,1,5,0,0,0,0,2,2.6292,0,0,0,0,0,0,0,3,0,0,0,0,0,0,0,0,0,0,0,1,0,0,0,1,0,0,0
1,1.481192827,322.9980469,91.19662476,1.719011307,1.180098653,9.335569382,5.971271515,-2.924247503,-4.65386343,1,-2.329773542,-2.407435206,-2.501048937,-2.065174818,-3.367578778,5.903168934,0.047371399,0.047371399,0.585179106,10.73684211,253.269,0.223667901,-0.381809299,2.30783167,129.62,0,0,0,0,0,1,2,3,0,0,7,2,1,0,0,0,0,3,0.8334,0,0,3,0,0,0,0,4,0,3,0,0,3,0,1,0,0,0,0,0,0,0,0,0,0,0,0
1,1.273407936,102.6594391,-16.24292374,1.87272501,1.196236849,9.745112419,-0.045240402,-2.171801567,-4.542489052,1,-2.559688701,-2.497896799,-2.677534099,-2.080947626,-3.366895623,11.53481859,0.001666667,0.001666667,0.666820407,10.07142857,185.226,0.25455972,-0.284065029,2.626524387,22,0.083333333,0,0,0,0,1,1,2,0,0,2,1,1,0,0,0,0,2,2.14592,0,0,0,0,0,0,0,1,0,0,0,0,0,0,0,0,0,0,0,0,0,0,0,0,0,0,0
1,1.166763067,115.6154327,35.7751503,4.864333153,2.241130114,11.01540375,10.13146305,-5.610177994,-4.866455078,1,-2.320791186,-2.395788063,-2.500626002,-1.911677125,-3.24688546,3.309339963,0.262685185,0.262685185,0.825437545,25.47619048,277.411,0.020917909,-0.319751368,1.880597648,12.03,0.4,3,0,3,0,2,0,2,0,2,1,0,4,0,0,0,0,5,4.2114,0,0,0,0,0,0,0,0,1,0,0,0,0,0,1,0,0,0,0,0,0,0,0,0,0,0,0
1,1.282670736,224.5957947,84.3899231,3.356164217,2.032334328,9.836675644,5.01469326,-3.595410347,-5.709721088,1,-2.435463262,-2.392035535,-2.49923992,-2.033359257,-3.231668804,10.50951504,0.057219388,-1.032440056,0.586117815,46.72727273,304.386,0.115370618,-0.507956032,1.741265895,80.92,0.666666667,3,0,3,0,1,0,1,7,0,4,0,0,0,2,0,0,4,1.5508,0,3,0,0,0,1,0,0,0,0,0,0,0,0,5,0,0,0,0,0,0,0,0,0,0,0,0
1,1.318281412,122.3349915,24.62343216,3.081879616,2.841109276,9.526883125,3.934382677,-3.788799763,-4.735022545,0,-2.503822038,-2.547127794,-2.596524362,-2.150911953,-3.36100892,11.16883909,0.100190449,-0.100190449,0.695167675,10.84,337.379,0.157035066,-0.507062905,1.913999803,77.24,0.210526316,0,0,0,0,1,2,3,0,0,6,2,6,0,0,0,0,3,3.6231,0,0,0,0,0,1,0,3,0,0,0,0,0,0,0,0,0,0,0,0,0,0,0,0,0,0,0
1,1.493607402,219.3638763,59.89265823,2.488106966,3.328225851,6.235753536,3.692828894,-4.621598244,-4.955069065,1,-2.494326612,-2.65268768,-2.539298646,-2.189918278,-3.461688242,13.75100746,0.030043329,-1.003973214,0.782460828,20.5,419.384,0.276334588,-0.502521395,1.626294404,100.87,0.35,0,2,2,2,1,1,2,2,0,6,3,3,1,1,0,0,4,1.3528,0,0,0,0,0,1,0,2,1,0,0,0,0,0,2,2,0,0,0,0,0,0,0,0,0,0,0
1,1.100845814,103.8436737,-11.70085907,4.464597225,2.444467545,11.30637741,9.505103111,-3.473013401,-4.674641609,1,-2.255821709,-2.313884274,-2.439095364,-1.877911472,-3.157580823,10.04255433,0.016601764,-0.485315571,0.842985388,17.9047619,291.435,0.122406015,-0.490547849,1.876651522,41.49,0.666666667,1,0,1,0,1,0,1,1,0,3,0,6,0,1,0,0,2,3.472,0,1,0,0,0,0,0,0,1,0,0,0,0,0,0,0,0,0,0,0,0,0,0,0,0,0,0
1,1.483727694,148.2832947,72.43118286,1.987512827,1.688614607,8.714249611,2.622472763,-3.321437359,-4.445127964,1,-2.318406073,-2.192748696,-2.437648684,-1.839047903,-3.011633027,11.17309996,0.405827664,-0.405827664,0.586359034,11.0625,216.192,0.335825578,-0.489678795,2.59603906,52.58,0.083333333,0,0,0,0,1,2,3,0,0,4,2,1,0,0,0,0,3,2.5478,0,0,0,0,0,0,0,0,0,0,0,0,0,0,2,0,0,0,0,0,0,0,0,0,0,0,0
1,1.440162659,159.6194916,56.08148575,3.990360975,3.584267378,10.02659416,6.388008595,-5.668566227,-5.849823952,0,-2.346653276,-2.392925647,-2.652661843,-1.921956367,-3.510275173,13.43080267,0.066361687,-3.01899647,0.179479493,11.575,581.069,0.148204627,-0.487343923,1.291877087,106.35,0.172413793,0,0,0,0,3,2,5,0,0,8,2,11,0,0,0,0,5,6.1391,0,0,0,0,0,0,0,2,2,0,0,0,2,0,1,2,0,0,0,0,0,0,0,0,0,1,0
1,1.030756712,88.22045898,-36.04139328,1.433338881,1.116353631,11.92475414,8.178170204,-1.049843788,-4.480002403,1,-2.462936073,-2.363980561,-2.410060633,-1.964129456,-3.36758874,5.71375,0.217546296,0.217546296,0.705114488,28.69230769,177.247,0.0975224,-0.370585902,2.150639639,21.26,0.454545455,0,1,1,0,1,0,1,2,0,2,1,1,1,1,0,2,2,1.736,0,0,0,0,0,0,0,0,1,0,0,0,0,0,0,0,0,0,0,0,0,0,0,0,0,0,0
1,1.300670862,184.7348633,47.49222183,3.127600193,-0.303402662,4.112021923,2.220308304,-4.578068733,-6.295514584,1,-2.511784903,-2.438722377,-2.504016883,-2.199310735,-3.740583102,12.09514258,0.026103246,-1.356549377,0.37650074,11.63636364,446.511,0.35411169,-0.476510144,1.701973578,129.81,0.291666667,0,0,0,0,2,2,4,0,0,7,2,8,0,0,0,0,4,3.6566,0,1,0,1,1,0,0,5,1,0,0,0,0,0,0,0,0,0,0,0,0,0,0,0,0,0,0
1,1.380178809,265.9584656,69.45835876,1.830882549,1.79183948,7.516259193,3.336728811,-4.17323637,-5.46878767,0,-2.598710002,-2.752287805,-2.63912203,-2.263400612,-3.651424445,13.63278579,0.109052657,-0.666376586,0.630744512,15.91176471,459.506,0.276828897,-0.496765866,1.490393719,110.76,0.28,0,2,2,3,2,1,3,0,0,6,3,5,1,1,0,0,5,2.6996,0,0,0,0,0,0,0,4,0,1,0,0,2,0,1,0,0,0,0,0,0,0,0,0,0,0,0
1,1.335044265,112.9570923,43.76530075,4.252969742,3.303530931,7.249844551,7.563901424,-3.98567152,-4.704604149,0,-2.564905082,-2.782345963,-2.689577867,-1.940149396,-3.787712229,13.79496435,0.079151278,-1.016664046,0.35821331,20.65116279,604.13,0.318222926,-0.461738574,1.337127152,88.83,0.4375,0,3,3,1,2,1,3,2,0,8,4,7,2,2,0,0,6,4.73298,0,0,0,0,0,0,0,7,0,0,0,0,2,0,2,2,0,0,0,0,0,0,0,0,0,0,0
1,1.136182547,135.4843445,-17.49687195,0.009710789,-0.200146198,16.42370605,9.206461906,0.739742994,-4.025111198,1,-2.41965795,-2.481576311,-2.652965365,-1.939243197,-3.351854212,5.317777778,0.759259259,0.759259259,0.512651003,8.571428571,94.117,0.034436457,-0.398638991,3.02146531,38.91,0,0,0,0,0,0,1,1,0,0,2,1,0,0,0,0,0,1,0.6638,0,0,1,0,0,0,0,1,0,1,0,0,1,0,0,0,0,0,0,0,0,0,0,0,0,0,0
1,1.154539466,230.2334595,22.16011429,4.185903549,2.481127977,5.044645786,7.578841209,-5.858319283,-5.623879433,1,-2.531681071,-2.449566439,-2.541352131,-2.172043312,-3.672668956,13.57116925,0.115132579,-0.624625765,0.25896275,41.37735849,730.051,0.307146254,-0.480995565,1.35230323,125.38,0.772727273,4,1,5,0,0,2,2,12,2,8,3,8,1,4,0,0,7,8.6184,1,0,0,0,0,0,0,4,0,1,0,0,0,0,3,0,0,0,0,0,0,0,0,0,0,0,0
1,1.428006291,225.9023895,63.05063248,4.960554123,3.187707901,10.79361916,5.108960152,-4.733289719,-5.081912041,0,-2.622742821,-2.819365985,-2.707073266,-2.137550992,-3.618541605,13.60916504,0.001141361,-4.600782254,0.265859822,11.30769231,529.526,0.416061884,-0.323896904,1.406068512,97.62,0.107142857,0,0,0,1,2,3,5,0,0,7,3,6,0,0,0,0,5,6.35584,0,0,0,0,0,0,0,5,2,0,0,0,3,0,0,3,0,0,0,0,0,0,0,0,0,0,0
1,1.347462654,245.6366577,46.83776474,4.227229118,0.524736762,9.48573494,7.956938744,-5.492928982,-4.627345085,1,-2.60762107,-2.457061899,-2.499586226,-1.966429306,-3.421714755,12.60963496,0.035588624,-0.241982132,0.862400284,34.5,324.38,0.340085899,-0.458602152,1.325010268,62.4,0.473684211,0,4,4,0,1,1,2,5,4,4,5,2,4,4,0,1,6,2.519,0,0,0,0,1,0,0,1,1,0,0,0,0,0,2,0,1,0,0,0,0,0,0,0,0,0,0
1,1.168151975,219.7517853,33.17108536,-0.328491211,1.79062283,6.293658257,9.135821342,-0.807727575,-6.429786682,1,-2.518373909,-2.416955737,-2.467558157,-2.070713434,-3.24750683,14.41312565,0.014551959,-1.692214257,0.034695025,23.56790123,1155.455,0.245419821,-0.3907169,3.837151427,490.66,0.788461538,0,1,1,11,0,0,0,13,0,18,1,28,1,1,0,2,1,-5.8315,0,2,0,0,0,0,0,0,11,5,0,0,0,0,0,0,0,0,0,0,0,0,0,0,0,0,0
1,0.901602685,177.661438,-80.5440979,2.608500481,0.520295858,12.40127277,9.857726097,-1.617101908,-4.863354206,1,-2.130962416,-2.197319477,-2.34883225,-1.681730174,-2.967005787,3.213398526,0.567037037,0.567037037,0.691108551,12.90909091,149.237,0.007609729,-0.316946099,2.508120078,12.03,0.4,0,0,0,0,1,0,1,1,0,1,0,3,0,0,0,0,1,1.837,0,0,0,0,0,0,0,0,1,0,0,0,0,0,0,0,0,0,0,0,0,0,0,0,0,0,0
1,1.217291236,120.6299362,16.67180252,4.135118961,0.83555603,4.970144272,6.264438629,-6.061148167,-5.710665226,1,-2.387235795,-2.339723381,-2.29826271,-1.943824822,-3.361951531,12.17368432,0.090708613,-1.0156552,0.54829426,12.6,411.498,0.308213331,-0.481219733,2.073600101,92.7,0.375,0,0,0,1,2,0,2,2,0,4,0,11,0,0,0,0,2,3.835,1,0,0,0,0,0,0,0,1,0,0,0,0,0,0,0,0,0,0,0,0,0,0,0,0,0,0
1,1.4951998,125.0373535,30.73264694,3.223253727,3.432898045,8.382079124,5.420007229,-3.81572485,-4.309702396,1,-2.446960887,-2.745754158,-2.610607754,-2.097818199,-3.409178523,12.66756189,0.128125,-4.860147156,0.680178358,11.47368421,276.214,0.422575227,-0.325850488,3.19481974,72.24,0.363636364,0,0,0,1,1,0,1,0,0,3,0,3,0,0,0,0,1,3.2081,0,0,0,0,0,0,0,1,1,0,0,0,1,0,0,3,0,0,0,1,1,0,0,0,0,0,0
1,1.195154786,105.356842,23.81172562,4.2053442,-0.332382441,3.560791731,7.093209743,-5.523997307,-5.564225197,1,-2.812831383,-2.696475422,-2.623071158,-2.312380977,-3.803197333,13.24097958,0.006285094,-0.948175641,0.600316336,24.86666667,416.518,0.325940155,-0.479711838,1.682483706,95.94,0.608695652,1,1,2,1,1,0,1,5,0,5,1,9,1,2,0,0,3,2.3832,1,0,0,0,0,0,0,1,1,0,0,0,0,0,1,0,0,0,0,0,0,0,0,0,0,0,0
1,1.323433638,184.5395966,35.54000473,3.591326714,1.814965725,8.138185501,6.204994202,-4.452893734,-4.577804565,1,-2.400998661,-2.506964708,-2.530449493,-2.111833576,-3.433695471,13.41591174,0.147445174,-3.708997995,0.516411487,15.76470588,488.614,0.299033637,-0.493111618,1.815923189,112.9,0.52173913,0,1,1,0,1,2,3,0,0,8,3,8,1,1,0,0,4,2.07042,0,0,0,0,1,0,0,5,1,0,0,0,0,0,1,0,0,0,0,0,0,0,0,0,1,0,0
1,1.642643213,263.3279724,40.92574692,0.163778901,0.2754457,5.999067307,-0.268827438,-2.57246089,-5.677709103,1,-2.44470495,-2.471617119,-2.311994875,-2.150696146,-3.296896456,11.06077649,0.114674981,-0.691042953,0.345747846,15.64705882,238.159,0.433061638,-0.399592248,2.070287586,118.05,0.125,0,1,1,3,0,1,1,0,0,6,2,3,1,1,0,0,2,0.0735,0,0,0,0,0,0,0,3,1,0,0,0,0,0,0,0,0,0,0,1,0,0,0,0,0,0,0
1,1.315077662,225.4667969,34.86130142,0.100332975,0.001009703,3.564504385,6.043102741,-1.490217447,-7.54431057,1,-2.564027842,-2.367696609,-2.360714822,-2.139403929,-3.478614687,14.94750755,0.110718102,-2.113405347,0.025550286,24.46017699,1681.915,0.325706235,-0.481229262,3.279628789,718.13,0.676923077,0,3,3,17,0,0,0,16,2,27,3,28,3,3,0,0,3,-8.1483,4,1,0,0,0,0,0,0,15,3,0,0,0,0,37,0,0,0,0,0,0,0,0,0,0,0,0
1,1.295871139,155.183075,5.675872803,2.846192598,-0.917687178,3.644392252,3.347121954,-2.803552628,-4.785527706,1,-2.546701484,-2.349816226,-2.39239959,-2.083837437,-3.586124763,12.30928713,0.085637073,-0.906912144,0.854030227,10.42105263,257.289,0.308845323,-0.48094512,2.315895523,59.3,0.2,0,0,0,0,1,1,2,0,0,3,1,4,0,0,0,0,2,2.19162,1,0,0,0,0,0,0,1,0,0,0,0,0,0,0,0,1,0,0,0,0,0,0,0,0,0,0
1,1.258356571,62.3213501,1.678291321,1.613588929,1.609080195,11.08640957,5.075259209,-1.790004373,-4.527526855,1,-2.461619293,-2.414628872,-2.499184095,-1.991132499,-3.345273275,12.39907785,0.054259259,-0.586018519,0.755476256,11.17647059,226.279,0.173918035,-0.293137766,2.37193696,42.85,0.214285714,0,0,0,0,0,2,2,0,0,3,2,3,0,0,0,0,2,2.6371,0,0,0,0,0,0,0,2,0,0,0,0,0,0,0,0,1,0,0,0,0,0,0,0,0,0,0
1,1.098142624,198.5406799,-25.67715645,0.936110258,-0.105665684,11.88509083,11.9768734,-1.803497195,-4.630052567,1,-2.10377357,-2.197900431,-2.43238393,-1.707801725,-2.971315983,4.01602466,0.799953704,0.799953704,0.521666945,11.07692308,177.251,0.190484676,-0.359483529,2.434226396,36.42,0.3,0,0,0,0,1,0,1,0,0,1,0,2,0,0,0,0,1,0.9814,0,0,0,0,0,0,0,1,2,0,0,0,0,0,0,0,0,0,0,0,0,0,0,0,0,0,0
1,1.335837841,200.8852997,40.61617661,2.959712505,3.033623695,8.480323792,6.57540369,-4.429334641,-4.631867409,1,-2.400998661,-2.506964708,-2.507027488,-2.111833576,-3.43702928,13.32945766,0.146500352,-3.698090545,0.553404611,15.87878788,474.587,0.276858411,-0.493112565,1.851702472,113.42,0.5,0,1,1,0,1,2,3,0,0,8,3,7,1,1,0,0,4,1.6109,0,0,0,0,1,0,0,5,1,0,0,0,0,0,1,0,0,0,0,0,0,0,0,0,1,0,0
1,1.309136152,181.6010742,5.449180603,2.231730938,1.023853421,8.97354126,8.25952816,-2.511363268,-4.592284203,1,-2.376913916,-2.462024684,-2.437327674,-1.934205636,-3.533786552,11.52311728,0.016064815,-0.452546296,0.438708272,11.12121212,469.973,0.331653183,-0.367459863,1.94E-07,85.15,0.291666667,0,0,0,0,2,2,4,0,0,7,2,6,0,0,0,0,4,2.9679,0,0,0,0,1,0,0,4,1,0,0,0,0,0,1,1,0,0,0,0,0,0,0,0,0,0,0
1,1.164331675,98.78188324,-27.68202782,2.736743689,1.527736902,11.37745285,8.965432167,-2.243976593,-4.671307087,1,-2.560580819,-2.592078799,-2.496351922,-2.056254758,-3.605892369,12.38644274,0.065462963,-0.440694444,0.766994434,19.44444444,247.338,0.316145295,-0.465313584,2.313014283,29.54,0.533333333,0,1,1,0,1,0,1,0,0,3,1,3,1,1,0,0,2,2.2131,0,0,0,0,0,0,0,1,0,0,0,0,0,0,0,0,0,0,0,0,0,0,0,0,0,0,0
1,1.28670752,87.21948242,-57.32870102,0.99381578,-3.921441793,3.223966122,2.84394598,-0.760780096,-4.869590282,1,-1.983428459,-1.853241865,-1.939360662,-1.550850462,-2.764496861,10.14388889,0.669074074,-1.166296296,0.414991053,9.444444444,130.099,0.330229755,-0.47807075,3.705808466,63.6,0.2,0,0,0,0,0,0,0,0,0,3,0,2,0,0,0,0,0,-0.1998,1,0,0,0,0,0,0,0,0,0,0,0,0,0,0,0,0,0,0,0,0,0,0,0,0,0,0
1,1.507142544,188.2171021,8.35150528,0.305027127,0.700789809,5.653681755,2.244063377,-2.093056917,-5.458134651,1,-2.302869399,-2.318907749,-2.37499083,-1.927566432,-3.26104168,11.3870514,0.058177123,-2.983236202,0.458568235,22.78947368,287.297,0.433061636,-0.399592534,2.039944303,106.02,0.5,0,1,1,0,0,1,1,1,0,7,2,3,1,1,0,1,2,0.6406,0,0,0,0,0,0,0,3,0,0,0,0,0,0,0,0,0,0,0,1,0,0,0,0,0,1,0
1,1.272725224,128.7102509,31.28318405,4.099699974,2.043799162,10.78608894,9.612922668,-4.246716976,-4.600988865,1,-2.227703226,-2.305904207,-2.392435523,-1.881233207,-3.222265221,13.17041701,0.193662672,-0.193662672,0.933941377,22.375,329.371,0.230803739,-0.493088368,1.443047263,39.72,0.368421053,0,2,2,0,2,0,2,2,0,4,2,4,1,1,0,0,4,3.3265,0,0,0,0,0,0,0,0,1,0,0,0,0,0,1,1,0,0,0,0,0,0,0,0,0,0,0
1,1.337208509,102.9420624,17.77991104,2.011436224,1.110543132,9.569247246,4.908905983,-4.248605728,-4.437202454,1,-2.234828071,-2.211430091,-2.521081035,-1.795630996,-3.204944907,12.66647278,0.292585664,-1.299064014,0.625773793,12.4,359.451,0.197300894,-0.493101661,1.719426849,77.1,0.333333333,0,0,0,0,1,2,3,1,0,5,2,8,0,0,0,1,3,2.98942,0,0,0,0,1,0,0,2,1,0,0,0,0,0,1,0,0,0,0,0,0,0,0,0,0,0,0
1,1.333206296,130.2459412,25.67963791,3.111391306,2.449001551,9.025717735,8.719503403,-3.093587637,-4.670146465,1,-2.534966904,-2.455095225,-2.506480991,-1.83438514,-3.432167533,12.88126441,0.109219104,-0.751919879,0.502325911,16.67857143,408.882,0.336344535,-0.465580051,2.673625138,99.88,0.4,0,1,1,0,1,0,1,1,0,7,1,8,0,0,0,1,2,2.2663,0,0,0,0,0,0,0,0,1,1,0,0,0,0,0,1,0,0,0,0,0,0,0,0,0,0,0
1,1.326374888,133.7050018,45.84423447,3.910064697,3.374320507,9.372831345,4.068162918,-5.223520756,-4.400393963,1,-2.787424261,-2.888709576,-2.798366655,-2.176969791,-3.779671761,12.5879406,0.061484788,0.061484788,0.841517571,17.52173913,324.811,0.248186673,-0.3098548,1.844620314,32.67,0.263157895,1,1,2,1,2,0,2,0,0,2,1,3,0,1,0,0,4,3.934,0,0,0,0,0,0,0,2,0,0,0,0,1,0,1,1,0,0,0,0,0,0,0,0,0,0,0
1,1.577362299,213.533783,53.10654068,2.541545391,2.033679485,6.652506351,1.147227764,-5.142017365,-5.123707771,1,-2.294071737,-2.513999165,-2.499192638,-1.887541243,-3.405408964,13.41255331,0.045220419,-4.871620672,0.691405127,11.31034483,425.754,0.41975251,-0.450799411,2.114305816,105.7,0.176470588,0,0,0,0,1,2,3,0,0,7,2,4,0,0,0,0,3,2.65458,0,0,0,0,1,0,0,4,1,0,0,0,0,0,0,4,0,0,0,0,0,0,0,0,0,0,0
1,1.441021562,186.4779663,72.0027771,3.74338603,1.529593706,7.727051735,7.977044106,-5.205348969,-4.888613701,0,-2.329153064,-2.516082273,-2.446160741,-1.987711838,-3.359442395,14.84652448,0.084470938,-0.84951262,0.237489857,11.25,623.642,0.342635086,-0.479918284,1.785862914,132.61,0.206896552,0,0,0,2,2,3,5,0,0,11,3,9,0,0,0,0,5,3.7505,0,0,0,0,0,0,0,5,2,0,1,0,1,0,1,2,0,0,0,0,0,0,0,0,0,0,0
1,1.257649422,211.497818,54.28123856,3.971644402,1.983118773,9.129785538,8.98559761,-6.490665436,-5.616034031,0,-2.738431518,-2.895266246,-2.708898276,-2.234070537,-3.781239111,13.6504632,0.143172057,-0.403882066,0.626303274,14.4137931,398.482,0.255944105,-0.358205853,1.833512171,77.23,0.363636364,0,1,1,2,1,1,2,0,0,3,2,7,0,0,0,0,3,3.33494,0,0,0,0,1,0,0,1,3,0,0,0,1,0,1,1,0,0,0,0,0,0,0,0,0,0,0
1,1.456319332,213.5381165,69.00178528,0.34792757,-0.052682161,6.047709465,8.863220215,-2.94282937,-4.971578598,1,-2.738767348,-2.688903192,-2.867094593,-2.448849764,-3.884313874,14.87452074,0.033885293,-1.336542401,0.730423626,20.89285714,389.387,0.340725121,-0.477497012,1.858152599,123.04,0.444444444,1,1,2,0,0,2,2,1,0,8,3,5,1,2,0,1,4,0.966,0,0,0,1,0,0,0,4,0,1,0,0,1,0,1,1,0,0,0,0,0,0,0,0,0,0,0
1,1.231111884,107.2920837,32.19868088,2.446494818,3.66039896,11.26980114,9.742321014,-3.461885452,-4.72209549,1,-2.326343702,-2.332900633,-2.583875107,-1.889039479,-3.389605328,7.716012498,0.212754525,0.212754525,0.274457642,11,301.394,0.208747565,-0.496742759,1.912082361,85.29,0.375,0,0,0,0,1,1,2,0,0,3,1,7,0,0,0,0,2,2.81457,0,0,0,0,1,0,0,1,4,0,0,0,0,0,1,0,0,0,0,0,0,0,0,0,0,0,2
1,2.368912935,203.4095154,76.65419006,1.845338583,1.457499981,4.179368496,5.192028046,-5.214773178,-4.516751766,1,-2.533934651,-2.561946815,-2.624596149,-2.187615049,-3.696324549,11.88677249,0.12172842,-0.93078709,0.4039585,12.05,613.959,0.307528195,-0.480984729,3.330354933,83.63,0.333333333,0,0,0,1,1,0,1,1,0,3,0,4,0,0,0,1,1,3.1562,1,0,1,0,0,0,0,1,0,1,0,0,2,0,0,3,0,0,0,0,0,0,0,0,0,0,0
1,1.499217629,253.2042847,77.02101135,2.762454033,3.113101959,7.242622375,4.373912811,-4.713540077,-4.904436111,0,-2.69654537,-2.915834466,-2.858822722,-2.340196537,-3.78311468,14.12893881,0.018426451,-0.804966189,0.451073004,10.93548387,426.387,0.411055884,-0.452631011,1.83591287,146.86,0.105263158,0,0,0,1,1,3,4,0,0,9,3,4,0,0,0,0,4,2.5575,0,0,2,0,0,0,0,5,1,2,0,0,3,0,1,2,0,0,0,0,0,0,0,0,0,0,0
1,1.372567534,133.2095947,4.228347778,3.174147129,3.031208038,8.826498032,3.106706142,-3.824474096,-4.735501289,1,-2.258984612,-2.376560289,-2.361592967,-1.998165013,-3.207982469,11.72317271,0.086160242,-0.616944444,0.470084407,9.882352941,229.235,0.34681459,-0.506971722,2.206264997,72.55,0,0,0,0,0,2,0,2,0,0,4,0,2,0,0,0,0,2,2.1936,0,0,1,0,0,1,0,0,0,1,0,0,1,0,0,0,0,0,0,0,0,0,0,0,0,0,0
1,1.326524019,86.12314606,21.50155258,1.671806574,2.209919691,9.883426666,4.067055702,-2.668074131,-5.916077137,1,-2.566229021,-2.704009535,-2.665109222,-2.131011426,-3.536604776,13.08556073,0.092892101,-3.94597975,0.207152458,12.64705882,501.477,0.361391677,-0.437558228,1.937477116,166.98,0.65,0,0,0,0,0,2,2,0,0,13,2,11,0,0,0,0,2,2.7025,0,0,1,0,0,0,0,4,0,1,0,0,1,0,1,0,0,0,0,0,0,0,0,0,0,0,0
1,1.321201921,203.0517883,39.68233109,3.141838551,2.864754438,8.594011307,2.500688076,-4.820868969,-4.424098015,0,-2.305346571,-2.375928951,-2.48374444,-1.843786479,-3.300392354,13.25466018,0.177239701,-0.177239701,0.549344213,10.33333333,349.393,0.2625383,-0.283112586,2.043525274,58.68,0,0,0,0,0,2,2,4,0,0,4,2,3,0,0,0,0,4,4.43818,0,0,0,0,0,0,0,3,0,0,0,0,0,0,0,0,0,0,0,0,0,0,0,0,0,0,0
1,1.340552449,189.210556,-54.32771301,0.102858543,-3.402997732,6.604431152,-0.495882511,0.331943512,-4.447272301,1,-2.423900829,-2.382272237,-2.487507565,-1.966693289,-3.148075909,8.200243764,0.865740741,0.865740741,0.257157504,10.5,137.162,0.226306498,-0.410668205,3.028654664,36.47,0.142857143,0,0,0,0,0,1,1,0,0,2,1,1,0,0,0,0,1,0.3192,0,0,0,0,0,0,0,2,0,0,0,0,0,0,0,0,0,0,0,0,0,0,0,0,0,0,0
1,1.329598427,93.59602356,21.57701492,4.915599823,4.630934715,8.906997681,6.005887508,-5.898545265,-5.83424139,1,-2.420812337,-2.573245401,-2.555560301,-1.855545641,-3.51191098,13.27138162,0.587686269,-4.331191157,0.709478258,18.07142857,407.505,0.415986985,-0.339581092,1.549600115,9.72,0.428571429,0,2,2,0,2,0,2,0,0,4,2,4,1,1,0,0,4,4.9456,0,0,0,0,0,0,0,3,0,0,0,0,2,0,2,3,0,0,0,0,0,0,0,0,0,0,0
1,1.338804483,112.5806351,48.70273972,4.425682068,3.262977123,9.016419411,5.966980934,-5.565850258,-5.021713257,1,-2.501766742,-2.52681485,-2.520802695,-2.061549243,-3.41643858,13.32369368,0.105565476,-0.806723193,0.570213862,19.43333333,409.432,0.232644723,-0.507966623,1.54607709,60.77,0.208333333,0,1,1,1,3,0,3,3,0,3,1,6,1,1,0,0,4,4.8883,0,1,0,0,0,1,0,1,0,0,0,0,1,0,0,2,0,1,0,0,0,0,0,0,0,0,0
1,1.567558527,202.2285767,17.65686417,-1.122635126,-3.512375116,2.487672567,2.34628582,-0.764743328,-6.674399376,1,-2.373697581,-2.252183542,-2.255717795,-1.971381772,-3.376997496,10.75759259,0.244814815,-1.199444444,0.445494423,9.545454545,154.125,0.360343192,-0.61840828,3.151549668,77.13,0.166666667,0,0,0,0,0,1,1,0,0,3,1,1,0,0,0,0,1,-0.27838,0,0,0,1,0,0,0,2,0,0,0,0,0,0,0,0,0,0,0,0,0,0,0,0,0,0,0
1,1.291975021,145.176178,16.21640396,3.601984024,2.159793615,5.43759203,3.058495998,-4.869976997,-4.902662277,1,-2.663041532,-2.849252922,-2.742907105,-2.227945165,-3.680383324,11.5140623,0.205514446,-3.565834628,0.379572117,11.42857143,496.633,0.258901914,-0.37160306,1.686424764,101.49,0.346153846,0,0,0,1,2,1,3,0,0,7,1,12,0,0,0,0,3,3.898,0,0,0,0,0,0,0,3,1,0,0,0,1,0,0,0,0,0,0,0,0,0,0,0,1,0,1
1,1.660239935,72.00772095,-15.64539337,1.938263416,0.997011781,4.141407967,-0.084993362,-1.1146909,-5.124587059,1,-2.113800162,-2.036193335,-2.062836904,-1.782332269,-3.048768015,10.13588113,0.047730537,-0.94300422,0.446410492,36.75,236.136,0.294458424,-0.370589572,1.948118235,123.2,1,0,2,2,0,0,0,0,4,0,8,2,4,2,2,0,0,2,-1.0622,0,0,0,0,0,0,0,2,0,0,0,0,0,0,1,0,0,0,0,0,0,0,0,0,0,0,0
1,1.273995399,167.1623077,28.00221634,0.971426129,0.899124622,6.346648693,7.980564594,-1.881988525,-6.54825449,1,-2.456016487,-2.392091573,-2.397950979,-1.972209975,-3.307190115,14.71540928,0.033992185,-1.662766759,0.045517553,22.83098592,1019.261,0.245444393,-0.394137066,1.564414608,332.22,0.448979592,0,1,1,7,3,1,4,10,0,14,2,17,1,1,0,0,5,-0.8054,0,3,0,0,1,0,0,0,8,2,0,0,0,0,1,0,0,0,0,0,0,0,0,0,0,0,1
1,1.142600179,190.6030579,17.7623024,3.285597324,0.993554235,11.54523659,9.437885284,-2.098504543,-4.4654603,1,-2.432836499,-2.389417255,-2.516397559,-2.001549135,-3.338400187,11.10192689,0.170098262,-0.558424154,0.897682373,19.85,277.408,0.118378133,-0.496768216,2.250737579,32.7,0.647058824,1,0,1,0,1,0,1,1,0,3,0,5,0,1,0,1,2,3.0356,0,1,0,0,0,0,0,1,0,0,0,0,0,0,0,0,0,0,0,0,0,0,0,0,0,0,0
1,1.399502516,193.4578857,80.15383911,2.457000494,2.334536076,7.615099907,3.795067549,-5.329758167,-5.897110462,0,-2.822948796,-2.959153691,-2.946637798,-2.544721371,-3.776039742,12.61375692,0.070007129,-2.725051006,0.496412919,14.70967742,425.4673053,0.273224397,-0.493797785,1.721941242,135.95,0.3,1,0,1,2,1,2,3,0,0,9,2,8,0,1,0,0,4,1.7324,0,0,0,0,0,0,0,5,3,0,0,0,3,0,0,0,0,0,0,0,0,0,0,0,0,0,0
1,1.376241803,146.8058777,-35.6633606,-0.436662912,-0.699683666,9.960313797,-4.350254536,-0.499214411,-4.291408539,1,-2.278247904,-2.258402411,-2.481915522,-1.871942507,-3.137006411,4.793981481,0.763888889,0.763888889,0.500456436,9.285714286,114.173,0.176342496,-0.337409241,3.391829211,20.72,0.25,0,0,0,0,0,1,1,0,0,2,1,0,0,0,0,0,1,1.08269,0,0,0,0,1,0,0,1,1,0,0,0,0,0,0,0,0,0,0,0,0,0,0,0,0,0,0
1,1.382342815,168.2533417,62.91678238,4.816824913,3.503993034,10.56347752,8.04357338,-4.18275404,-5.124544621,0,-2.493502225,-2.660753185,-2.620077441,-2.041133396,-3.634555595,13.55244821,0.004357248,-0.509476623,0.457293353,15.85294118,485.947,0.247689198,-0.485667739,1.680260779,88.61,0.291666667,0,1,1,1,2,1,3,1,0,7,2,8,1,1,0,0,4,4.3899,0,0,0,0,0,0,0,3,2,0,0,0,3,0,1,2,0,0,0,0,0,0,0,0,0,0,0
1,1.332347751,196.6117401,78.77296448,2.361401081,0.782702565,4.221065521,8.057973862,-3.199448109,-5.921872139,1,-2.562934629,-2.76152305,-2.647449177,-2.254446168,-3.390477267,14.05820523,0.008406433,-2.656351057,0.280219862,26.575,556.66,0.255450836,-0.50965062,1.89605539,176.66,0.551724138,3,0,3,1,1,0,1,4,0,10,0,6,0,0,0,0,4,1.3223,0,3,0,0,0,1,0,2,1,1,0,0,1,0,3,0,2,0,0,0,0,0,0,0,0,0,0
1,1.017673969,41.15270233,-115.460022,-0.026988983,-0.748664856,10.97695923,9.088594437,0.398202419,-4.606197834,1,-2.084000853,-2.055573206,-2.330350468,-1.750524567,-2.984006944,5.273919753,0.399691358,0.399691358,0.357721203,21.77777778,149.621,0.094437047,-0.371834437,1.48E-07,38.55,0.666666667,0,1,1,0,0,0,0,1,0,2,1,2,1,1,0,1,1,0.7551,0,0,0,0,0,0,0,0,0,1,0,0,0,0,0,1,0,0,0,0,0,0,0,0,0,0,0
1,1.197972417,103.7056732,-28.68756104,3.139897823,1.746047974,9.590006828,9.09296608,-3.71082449,-4.80133009,1,-2.112657981,-2.159585343,-2.287448823,-1.74957947,-3.028621639,12.53954586,0.05375078,-0.598123219,0.486535737,11.92,341.451,0.16642695,-0.490082093,1.889977139,58.56,0.380952381,0,0,0,0,2,0,2,1,0,4,0,11,0,0,0,1,2,3.2414,0,1,0,0,0,0,0,0,1,0,0,0,0,0,0,0,1,0,0,0,0,0,0,0,0,0,0
1,1.629301071,221.8267212,35.40769577,4.162264824,3.170042992,8.144014359,1.503098488,-3.946075916,-4.788164139,0,-2.601695785,-2.818316634,-2.713666648,-2.184262177,-3.575240789,12.97857534,0.008776911,-4.993355655,0.356589142,12.19354839,443.311,0.415948707,-0.280333549,1.766041651,97.62,0.117647059,0,0,0,1,1,2,3,0,0,7,2,5,0,0,0,0,3,3.3867,0,0,0,0,0,0,0,5,2,0,0,0,1,0,0,6,0,0,0,0,0,0,0,0,0,0,0
1,1.182091117,168.591629,-20.32011795,4.007347107,1.946205378,11.06043053,9.761287689,-3.697273254,-5.3849473,0,-2.072930688,-2.241559791,-2.259230816,-1.842070635,-3.056676142,12.56453068,0.203345616,-4.329868979,0.85179641,12.90909091,309.331,0.415914055,-0.485695291,2.13045605,21.26,0.294117647,0,0,0,0,2,0,2,1,0,2,0,6,0,0,0,1,2,4.435,0,0,0,0,0,0,0,0,1,0,0,0,0,0,0,3,0,0,0,0,0,0,0,0,0,0,0
1,1.352244139,89.19032288,21.22618484,4.462622643,4.456449986,8.027117729,4.934858799,-5.619608879,-5.920439243,1,-2.492453866,-2.680919004,-2.613242739,-1.936149951,-3.663725432,13.31063403,0.186213959,-4.350619198,0.727811547,17.66666667,437.531,0.415986985,-0.395044554,1.471666976,29.95,0.454545455,0,2,2,0,2,0,2,0,0,5,2,6,1,1,0,0,4,4.3081,0,1,0,0,0,0,0,3,0,0,0,0,2,0,2,3,0,0,0,0,0,0,0,0,0,0,0
1,1.212954283,130.1891479,30.50603867,4.136098862,1.400323153,4.166496754,6.868997574,-4.595549583,-5.290249825,1,-2.480025834,-2.435978787,-2.383780866,-2.079293035,-3.544934633,13.68277859,0.062672956,-1.158534765,0.442845274,13.75757576,459.558,0.305472654,-0.481159427,2.687230772,99.88,0.461538462,0,0,0,0,1,1,2,2,0,5,1,11,0,0,0,0,2,4.8807,1,2,0,0,0,0,0,1,0,0,0,0,0,0,0,1,0,0,0,0,0,0,0,0,0,0,0
1,1.411441445,179.1522217,4.479961395,0.739191413,0.638415456,6.35476017,1.8862257,-3.03603673,-4.712469101,1,-2.39898879,-2.551688166,-2.454432005,-2.00015157,-3.469498644,11.67623441,0.121878071,-0.620559807,0.643638179,10.10526316,260.253,0.434505194,-0.389817357,1.910231901,90.06,0.166666667,0,0,0,1,1,1,2,0,0,5,1,5,0,0,0,0,2,1.1077,0,0,0,0,0,0,0,3,1,0,0,0,0,0,0,0,0,0,0,1,0,0,0,0,0,0,0
1,1.656662703,282.0593872,82.86634827,2.205063105,2.042234421,6.675648212,3.653539419,-2.617773056,-5.06572485,1,-2.395510908,-2.597167526,-2.511916576,-1.939849312,-3.412137668,11.21972094,0.047430083,-0.047430083,0.770308666,17.75,256.092,0.245818501,-0.328544105,2.117525309,44.7,0.2,0,2,2,1,1,0,1,0,0,3,2,0,1,1,0,0,3,1.9263,0,0,0,0,0,0,0,2,1,0,0,0,0,0,2,2,0,0,0,0,0,0,0,0,0,0,0
1,1.546258092,255.2367249,69.74784851,0.123237133,-0.820734978,4.063269615,2.872866154,-2.827731371,-7.183736324,1,-2.448027623,-2.34977985,-2.407549065,-2.077052868,-3.51410578,12.08488095,0.088479151,-1.340956633,0.862078325,12.89473684,262.221,0.359992113,-0.47635485,2.429100338,90.65,0.25,0,1,1,0,1,1,2,0,0,6,2,2,0,0,0,0,3,0.8433,0,0,0,1,0,0,0,2,0,0,0,0,0,0,2,0,0,0,0,0,0,0,0,0,0,0,0
1,1.22288239,147.0597992,43.51792526,4.176630974,3.6567173,8.980815887,7.675820827,-5.826895714,-5.0093894,1,-2.457150807,-2.519325822,-2.591879892,-2.116374591,-3.339606978,10.09077331,0.24827749,0.24827749,0.331310532,14.77142857,470.613,0.118882034,-0.50796623,1.348923821,57.86,0.333333333,0,1,1,0,3,1,4,0,0,5,2,7,1,1,0,0,5,6.33102,0,0,0,0,0,2,0,2,0,0,0,0,0,0,1,0,0,0,0,0,0,0,0,0,0,0,0
1,1.359594941,188.6463776,62.07868576,5.256557465,4.03111887,10.67201996,8.210484505,-5.009435654,-5.163749218,0,-2.486066985,-2.653317945,-2.658257463,-2.033698156,-3.686504998,13.49487722,0.004003457,-0.502001182,0.465445321,14.51515152,469.948,0.247689198,-0.494495661,1.546125417,79.38,0.291666667,0,1,1,1,2,1,3,0,0,6,2,7,1,1,0,0,4,5.1551,0,0,0,0,0,0,0,3,2,0,0,0,3,0,1,2,0,0,0,0,0,0,0,0,0,0,0
1,1.54844439,175.0542603,44.61897659,2.379828453,2.914444685,8.053577423,4.390080452,-4.185678005,-4.73197794,1,-2.298674514,-2.501299485,-2.531523252,-2.014541453,-3.344384681,13.0060842,0.342865035,-4.860871786,0.560412076,13.96551724,430.379,0.417261094,-0.379204873,2.253756372,107.26,0.222222222,0,0,0,1,2,0,2,1,0,5,0,5,0,0,0,1,2,2.87958,0,1,0,0,0,0,0,1,1,0,0,0,1,0,0,4,0,0,0,0,0,0,0,0,0,1,0
1,1.5807302,239.8578186,83.00880432,-0.436667442,-1.172088623,3.857679367,5.474862099,-2.986350536,-6.884042263,1,-2.700080017,-2.677437429,-2.616390395,-2.254240506,-3.728646339,12.26726516,0.052441952,-1.313792057,0.258854015,11.625,441.404,0.325721201,-0.481229256,1.621834841,213.28,0.210526316,0,0,0,1,1,2,3,1,0,9,2,9,0,0,0,0,3,-0.0448,2,0,1,0,1,0,0,3,3,1,0,0,2,0,1,0,0,0,0,0,0,0,0,0,0,0,0
1,1.302882433,139.6348724,1.375389099,1.684101582,2.216545105,6.482069492,3.192610264,-3.46833539,-4.358210564,1,-2.216104786,-2.194574345,-2.262081534,-1.802985043,-3.092031708,12.36482237,0.130500756,-1.36441358,0.905544627,12.26315789,273.357,0.229574902,-0.368878334,2.396313501,60.16,0.133333333,0,0,0,1,2,0,2,1,0,2,0,5,0,0,0,0,2,2.01,0,0,0,0,0,0,0,0,0,1,0,0,0,0,0,0,0,0,0,0,0,0,0,0,0,0,0
1,1.627851009,152.0714874,7.358009338,-1.390789747,-5.402225494,2.637680054,8.965820313,0.057060003,-6.526863575,1,-1.77414629,-1.615019307,-1.781286732,-1.285096681,-2.671859129,10.31555556,1.144212963,-2.738425926,0.427421351,10.84615385,192.123,0.336419491,-0.481138775,4.619312135,132.13,0.5,0,0,0,0,0,0,0,0,0,4,0,5,0,0,0,0,0,-1.2485,3,1,0,0,0,0,0,0,0,0,0,0,0,0,0,0,0,0,0,0,0,0,0,0,0,0,0
1,1.628016949,227.4978943,80.8044281,2.141684055,1.560157299,8.209658623,5.326778889,-2.736472607,-4.265336514,1,-2.476559518,-2.574545459,-2.666943878,-1.934212589,-3.397262038,6.025202979,0.013333806,0.013333806,0.813809513,10.375,256.096,0.241598827,-0.381705553,2.632549823,90.71,0,0,0,0,0,1,1,2,0,0,5,1,1,0,0,0,0,2,2.0098,0,0,2,0,0,0,0,3,0,2,0,0,2,0,0,2,0,0,0,0,0,0,0,0,0,0,0
1,1.994934916,228.6746063,107.3127136,0.059247017,0.480338693,8.034319878,7.187567711,-2.218637466,-6.221032619,1,-2.17997015,-2.304999454,-2.446517764,-1.84069523,-3.444710915,11.32554548,0.075424383,-0.769074074,0.304361204,9.666666667,229.631,0.279937784,-0.381654531,3.092244564,156.79,0,0,0,0,1,0,1,1,0,0,6,1,1,0,0,0,0,1,-1.08233,0,0,2,0,0,0,0,2,2,3,0,0,2,0,0,1,0,0,0,0,0,0,0,0,0,0,0
1,1.429151535,193.9002991,51.71244431,2.353137732,2.323658943,11.44655418,3.809827566,-3.632281303,-4.185595512,1,-2.447912699,-2.474398958,-2.543937253,-1.837892053,-3.406896494,11.73743134,0.536064815,-1.433905896,0.845729246,17.8,286.718,0.275713559,-0.364132084,2.231586455,61.69,0.066666667,0,1,1,1,2,0,2,1,0,3,1,1,0,0,0,1,3,2.4479,0,1,0,0,0,0,0,1,1,0,0,0,1,0,1,1,0,0,0,0,0,0,0,0,0,0,0
1,1.212603569,73.44827271,9.123882294,3.768733025,4.2307868,10.74223137,3.615882158,-3.858245373,-4.513849735,1,-2.445012339,-2.321607251,-2.505137892,-1.96693248,-3.272441902,9.897703058,0.145993166,-0.464886149,0.854778241,16.47058824,234.295,0.230800659,-0.453595078,2.115546403,38.69,0.428571429,0,1,1,0,1,0,1,1,0,3,1,2,0,0,0,1,2,2.8355,0,1,0,0,0,0,0,0,0,0,0,0,0,0,1,0,0,0,0,0,0,0,0,0,0,0,0
1,1.118873835,105.3054123,23.12071609,3.459100008,1.283898354,9.544733047,9.072804451,-4.950261116,-6.527193069,1,-2.326819011,-2.401810034,-2.430855609,-1.986130195,-3.169237082,12.93512073,0.00829175,-0.854188491,0.192994103,15.07692308,551.769,0.224358273,-0.492869666,2.867822382,146.13,0.733333333,0,0,0,2,1,0,1,4,0,7,0,19,0,0,0,0,1,3.2935,0,1,0,0,0,0,0,0,1,2,0,0,0,0,0,0,0,0,0,0,0,0,0,0,0,0,0
1,1.493144393,126.3827972,49.42864609,1.685340285,2.334438562,8.388175964,5.439853668,-4.756520271,-4.742452145,1,-2.196379776,-2.295327555,-2.371332841,-1.797638217,-3.104400358,12.64393442,0.009616708,-2.920764799,0.675197521,12.34615385,383.376,0.387033214,-0.492735405,1.862554154,86.33,0.25,0,0,0,0,1,2,3,1,0,6,2,7,0,0,0,1,3,2.8843,0,0,0,0,1,0,0,2,1,0,0,0,0,0,1,2,0,0,0,0,0,0,0,0,0,0,0
1,1.227080584,147.8903046,-1.223560333,3.294951439,2.17913723,8.78558445,9.341710091,-3.715085983,-4.851834774,1,-2.625576026,-2.535622842,-2.573498732,-2.196160705,-3.611529134,12.9682816,0.095209068,-1.573930343,0.834488357,21.36,344.455,0.343077039,-0.455153115,1.784536681,62.13,0.6,1,1,2,0,1,0,1,1,0,5,1,5,0,1,0,1,3,2.7317,0,1,0,0,0,0,0,2,0,0,0,1,0,0,0,0,0,0,0,0,0,0,0,0,0,0,0
1,1.373719931,236.3061676,-4.692840576,-0.880146503,-0.771098137,8.812344551,3.614764214,-0.029007435,-4.977421284,1,-2.456346761,-2.450363096,-2.651307169,-2.041745474,-3.307386185,10.7287037,0.162037037,-0.323518519,0.564917876,9.8,139.154,0.222910459,-0.50292227,3.492167041,42.23,0.285714286,0,0,0,0,0,1,1,0,0,3,1,0,0,0,0,0,1,0.39932,0,0,0,0,0,1,0,1,0,0,0,0,0,0,0,0,0,0,0,0,0,0,0,0,0,0,0
1,1.417252302,237.3105774,31.09457779,-0.101507425,-0.437195301,4.19491291,4.623967171,-1.518716216,-7.476102829,1,-2.565445943,-2.476853084,-2.399450427,-2.227805717,-3.627926369,15.1123705,0.009368523,-1.927428313,0.065579029,27.34653465,1526.767,0.326047067,-0.507966645,1.555270329,573.91,0.525423729,0,4,4,14,2,0,2,14,4,26,4,13,4,4,0,0,6,-5.9392,2,1,0,0,0,2,0,1,12,2,0,0,0,0,20,0,0,0,0,0,0,0,0,0,0,0,0
1,1.416270733,170.4918518,46.10947037,2.724735975,3.577076674,8.85795784,3.400218248,-4.147393227,-5.405235767,1,-2.416102242,-2.609285215,-2.47893854,-2.03400222,-3.396616364,13.38165453,0.104396015,-4.451192116,0.752828089,17.26666667,441.479,0.398905489,-0.367880832,1.842963182,101.21,0.473684211,0,1,1,3,0,2,2,1,0,5,3,4,1,1,0,0,3,3.83502,0,0,0,0,0,0,0,3,1,1,0,0,1,0,0,3,0,0,0,0,0,0,0,0,0,0,0
1,0.93728888,152.984848,-92.99226379,1.787321329,0.671554804,11.8271389,9.57172966,-1.073332667,-4.620570183,1,-2.232971755,-2.230076222,-2.385740242,-1.856826234,-3.097579358,5.624427438,0.266111111,0.266111111,0.654216218,13,135.21,0.005086239,-0.327655832,2.587287185,26.02,0.333333333,0,0,0,0,1,0,1,1,0,1,0,2,0,0,0,1,1,1.5763,0,0,0,0,0,0,0,0,0,1,0,0,0,0,0,0,0,0,0,0,0,0,0,0,0,0,0
1,1.073805809,156.2655029,-43.64457703,3.325391531,2.563298225,11.54917336,9.631427765,-2.749931335,-4.425089359,1,-2.095968995,-2.257750337,-2.2147765,-1.792985337,-3.184812395,12.43774809,0.188410809,-4.252546651,0.838359775,13.8125,231.261,0.415919485,-0.314201531,2.750582347,12.03,0.5,0,0,0,0,1,0,1,1,0,1,0,4,0,0,0,1,1,3.2459,0,0,0,0,0,0,0,0,1,0,0,0,0,0,0,3,0,0,0,0,0,0,0,0,0,0,0
1,1.409808755,174.931015,50.04274368,3.041102648,3.136410713,11.3034668,5.100344181,-4.390736103,-4.357501507,1,-2.3343806,-2.557639408,-2.653039325,-2.004864276,-3.491716356,14.30244457,0.292959656,-0.292959656,0.654885085,13.08695652,325.774,0.132100615,-0.298370502,2.027496174,30.18,0.111111111,0,1,1,0,2,1,3,0,0,3,2,1,0,0,0,0,4,4.32422,0,0,0,0,0,0,0,3,0,0,0,0,0,0,3,2,0,0,0,0,0,0,0,0,0,0,0
1,1.225091577,171.0403137,37.45734787,5.426222324,3.077288151,11.39604378,9.10959816,-5.039779663,-5.384733677,1,-2.172559173,-2.250357028,-2.502274398,-1.651837134,-3.110610359,6.171802914,0.407932099,0.407932099,0.805861393,21.55,306.236,0.059476998,-0.31297934,2.046238029,12.03,0.294117647,1,0,1,0,2,0,2,2,0,1,0,2,0,0,0,0,3,5.1796,0,0,0,0,0,0,0,0,1,0,0,0,0,0,1,2,0,0,0,0,0,0,0,0,0,0,0
1,1.403796434,198.4912872,54.53178787,3.976418734,2.617342949,8.694719315,4.322494507,-5.426619053,-4.920391083,1,-2.904658741,-3.11108229,-2.967986976,-2.406860982,-3.996019736,13.42207436,0.16224816,-4.585726683,0.518443002,25.5,549.553,0.405533869,-0.340161612,1.245774617,104.29,0.344827586,1,2,3,3,1,2,3,4,0,5,4,4,1,1,1,0,6,3.5306,0,0,0,0,0,0,0,3,2,0,0,0,1,0,3,3,0,0,0,0,0,0,0,0,0,0,0
1,1.209115982,161.1677704,18.71068192,-0.114168406,-2.408755541,3.219198942,9.52120018,-2.595502377,-7.088282108,1,-2.645776719,-2.554568221,-2.480272065,-2.155935194,-3.702569895,13.06280206,0.335293945,-1.019664352,0.384488211,18.37931034,405.495,0.325915496,-0.480080406,2.078694333,132.96,0.571428571,0,1,1,1,1,0,1,3,0,5,1,12,1,1,0,0,2,1.2352,2,0,0,0,0,0,0,1,1,1,0,0,0,0,0,0,0,0,0,0,0,0,0,0,0,0,1
1,1.378801465,221.551178,48.08181381,2.132648468,2.218204021,10.75601578,3.64674902,-4.160066605,-4.096681118,1,-2.352184391,-2.458940388,-2.723143587,-1.87685348,-3.372636198,6.228015891,0.497387566,0.497387566,0.689370983,13.09090909,308.772,0.158874424,-0.280961979,2.013381569,43.07,0.117647059,0,1,1,0,2,1,3,0,0,4,2,1,0,0,0,0,4,3.58012,0,0,0,0,0,0,0,4,0,0,0,0,0,0,3,1,0,0,0,0,0,0,0,0,0,0,0
1,1.283621311,157.7475281,12.04684067,2.151599646,1.471207619,10.03008461,8.966304779,-3.761286497,-4.927188873,1,-2.086085065,-2.171093255,-2.3091407,-1.812304393,-3.124470012,11.72564858,0.004106949,-3.841578663,0.553786957,12.42857143,408.52,0.241244281,-0.495337849,1.871319017,99.88,0.4,0,0,0,0,2,0,2,1,0,6,0,11,0,0,0,0,2,2.3409,0,0,0,0,0,0,0,0,1,1,0,0,0,0,0,0,0,0,0,0,0,0,0,0,1,0,0
1,1.359968424,223.6000671,65.57284546,2.312954664,0.079679728,5.693579674,7.383806229,-4.488409996,-5.63630724,1,-2.684156406,-2.58533888,-2.563189623,-2.226842877,-3.5183866,12.79987594,0.078862014,-0.931041667,0.79138954,45.23076923,356.442,0.173973485,-0.504246433,1.602314763,66.76,0.666666667,3,2,5,0,1,0,1,5,2,4,2,2,1,3,1,0,6,1.67,0,1,0,0,0,1,0,1,0,0,0,0,0,0,0,0,1,0,0,0,0,0,1,0,0,0,0
1,1.397126436,217.6477203,43.67689896,2.677339077,1.817405224,9.527541161,6.76402092,-2.686761379,-4.920345306,0,-2.546803024,-2.746684883,-2.639083374,-2.217135284,-3.633619205,14.69809322,0.069727692,-0.923240421,0.374038038,21.92307692,534.567,0.409928787,-0.439558713,1.177062508,119.13,0.357142857,1,1,2,1,1,3,4,3,0,7,4,3,1,1,0,0,6,4.49,0,0,0,0,1,0,0,4,1,1,0,0,0,0,2,2,0,0,0,0,0,0,0,0,0,0,0
1,1.121945262,122.2646027,-8.54145813,3.904972076,2.781155348,11.60570335,8.889234543,-4.187521935,-4.54791975,1,-2.205058951,-2.159715161,-2.272737971,-1.783991969,-3.193466121,13.17441327,0.281111111,-0.582384259,0.760121279,13.08695652,309.453,0.147084625,-0.306666884,2.66136139,20.31,0.380952381,0,0,0,0,2,0,2,1,0,2,0,7,0,0,0,1,2,4.292,0,0,0,0,0,0,0,1,0,0,0,0,0,0,0,0,1,0,0,0,0,0,0,0,0,0,0
1,0.974691749,113.1218109,-49.39155579,3.065942049,-0.381803274,11.32470131,10.04297638,-2.398411512,-5.043661118,1,-2.354593089,-2.371699616,-2.65566737,-1.988260199,-3.172499991,3.561990741,0.398726852,0.398726852,0.632181599,50,167.296,0.023166471,-0.313715908,2.344959807,12.03,1,2,0,2,0,0,0,0,3,2,1,0,1,0,2,0,3,2,2.4206,0,0,0,0,0,0,0,0,1,0,0,0,0,0,2,0,0,0,0,0,0,0,0,0,0,0,0
1,1.504176259,225.6818848,79.37124634,-0.557065248,-1.558419943,3.732589483,5.734220505,-2.857987881,-7.172691345,1,-2.721325279,-2.674700088,-2.637635657,-2.275485769,-3.722412812,12.33183493,0.060325648,-1.328337764,0.213131482,15.41176471,473.446,0.325721201,-0.481229256,1.616786126,219.84,0.3,0,1,1,2,1,1,2,2,0,9,2,10,0,0,0,1,3,-0.7311,2,0,1,0,1,0,0,2,4,1,0,0,4,0,1,0,0,0,0,0,0,0,0,0,0,0,0
1,1.548906803,152.672348,37.42656326,3.073869228,4.345266342,7.390418053,2.267016411,-4.183506012,-4.879721165,0,-2.594700681,-2.708349289,-2.649404718,-2.207630902,-3.491178874,12.35030035,0.23601659,-4.395233082,0.910822991,11.36842105,270.21,0.415912065,-0.36086762,2.124666471,55.13,0.166666667,0,0,0,1,1,1,2,0,0,3,1,2,0,0,0,0,2,3.25412,0,0,0,0,0,0,0,1,1,0,0,0,1,0,0,3,0,0,0,0,0,0,0,0,0,0,0
1,1.200614452,194.1367035,31.25615311,4.854995728,3.320566177,9.300764084,3.222752094,-5.155432701,-5.133491993,0,-2.494482383,-2.580835476,-2.705038768,-2.016487289,-3.47385131,2.308374677,1.180201142,1.180201142,0.435793471,11.48275862,382.531,0.212373951,-0.377637362,1.703102221,12.05,0.192307692,0,0,0,0,2,2,4,0,0,2,2,4,0,0,0,0,4,5.30824,0,0,0,0,0,0,0,3,0,0,0,0,1,0,1,0,0,0,0,0,0,0,0,0,0,0,0
1,1.629016638,187.7650452,64.48153687,2.009168625,3.141767502,8.098852158,2.187241554,-2.104767323,-4.602736473,1,-2.167594252,-2.15269059,-2.33411618,-1.600237205,-3.083705486,10.63488284,0.456234568,-0.456234568,0.653513515,10.63636364,169.567,0.416783326,-0.407862112,2.920939355,46,0,0,0,0,0,1,1,2,0,0,2,1,0,0,0,0,0,2,1.7745,0,0,0,0,1,0,0,0,1,0,0,0,0,0,1,1,0,0,0,0,0,0,0,0,0,0,0
1,1.396162629,271.7803345,51.02987289,2.904546022,3.021099329,9.84972477,3.514151573,-4.661222458,-4.951660156,0,-2.456883082,-2.562318544,-2.564437283,-2.136906787,-3.49460253,12.39684351,0.069836021,-0.611443021,0.727490435,10.40909091,295.298,0.413189963,-0.452571857,1.92608741,84.08,0.0625,0,0,0,1,2,1,3,0,0,4,1,3,0,0,0,0,3,2.9722,0,0,0,0,1,0,0,1,2,0,0,0,1,0,1,0,1,0,0,0,0,0,0,0,0,0,0
1,1.41473639,204.1846313,65.40116882,1.905336261,2.621508598,10.00822067,6.430205345,-3.410132408,-4.79716444,0,-2.421453415,-2.636082285,-2.49347603,-2.252598654,-3.54024585,15.22672916,0.053823663,-0.970248032,0.57163607,16.65714286,487.507,0.328978733,-0.493451999,1.568852179,83.16,0.416666667,0,2,2,2,1,2,3,0,0,6,4,6,1,1,0,0,5,3.657,0,0,0,0,1,0,0,4,1,0,0,0,2,0,3,2,0,0,0,0,0,0,0,0,0,0,0
1,1.316593766,70.00192261,-14.33443069,2.891407013,1.714110136,7.550133705,3.339395046,-3.629094362,-4.523057461,1,-2.245154326,-2.44057028,-2.394350751,-2.005752268,-3.322211783,11.49485292,0.156358025,-0.432824074,0.459961346,17.13333333,233.699,0.340164965,-0.33368511,2.341813687,61.77,0.888888889,1,0,1,2,0,0,0,0,0,3,0,4,0,1,0,0,1,2.2509,0,0,0,0,0,0,0,2,1,0,0,0,0,0,0,1,0,0,0,0,0,0,0,0,0,0,0
1,1.199546933,160.0389404,14.66678238,4.288671494,0.011356592,4.864983559,8.80206871,-4.563433647,-5.660580158,1,-2.511347929,-2.432016041,-2.479274456,-1.921512841,-3.566938464,10.76281546,0.64267054,-0.971725369,0.801415147,15.65384615,348.446,0.327878271,-0.478072939,1.937366501,53.43,0.272727273,0,1,1,0,1,1,2,0,0,3,2,6,1,1,0,0,3,4.01532,1,0,0,0,0,0,0,2,0,0,0,0,0,0,0,0,0,0,0,0,0,0,0,0,0,0,0
1,1.361004591,149.844574,56.8634758,4.151535988,3.13559103,11.07249069,4.691894531,-6.039173126,-5.022200108,1,-2.895456418,-2.95787625,-3.033335612,-2.57741876,-3.8084262,13.90302154,0.165324756,-0.690932776,0.669950761,19.93333333,410.424,0.229208377,-0.48910397,1.561319846,77,0.272727273,1,0,1,1,1,2,3,2,0,5,2,6,0,1,0,0,4,3.74204,0,0,0,0,0,0,0,3,1,0,0,0,1,0,0,2,0,0,0,0,0,0,0,0,0,0,0
1,1.200959802,151.5876923,27.23827744,4.034807205,0.425051451,6.539496422,9.062512398,-4.3295784,-5.031352997,1,-2.505766404,-2.313229534,-2.350760942,-2.062802736,-3.531219024,12.05582861,0.132136952,-1.007766752,0.341305921,16.43243243,501.667,0.313046324,-0.480590094,1.311046079,81,0.40625,0,1,1,0,3,0,3,1,0,4,1,10,1,1,0,1,4,5.5105,1,2,0,0,0,0,0,1,0,0,0,0,0,0,0,0,0,0,0,0,0,0,0,0,0,0,0
1,1.154010177,165.3982849,14.01099777,2.845251083,0.733930469,11.63527107,9.345208168,-2.057738304,-4.55884552,1,-2.31199055,-2.309174917,-2.613978542,-1.971805705,-3.185379271,11.18899376,0.294774187,-0.71125,0.906175869,27.52631579,263.381,0.118741996,-0.496756035,2.297593905,32.7,0.625,1,0,1,0,1,0,1,2,0,3,0,4,0,1,0,2,2,2.6346,0,1,0,0,0,0,0,1,0,0,0,0,0,0,0,0,0,0,0,0,0,0,0,0,0,0,0
1,1.315536141,157.7177429,86.98483276,4.067032337,1.148752928,10.81148338,8.998212814,-1.529096007,-4.419129372,1,-2.715022108,-2.70162301,-2.706878373,-2.33697186,-3.623435668,10.64101899,0.00625,-0.357997921,0.85756411,41.77272727,301.386,0.165449388,-0.492857485,1.795147205,41.93,0.666666667,2,2,4,0,1,0,1,5,2,4,2,1,1,2,1,0,5,1.7251,0,1,0,0,0,0,0,1,0,0,0,0,0,0,0,0,0,0,0,0,0,0,0,0,0,0,0
1,1.307887435,130.8644257,29.84672165,3.771271229,3.216314316,9.553909302,8.839688301,-4.966800213,-4.514674187,1,-2.321333683,-2.485270378,-2.488905999,-2.003213279,-3.235422029,13.36212838,0.000894229,-0.305876238,0.379862418,15.32258065,426.488,0.169564902,-0.492844793,1.240313997,64.8,0.416666667,0,1,1,0,2,1,3,0,0,6,2,8,1,1,0,0,4,4.8266,0,0,0,0,0,0,0,2,0,0,0,0,0,0,1,1,1,0,0,0,0,0,0,0,0,0,0
1,1.525232553,186.378479,84.74185181,1.661145687,0.333415508,3.996977806,7.078730106,-2.534798384,-6.136458874,1,-2.594011488,-2.695322337,-2.695489335,-2.289292177,-3.346909153,13.49333223,0.001835212,-2.625690429,0.39837156,29.09090909,457.483,0.255450836,-0.50965062,1.977420193,164.63,0.434782609,3,0,3,1,1,0,1,4,0,9,0,3,0,0,0,0,4,0.1866,0,3,0,0,0,1,0,2,0,1,0,0,1,0,3,0,2,0,0,0,0,0,0,0,0,0,0
1,1.462711453,118.6603775,19.08019638,2.374654531,0.428180933,8.639268875,3.759599209,-3.499343872,-5.267739773,1,-2.67833106,-2.854967183,-2.685153399,-2.246249287,-3.664883115,14.1160022,0.176826811,-1.406259159,0.640839152,25.8,359.354,0.412382943,-0.449281696,2.07372948,122.91,0.666666667,0,1,1,1,0,1,1,4,0,8,2,6,1,1,0,0,2,0.7602,0,2,0,0,0,0,0,2,1,0,0,0,1,0,0,1,0,0,0,0,0,0,0,0,0,0,2
1,1.409707308,218.6579895,51.27302933,2.352143049,2.402041912,9.831262589,3.281611919,-4.269692421,-4.114013672,1,-2.332270616,-2.435612881,-2.693214691,-1.836966746,-3.35584639,6.188227058,0.496554233,0.496554233,0.691129049,13.0952381,294.745,0.158662447,-0.283340622,1.996146541,43.07,0.0625,0,1,1,0,2,1,3,0,0,4,2,1,0,0,0,0,4,3.2717,0,0,0,0,0,0,0,4,0,0,0,0,0,0,3,1,0,0,0,0,0,0,0,0,0,0,0
1,1.310555577,135.4801636,57.16482162,4.268134594,2.890371561,8.332655907,8.055413246,-5.603364468,-5.170600891,1,-2.424378139,-2.470921354,-2.558500709,-2.087386201,-3.332477408,13.64656107,0.08344303,-0.08344303,0.31866433,14.35294118,473.594,0.194627578,-0.507966237,1.388562281,70,0.25,0,1,1,0,3,1,4,0,0,6,2,7,1,1,0,0,5,6.0752,0,0,0,0,0,2,0,1,0,0,0,0,0,0,1,0,1,0,0,0,0,0,0,0,0,0,0
1,1.344581127,104.2190552,8.461147308,0.257354856,0.324387193,7.726765633,5.054963112,-1.483563185,-4.488209724,1,-2.564719986,-2.558778468,-2.525736864,-2.05697394,-3.437869204,12.33337144,0.117903807,-0.371273148,0.731490024,11.15,278.312,0.331968856,-0.327863311,2.381621798,78.89,0.538461538,0,0,0,0,0,2,2,0,0,7,2,5,0,0,0,0,2,0.193,0,0,0,0,0,0,0,4,0,0,0,0,0,0,1,0,1,0,0,0,0,0,0,0,0,0,1
1,1.086289287,149.0123596,53.9814949,3.559163332,0.496953726,9.824424744,10.12651825,-4.33924675,-4.431571007,1,-2.454695608,-2.434325157,-2.595967473,-2.029934053,-3.185020725,6.49125,0.225115741,0.225115741,0.607647113,64.38461538,179.307,0.01669483,-0.325011028,2.03149669,26.02,1,4,0,4,0,0,0,0,2,4,1,0,0,0,4,0,2,4,2.6941,0,0,0,0,0,0,0,0,0,1,0,0,0,0,0,0,0,0,0,0,0,0,0,0,0,0,0
1,1.191465259,180.2743835,33.80652237,3.081561804,2.189512491,10.88779449,7.873087883,-2.571735144,-3.999915123,1,-2.160644926,-2.194230218,-2.349470443,-1.690152434,-2.969514463,12.05344136,0.067060185,-0.209753086,0.820493772,13.5625,239.746,0.179008077,-0.30264536,2.784739068,29.1,0.461538462,0,0,0,0,1,0,1,1,0,2,0,3,0,0,0,1,1,3.2993,0,0,0,0,0,0,0,0,1,0,0,0,0,0,0,1,1,0,0,0,0,0,0,0,0,0,0
1,1.381791353,131.8541718,46.75004959,3.113100052,2.304541826,9.99830246,3.509350777,-4.298501492,-5.818566322,1,-2.374715583,-2.267143764,-2.413630711,-1.782306057,-3.23827197,10.39967829,0.093067265,-1.423296414,0.529157226,31,450.915,0.124124732,-0.487940456,1.485778296,108.61,0.47826087,0,2,2,0,2,0,2,6,0,7,2,6,2,2,0,0,4,1.6134,0,4,0,0,0,0,0,0,0,0,0,0,0,0,0,1,0,0,0,0,0,0,0,0,0,0,0
1,1.456803441,214.0241241,62.20299149,2.290845156,2.74862957,10.28550339,3.724882126,-2.960451841,-4.402134418,1,-2.319186263,-2.236641194,-2.527733321,-1.799132658,-3.18054978,4.443796296,0.840231481,0.840231481,0.657282831,10.85714286,201.254,0.157539864,-0.336616798,2.244094775,41.57,0,0,0,0,0,1,2,3,0,0,3,2,1,0,0,0,0,3,2.6864,0,0,0,0,1,0,0,2,1,0,0,0,0,0,1,0,0,0,0,0,0,0,0,0,0,0,0
1,1.286760807,213.1761627,15.44095993,-2.679115534,-2.677962542,11.83617592,12.18217468,-0.237407446,-6.0349226,1,-1.784431922,-1.888111184,-2.118889423,-1.451978602,-2.801964126,7.067777778,0.113425926,-0.214166667,0.248784839,8.222222222,129.167,0.196871098,-0.369797958,3.644485679,88.99,0.5,0,0,0,0,0,0,0,0,0,2,0,0,0,0,0,0,0,-1.03416,0,0,0,0,0,0,0,1,3,1,0,0,0,0,0,0,0,0,0,0,0,0,0,0,0,0,0
1,1.403073907,86.51199341,-4.062870026,-0.006159782,0.329105496,9.466920853,3.864392757,-1.175636172,-4.513989925,1,-2.376907979,-2.404253952,-2.520625755,-2.092363963,-3.380306238,10.4796712,0.084814815,-0.618888889,0.548158983,12.84615385,185.183,0.342440375,-0.389323118,3.013268333,81.19,0.571428571,0,0,0,0,0,1,1,1,0,5,1,3,0,0,0,1,1,0.48052,0,1,0,0,0,0,0,3,0,0,0,0,0,0,0,0,0,0,0,1,0,0,0,0,0,0,0
1,1.072743893,146.7548218,-29.91236496,2.254254818,-0.199565172,12.07566357,8.52726841,-2.447273254,-4.525810242,1,-2.424391758,-2.36411391,-2.454843218,-1.859732988,-3.344421793,6.20837963,0.515347222,-0.515347222,0.80674751,14.2,270.376,0.132120802,-0.362885356,2.287167069,25.36,0.352941176,0,0,0,0,1,1,2,1,0,3,1,6,0,0,0,1,2,2.9233,0,0,0,0,0,0,0,2,0,0,0,0,0,0,0,0,0,0,0,0,0,0,0,0,0,0,0
1,1.192749262,140.7359161,14.0389061,3.755786657,1.380155325,7.750353336,8.184263229,-4.518174171,-5.55010891,1,-2.475158023,-2.393678381,-2.470116158,-1.961148559,-3.288364378,13.4576151,0.019401037,-0.663400301,0.382734991,50.08571429,507.737,0.315698602,-0.461101115,1.620562786,109.85,0.857142857,4,0,4,0,0,0,0,11,2,7,0,5,0,4,0,1,4,3.8668,0,2,0,0,0,0,0,0,0,1,0,0,0,0,0,0,1,0,0,0,0,0,0,1,0,0,0
1,1.183417082,139.7425079,-4.79258728,6.0513134,3.773623228,11.04538918,9.153642654,-6.264489174,-4.572861671,0,-2.068861957,-2.267911074,-2.416375345,-1.790456444,-2.976971836,6.214964472,0.575685889,0.575685889,0.309453354,12,405.969,0.118903331,-0.492264494,2.021346864,12.47,0.230769231,0,0,0,0,3,0,3,0,0,2,0,9,0,0,0,0,3,6.215,0,0,0,0,0,0,0,1,0,0,0,0,0,0,0,1,0,0,0,0,0,0,0,0,0,0,0
1,1.607765794,167.6587067,28.55804825,-0.310168266,-1.338741779,9.111868858,7.618026733,-1.712934375,-5.870826721,1,-2.112527921,-2.22334751,-2.3420144,-1.853993649,-3.168087979,10.64867059,0.014377652,-3.916262908,0.286612438,12.35,337.456,0.318366611,-0.386401795,2.36698511,175.83,0.375,0,0,0,0,0,1,1,0,0,6,1,7,0,0,0,0,1,-0.768,0,0,0,0,0,0,0,3,0,4,0,1,0,0,0,0,0,0,0,0,0,0,0,1,0,0,0
1,1.301627636,198.3781433,57.48552322,2.626963377,3.116974831,10.55208397,6.877119541,-3.887181282,-5.100241184,0,-2.588234965,-2.80547292,-2.78528314,-2.182364409,-3.72695064,14.93828546,0.009537893,-0.636007893,0.380688307,15.10810811,506.605,0.228595686,-0.325554214,1.347617662,75,0.407407407,0,1,1,0,1,3,4,0,0,8,4,7,1,1,0,0,5,4.93692,0,0,0,0,0,0,0,7,1,0,0,0,2,0,1,2,0,0,0,0,0,0,0,0,0,0,0
1,2.080367088,195.3412933,58.37614059,-2.620639563,-0.151910305,7.372525215,3.515813112,-4.474972725,-4.887686729,1,-2.352441765,-2.455022154,-2.531557116,-2.06706051,-3.307993013,13.01481623,0.013287706,-1.288209493,0.114255811,13.70588235,821.141,0.253134921,-0.393614704,3.725515731,199.89,0.526315789,0,0,0,3,1,0,1,3,0,9,0,12,0,0,0,3,1,-1.6275,0,6,0,0,0,0,0,1,2,0,0,0,1,0,0,3,0,0,0,0,0,0,0,0,0,0,0
1,1.089184165,67.623909,-42.033741,1.782901049,0.51689899,11.41070938,9.430504799,-2.555465221,-4.580595493,1,-2.201276312,-2.26118445,-2.39318377,-1.878773515,-3.100926795,9.800238368,0.237149156,-0.512623028,0.57784848,12.82608696,325.449,0.1189591,-0.490849089,2.19716004,59.95,0.666666667,0,0,0,0,1,0,1,1,0,5,0,12,0,0,0,1,1,2.3659,0,1,0,0,0,0,0,0,1,0,0,0,0,0,0,0,0,0,0,0,0,0,0,0,0,0,0
1,1.23400104,235.2594604,2.410503387,2.55464673,0.578996539,7.569653988,7.670403004,-5.877307415,-5.654049873,1,-2.551323201,-2.430485107,-2.349983278,-2.039443177,-3.458828744,13.23561224,0.116713435,-1.784607426,0.679789359,27.92307692,352.454,0.347692594,-0.453393894,1.654913272,46.53,0.409090909,0,3,3,0,2,0,2,1,2,3,3,4,3,3,0,1,5,2.7045,0,1,0,0,0,0,0,1,0,0,0,0,0,0,3,0,0,0,0,0,0,0,1,0,0,0,0
1,1.23752892,120.9463882,31.1413002,3.430136681,-0.544141293,3.922031403,4.000079155,-4.910002232,-6.442320824,1,-2.59799108,-2.533578446,-2.517611495,-2.168440305,-3.743083722,12.86110954,0.125482689,-0.976381459,0.494431627,12,435.528,0.326196483,-0.479704342,1.870560087,112.07,0.375,0,0,0,1,2,1,3,1,0,5,1,10,0,0,0,0,3,4.1617,1,0,0,0,1,0,0,4,1,0,0,0,0,0,0,0,0,0,0,0,0,0,0,0,0,0,1
1,1.156297565,182.1641235,20.453228,4.194325447,3.144628525,10.55400658,4.72178936,-5.090129852,-4.759278774,0,-2.589621256,-2.540303973,-2.631494374,-2.149487336,-3.580653384,11.0257957,0.145665391,-0.453688062,0.752491078,53,328.5,0.06754673,-0.389602794,1.504669776,48.91,0.857142857,4,0,4,0,0,1,1,7,0,2,1,0,0,3,0,0,5,4.1181,0,1,0,0,1,0,0,1,1,0,0,0,0,0,6,0,0,0,0,0,0,0,0,0,0,0,0
1,1.067160606,121.3497162,-46.90289307,2.278901577,1.062669635,11.41298485,9.381409645,-1.95398438,-4.593485832,1,-2.253220166,-2.528220976,-2.43302255,-2.029403379,-3.109215454,11.65179201,0.284774791,-0.326707294,0.823422476,12.33333333,250.342,0.414454155,-0.410204884,2.795679379,32.78,0.5,0,0,0,1,1,0,1,1,0,3,0,4,0,0,0,0,1,2.7597,0,0,0,0,0,0,0,2,0,0,0,0,0,0,0,0,0,0,0,0,0,0,0,0,0,0,0
1,1.437486291,217.3609772,45.20743179,1.376365662,1.25322485,8.987003326,3.528592825,-2.928275347,-4.705541611,1,-2.42303065,-2.487776143,-2.649537089,-2.019640423,-3.632083207,12.04140892,0.048013524,-3.267388613,0.716703212,17.07692308,371.426,0.213491593,-0.346034664,1.685278128,120.56,0.375,0,1,1,0,0,3,3,0,0,7,4,5,1,1,0,0,4,1.09568,0,0,0,0,1,0,0,6,1,0,0,0,0,0,1,0,0,0,0,0,0,0,0,0,1,0,0
1,1.52977562,187.9402161,68.33757019,3.386142731,-0.178796291,2.709365368,3.943788052,-5.440984726,-5.012712002,1,-2.601962064,-2.520107273,-2.481985579,-1.93777432,-3.714274197,13.06383897,0.118788633,-1.070691522,0.660289548,24.36666667,470.334,0.327399385,-0.479672802,1.622719744,112.74,0.368421053,0,2,2,2,1,1,2,3,0,6,3,4,2,2,0,0,4,3.20212,1,0,0,0,0,0,0,2,1,0,0,0,0,0,1,2,0,1,0,0,0,0,0,1,0,0,0
1,1.393779755,220.2895203,68.51704407,3.243884563,2.909735441,9.668307304,2.381784916,-5.033539772,-4.649785519,0,-2.509120532,-2.737139742,-2.826907232,-1.974081809,-3.593396082,13.50626501,0.166153786,-0.253622449,0.450506892,12.33333333,416.872,0.264272048,-0.360076177,1.711509465,88.49,0.090909091,0,0,0,0,2,3,5,1,0,6,3,4,0,0,0,0,5,4.4835,0,0,0,0,1,0,0,4,2,0,0,0,1,0,2,1,0,0,0,0,0,0,0,0,0,0,0
1,1.303024769,236.9900818,62.93541336,4.347070694,3.019816399,11.50099087,7.810604095,-5.553809166,-5.094950676,0,-2.573308542,-2.58345876,-2.570318374,-2.151760079,-3.532562638,13.39726661,0.0043784,-0.644619733,0.265026393,25.69565217,634.726,0.330633814,-0.496686979,1.234796701,117.78,0.485714286,1,2,3,0,2,1,3,6,0,10,3,9,1,2,0,0,6,4.5707,0,0,0,0,1,0,0,1,1,0,0,0,0,0,6,0,0,0,0,0,0,0,0,0,0,0,0
1,1.699912548,288.3027344,48.02466202,-0.648901939,-0.528039217,9.989358902,4.519154072,-1.163593888,-5.197425365,1,-2.35062074,-2.417250857,-2.449198574,-2.014024393,-3.47955049,12.14106481,0.282407407,-0.713333333,0.495217202,9.444444444,129.094,0.346113544,-0.3826587,3.336092887,71.77,0,0,0,0,0,0,1,1,0,0,3,1,0,0,0,0,0,1,-0.5088,0,0,1,0,1,0,0,1,1,1,0,0,1,0,0,1,0,0,0,0,0,0,0,0,0,0,0
1,1.39969492,186.4736938,43.47310257,2.196143627,2.7321558,11.5310936,3.070199013,-3.549666882,-4.380702019,1,-2.489224684,-2.518356535,-2.51219473,-1.872174653,-3.43512089,12.1054869,0.468052249,-1.420017007,0.879421465,18.04761905,300.745,0.27805646,-0.364126283,2.271672957,52.9,0.125,0,1,1,1,2,0,2,1,0,3,1,1,0,0,0,1,3,2.4722,0,1,0,0,0,0,0,2,0,0,0,0,1,0,1,1,0,0,0,0,0,0,0,0,0,0,0
1,1.267424464,158.9047546,31.7491188,3.990797997,0.262892962,7.130051136,2.856107235,-4.484329224,-5.158964157,1,-2.650051656,-2.67119333,-2.688313382,-2.255305615,-3.537558603,12.89181784,0.116219023,-0.653741497,0.856458911,17.625,324.38,0.25837501,-0.507964294,2.024951777,60.85,0.263157895,0,1,1,2,2,0,2,1,0,3,1,5,1,1,0,1,3,3.4934,0,0,0,0,0,1,0,2,0,0,0,0,2,0,0,0,0,0,0,0,0,0,0,0,0,0,1
1,1.369489908,162.3081818,23.69179153,0.926099896,0.535312653,8.57412529,9.07753849,-3.578970432,-4.825176239,1,-2.096331906,-2.413251818,-2.453479729,-1.879249747,-3.138370164,11.21827613,0.4951136,-3.28584622,0.552534994,12,441.575,0.229318882,-0.492262335,1.709981801,104.81,0.368421053,0,0,0,0,2,0,2,0,0,6,0,11,0,0,0,0,2,1.9829,0,0,0,0,0,0,0,1,2,0,0,0,2,0,0,0,0,0,0,0,0,0,0,0,2,0,0
1,1.517491341,167.4739075,56.67144394,2.646964073,2.949362278,8.874570847,4.198289394,-4.929305077,-4.946450233,0,-2.516423383,-2.630245863,-2.674687143,-2.008855311,-3.5420051,12.53501575,0.049056633,-3.405450959,0.662102176,11.22222222,421.305,0.25667468,-0.321927338,1.889033145,76.13,0.052631579,0,0,0,1,2,1,3,0,0,4,1,4,0,0,0,0,3,4.7112,0,0,0,0,0,0,0,1,1,0,0,0,1,0,0,2,0,0,0,0,0,0,0,0,0,1,0
1,1.478412151,250.233963,86.47518921,3.311536312,2.386976957,10.00646591,1.771179676,-3.844814777,-5.287149429,0,-2.455462143,-2.666876694,-2.708650799,-2.145681993,-3.595498987,14.14775589,0.205763416,-0.534616245,0.558166945,18.25,380.358,0.271736319,-0.376442696,1.822330137,88.49,0.157894737,0,1,1,0,2,2,4,2,0,6,3,2,0,0,0,0,5,2.6285,0,0,0,0,1,0,0,4,2,0,0,0,1,0,0,2,0,0,0,0,0,0,0,0,0,0,0
1,1.294353008,161.3661957,57.29040146,2.017678261,2.290413857,10.2835741,1.592184544,-3.435861588,-4.622240067,1,-2.363979642,-2.40824769,-2.540501002,-1.865354156,-3.410432814,8.917601693,0.150013228,-0.150013228,0.740744242,10.13636364,285.31,0.137292555,-0.240997424,2.07055797,78.29,0.058823529,0,0,0,0,2,1,3,0,0,5,1,3,0,0,0,0,3,2.65916,0,0,0,0,0,0,0,5,0,0,0,0,0,0,0,0,0,0,0,0,0,0,0,0,0,0,0
1,1.285850883,272.6141968,26.11870956,-1.730110168,-3.865106344,2.161726236,9.230160713,-0.72932601,-5.74222374,1,-2.206908449,-2.068915239,-2.139009021,-1.645292311,-3.093374676,10.39619583,0.159857804,-1.020300926,0.627720447,12.38461538,181.191,0.320315502,-0.507966645,2.641763905,83.55,0.222222222,0,0,0,0,1,0,1,1,0,3,0,3,0,0,0,0,1,0.3466,1,0,0,0,0,1,0,0,0,1,0,0,0,0,0,0,0,0,0,0,0,0,0,0,0,0,0
1,1.46580565,139.8885498,12.25050735,1.492877007,1.706423759,5.144088268,2.108428478,-2.045243502,-4.422544956,1,-2.367446329,-2.520300523,-2.446857757,-2.011671376,-3.513707478,10.91403534,0.187175926,-0.88885645,0.896685812,12.05555556,267.676,0.404676754,-0.439384656,2.24742285,95.92,0.2,0,0,0,1,1,1,2,1,0,6,1,4,0,0,0,0,2,1.1631,0,0,0,0,0,0,0,4,0,1,0,0,0,0,0,1,0,0,0,0,0,0,0,0,0,0,0
1,1.028093219,80.43508148,-37.01021576,0.05970645,-0.360365391,10.58805466,9.343856812,0.298388481,-7.991189957,1,-2.205872105,-2.220260992,-2.333231813,-1.776761399,-2.972671895,8.903974868,0.188200743,0.188200743,0.389670876,15.42857143,204.314,0.058403491,-0.394756541,3.348466466,64.52,1,0,0,0,0,0,0,0,2,0,4,0,9,0,0,0,0,0,-0.2926,0,2,0,0,0,0,0,0,2,0,0,0,0,0,0,0,0,0,0,0,0,0,0,0,0,0,0
1,1.720293999,185.7081604,95.77783203,1.272148132,0.593170166,3.760505676,7.282698631,-2.476856709,-6.246200562,1,-2.460226885,-2.400519944,-2.4848708,-1.944954031,-3.190185958,13.26505307,0.014502665,-2.765435799,0.334298662,32.0625,464.858,0.255450836,-0.50965062,2.022176211,181.62,0.380952381,3,0,3,1,1,0,1,5,0,9,0,2,0,0,0,0,4,0.2649,0,4,0,0,0,1,0,1,0,1,0,0,0,0,3,1,2,0,0,0,0,0,0,0,0,0,0
1,1.420877695,231.3820496,67.39015198,2.564496994,3.090241671,7.997719765,4.821221828,-4.641318321,-4.5461936,0,-2.696434868,-2.914955824,-2.85871222,-2.339317896,-3.783214794,14.16379876,0.01750544,-0.667994961,0.511349861,10.93548387,422.424,0.413463291,-0.452487439,1.82076217,138.07,0.15,0,0,0,1,1,3,4,0,0,9,3,4,0,0,0,0,4,2.4427,0,0,2,0,0,0,0,6,0,2,0,0,3,0,1,1,0,0,0,0,0,0,0,0,0,0,0
1,1.48408246,185.0479889,54.59933853,-0.406724453,0.159396648,2.874927282,3.675932884,-2.219043255,-5.788547039,1,-2.517869446,-2.460105272,-2.450151507,-2.008377431,-3.377512201,13.63916948,0.083851216,-4.90242183,0.172524899,13.95121951,583.498,0.470827871,-0.494400124,1.471668103,182.21,0.28,0,1,1,2,1,3,4,0,0,11,4,8,1,1,0,0,5,1.16812,0,0,0,0,0,0,0,7,0,0,0,0,0,0,1,0,1,0,0,0,0,1,0,0,0,0,0
1,1.249590516,178.6786652,27.55412674,3.920216084,3.226823807,9.933366776,8.039268494,-5.731407166,-5.153203964,1,-2.517906747,-2.545079531,-2.403101394,-2.061362759,-3.590626877,13.81079279,0.082943237,-0.836812203,0.516315759,16.23529412,477.048,0.236730315,-0.385068786,1.57320225,43.78,0.344827586,0,1,1,1,3,0,3,0,0,3,1,7,1,1,0,0,4,5.088,0,1,0,0,0,0,0,2,0,0,0,0,0,0,0,1,0,0,0,0,0,0,0,0,0,0,0
1,1.078411698,276.2520142,-24.48805046,0.013922691,-1.121627331,4.829333305,10.60883904,0.100672483,-5.063195705,1,-2.512428846,-2.395812454,-2.49378611,-1.990799817,-3.421824048,10.51810138,0.099259259,-0.638452381,0.623852386,31.72727273,157.213,0.305987523,-0.48102646,2.297820229,63.32,0.875,1,0,1,0,0,0,0,0,0,2,0,2,0,1,0,0,1,0.8361,1,0,0,0,0,0,0,0,0,1,0,0,0,0,0,0,0,0,0,0,0,0,0,0,0,0,0
1,1.368978262,194.7585449,43.73186874,-0.224803448,-0.345742702,6.610239983,8.293362617,-1.61852324,-6.51564455,1,-2.309609004,-2.36958456,-2.454129323,-1.921306713,-3.29270491,14.55880445,0.016296657,-1.77264894,0.027500717,21.72972973,1069.238,0.246223609,-0.507966645,1.680525786,435.41,0.47826087,0,2,2,11,2,0,2,7,0,15,2,19,2,2,0,0,4,-4.13203,0,0,0,0,0,1,0,1,9,4,0,0,0,0,0,0,0,0,0,0,0,0,0,0,0,0,0
1,1.385355115,248.3473206,82.32237244,1.583911896,1.881183982,8.725372314,7.71498394,-3.750133038,-5.803007603,1,-2.727827266,-2.926338425,-3.037978705,-2.320798231,-3.763211595,12.94537865,0.10233211,-0.10233211,0.553213826,17.86666667,401.474,0.258058459,-0.367213098,1.4125378,79.83,0.363636364,1,1,2,0,0,4,4,0,0,8,5,2,1,2,1,0,6,1.96324,0,0,0,0,0,0,0,6,1,0,0,0,1,0,2,0,0,0,0,0,0,0,0,0,0,0,0
1,1.514071584,223.3125,62.5842247,4.500126839,3.201646805,9.150888443,4.847492695,-5.366301537,-5.601223946,0,-2.598733532,-2.814978775,-2.734153416,-2.235333615,-3.654094627,12.7313527,0.140416215,-3.81285831,0.497867267,16.38709677,449.845,0.486939184,-0.41998983,1.549949746,103.37,0.25,0,1,1,1,1,2,3,1,0,6,3,6,1,1,0,0,4,3.4629,0,1,0,0,1,0,0,3,2,0,0,0,2,0,0,3,0,0,0,0,0,0,0,0,0,0,0
1,1.301363945,162.3065186,18.72618484,0.545427918,0.229406357,9.501752853,3.287753344,-1.062823772,-4.552788734,1,-2.459577487,-2.627522762,-2.597958157,-2.165782022,-3.181575602,10.52446854,0.115102041,-0.115102041,0.595026197,9.181818182,151.165,0.220747436,-0.507964316,2.736298072,49.33,0.125,0,0,0,1,1,0,1,0,0,2,0,1,0,0,0,0,1,1.3506,0,0,0,0,0,1,0,0,1,0,0,0,1,0,0,0,0,0,0,0,0,0,0,0,0,0,0
1,1.348653913,160.337265,37.0123024,2.798343658,-1.131984949,3.469826937,3.840592384,-3.201559067,-5.405094624,1,-2.546601088,-2.346302099,-2.380019711,-2.054782823,-3.583656755,12.37539446,0.057510393,-0.823555472,0.855918702,17.15789474,255.273,0.312074121,-0.480738755,1.988116862,59.3,0.2,0,1,1,0,1,1,2,1,0,3,2,3,0,0,0,1,3,2.291,1,0,0,0,0,0,0,1,0,0,0,0,0,0,1,0,1,0,0,0,0,0,0,0,0,0,0
1,1.13298893,98.85475159,-11.51849365,6.068197727,4.077576637,11.1108427,9.293172836,-5.655200005,-4.507276058,0,-2.071835218,-2.247465636,-2.369264377,-1.793471076,-2.964990335,5.8709882,0.692414394,0.692414394,0.450572679,12,371.524,0.118903331,-0.492264494,1.995947377,12.47,0.230769231,0,0,0,0,3,0,3,0,0,2,0,8,0,0,0,0,3,5.9961,0,0,0,0,0,0,0,1,0,0,0,0,0,0,0,0,0,0,0,0,0,0,0,0,0,0,0
1,1.334191799,116.7220459,22.11270523,4.015593529,1.657196522,9.90454483,8.174725533,-4.691827774,-5.325076103,1,-2.541557313,-2.744961682,-2.600445105,-2.256392547,-3.561227024,12.4453662,0.044470359,-4.422868634,0.36983126,14.02857143,495.542,0.42207024,-0.488375913,1.533287583,97.05,0.48,0,1,1,1,2,0,2,1,0,6,1,13,0,0,0,0,3,3.0711,0,1,0,0,0,0,0,1,1,1,0,0,1,0,1,3,0,0,0,0,0,0,0,0,0,0,0
1,1.492937446,57.06420135,-25.11088181,0.840176105,0.081605673,7.468352318,4.228919506,-1.488362193,-4.834414482,1,-2.370365385,-2.367898852,-2.699872191,-1.896003064,-3.395115745,12.18854938,0.42253858,-2.842183642,0.605720669,28.21428571,261.089,0.342983689,-0.305966345,2.582264028,41.57,1,0,1,1,0,0,0,0,1,0,2,1,5,1,1,0,1,1,1.884,0,0,0,0,0,0,0,1,1,0,0,0,0,0,0,2,0,0,0,0,0,0,0,0,0,0,0
1,1.190026879,182.3213806,54.04062271,3.670213938,0.591882229,4.946009636,8.631067276,-4.275176048,-5.642951488,1,-2.426697014,-2.322709955,-2.362292865,-1.965509428,-3.302723586,11.46988552,0.095681411,-0.748183308,0.571136456,52.89655172,408.579,0.302850257,-0.481230262,1.606326949,97.99,0.958333333,4,0,4,0,0,0,0,11,0,4,0,4,0,4,0,0,4,3.4487,1,3,0,0,0,0,0,0,0,0,0,0,0,0,5,0,0,0,0,0,0,0,0,0,0,0,0
1,0.98429966,172.3879089,-57.2338829,2.29963541,0.92733407,11.10194206,9.169454575,-1.905169725,-4.859892845,1,-2.209353639,-2.266316816,-2.417514178,-1.852641063,-2.981076603,5.615394936,0.082413076,0.082413076,0.770173779,12.61538462,179.263,0.124683472,-0.491436453,2.750523804,35.25,0.454545455,0,0,0,0,1,0,1,1,0,2,0,3,0,0,0,1,1,2.02944,0,0,0,0,0,0,0,0,0,1,0,0,0,0,0,0,0,0,0,0,0,0,0,0,0,0,0
1,1.366159081,236.5076141,34.94037247,4.067485809,0.305347443,4.703001499,5.9383111,-4.876737595,-5.016970158,1,-2.249642092,-2.326909526,-2.36939929,-2.027763687,-3.402949897,11.97799627,0.018700869,-4.191024712,0.619558169,11.12,364.423,0.335306543,-0.4776378,2.591803586,118.72,0.235294118,0,0,0,0,2,0,2,0,0,5,0,8,0,0,0,0,2,3.0365,0,0,0,1,0,0,0,0,1,1,0,0,1,0,0,0,0,0,0,0,0,0,0,0,1,0,1
1,1.417475224,244.3638611,71.18388367,3.991785049,2.012309074,9.406417847,4.811992645,-5.309774876,-6.09781599,0,-2.537704508,-2.523718223,-2.400320041,-2.105878676,-3.389665158,13.08916942,0.021968091,-0.51076011,0.692558753,22.79310345,389.411,0.245471685,-0.453595468,1.591397983,74.87,0.272727273,0,3,3,2,2,1,3,2,0,4,4,1,1,1,0,0,6,2.2113,0,0,0,0,1,0,0,2,1,0,0,0,0,0,5,0,0,0,0,0,0,0,0,0,0,0,0
1,1.242624283,181.8573761,41.34858322,2.714224339,1.420741796,3.07480073,8.442784309,-4.724177837,-6.0519557,1,-2.289129874,-2.356161577,-2.416442945,-1.95130702,-3.117597627,12.19557693,0.062487944,-4.062199192,0.398161663,45.05882353,499.714,0.266098024,-0.393119714,1.386826036,123.93,0.961538462,4,0,4,1,0,0,0,10,0,5,0,7,0,4,0,0,4,3.3973,0,2,0,0,0,0,0,0,1,0,0,0,0,0,5,0,0,0,0,0,0,0,0,0,0,0,0
1,1.036302686,105.1182709,-53.31572342,4.511863232,2.767166615,10.05860519,8.691392899,-4.590978622,-4.548492908,1,-2.481868353,-2.486189357,-2.643158603,-1.910142217,-3.48909047,5.86555529,0.808067321,0.808067321,0.667642382,16.45,295.854,0.047773235,-0.381389708,1.440626514,12.47,0.647058824,0,1,1,0,1,0,1,0,0,2,1,8,1,1,0,0,2,4.1652,0,0,0,0,0,0,0,1,0,0,0,0,0,0,0,1,0,0,0,0,0,0,0,0,0,0,0
1,1.224895239,158.1203461,51.50003433,3.635134697,2.498727322,10.65454578,8.74946022,-3.259550571,-4.576169968,1,-2.562407475,-2.542716695,-2.62769909,-2.102620781,-3.441268097,11.15185516,0.177547241,-0.503544974,0.877601618,30.25,324.424,0.119124446,-0.49674294,1.687085362,45.59,0.45,0,3,3,0,1,1,2,5,2,4,4,4,3,3,0,1,5,3.1732,0,1,0,0,0,0,0,2,0,0,0,0,0,0,4,0,0,0,0,0,0,0,0,0,0,0,0
1,1.252053857,133.8690033,14.03935623,2.885418892,0.038578033,3.861878157,7.370484829,-4.317139149,-6.211916447,1,-2.699011671,-2.720377061,-2.518033008,-2.161168975,-3.745194518,13.28190928,0.247563394,-1.08812651,0.60095346,16.87096774,424.497,0.323145382,-0.479913767,1.794532414,95.94,0.375,0,1,1,1,2,0,2,2,0,5,1,9,0,0,0,0,3,2.5731,1,0,0,0,0,0,0,1,1,0,0,0,1,0,1,0,0,0,0,0,0,0,0,0,0,0,0
1,1.286960602,156.2496948,8.519184113,1.27640748,1.458775759,11.99006081,2.764356136,-1.127386689,-4.381677628,1,-2.319427649,-2.318574375,-2.582049435,-1.833358797,-3.212077597,5.441001512,0.4325,0.4325,0.672546053,9.545454545,166.249,0.103607724,-0.389447233,3.005889219,38.91,0.25,0,0,0,0,0,1,1,0,0,2,1,2,0,0,0,0,1,1.2782,0,0,0,0,0,0,1,1,0,1,0,0,0,0,0,0,0,0,0,0,0,0,0,0,0,0,0
1,1.22309792,228.3024597,-20.37784576,-2.808902025,1.42058754,1.846821308,9.059846878,0.570361853,-5.313210011,1,-2.067654341,-1.916724185,-2.023189561,-1.597854221,-3.027980817,9.888194444,0.069444444,-1.002314815,0.410408618,11.375,117.148,0.1183123,-0.54411562,3.551252924,40.13,0.8,0,0,0,0,0,0,0,0,0,2,0,2,0,0,0,0,0,-1.5575,1,0,0,0,0,0,0,1,0,0,0,0,0,0,0,0,0,0,0,0,0,0,1,0,0,0,0
1,1.41254878,140.7853546,50.7553978,3.604806423,2.870696306,10.39580631,3.401180029,-5.161512375,-5.347271442,1,-2.333028216,-2.342326618,-2.38023931,-1.888355737,-3.290242458,13.18291427,0.262812252,-1.406281125,0.485915817,26.19354839,444.524,0.122751688,-0.393568179,1.566773747,90.15,0.333333333,0,1,1,0,2,1,3,5,0,6,2,5,1,1,0,0,4,2.96832,0,4,0,0,0,0,0,0,0,0,0,0,0,0,0,1,0,0,0,0,0,0,0,0,0,0,0
1,1.337450981,88.50038147,-3.127761841,2.50233984,0.890701652,10.23283672,7.686906338,-3.229852438,-4.524663925,1,-2.253451887,-2.326343575,-2.506997906,-1.8405603,-3.250424358,4.725833333,0.374074074,0.374074074,0.696252498,25,204.298,0.159538803,-0.348132813,1.86563426,15.6,0.363636364,0,2,2,0,1,0,1,1,0,3,2,1,1,1,0,0,3,2.1461,0,0,0,0,0,0,0,2,0,0,0,1,0,0,1,0,0,0,0,0,0,0,0,1,0,0,0
1,1.249495506,150.0430756,37.23534012,3.236437559,2.252979517,8.140276909,2.780646324,-4.306303978,-4.794430733,1,-2.720087014,-2.923590623,-2.820709123,-2.244665869,-3.747188112,11.92327633,0.001064815,-0.393276224,0.897814098,12.4,273.336,0.32964795,-0.364833519,2.276005762,66.89,0.333333333,0,0,0,0,1,1,2,1,0,4,1,4,0,0,0,0,2,2.2906,0,0,0,0,1,0,0,1,2,0,0,0,1,0,0,0,0,0,0,0,0,0,0,0,0,0,0
1,1.370467782,94.13347626,-11.70669556,3.669516325,1.049977064,11.82026482,9.524718285,-2.387514114,-4.533863544,1,-2.440740196,-2.415156502,-2.67241406,-1.891050837,-3.301830456,4.525590868,0.358055556,0.358055556,0.830054236,12.63157895,319.246,0.04783435,-0.309364732,2.258475116,16.13,0.3125,0,0,0,0,1,1,2,1,0,2,1,5,0,0,0,1,2,3.9277,0,0,0,0,0,0,0,2,0,0,0,0,0,0,0,1,0,0,0,0,0,0,0,0,0,0,0
1,1.604334593,212.5067291,76.39299011,0.021440029,-2.07468152,3.255787373,4.104721069,-2.650633812,-5.945785046,1,-2.419367603,-2.475222446,-2.35923959,-1.852908248,-3.58325377,12.64467325,0.007954092,-1.209798192,0.37180981,21.77777778,410.433,0.351836112,-0.481001859,1.777936371,162.92,0.266666667,0,2,2,2,0,1,1,2,0,8,3,6,1,1,0,0,3,-0.0482,2,0,1,0,0,0,0,2,1,1,0,0,1,0,1,0,0,1,0,0,0,0,0,1,0,0,0
1,1.335311294,202.4230042,40.32329178,1.824063063,0.526711464,5.519246101,5.274417877,-3.749901772,-4.605474472,1,-2.492543975,-2.591592596,-2.534831557,-2.13379096,-3.501132335,12.43791681,0.008342123,-3.947556184,0.598161682,14.61290323,445.545,0.328409891,-0.350317799,1.480862253,130.15,0.428571429,1,0,1,3,1,1,2,0,0,6,1,7,0,1,0,0,3,2.07812,0,0,0,0,0,0,0,2,3,0,0,0,0,0,0,0,0,0,0,0,0,0,0,0,1,0,0
1,1.002361536,131.0741425,71.05256653,3.349940538,1.132241249,11.67480659,10.01552582,-1.936053038,-4.92330122,1,-2.371824957,-2.353769216,-2.594375832,-1.935420263,-3.097322127,6.191527778,0.445277778,0.445277778,0.657471607,55.38461538,179.307,0.006728513,-0.327439617,1.911265473,26.02,1,4,0,4,0,0,0,0,1,4,1,0,1,0,4,0,1,4,2.55,0,0,0,0,0,0,0,0,0,1,0,0,0,0,0,0,0,0,0,0,0,0,0,0,0,0,0
1,1.345670581,176.7182159,29.28565598,2.139816999,-0.178440809,4.686889648,5.055269718,-3.494057417,-4.459908485,1,-2.319175207,-2.479558551,-2.397978188,-1.970561335,-3.29934829,12.10854938,0.031517477,-3.926080759,0.830574333,16.04545455,324.402,0.328409891,-0.334590454,1.99835849,92.34,0.466666667,1,0,1,2,1,0,1,0,0,4,0,4,0,1,0,0,2,2.2098,0,0,0,0,0,0,0,0,2,0,0,0,0,0,0,0,1,0,0,0,0,0,0,0,1,0,0
1,1.030655384,174.3006744,-48.0138092,-2.513655424,-2.171481848,4.595335484,10.59407616,0.382004976,-6.215161324,1,-2.345930534,-2.251294762,-2.305714622,-1.804869027,-3.250523066,9.931203231,0.277777778,-0.715720899,0.536584419,9.444444444,131.175,0.302839563,-0.48123039,2.828868135,63.32,0.833333333,0,0,0,0,0,0,0,0,0,2,0,5,0,0,0,0,0,0.5901,1,0,0,0,0,0,0,0,0,1,0,0,0,0,0,0,0,0,0,0,0,0,0,0,0,0,2
1,1.430440307,138.947113,54.96253586,3.650902748,3.071886063,9.785412788,3.184137344,-4.401973724,-5.931434631,1,-2.365235389,-2.25803098,-2.380650769,-1.767237369,-3.237395035,10.69091337,0.170994915,-1.708790758,0.541026956,32.93333333,436.888,0.224962234,-0.493889761,1.658120138,108.61,0.454545455,0,2,2,0,2,0,2,5,2,7,2,6,2,2,0,0,4,1.3565,0,4,0,0,0,0,0,0,0,0,0,0,0,0,2,1,0,0,0,0,0,0,0,0,0,0,0
1,1.402823329,208.2642975,70.09608459,2.308549643,1.56668067,9.600736618,9.140625,-4.794321537,-4.942174911,0,-2.400058135,-2.606277093,-2.727546641,-2.073045572,-3.617857663,12.87022971,0.208755286,-0.468702501,0.385453166,10.25,451.914,0.25856574,-0.49673963,1.823550468,107.41,0.130434783,0,0,0,2,2,1,3,0,0,5,1,6,0,0,0,0,3,4.13517,0,0,0,0,0,0,0,2,3,0,0,1,2,0,0,1,0,0,0,0,0,0,0,0,0,0,0
1,1.020939589,76.87207031,-49.83097839,0.952386737,0.742427111,8.964757919,7.317194462,-0.450853825,-4.851856232,1,-2.388707226,-2.476082762,-2.242261183,-2.093999228,-3.23565513,11.90037415,0.197314815,0.197314815,0.654165107,18.35714286,199.298,0.319568613,-0.325211304,2.439818175,26.79,0.9,0,1,1,2,0,0,0,0,0,2,1,2,1,1,0,0,1,0.6956,0,0,0,0,0,0,0,3,0,0,0,0,0,0,0,0,0,0,0,0,0,0,0,0,0,0,0
1,1.174188852,88.507164,-36.54123688,4.062507629,2.763665676,11.12426758,6.240756035,-5.092514992,-4.466487408,1,-2.025818858,-2.153416855,-2.485169937,-1.741828789,-2.973999966,5.941251264,0.309409486,0.309409486,0.677882612,12.33333333,303.833,0.118876036,-0.491978157,1.904169341,12.47,0.333333333,0,0,0,0,2,0,2,1,0,2,0,8,0,0,0,1,2,4.1949,0,0,0,0,0,0,0,1,0,0,0,0,0,0,0,1,0,0,0,0,0,0,0,0,0,0,0
1,1.597713113,153.8181152,49.77482986,4.054397106,3.563782215,10.43291092,4.393528938,-4.684760094,-5.703018665,1,-2.435888291,-2.586732637,-2.430916284,-1.99657268,-3.266439189,13.12649721,0.173723095,-0.361792295,0.454300573,21.02777778,638.832,0.314277798,-0.35149125,1.305605181,79.53,0.518518519,1,2,3,3,1,1,2,1,0,3,3,3,2,2,0,0,5,5.9099,0,0,0,0,0,0,0,3,0,1,0,0,0,0,2,3,0,0,0,0,0,0,0,0,0,0,0
1,1.175389171,107.9709167,-8.791667938,3.337141514,1.358842373,11.55029011,9.359743118,-2.806384325,-4.566922665,1,-2.060982462,-2.118582544,-2.353925101,-1.713912161,-3.051101851,9.843953767,0.299332955,-0.498732993,0.837505792,12.84210526,259.349,0.126758692,-0.490195023,1.977941782,41.49,0.375,0,0,0,0,2,0,2,1,0,3,0,6,0,0,0,1,2,2.5775,0,1,0,0,0,0,0,0,1,0,0,0,0,0,1,0,0,0,0,0,0,0,0,0,0,0,0
1,1.483251929,188.4449921,60.66794205,3.227703094,-0.634321213,2.726265192,3.82001853,-4.947058678,-5.039602757,1,-2.601962064,-2.520107273,-2.481985579,-1.93777432,-3.714274197,12.9956228,0.195733077,-1.056471035,0.70926492,24.75862069,435.889,0.327399385,-0.479672802,1.597975412,112.74,0.368421053,0,2,2,2,1,1,2,3,0,6,3,4,2,2,0,0,4,2.54872,1,0,0,0,0,0,0,2,1,0,0,0,0,0,1,1,0,1,0,0,0,0,0,1,0,0,0
1,1.56729269,235.4239044,39.86192703,-2.443174124,-2.674490213,2.703580141,8.466020584,-0.491268873,-5.476464748,1,-2.213475216,-2.074875146,-2.145575787,-1.659560091,-3.092664957,10.46904022,0.125185185,-1.477830688,0.432760843,14.53333333,213.189,0.323047918,-0.504259875,2.961121978,124.01,0.222222222,0,0,0,0,1,0,1,2,0,5,0,3,0,0,0,0,1,-0.4569,1,1,0,0,0,2,0,0,0,1,0,0,0,0,0,0,0,0,0,0,0,0,0,0,0,0,0
1,1.353061914,135.0994568,50.58362198,3.885565519,3.851067066,9.290430069,7.605737686,-5.624814987,-5.67220211,0,-2.683877401,-2.897898334,-2.730185627,-2.175774256,-3.720323343,13.93588912,0.082838719,-4.539718347,0.393599329,14.69230769,532.57,0.4162995,-0.321981863,1.349402563,65.77,0.275862069,0,1,1,1,2,2,4,0,0,6,3,4,1,1,0,0,5,4.45602,0,0,0,0,0,0,0,5,1,0,0,0,1,0,1,3,0,0,0,0,0,0,0,0,0,0,0
1,1.34220624,175.7727966,57.25523758,1.870584726,2.270211935,9.620718956,1.554914474,-3.354273081,-4.635114193,1,-2.662991579,-2.828154749,-2.880829812,-2.138657697,-3.72793719,11.74012176,0.004276653,-0.004276653,0.745264084,10.47826087,305.341,0.223345353,-0.312933103,2.149201691,74.29,0.176470588,0,0,0,1,1,2,3,0,0,5,2,3,0,0,0,0,3,2.64078,0,0,0,0,0,0,0,5,0,0,0,0,1,0,1,0,0,0,0,0,0,0,0,0,0,0,0
1,1.27021122,211.1334991,24.79256058,3.972213745,3.337608337,9.307213783,7.896657944,-4.19248867,-4.466044903,0,-2.588978268,-2.748103943,-2.644844623,-2.107086695,-3.506852467,11.78206319,0.028822142,0.028822142,0.760249544,23.5,427.42,0.316588554,-0.36771988,1.360635765,38.82,0.666666667,1,1,2,2,1,0,1,0,0,3,1,5,1,2,0,0,3,4.3355,0,0,0,0,0,0,0,3,1,0,0,0,1,0,0,2,0,0,0,0,0,0,0,0,0,0,0
1,1.400400162,168.3723145,45.75033188,2.329470396,2.552171946,8.59090519,7.247363567,-3.569466591,-4.277745247,1,-2.406417331,-2.373347003,-2.502588774,-1.985256218,-3.373853158,11.33294907,0.075572457,-3.699867625,0.804935339,11.54545455,314.366,0.237545828,-0.360408128,2.115208671,86.19,0.0625,0,0,0,0,2,1,3,0,0,4,1,3,0,0,0,0,3,2.96442,0,0,0,0,0,0,0,1,0,1,0,0,0,0,0,0,0,0,0,0,0,0,0,0,1,0,0
1,1.0557127,163.1951904,76.66360474,2.702494621,0.23668313,10.86349869,10.1442318,-2.017910004,-4.74744463,1,-2.255410591,-2.262273316,-2.57286803,-1.84944956,-3.050154348,6.320833333,0.300347222,0.300347222,0.562066413,60.27272727,151.253,0.016184112,-0.325030481,1.940003547,26.02,1,4,0,4,0,0,0,0,0,4,1,0,0,0,4,0,0,4,1.9139,0,0,0,0,0,0,0,0,0,1,0,0,0,0,0,0,0,0,0,0,0,0,0,0,0,0,0
1,0.989614725,161.9809265,-59.2094574,5.148078918,3.369031429,12.05129337,8.559742928,-4.068495274,-4.638142586,1,-2.055591202,-2.248963732,-2.362966384,-1.720872674,-3.047801443,2.405092593,0.548709373,0.548709373,0.767812974,12.61111111,239.362,0.023313721,-0.299112151,1.910159906,3.24,0.294117647,0,0,0,0,2,0,2,1,0,1,0,5,0,0,0,0,2,3.7496,0,0,0,0,0,0,0,1,0,0,0,0,0,0,0,0,0,0,0,0,0,0,0,0,0,0,0
1,1.301947117,173.1026306,15.11511612,1.7381078,-0.373748779,4.960131645,4.885237694,-4.457051277,-4.602023125,1,-2.3167565,-2.448567015,-2.325937878,-2.037613978,-3.328476548,12.07300438,0.08251517,-3.824862765,0.891588043,17,311.407,0.342703784,-0.269782808,1.95555051,78.51,0.5,0,1,1,2,1,0,1,0,0,4,1,3,1,1,0,0,2,1.77392,0,0,0,0,0,0,0,1,2,0,0,0,0,0,0,0,0,0,0,0,0,0,0,0,1,0,0
1,1.191058755,109.1468048,17.0241127,1.785522342,2.42421937,10.42285824,2.383772373,-2.933017254,-4.577458858,1,-2.373876188,-2.4193864,-2.642467105,-1.901613374,-3.511715184,9.403367268,0.559382086,-0.61243835,0.867851314,11.72727273,293.374,0.137266233,-0.248555616,2.547796961,78.29,0.411764706,0,0,0,0,1,1,2,0,0,5,1,4,0,0,0,0,2,2.92876,0,0,0,0,0,0,0,5,0,0,0,0,0,0,0,0,0,0,0,0,0,0,0,0,0,0,0
1,1.341422915,186.5739441,9.385231018,-3.274410486,-4.832115173,2.538367748,9.319719315,-0.284379959,-5.982466221,1,-2.328753579,-2.184542603,-2.201976463,-1.759807664,-3.135779735,10.10008409,0.021296296,-1.109953704,0.456091774,12.5,146.146,0.319982845,-0.480086286,3.49072966,106.41,0.6,0,0,0,1,0,0,0,1,0,3,0,4,0,0,0,0,0,-1.3362,1,0,0,0,0,0,0,0,0,2,0,0,0,0,0,0,0,0,0,0,0,0,0,0,0,0,0
1,1.636193991,185.5230408,58.54733658,-2.228584051,-2.38513875,8.305973053,6.923352242,-0.255047798,-6.444954872,1,-2.419035253,-2.277456258,-2.367079232,-1.998077576,-3.215718546,10.8825363,0.008998993,-2.103489603,0.065261504,44.36363636,645.608,0.186732791,-0.393578936,1.710400052,329.01,0.88,1,2,3,0,0,0,0,18,0,19,2,13,2,2,0,0,3,-8.7219,0,13,0,0,0,0,0,0,1,0,0,0,0,0,0,0,0,0,0,0,0,0,0,0,0,0,0
1,1.399257541,105.4298553,-53.40595245,-1.487752438,-3.84534049,9.60893631,2.967735767,0.53462553,-5.883244038,1,-2.010454803,-1.986322015,-2.175901892,-1.638265869,-2.887221099,9.451388889,0.439814815,-0.439814815,0.301333009,6.8,75.067,0.239711027,-0.288644081,2.847378923,49.33,0.5,0,0,0,1,0,0,0,0,0,2,0,0,0,0,0,0,0,-0.4883,0,0,0,0,0,0,0,0,1,0,1,0,0,0,0,0,0,0,0,0,0,0,0,0,0,0,0
1,1.409880638,232.3079376,76.54980469,3.831342697,3.383309603,8.91626358,1.900610447,-4.439824104,-5.078398705,0,-2.514988048,-2.727917545,-2.816086122,-2.026488286,-3.73533856,12.34713844,0.235841259,-0.409474679,0.756183827,11.92,354.797,0.274137365,-0.373848797,2.006058918,90.68,0.166666667,0,0,0,0,1,2,3,1,0,5,2,3,0,0,0,0,3,2.92498,0,0,0,0,1,0,0,2,2,0,0,0,1,0,1,1,0,0,0,0,0,0,0,0,0,0,0
1,1.214184403,132.4692841,15.7723732,3.891560078,1.239884257,4.809113503,7.977955818,-4.267921925,-6.547311783,1,-2.581469059,-2.478604328,-2.41033946,-2.240559099,-3.526040086,12.76469541,0.045899707,-1.041401695,0.606054228,22.58064516,424.541,0.322469458,-0.507956009,1.694258385,89.87,0.44,0,1,1,1,2,0,2,3,0,4,1,8,1,1,0,0,3,3.0514,1,0,0,0,0,1,0,1,1,0,0,0,0,0,0,0,0,0,0,0,0,0,0,0,0,0,0
1,1.580534697,162.6263885,18.34469986,0.900196671,-7.822552681,1.616570473,6.508345127,-0.516047478,-5.881053925,1,-1.808899915,-1.669078321,-1.855035151,-1.369658573,-2.754908206,10.05657407,1.263117284,-1.286358025,0.454109848,15.8,182.222,0.317608749,-0.480379935,4.069511909,74.6,0.5,0,0,0,0,0,0,0,2,0,4,0,3,0,0,0,0,0,-0.2476,2,0,0,0,0,0,0,0,0,0,0,0,0,0,0,0,0,0,0,0,0,0,0,0,0,0,0
1,1.286329508,157.9928589,56.93517685,0.300093412,0.440410614,10.88812828,10.87184525,-2.160625219,-5.267226696,1,-2.140296916,-2.359905754,-2.559037804,-1.610520962,-3.253286859,7.618439153,0.03284486,0.03284486,0.413925148,9.882352941,253.737,0.199274426,-0.354054428,2.442459877,83.79,0.272727273,0,0,0,0,1,0,1,0,0,2,0,2,0,0,0,0,1,2.20904,0,0,0,0,0,0,0,0,5,0,0,0,1,0,0,1,0,0,0,0,0,0,0,0,0,0,0
1,1.197903037,151.1345978,38.60333633,4.35959053,3.028172493,9.254449844,7.203858376,-4.245967865,-5.637750149,1,-2.565571344,-2.592643988,-2.534030833,-2.202617313,-3.555224063,13.80962599,0.07124852,-0.833277683,0.26282342,21.93333333,613.803,0.238590138,-0.391768827,1.285219857,118.03,0.472222222,1,1,2,2,2,1,3,5,0,7,2,11,1,1,0,0,5,2.8669,0,2,0,0,0,0,0,3,2,0,0,0,0,0,1,0,0,0,0,0,0,0,0,0,0,0,0
1,1.191955566,153.2935486,-14.33758926,2.788793564,0.669544578,11.90326214,8.495498657,-2.296736956,-4.545356274,1,-2.51644476,-2.488396128,-2.54040001,-1.947266281,-3.459518633,6.017667234,0.158873457,-0.158873457,0.815173933,12.6,290.794,0.124480269,-0.365839391,2.175532948,25.36,0.3125,0,0,0,0,1,1,2,1,0,3,1,6,0,0,0,1,2,3.4026,0,0,0,0,0,0,0,2,0,0,0,0,0,0,0,1,0,0,0,0,0,0,0,0,0,0,0
1,1.375220895,209.2270203,43.47735214,1.475276113,1.122120619,10.85438347,0.939045906,-2.593626738,-4.252628803,1,-2.386085197,-2.410732131,-2.357345595,-2.039278449,-3.338195231,12.25761716,0.007592593,-0.588333333,0.782957815,13.47368421,252.273,0.32341358,-0.350883979,2.316402369,63.4,0.066666667,0,1,1,2,2,0,2,0,0,2,1,0,0,0,0,0,3,2.6422,0,0,0,0,0,0,0,1,0,1,0,0,2,0,2,0,1,0,0,0,0,0,0,0,0,0,0
1,1.35671401,129.9576874,38.71834946,3.172554493,2.714759111,10.40530777,3.389165878,-4.31076622,-5.327589035,1,-2.292469063,-2.183831352,-2.40293682,-1.673820452,-3.13977431,10.34207078,0.464213055,-1.415612917,0.581833977,27.57142857,408.878,0.118789709,-0.493889761,1.822918223,99.38,0.428571429,0,1,1,0,2,0,2,5,0,6,1,6,1,1,0,0,3,1.8444,0,4,0,0,0,0,0,0,0,0,0,0,0,0,0,1,0,0,0,0,0,0,0,0,0,0,0
1,1.578245163,184.5149994,45.4427681,-1.134632587,0.019255638,1.638198376,2.605318546,-2.410868645,-5.738278866,1,-2.143662577,-2.282682508,-2.378174885,-1.803127887,-3.148539125,12.57052446,0.083649998,-3.709356077,0.488777928,13.84,404.491,0.206091809,-0.371677988,2.143880372,132.8,0.142857143,0,0,0,0,2,0,2,2,0,6,0,8,0,0,0,2,2,1.7016,0,0,0,0,0,0,0,0,2,0,0,0,2,0,0,0,0,0,0,0,0,0,0,0,0,1,0
1,1.064517736,93.86326599,-42.02399445,3.926448345,2.680022478,10.47366142,8.932169914,-5.008122444,-5.239956856,1,-2.212076015,-2.289464725,-2.381344676,-1.85225832,-3.187284071,9.196856837,0.180937677,-0.863928098,0.519493678,11.81818182,307.478,0.063338879,-0.394371053,2.277627631,66.48,0.684210526,0,0,0,0,1,0,1,0,0,3,0,12,0,0,0,0,1,3.2043,0,2,0,0,0,0,0,0,0,1,0,0,0,0,0,0,0,0,0,0,0,0,0,0,0,0,5
1,1.274765015,158.9228821,40.14060593,3.513811111,1.198789835,4.507355213,6.680002213,-5.256792068,-5.009725571,1,-2.459943247,-2.345685074,-2.355218569,-2.048146568,-3.57457499,13.49831742,0.072828828,-1.12992996,0.504787735,13.93333333,411.473,0.305472654,-0.481159427,2.076455595,82.69,0.291666667,0,0,0,0,2,1,3,2,0,4,1,8,0,0,0,2,3,4.6281,1,2,0,0,0,0,0,1,0,0,0,0,0,0,1,1,0,0,0,0,0,0,0,0,0,0,0
1,1.370972633,251.4026489,69.50680542,2.102543831,1.634442806,10.07060051,4.756292343,-4.149236679,-4.575241566,1,-2.921641621,-3.087366188,-3.125193667,-2.49988554,-3.947704351,12.40347506,0.117037037,-0.117037037,0.861716125,17.05,266.304,0.259040849,-0.318474303,2.00183891,58.12,0.266666667,1,1,2,1,0,2,2,0,0,4,3,1,0,1,0,0,4,2.65122,0,0,0,0,0,0,0,3,1,0,0,0,3,0,2,0,0,0,0,0,0,0,0,0,0,0,0
1,1.133673549,146.6835632,0.658435822,4.005824566,-0.351912737,3.525170088,7.303207874,-3.698727131,-6.179219246,1,-2.612732674,-2.524614257,-2.53114031,-2.126516288,-3.528172501,12.40525258,0.039237633,-0.974009774,0.84606109,22.56521739,317.429,0.326046094,-0.479708635,1.89939924,66.4,0.578947368,1,0,1,1,1,0,1,1,0,2,0,6,0,1,0,0,2,3.2609,1,0,0,0,0,0,0,0,1,0,0,0,0,0,0,0,0,0,0,0,0,0,0,0,0,0,0
1,1.226490021,187.9003143,30.63837814,2.138832569,-0.693238497,9.780757904,9.134492874,-2.072750568,-4.971644878,1,-2.166900799,-2.175982744,-2.295210386,-1.800267716,-3.080331902,10.23632118,0.091057519,-0.619983518,0.657903013,13.80952381,287.359,0.115098123,-0.507966645,1.818850694,72.72,0.294117647,0,0,0,0,2,0,2,2,0,4,0,6,0,0,0,0,2,2.352,0,1,0,0,0,2,0,0,1,0,0,0,0,0,0,0,0,0,0,0,0,0,0,0,0,0,0
1,1.624276161,199.1684418,55.53706741,-0.79201746,-0.223774433,6.045155525,0.352379322,-1.644368649,-4.55009079,1,-2.310908133,-2.364758639,-2.320927793,-2.015163937,-3.288608095,11.39548375,0.06,-0.74069161,0.560119174,10.64285714,194.154,0.352194964,-0.36413475,2.906324848,108.17,0.166666667,0,0,0,1,0,2,2,0,0,7,2,1,0,0,0,0,2,-2.0781,0,0,0,0,0,0,0,5,0,1,0,0,0,0,1,0,0,0,0,0,0,0,0,0,0,0,0
1,1.547360778,198.7007141,73.86262512,0.94001615,-0.100864649,3.420993805,3.175652027,-3.393095493,-5.936429024,1,-2.527854698,-2.575257069,-2.457118626,-2.033172,-3.67656076,12.86367827,0.091922006,-1.209550053,0.28551701,20.60606061,506.591,0.352465162,-0.476552486,1.537056947,160.1,0.263157895,0,2,2,2,0,2,2,2,0,11,4,7,1,1,0,0,4,1.29272,1,0,1,0,0,0,0,4,1,1,0,0,1,0,1,0,0,1,0,0,0,0,0,1,0,0,0
1,1.832262516,235.928833,62.62670517,0.341584206,1.323085189,8.494110107,9.070305824,-2.31727314,-4.787924767,1,-2.165095787,-2.16325694,-2.325354195,-1.666679002,-3.102347687,11.08415659,0.266466049,-4.175162037,0.815211711,12.75,305.164,0.239132024,-0.224626997,3.724520363,120.32,0,0,0,0,0,1,0,1,0,0,4,0,2,0,0,0,0,1,0.2882,0,0,0,0,0,0,0,0,0,2,0,0,0,0,0,2,0,0,0,0,0,0,0,0,2,0,0
1,1.29632628,115.5863113,28.70608902,1.590928793,2.64404583,7.068966389,3.157325745,-2.6709795,-4.294792652,1,-2.56213691,-2.538290061,-2.613357411,-2.13881833,-3.376644597,11.55210632,0.266723776,-0.307610072,0.780777322,10.17647059,231.255,0.287061431,-0.360911356,1.811845175,67.16,0.166666667,0,0,0,1,1,1,2,0,0,4,1,4,0,0,0,0,2,1.41762,0,0,0,0,0,0,0,1,2,0,0,0,0,0,0,0,0,0,0,0,0,0,0,0,0,0,0
1,1.312993169,166.3782959,11.2367897,2.341193438,-0.082137585,6.39904356,9.382404327,-1.227079153,-4.622208118,1,-2.452318809,-2.643099205,-2.74943322,-2.206857425,-3.745421133,9.946664305,0.025666754,-0.580125766,0.790985308,17.80952381,316.427,0.270459241,-0.471597147,1.815875287,79.74,0.846153846,0,1,1,0,0,1,1,1,0,8,2,6,1,1,0,0,2,0.5025,0,1,0,0,0,0,0,3,1,0,0,0,1,0,0,0,0,0,0,0,0,0,0,0,0,0,0
1,1.385890245,193.5024872,64.73280334,3.579391003,1.908622384,10.27262115,7.372115612,-4.460793495,-4.576658249,1,-2.297746229,-2.24285052,-2.519201742,-1.792281593,-3.365411479,11.37785431,0.665689432,-1.142345679,0.873707717,23.5,284.746,0.192846124,-0.362997687,1.967475883,35.83,0.1875,0,2,2,0,2,0,2,1,0,3,2,1,0,0,0,1,4,2.6092,0,1,0,0,0,0,0,2,0,0,0,1,0,0,3,1,0,0,0,0,0,0,0,0,0,0,0
1,1.135270119,102.6744614,-25.84706497,3.887266159,2.029475689,12.0525465,9.01986599,-3.877315521,-4.771454811,1,-2.486631426,-2.499228181,-2.435897171,-2.05663305,-3.456331435,6.485185185,0.042413076,0.042413076,0.842820964,17.23809524,281.399,0.10790981,-0.365459513,1.798376508,12.47,0.368421053,0,1,1,0,2,0,2,0,0,2,1,4,1,1,0,0,3,3.8868,0,0,0,0,0,0,0,1,0,0,0,0,0,0,0,0,0,0,0,0,0,0,0,0,0,0,0
1,1.250238419,131.127121,40.32860947,3.373780251,-0.02008152,3.428520918,7.168957233,-5.283916473,-6.379827023,1,-2.548483693,-2.470884834,-2.352585675,-2.175746156,-3.520392557,13.48255452,0.102773871,-1.095365555,0.454639686,16.44444444,498.576,0.326277973,-0.492859212,1.785962497,114.4,0.444444444,0,1,1,1,2,0,2,3,0,7,1,11,0,0,0,0,3,2.5843,1,0,0,0,0,0,0,1,1,0,0,0,0,0,1,0,0,0,0,0,0,0,0,0,0,0,0
1,1.221252918,156.5688019,16.52593613,1.910297155,1.187858701,6.695235729,1.113623142,-2.616040468,-4.653103352,1,-2.374166935,-2.45086691,-2.381941046,-2.032750407,-3.331841175,11.82194444,0.170974112,-1.190648148,0.551383539,19.3125,224.26,0.327632188,-0.276812282,3.054851636,75.27,0.545454545,0,1,1,4,0,0,0,0,0,3,1,4,1,1,0,0,1,0.961,0,0,0,0,0,0,0,0,2,0,0,0,0,0,0,0,0,0,0,0,0,0,0,0,0,0,0
1,1.319513679,128.6493683,50.44978714,3.885952473,3.478343487,10.50798893,4.243058205,-4.043694496,-4.915387154,0,-2.586102584,-2.772056819,-2.735834599,-2.226199061,-3.571288733,12.17174686,0.005660024,-0.069879863,0.466703243,16,440.507,0.245526934,-0.45738383,1.500767607,99.16,0.2,0,1,1,1,2,2,4,1,0,7,3,5,1,1,0,0,5,4.2173,0,0,1,0,0,0,0,5,0,1,0,0,1,0,1,0,0,0,0,0,0,0,0,0,0,0,0
1,1.309506416,244.8071899,67.50695801,4.412887573,2.996111631,11.28219223,7.552623749,-5.433622837,-5.130020142,1,-2.573308542,-2.58345876,-2.570318374,-2.151760079,-3.532562638,13.54334775,0.016967685,-0.670115147,0.373566692,26.13636364,608.688,0.338274343,-0.496686979,1.293564643,117.78,0.515151515,1,2,3,0,2,1,3,6,0,10,3,8,1,2,0,0,6,4.1711,0,0,0,0,1,0,0,1,1,0,0,0,0,0,6,0,0,0,0,0,0,0,0,0,0,0,0
1,1.412338376,189.0743713,53.35965347,1.527038455,0.532512426,7.030385017,1.725656033,-3.737837315,-4.7952528,0,-2.470942609,-2.664387316,-2.66550895,-2.135943162,-3.591447606,12.40134007,0.141214517,-3.696885511,0.722751774,11.27272727,314.37,0.262549233,-0.398727717,1.940404328,90.01,0,0,0,0,0,2,1,3,0,0,5,1,4,0,0,0,0,3,2.2553,0,0,1,0,0,0,0,2,1,1,0,0,2,0,0,0,0,0,0,0,0,0,0,0,1,0,0
1,1.609529257,181.1496277,83.90446472,0.97253406,-0.075554132,3.537474871,7.340992928,-2.37992239,-6.280959129,1,-2.524187646,-2.463873846,-2.554404675,-2.047383866,-3.23601535,13.31369504,0.134831349,-2.745033659,0.336110462,34.375,444.44,0.255450836,-0.50965062,2.047922027,181.62,0.409090909,3,0,3,1,1,0,1,5,0,9,0,2,0,0,0,0,4,-0.2144,0,4,0,0,0,1,0,1,0,1,0,0,0,0,3,0,2,0,0,0,0,0,0,0,0,0,0
1,1.321557283,208.8332062,72.13140869,3.573065281,1.660207748,9.689801216,8.553969383,-1.849231958,-4.418773174,1,-2.765292338,-2.699491769,-2.698773332,-2.298282574,-3.59166258,12.62180981,0.093287037,-0.284444444,0.794166867,38.45454545,299.37,0.173755458,-0.492857137,1.813216371,38.77,0.611111111,2,2,4,0,1,0,1,4,2,4,2,1,1,2,1,0,5,1.9333,0,0,0,0,0,0,0,1,0,0,0,0,0,0,0,0,1,0,0,0,0,0,0,0,0,0,0
1,1.086945653,87.91151428,-49.26616287,2.217292786,0.503318787,10.41968155,9.463702202,-2.369808197,-4.490288734,1,-2.187816796,-2.270028697,-2.395900066,-1.859771569,-3.100572729,9.781851301,0.2303399,-0.546425527,0.670456453,12.21052632,265.353,0.161149345,-0.486950452,2.449000812,50.72,0.466666667,0,0,0,0,1,0,1,1,0,4,0,9,0,0,0,1,1,1.9891,0,1,0,0,0,0,0,0,1,0,0,0,0,0,0,0,0,0,0,0,0,0,0,0,0,0,0
1,1.341041684,173.1961517,36.12946701,3.097638845,3.22698164,9.939742088,6.576031208,-4.719322681,-4.443311214,1,-2.592208738,-2.748159296,-2.618577419,-2.077320609,-3.747793828,13.34893341,0.031274592,-0.507864265,0.774510654,15.83333333,427.526,0.411103016,-0.449607625,1.593092142,71.11,0.363636364,0,2,2,2,2,0,2,0,0,6,2,5,1,1,0,0,4,4.1066,0,0,0,0,0,0,0,2,1,0,0,0,3,0,2,0,0,0,0,0,0,0,0,0,0,0,0
1,1.113197684,135.8022766,-19.71343994,3.053445816,1.36719656,10.96819305,9.179452896,-2.202269554,-4.565825462,1,-2.543820471,-2.665670473,-2.792378027,-2.060748537,-3.581849469,4.460590986,0.894537037,0.894537037,0.790803341,10.68421053,255.365,0.128304155,-0.351010755,2.102339073,19.37,0.3125,0,0,0,0,1,1,2,0,0,3,1,6,0,0,0,0,2,2.6498,0,0,0,0,0,0,0,3,0,0,0,0,1,0,0,0,0,0,0,0,0,0,0,0,0,0,0
1,1.351764202,116.2709808,5.369064331,2.103311777,1.402186632,8.366311073,2.326245785,-2.883259773,-5.171316147,1,-2.35874149,-2.393031686,-2.501810326,-1.886833797,-3.135716868,11.54157407,0.046111111,-0.076203704,0.599483491,15.30769231,172.183,0.1891071,-0.289251381,2.690389535,34.14,0.090909091,1,0,1,0,1,0,1,0,0,2,0,0,0,0,0,0,2,2.0119,0,0,0,0,0,0,0,0,0,0,0,0,0,0,1,0,2,0,0,0,0,0,0,0,0,0,0
1,1.136147499,258.3995361,45.49361801,4.252408028,3.349665165,9.990447998,5.500120163,-4.916172028,-5.117961884,1,-2.733606684,-2.655098683,-2.705949854,-2.275436205,-3.421832424,13.03847999,0.066069005,-0.167293587,0.73514667,46.11111111,372.553,0.243423707,-0.351250296,1.580369725,58.2,0.826086957,3,1,4,2,0,0,0,7,0,2,1,1,0,3,0,0,4,3.8145,0,0,0,0,0,0,0,0,2,0,0,0,0,0,5,0,0,0,0,0,0,0,0,0,0,0,0
1,1.296800256,121.3458786,88.79536438,1.754153013,0.334499836,7.885466576,7.423262119,-3.916244745,-5.005837917,1,-2.622863734,-2.526961746,-2.705369792,-2.219564721,-3.50524778,13.13985119,0.021203704,-0.593513243,0.79980678,53.7826087,315.417,0.240894187,-0.38984983,1.429914448,90.35,0.888888889,5,1,6,1,0,0,0,6,4,4,1,2,1,6,0,2,6,1.15798,0,1,0,0,0,0,0,2,0,1,0,0,0,0,1,0,0,0,0,0,0,0,0,0,0,0,0
1,1.499892712,200.0042267,57.59050369,3.233064175,3.800909042,10.92352962,5.14673996,-4.741037369,-4.682421684,0,-2.352600736,-2.4900068,-2.655992694,-1.764855623,-3.414068698,12.54955221,0.323512339,-4.434987352,0.466457656,11.72413793,417.822,0.432830962,-0.365940314,1.393115522,66.49,0.15,0,0,0,0,0,4,4,0,0,4,4,5,0,0,0,0,4,5.228,0,0,0,0,1,0,0,3,2,0,0,0,1,0,1,4,0,0,0,0,0,0,0,0,0,0,0
1,1.061022997,87.96302795,-34.10477066,0.960552692,1.743526936,7.886365414,5.464067936,-1.558258533,-3.761314154,1,-2.543904296,-2.362662414,-2.419803666,-1.970550266,-3.242480251,11.85893519,0.03,-0.738425926,0.652158232,27.15384615,183.251,0.233209049,-0.35452005,3.001122636,46.17,0.8,0,1,1,1,0,0,0,1,0,2,1,2,1,1,0,1,1,1.1278,0,0,0,0,0,0,0,0,1,0,0,0,0,0,0,0,1,0,0,0,0,0,0,0,0,0,0
1,1.291965842,200.147644,50.49245071,4.134075642,2.77884388,11.11610031,8.513004303,-4.553536415,-5.032436848,0,-2.355855407,-2.52852017,-2.639470466,-1.971485934,-3.379407526,10.16416716,0.322979827,0.322979827,0.598025789,11.2,355.869,0.119724011,-0.507621148,1.907886251,48.39,0.25,0,0,0,0,2,1,3,0,0,4,1,6,0,0,0,0,3,5.1792,0,0,0,0,0,1,0,2,1,0,0,0,2,0,1,1,0,0,0,0,0,0,0,0,0,0,0
1,1.420827866,220.4708557,36.75821304,-1.549158335,-0.905408859,8.315702438,7.351560116,-1.784245014,-6.082148075,1,-2.51111919,-2.549799915,-2.576282739,-2.176127511,-3.410826741,11.72738398,0.046702535,-0.757714475,0.414293771,13.96,354.367,0.322768591,-0.461661855,1.97054468,171.37,0.571428571,0,0,0,0,0,2,2,2,0,10,2,8,0,0,0,1,2,-1.4367,0,1,1,0,1,0,0,3,1,2,0,0,1,0,1,0,0,0,0,0,0,0,0,0,0,0,0
1,1.608249903,205.0680542,65.07009888,2.249058485,0.387868881,4.62686491,7.526683331,-3.143665314,-6.216731071,1,-2.451974873,-2.362673029,-2.468635909,-1.990139337,-3.655401556,11.34944843,0.16255102,-4.105997483,0.768936393,11.33333333,330.749,0.337344533,-0.477582972,2.406625749,122.63,0.083333333,0,0,0,0,1,1,2,0,0,5,1,5,0,0,0,0,2,1.8907,0,0,0,1,0,0,0,0,1,1,0,0,1,0,0,1,0,0,0,0,0,0,0,0,1,0,0
1,1.336915135,179.4075928,40.55308151,3.964857578,0.623869538,4.781098843,1.887739182,-5.530580997,-6.008447647,0,-2.511109738,-2.586063296,-2.715518063,-2.023265465,-3.624199525,9.765056141,0.130835734,-0.130835734,0.442080178,11.16666667,422.92,0.204786352,-0.390021097,1.621167978,92.51,0.272727273,0,0,0,0,2,2,4,0,0,6,2,8,0,0,0,0,4,4.2668,0,1,0,0,1,0,0,5,1,0,0,0,0,0,0,1,0,0,0,0,0,0,0,0,0,0,1
1,1.446268678,189.3202209,48.09843826,1.664854169,1.176673293,6.922816277,6.096518517,-3.412286997,-4.696801662,1,-2.574441953,-2.797938865,-2.685220864,-2.081895648,-3.74892636,12.83215266,0.143914347,-1.025896636,0.770508118,19.92592593,388.815,0.411620746,-0.41854376,1.631264878,91.76,0.352941176,0,2,2,2,0,2,2,1,0,7,4,2,1,1,0,0,4,1.568,0,0,0,0,0,0,0,6,0,0,0,0,1,0,1,1,0,0,0,0,0,0,0,0,0,0,0
1,1.247280478,114.8484955,33.04861069,3.77437377,1.794591665,9.207400322,8.771042824,-5.220613003,-5.895402908,1,-2.658424174,-2.819090199,-2.829301268,-2.367226383,-3.796832678,13.62978657,0.073767566,-2.622758213,0.473786197,26.91891892,513.677,0.247756387,-0.349012998,1.23979882,63.05,0.689655172,1,2,3,1,1,1,2,4,2,5,3,8,2,3,0,0,5,5.95092,0,0,0,0,0,0,0,4,1,0,0,0,0,0,2,2,0,0,0,0,0,0,0,0,0,0,0
1,1.385477901,157.0696564,32.05736923,4.145262718,4.055736065,8.043466568,5.934000015,-5.029310226,-5.263534546,0,-2.562469036,-2.74700513,-2.645177055,-1.962369454,-3.700226107,12.9185712,0.121479987,-4.32894339,0.744372905,16.03571429,390.409,0.41598542,-0.368953762,1.370501761,44.27,0.35,0,1,1,0,2,1,3,0,0,4,2,4,1,1,0,0,4,3.1706,0,0,0,0,1,0,0,3,1,0,0,0,1,0,1,3,0,0,0,0,0,0,0,0,0,0,0
1,1.282743692,86.61035156,32.56998062,4.715593815,3.804532766,9.025202751,6.092415333,-5.709436417,-4.965090275,1,-2.435396292,-2.561805406,-2.605819009,-1.799391446,-3.487589462,6.289695069,0.808147065,0.808147065,0.775124662,18.08,373.953,0.056730031,-0.339550847,1.493235645,9.72,0.4,0,2,2,0,2,0,2,0,0,4,2,4,1,1,0,0,4,4.5802,0,0,0,0,0,0,0,3,0,0,0,0,2,0,2,1,0,0,0,0,0,0,0,0,0,0,0
1,1.261304855,189.5292816,11.50728989,3.855698347,-0.175284147,8.723293304,8.978227615,-5.592764854,-5.211184978,1,-2.500594699,-2.374747438,-2.363473422,-1.962802614,-3.448418824,13.40330861,0.094167139,-1.778851647,0.636442495,27.82758621,392.519,0.347471905,-0.459215684,1.398608506,46.53,0.48,0,3,3,0,2,0,2,3,2,3,3,4,3,3,1,0,5,3.7697,0,1,0,0,0,0,0,1,0,0,0,0,0,0,0,0,0,0,0,0,0,0,1,0,0,0,0
1,1.447466731,224.6312866,57.77560043,2.353788853,2.39158988,10.42078209,2.9765625,-4.542061806,-4.273967743,1,-2.352184391,-2.458940388,-2.723143587,-1.87685348,-3.372636198,6.3850657,0.438190035,0.438190035,0.663488182,13.08695652,343.217,0.158874433,-0.280961972,2.027496174,43.07,0.117647059,0,1,1,0,2,1,3,0,0,4,2,1,0,0,0,0,4,4.23352,0,0,0,0,0,0,0,4,0,0,0,0,0,0,3,2,0,0,0,0,0,0,0,0,0,0,0
1,1.268626809,78.61112213,-39.49048996,0.825915456,0.522098422,12.39049911,3.553679943,-1.211671352,-4.43117094,1,-2.107595162,-2.143369681,-2.297450194,-1.718801196,-2.903728683,9.067017196,0.052453704,-0.861192366,0.719849969,12.21428571,198.218,0.160790335,-0.49287001,2.569521757,58.92,0.4,0,0,0,0,1,0,1,1,0,4,0,5,0,0,0,1,1,0.4272,0,2,0,0,0,0,0,0,0,0,0,0,0,0,0,0,0,0,0,0,0,0,0,0,0,0,0
1,1.560669303,174.9212952,63.02584457,-1.918362856,-2.406100988,8.284481049,8.068720818,0.291188002,-6.45890522,1,-2.443893858,-2.249726954,-2.389992621,-1.945438061,-3.246700347,11.11368301,0.088909132,-1.604377503,0.114512757,53.78571429,614.65,0.186743411,-0.393566302,1.495599606,353.11,1,1,3,4,0,0,0,0,19,0,19,3,9,3,4,0,0,4,-8.8953,0,7,0,0,0,0,0,0,0,6,0,0,0,0,0,0,0,0,0,0,0,0,0,0,0,0,0
1,1.496973276,175.5949097,74.20811462,1.175522804,0.243808031,4.408376694,6.929706573,-2.208938122,-6.299368382,1,-2.529873297,-2.51614848,-2.555468755,-2.094726767,-3.17429881,13.5997212,0.02056936,-2.644817017,0.283296228,28.37142857,487.509,0.255450836,-0.50965062,1.923909732,173.86,0.458333333,3,0,3,1,1,0,1,4,0,10,0,5,0,0,0,0,4,0.1138,0,3,0,0,0,1,0,2,0,1,2,0,0,0,3,0,2,0,0,0,0,0,0,0,0,0,0
1,1.170620203,146.2645111,-3.721569061,4.167481422,2.389200449,11.62048054,9.050350189,-4.347954273,-4.442371368,1,-2.403801802,-2.45538306,-2.593874106,-1.993154826,-3.251565354,5.98133716,0.63711034,0.63711034,0.842863707,15.28571429,279.383,0.127143343,-0.488239443,2.065949703,12.47,0.263157895,0,1,1,0,2,0,2,0,0,2,1,3,0,0,0,0,3,3.9624,0,0,0,0,0,0,0,1,0,0,0,0,0,0,2,0,0,0,0,0,0,0,0,0,0,0,0
1,1.350518107,215.4950256,7.111164093,-0.975297451,0.139248848,4.102312565,9.408111572,-1.415351391,-6.00437212,1,-2.326047507,-2.247853383,-2.319162949,-1.792675714,-3.302858682,10.52724693,0.053702759,-0.837592593,0.802631633,12.42857143,213.664,0.303512496,-0.481213681,2.782977188,63.32,0.3,0,0,0,0,1,0,1,1,0,2,0,4,0,0,0,1,1,1.857,1,0,0,0,0,0,0,0,0,1,0,0,0,0,0,1,0,0,0,0,0,0,0,0,0,0,0
1,1.106661797,86.74023438,-29.38312912,1.739317656,0.263914585,11.54257774,9.499750137,-2.026547432,-4.681118488,1,-2.109570383,-2.164998898,-2.400469716,-1.762931592,-3.03637144,9.726079241,0.302716049,-0.490214884,0.713569619,12.68421053,267.369,0.118956222,-0.490849113,2.285695819,50.72,0.6,0,0,0,0,1,0,1,1,0,4,0,9,0,0,0,1,1,1.6132,0,1,0,0,0,0,0,0,1,0,0,0,0,0,0,0,0,0,0,0,0,0,0,0,0,0,0
1,1.470101476,202.1625671,57.64288712,0.809995413,-0.556420326,6.846505642,2.447742462,-2.774050474,-4.652556419,1,-2.440185226,-2.578668838,-2.693971444,-2.209151198,-3.442402017,12.27195153,0.012800926,-3.819053288,0.787087879,10.95238095,310.335,0.262654218,-0.488560361,2.389997545,116.43,0.166666667,0,0,0,0,1,1,2,0,0,7,1,5,0,0,0,0,2,0.8768,0,0,1,0,0,0,0,2,1,1,0,0,2,0,0,0,0,0,0,0,0,0,0,0,1,0,0
1,1.130144954,94.94252014,36.35654068,4.489028931,3.001697063,9.39963913,8.256151199,-5.340641975,-4.992177963,1,-2.548845772,-2.58966781,-2.555334686,-2.15242048,-3.490009757,12.676268,0.063213262,-0.578030674,0.682677589,24.9,418.578,0.32296038,-0.492859221,1.880273218,74.02,0.708333333,0,2,2,0,1,0,1,4,0,6,2,7,1,1,0,0,3,3.5641,0,0,0,0,0,0,0,1,0,1,0,0,0,0,3,0,0,0,0,0,0,0,0,0,0,0,0
1,1.247630477,252.6954041,26.65009689,-1.31298542,-1.998820543,2.582295656,9.269904137,-1.125769377,-5.480164051,1,-2.283546588,-2.148967109,-2.203187967,-1.721930449,-3.188890085,10.71795509,0.155369898,-1.266892479,0.663716312,14.71428571,195.218,0.323228456,-0.507966645,2.786458213,83.55,0.3,0,0,0,0,1,0,1,1,0,3,0,3,0,0,0,0,1,0.7367,1,0,0,0,0,1,0,0,0,1,0,0,0,0,0,0,0,0,0,0,0,0,0,0,0,0,0
1,1.435872078,186.9509583,45.57252121,3.525198936,2.293512344,10.1312418,3.965067387,-3.796960354,-6.006283283,1,-2.337942656,-2.534523064,-2.356799996,-2.091719969,-3.236204444,12.38427913,0.011910431,-4.42313047,0.733444935,20.66666667,380.374,0.405334859,-0.344851926,1.625675289,78.32,0.470588235,0,1,1,2,0,3,3,2,0,4,4,3,1,1,0,0,4,2.9079,0,0,0,0,1,0,0,4,2,0,0,0,0,0,3,3,0,0,0,0,0,0,0,0,0,0,0
1,1.285743713,147.3549347,21.8276329,3.747296333,2.917663336,7.716358185,3.739436626,-4.924466133,-5.688482285,0,-2.88969575,-3.025533235,-3.032342513,-2.508784295,-3.850244914,11.41894379,0.089569647,0.089569647,0.755913407,17.40740741,369.469,0.224213035,-0.493588314,1.221880276,81.93,0.6,1,1,2,1,1,1,2,0,0,6,2,7,0,1,0,0,4,3.4647,0,0,0,0,0,0,0,4,1,0,0,0,1,0,1,0,0,0,0,0,0,0,0,0,0,0,1
1,1.148650527,51.12041473,-45.31461716,0.98045969,1.063078761,6.683291435,2.556348801,-1.187313199,-4.263471603,1,-2.48855639,-2.525640686,-2.53929789,-2.171517403,-3.384012871,11.24861111,0.259259259,-0.924768519,0.564245925,31,157.169,0.416930747,-0.432646741,2.907993796,46.61,0.714285714,0,1,1,2,0,0,0,1,0,3,1,1,1,1,0,1,1,0.7637,0,0,0,0,0,0,0,1,0,0,0,0,0,0,0,0,0,0,1,0,0,0,0,0,0,0,0
1,1.181670427,64.98692322,-36.74232101,0.321465492,0.76824224,7.834114075,2.320351601,-0.528238058,-4.238185883,0,-2.511627516,-2.511543257,-2.537803376,-2.176887627,-3.420150646,11.01736111,0.293981481,-0.966435185,0.491934741,23.3,143.142,0.416920323,-0.432937465,2.920820854,46.61,0.666666667,0,1,1,2,0,0,0,0,0,3,1,0,1,1,0,0,1,0.3736,0,0,0,0,0,0,0,1,0,0,0,0,0,0,0,0,0,0,1,0,0,0,0,0,0,0,0
1,1.226041913,196.1847229,9.074443817,3.340146303,-0.37069416,7.172911167,7.543580532,-1.848136187,-5.919181347,0,-2.264516916,-2.4070797,-2.402322703,-1.769747568,-3.221766964,12.47451584,0.425408936,-0.587731113,0.27266173,11.83333333,537.576,0.309024838,-0.342179488,1.86226835,58.2,0.5,0,0,0,2,2,0,2,0,0,2,0,14,0,0,0,0,2,4.6392,0,0,0,0,0,0,0,2,2,0,0,0,0,0,0,2,0,0,0,0,0,0,2,0,0,0,0
1,1.191903234,99.98596954,8.437103271,3.427556515,2.311101675,11.48976707,7.975565434,-4.175559044,-4.598956108,1,-2.602994789,-2.746967327,-2.615809617,-2.094141816,-3.659652447,12.78586109,0.079273537,-0.504992248,0.639343772,16.96153846,352.478,0.316145299,-0.465313584,1.645742072,55.56,0.409090909,0,1,1,0,2,0,2,0,0,4,1,6,1,1,0,0,3,3.4082,0,0,1,0,0,0,0,1,0,1,0,0,1,0,0,0,0,0,0,0,0,0,0,0,0,0,0
1,1.333903074,129.4530792,13.85383224,2.191834927,2.451343775,5.410634995,6.914197445,-3.951395035,-5.277169228,1,-2.343076357,-2.396490907,-2.361384661,-1.925614556,-3.434443578,12.83309656,0.12181908,-1.183195317,0.346579061,25.09375,465.528,0.510855682,-0.434504353,1.634197955,137.26,0.523809524,0,2,2,2,1,0,1,5,0,9,2,7,2,2,0,1,3,1.2958,0,0,0,0,0,0,0,1,1,1,0,0,0,0,1,0,0,1,0,0,0,0,0,1,0,0,0
1,1.307493567,188.3398743,47.15590286,3.366435766,1.523958445,10.15976238,9.204833984,-5.270283699,-4.838889122,0,-2.386391567,-2.481193008,-2.62643335,-2.071147656,-3.493146951,12.88997439,0.008098118,-3.537111064,0.323627247,15.31578947,558.148,0.205843786,-0.488821724,1.732565957,108.47,0.428571429,0,1,1,0,2,1,3,0,0,7,2,8,1,1,0,0,4,5.78382,0,0,0,0,1,0,0,2,3,0,0,0,2,0,0,1,0,0,0,0,0,0,0,0,0,1,0
1,1.163075566,199.2267456,42.89101028,4.519260406,3.304895639,12.17243099,8.170119286,-3.637914896,-4.518949509,0,-2.442577022,-2.520590141,-2.705576542,-1.984176908,-3.436182459,3.49018655,0.714774187,0.714774187,0.908528547,28,314.498,0.045921488,-0.360880465,1.751076183,19.03,0.578947368,1,1,2,0,1,1,2,3,0,2,2,4,1,1,0,0,4,4.2711,0,0,0,0,1,0,0,1,1,0,0,0,0,0,2,0,0,0,0,0,0,0,0,1,0,0,0
1,2.068597555,154.2590027,21.36139297,-3.880767584,-0.821730375,-3.979444504,4.042154312,0.641351223,-6.26907444,1,-1.955287373,-1.833899102,-2.009932873,-1.543798987,-2.934774078,11.23076859,0.929402859,-5.498315361,0.127656779,35.6,602.501,0.397400677,-0.387830647,2.432790348,322.55,1,0,2,2,0,0,0,0,8,0,17,2,10,2,2,0,0,2,-4.8106,0,2,0,0,0,0,0,0,0,0,0,0,0,0,0,0,0,0,0,0,0,0,0,0,0,0,0
1,1.2815696,113.1309509,39.64588547,4.102127075,0.953189611,4.616607666,8.9099226,-5.234889984,-5.038589478,1,-2.574945506,-2.508503533,-2.490979602,-2.05428017,-3.630680488,11.23189687,0.197888112,-0.648748313,0.768368806,18.24,375.559,0.307295377,-0.480990926,1.728074649,40.54,0.45,0,1,1,0,0,2,2,1,0,4,3,6,1,1,0,0,3,5.04484,1,0,0,0,0,0,0,1,0,0,0,0,0,0,0,0,0,0,0,0,0,0,0,0,0,0,0
1,1.585093498,185.8955383,61.87540054,-2.065753222,-2.237511396,8.074341774,7.930588245,0.245563507,-6.503313065,1,-2.443893858,-2.249726954,-2.389992621,-1.945438061,-3.246700347,11.09979412,0.064217774,-1.620906428,0.114375085,53.78571429,615.634,0.186743411,-0.393566529,1.495599606,347.32,1,1,3,4,0,0,0,0,19,0,19,3,9,3,4,0,0,4,-8.8617,0,8,0,0,0,0,0,0,0,5,0,0,0,0,0,0,0,0,0,0,0,0,0,0,0,0,0
1,1.23571527,79.13122559,21.47745132,5.188109398,4.122852802,9.413209915,7.881623745,-6.033950806,-4.997386932,1,-2.502072859,-2.614044562,-2.672433367,-1.966299841,-3.53333136,2.619910741,1.080513511,1.080513511,0.627821954,17.62962963,399.629,0.05635975,-0.339561057,1.507337066,9.72,0.454545455,0,2,2,0,2,0,2,0,0,5,2,6,1,1,0,0,4,5.0388,0,0,0,0,0,0,0,3,0,0,0,0,2,0,2,0,0,0,0,0,0,0,0,1,0,0,0
1,1.305196285,88.82514954,31.14938736,4.271986961,3.638531208,8.071442604,5.02299881,-5.422359943,-4.868590832,1,-2.486912298,-2.649353486,-2.653984256,-1.887825704,-3.664519777,9.077905528,0.25828312,0.25828312,0.788661093,17.62962963,403.979,0.056730031,-0.395044554,1.410020996,29.95,0.428571429,0,2,2,0,2,0,2,0,0,5,2,6,1,1,0,0,4,3.9427,0,1,0,0,0,0,0,3,0,0,0,0,2,0,2,1,0,0,0,0,0,0,0,0,0,0,0
1,1.357768178,198.1635895,43.22279739,3.121750355,3.654084206,11.12059689,3.796506643,-4.722369671,-4.885430336,0,-2.477576452,-2.460333822,-2.53475046,-1.956176777,-3.300535235,12.07573222,0.090126648,-0.090126648,0.524190817,11.17857143,386.48,0.251671946,-0.355076705,1.602536873,70.67,0.045454545,0,0,0,1,2,2,4,0,0,4,2,5,0,0,0,0,4,4.6391,0,0,0,0,1,0,0,2,2,0,0,0,0,0,1,0,0,0,0,0,0,0,0,0,0,0,0
1,0.968844175,199.3374023,-37.51438904,-0.647657633,-0.544377327,4.404587746,9.789288521,-0.744283915,-6.104084969,1,-2.348138146,-2.278014522,-2.326945186,-1.839632786,-3.240646361,10.2945446,0.145833333,-0.748981481,0.630619611,13.45454545,159.229,0.30317194,-0.481222208,3.664569059,63.32,0.875,0,0,0,0,0,0,0,1,0,2,0,5,0,0,0,0,0,1.0821,1,0,0,0,0,0,0,0,0,1,0,0,0,0,0,0,0,0,0,0,0,0,0,0,0,0,0
1,1.316519022,148.1073608,-36.21047974,3.526116371,1.491347671,10.13515091,8.871294022,-3.174748659,-6.266168594,1,-2.164640062,-2.353956684,-2.339120557,-1.90496011,-3.230840277,12.57384005,0.266077176,-4.342906387,0.432027739,12.5,318.339,0.415910232,-0.394224743,2.783205411,56.84,0.533333333,0,0,0,0,1,0,1,0,0,4,0,9,0,0,0,0,1,3.2015,0,0,0,0,0,0,0,1,0,1,0,0,0,0,0,3,0,0,0,0,0,0,0,0,0,0,1
1,1.551541686,63.29182434,-9.026432037,0.758740664,0.099058151,5.452124596,0.943831444,-0.193006754,-5.971545696,1,-2.16352894,-2.085922113,-2.126606918,-1.883794978,-3.159612008,10.03509023,0.090648148,-0.870567838,0.431556926,43.15384615,191.139,0.294458428,-0.387893307,1.979573063,91.06,1,0,2,2,0,0,0,0,4,0,6,2,2,2,2,0,0,2,-1.2782,0,1,0,0,0,0,0,1,0,0,0,0,0,0,1,0,0,0,0,0,0,0,0,0,0,0,0
1,1.254511356,164.2056274,-2.730739594,2.683162928,1.874824047,8.780321121,7.365101337,-3.032329321,-4.628363609,1,-2.771412565,-2.90297396,-2.871381929,-2.336502148,-3.703722426,12.50990329,0.006755312,0.006755312,0.551662996,23,385.512,0.229234279,-0.338260732,1.1554698,69.64,0.714285714,1,2,3,2,0,1,1,0,0,6,3,6,2,3,1,0,4,2.0882,0,0,0,0,0,0,0,5,0,0,0,0,1,0,0,0,0,0,0,0,0,0,0,0,0,0,1
1,1.591375113,229.9664612,39.22797775,1.629799485,1.754223347,7.302968025,6.466082573,-4.869902611,-5.456569672,1,-2.311488917,-2.445924209,-2.531051748,-1.886527237,-3.392369354,12.42711282,0.080056584,-4.152251242,0.751933884,15.69230769,431.948,0.264527849,-0.26608528,1.870320559,118.69,0.133333333,0,1,1,0,2,0,2,0,0,6,1,5,0,0,0,0,3,2.2427,0,0,0,0,0,0,0,1,1,1,0,1,0,0,1,1,0,0,0,0,0,0,0,1,2,0,0
1,1.150176167,214.3438721,-8.375312805,4.484332085,1.690086603,11.57546616,9.49090004,-4.762229443,-4.50189209,1,-2.253516126,-2.282875684,-2.49221256,-1.766113803,-3.201850423,3.226258188,1.021660525,1.021660525,0.829967754,13.35,263.384,-0.00169394,-0.319443476,2.113327121,12.03,0.263157895,1,0,1,0,2,0,2,0,0,1,0,3,0,0,0,0,3,3.8264,0,0,0,0,0,0,0,0,1,0,0,0,0,0,2,0,0,0,0,0,0,0,0,0,0,0,0
1,1.290389538,73.57992554,34.31516647,5.178753853,3.140120983,10.3967247,9.140353203,-5.788965225,-4.673650265,1,-2.415071033,-2.537000523,-2.64066175,-1.814276274,-3.476972003,6.209383932,0.797537688,0.797537688,0.791805341,13.23809524,318.873,0.056730031,-0.339550851,1.943763266,6.48,0.294117647,0,1,1,0,2,0,2,0,0,3,1,4,0,0,0,0,3,4.8944,0,0,0,0,0,0,0,2,0,0,0,0,2,0,2,1,0,0,0,0,0,0,0,0,0,0,0
1,1.175703287,120.110199,-6.675613403,3.446084976,1.089432001,11.79382133,9.486976624,-2.093695641,-4.613312244,1,-2.471183213,-2.458603629,-2.705252854,-1.823595596,-3.364991481,5.966028255,0.320246914,0.320246914,0.824006924,12.63157895,274.795,0.047834354,-0.309364732,2.258475116,16.13,0.3125,0,0,0,0,1,1,2,1,0,2,1,5,0,0,0,1,2,3.8186,0,0,0,0,0,0,0,2,0,0,0,0,0,0,0,1,0,0,0,0,0,0,0,0,0,0,0
1,1.201778054,112.884964,16.2634697,3.760378599,1.988668203,11.7327795,8.307518005,-3.596942425,-4.421304703,1,-2.510470079,-2.553877529,-2.6790245,-2.000836755,-3.464375354,4.782320956,1.094116512,1.094116512,0.735108064,18.59090909,290.41,0.073919353,-0.305731249,1.93436397,16.13,0.35,1,1,2,0,1,1,2,0,0,2,2,0,1,1,0,0,4,3.7077,0,0,0,0,0,0,0,2,0,0,0,0,0,0,2,0,0,0,0,0,0,0,0,0,0,0,0
1,1.211774707,131.7775726,34.57783127,1.113431334,-0.869429827,12.07200813,8.975680351,-1.571567297,-4.799789906,1,-2.468431455,-2.459450598,-2.539844799,-1.955054473,-3.459664877,4.152270139,0.758175154,0.758175154,0.769506229,11.55,269.352,0.137266233,-0.36088894,1.862527529,49.74,0.333333333,0,0,0,0,1,2,3,0,0,4,2,5,0,0,0,0,3,1.9118,0,0,0,0,1,0,0,4,1,0,0,0,0,0,1,0,0,0,0,0,0,0,0,0,0,0,0
1,1.389461398,210.1077118,56.96670914,-1.182424307,-0.840426683,3.057326555,7.074857712,-1.094201803,-6.273272514,1,-2.225170821,-2.159399212,-2.22456785,-1.737540691,-3.212643523,10.95413281,0.089953704,-1.316059146,0.2790266,14.375,226.232,0.324754239,-0.504259893,2.948160262,115.81,0.3,0,0,0,0,1,0,1,1,0,5,0,4,0,0,0,0,1,-0.0531,1,0,0,0,0,2,0,0,1,1,0,0,0,0,0,0,0,0,0,0,0,0,0,0,0,0,0
1,1.309805155,190.1981506,52.36722946,4.410949707,3.68860817,9.41844368,7.438419342,-5.392256737,-4.971815109,0,-2.494903524,-2.696633069,-2.726659268,-2.165501078,-3.541553008,11.48693775,0.08634162,-0.08634162,0.428455078,15.03225806,433.577,0.247900751,-0.493519345,1.054091929,48.57,0.32,0,1,1,0,2,2,4,0,0,5,3,7,1,1,0,0,5,4.724,0,0,0,0,1,0,0,2,1,0,0,0,1,0,2,0,0,0,0,0,0,0,0,0,0,0,1
1,1.377829075,140.3463898,23.72530746,3.047856569,2.469463348,7.712452412,5.575585842,-3.542648792,-4.688065052,1,-2.629060052,-2.704984884,-2.678662716,-2.2234629,-3.423445929,11.59091373,0.214921149,-0.3413978,0.820854753,16.6,357.435,0.285945687,-0.491753564,1.461809702,71.53,0.277777778,0,1,1,2,1,1,2,1,0,6,2,7,1,1,0,1,3,2.4909,0,0,0,0,0,0,0,2,1,0,0,0,1,0,0,0,0,0,0,0,0,0,0,1,0,0,0
1,1.580924511,196.2780457,68.19953918,0.600501657,-2.045077085,2.710740805,3.078131199,-3.437447071,-6.220944881,1,-2.496362521,-2.572103162,-2.436385682,-1.988595139,-3.682793862,12.71779998,0.042017612,-1.300251749,0.226185255,20.86666667,453.458,0.352464785,-0.478646377,1.793850471,184.51,0.25,0,2,2,2,0,1,1,2,0,10,3,8,1,1,0,0,3,-0.5448,2,0,1,0,0,0,0,3,1,1,0,0,1,0,1,0,0,1,0,0,0,0,0,1,0,0,0
1,1.283898115,80.66175842,28.47386551,5.14483881,3.165904522,10.71354675,8.995817184,-5.909570217,-4.479556561,1,-2.4373066,-2.451964299,-2.587675284,-1.82732858,-3.406267329,6.208828377,0.798371021,0.798371021,0.654221359,15.14285714,315.869,0.041247051,-0.309091689,2.062890975,3.24,0.222222222,0,1,1,0,2,0,2,0,0,2,1,3,0,0,0,0,3,5.188,0,0,0,0,0,0,0,1,0,0,0,0,0,0,2,1,0,0,0,0,0,0,0,0,0,0,0
1,1.35692513,115.4009476,12.72095871,-0.444841385,-5.905418396,3.502578974,4.292778492,-0.390272856,-5.944011688,1,-2.078414028,-1.963962964,-2.0256298,-1.623863535,-3.087509396,10.30910494,0.106064815,-1.06462963,0.491542713,12.2,163.198,0.326557339,-0.479694668,3.833483296,66.4,0.6,0,0,0,1,0,0,0,1,0,3,0,3,0,0,0,0,0,-0.4945,1,0,0,0,0,0,0,0,1,0,0,0,0,0,0,0,0,0,0,0,0,0,0,0,0,0,0
1,1.524476409,188.4987946,43.95504379,1.090935349,1.593588114,7.501337528,1.536141872,-2.603591442,-4.57830286,1,-2.419195984,-2.553185729,-2.51400617,-2.10577561,-3.502192285,13.30832184,0.053937547,-0.745133745,0.854995453,10.47058824,238.197,0.270386102,-0.3641488,2.282246141,73.8,0.1,0,0,0,1,1,1,2,0,0,4,1,3,0,0,0,0,2,0.7035,0,0,0,0,0,0,0,3,0,1,0,0,0,0,0,2,0,0,0,0,0,0,0,0,0,0,0
1,1.243283391,177.5678253,-19.08124924,-2.375698328,-1.956262827,4.150383949,8.376840591,0.605994701,-5.424317837,1,-1.97764991,-1.736168284,-1.822699807,-1.359032621,-2.806861854,10.32791667,0.047453704,-0.961296296,0.532393017,9,131.131,0.303289865,-0.481220627,3.276211538,80.39,0.6,0,0,0,0,0,0,0,0,0,3,0,4,0,0,0,0,0,-0.621,1,0,0,0,0,0,0,0,0,1,0,0,0,0,0,0,1,0,0,0,0,0,0,0,0,0,0
1,1.364296556,237.3125916,71.2726593,2.970036745,3.176296234,10.95483303,7.19597435,-4.898715019,-4.690318584,0,-2.662035799,-2.831239178,-2.806942494,-2.337986693,-3.656263451,6.08986601,0.230164513,-0.230164513,0.357723757,14.47222222,480.532,0.289433486,-0.46248259,1.233880576,110.85,0.192307692,0,1,1,0,2,3,5,0,0,10,4,5,0,0,0,0,6,5.09352,0,0,0,0,0,0,0,6,2,0,0,1,3,0,2,0,0,0,0,0,0,0,0,0,0,0,0
1,1.411978006,143.437027,45.97603989,3.149715424,2.972695827,9.33944416,4.891117096,-3.126966715,-4.954504013,1,-2.657010595,-2.878327949,-2.782132681,-2.211454089,-3.712922651,13.43058516,0.068853413,-4.567316173,0.750066816,18.46875,450.465,0.42116891,-0.48055571,1.548443974,83.48,0.523809524,0,2,2,1,0,2,2,1,0,7,4,5,1,1,0,0,4,2.8845,0,0,0,0,0,0,0,5,1,0,0,0,2,0,1,3,0,0,0,0,0,0,0,0,0,0,0
1,2.056831837,273.3966064,89.5365448,0.229852796,-0.197139025,9.782777786,4.103181839,-3.243402243,-5.392477989,1,-2.240060117,-2.318265483,-2.479181242,-1.958075083,-3.318906914,5.396666667,0.286666667,0.286666667,0.501491384,10.54545455,167.197,0.20000783,-0.369310006,3.024307136,83.38,0,0,0,0,0,0,2,2,0,0,4,2,0,0,0,0,0,2,0.59769,0,0,1,0,2,0,0,2,2,1,0,0,1,0,1,0,0,0,0,0,0,0,0,0,0,0,0
1,1.375520587,170.1457977,65.15690613,2.702937365,2.893076897,8.814591408,5.729533195,-2.008424759,-4.820135593,0,-2.537546231,-2.754016045,-2.798895938,-2.193400221,-3.701611141,13.33560786,0.292691443,-0.824218857,0.394244765,15.78378378,498.57,0.224881736,-0.351221153,1.165174003,106.29,0.269230769,0,1,1,0,1,4,5,1,0,10,5,5,1,1,0,0,6,2.6077,0,0,0,0,0,0,0,9,0,1,0,0,2,0,1,1,0,0,0,0,0,0,0,0,0,0,0
1,1.245431542,128.4184875,53.14443588,4.337048531,3.11268115,10.55825424,8.408448219,-4.757556915,-4.900481224,0,-2.601296625,-2.791231292,-2.533795164,-2.308235404,-3.572497376,13.12925619,0.233371032,-0.512404878,0.173659095,11.09302326,585.709,0.341706536,-0.494495222,1.81581727,113.85,0.3125,0,0,0,1,2,2,4,0,0,10,2,12,0,0,0,0,4,5.075,0,0,0,0,0,0,0,5,2,0,0,0,4,0,1,0,0,0,0,0,0,0,0,0,0,0,0
1,1.276311994,116.4509964,-20.84197617,2.679396868,3.832628727,11.41690636,4.251888275,-3.664449453,-4.270574093,1,-2.653718567,-2.721369518,-2.74502564,-2.294844479,-3.364330542,10.78414189,0.186742252,-0.366645566,0.846071016,19.125,221.256,0.407229224,-0.489636442,1.91476628,47.56,0.416666667,0,1,1,1,1,0,1,1,0,3,1,3,1,1,0,1,2,1.79064,0,0,0,0,0,0,0,0,1,0,0,0,0,0,0,0,0,0,1,0,0,0,0,0,0,0,0
1,1.3822155,198.7928467,47.53541946,3.429132223,-0.241068363,2.894667149,3.704786539,-5.291656971,-5.255251408,1,-2.535901707,-2.447999427,-2.372241186,-1.938635036,-3.624584884,13.18094829,0.368498546,-1.031655571,0.730104801,24.72413793,414.483,0.327399385,-0.493021814,1.639621137,95.94,0.380952381,0,2,2,2,2,0,2,3,0,5,2,5,2,2,0,0,4,2.4838,1,0,0,0,0,0,0,1,1,0,0,0,0,0,2,0,0,1,0,0,0,0,0,1,0,0,0
1,1.389351964,108.350235,-14.5174942,1.083748341,-0.832856655,6.344259262,3.725991488,-1.062287092,-4.960354328,1,-2.359743198,-2.326102425,-2.220535023,-1.963784585,-3.247776601,11.20373366,0.037173485,-0.736578798,0.37025011,15.27777778,255.226,0.330571508,-0.465848192,2.272144599,89.98,0.454545455,0,1,1,2,0,0,0,0,0,6,1,5,1,1,0,0,1,-0.5922,0,0,0,0,0,0,0,1,0,0,0,0,0,0,0,0,0,0,0,0,0,0,0,0,0,0,0
1,1.298951745,144.0266724,45.13223648,3.346742153,3.155874491,9.503479004,3.416905642,-4.02085638,-4.973849297,0,-2.549950119,-2.738974076,-2.713937689,-2.267476404,-3.66327417,12.52089189,0.021730784,-0.50887864,0.524184269,17.82857143,471.561,0.254245132,-0.45738383,1.412463553,102.48,0.296296296,0,2,2,2,2,1,3,1,0,6,3,6,1,1,0,0,5,4.2226,0,0,0,0,0,0,0,3,1,1,0,0,1,0,1,0,0,0,0,0,0,0,0,0,0,0,0
1,1.225342751,51.94972992,-19.48304749,1.030450344,-0.181971312,10.22645378,6.915044308,-0.907617331,-4.999769211,1,-2.628888235,-2.656789996,-2.746492678,-2.291263183,-3.52868914,11.3844983,0.037344104,-0.037344104,0.700090748,25.6,208.261,0.308854678,-0.465124904,2.064704832,44.12,0.636363636,0,1,1,0,0,1,1,2,0,4,2,3,1,1,0,0,2,1.1618,0,0,0,0,0,0,0,2,0,0,0,0,0,0,0,0,0,0,1,0,0,0,0,0,0,0,0
1,1.538829088,240.9048615,53.71090317,-0.641572475,-0.304077625,7.392444611,9.305002213,-1.469403386,-5.794211864,1,-2.493291988,-2.596034296,-2.731101739,-1.902284478,-3.638611495,11.23625047,0.014537037,-0.591533132,0.695943328,15.8125,242.666,0.325535828,-0.354661775,2.307067264,92.81,0.444444444,0,1,1,0,0,1,1,0,0,3,2,2,1,1,0,0,2,0.28967,0,0,0,0,2,0,0,1,3,0,0,1,0,0,0,1,0,0,0,0,0,0,0,0,0,0,0
1,1.453210115,175.3729858,67.27246094,1.60211885,1.6447047,8.366859436,7.628329277,-4.601804733,-4.72734499,1,-2.494875551,-2.551415997,-2.621523665,-2.014761013,-3.57375219,12.51498063,0.01950353,-4.001737166,0.870524945,16.79166667,365.842,0.269346036,-0.281910946,1.888549089,92.5,0.1875,0,1,1,1,2,0,2,1,0,4,1,3,0,0,0,1,3,2.0834,0,0,0,0,0,0,0,1,1,1,0,0,1,0,1,1,0,0,0,0,0,0,0,0,1,0,0
1,1.42816937,117.2655029,35.13434219,1.90340209,0.636680126,8.353760719,4.112865448,-1.201696038,-4.841768742,1,-2.349483033,-2.231598735,-2.346252368,-1.893867849,-3.188517009,11.09900077,0.164698129,-4.137208509,0.738617094,42.86363636,339.366,0.332966807,-0.342660418,1.872571368,115.54,1,0,3,3,0,0,0,0,4,0,8,3,3,3,3,0,0,3,-0.3954,0,0,0,0,0,0,0,0,0,1,0,0,0,0,3,0,0,0,0,0,0,0,0,0,0,0,0
1,1.416747093,178.4087982,38.94867325,2.062692404,1.646546006,8.916624069,8.718949318,-3.477779627,-4.77022934,1,-2.629083752,-2.793920251,-2.786572436,-2.326249552,-3.719687401,13.7270888,0.01212732,-1.31615146,0.831072974,15.55555556,377.366,0.262292416,-0.306357802,1.761413514,62.3,0.315789474,0,1,1,1,1,1,2,0,0,4,2,4,1,1,0,0,3,3.2757,0,0,0,0,0,0,0,2,1,0,0,0,1,0,0,3,1,0,0,0,0,0,0,0,0,0,0
1,1.296176195,220.9752197,78.41583252,3.517416477,2.39918232,10.07506943,4.767623425,-4.969260216,-4.613101006,1,-2.51227263,-2.597120408,-2.719741811,-2.106483901,-3.538601451,12.40510401,0.406352513,-0.545354282,0.827484125,15.32142857,378.432,0.246850305,-0.496393624,2.368778623,110.26,0.285714286,0,1,1,1,1,1,2,1,0,6,2,5,0,0,0,0,3,2.9857,0,0,0,0,0,0,0,2,1,1,0,0,1,0,1,0,0,0,0,0,0,0,0,0,0,0,0
1,1.604860425,211.9598083,11.5104332,0.00531435,0.097961426,7.360990047,3.57633543,-1.269376159,-5.357471466,1,-2.191251258,-2.191454786,-2.218218039,-1.861718814,-3.156977193,10.8699778,0.195856481,-3.825008503,0.644909852,13.21428571,236.278,0.266772314,-0.2728533,3.398483669,107.41,0.4,0,0,0,1,0,1,1,0,0,6,1,1,0,0,0,0,1,-1.4238,0,0,0,0,0,0,0,3,0,1,0,0,0,0,0,0,0,0,0,0,0,0,0,0,1,0,0
1,1.440957785,231.1879272,91.05239868,2.149726391,3.662097692,11.1850071,6.626397133,-5.103246689,-5.057745457,0,-2.377322221,-2.451188063,-2.423412621,-1.966821429,-3.461639567,11.90966001,0.224171706,-0.61898236,0.549036597,13,426.86,0.318996091,-0.495841285,1.600261683,115.57,0.19047619,1,0,1,3,2,1,3,0,0,5,1,6,0,1,0,0,4,4.0719,0,0,0,0,0,0,0,1,2,1,0,0,1,0,1,1,0,0,0,0,0,0,0,0,0,0,0
1,1.251470804,194.9279327,43.98199844,3.08085537,2.289906025,13.4014473,9.486433029,-2.959156513,-4.30934,1,-2.680381557,-2.7470808,-2.937372181,-2.183613749,-3.644269419,6.199768519,0.953981481,0.953981481,0.706488238,15.2,198.269,0.07257163,-0.397902276,2.359119565,38.91,0.307692308,1,0,1,0,1,1,2,0,0,2,1,0,0,0,0,0,3,2.6958,0,0,1,0,0,0,0,1,0,1,0,0,1,0,2,0,0,0,0,0,0,0,0,0,0,0,0
1,1.579700947,130.0823364,29.52675247,1.461246252,0.470522523,4.729921341,7.889038086,-2.182989836,-6.173021317,1,-2.370050753,-2.581927307,-2.483295707,-2.087521625,-3.464650093,13.67946119,0.00078292,-4.644555838,0.621637774,15.46428571,407.318,0.451219136,-0.333304874,1.626283958,77.04,0.4375,0,1,1,1,1,1,2,1,0,5,2,4,0,0,0,0,3,2.0165,0,0,0,0,0,0,0,4,0,1,0,0,0,0,1,6,0,0,0,0,0,0,0,0,0,0,0
1,1.822232485,333.0914917,51.8120842,-0.099005938,0.949155211,7.344153404,8.540872574,-2.453578472,-5.675581932,1,-2.401078263,-2.432987653,-2.512904504,-1.920313522,-3.544009456,11.54684807,0.15037037,-4.093196807,0.763028894,17.29411765,295.729,0.285291402,-0.344497985,2.822318242,118.69,0,0,1,1,0,1,0,1,0,0,5,1,1,0,0,0,0,2,0.1299,0,0,0,0,0,0,0,1,1,1,0,0,1,0,1,1,0,0,0,0,0,0,0,0,2,0,0
1,1.323335886,173.8014832,33.13531876,1.913393855,1.91101408,11.44109154,2.653018475,-3.043758154,-4.445580959,1,-2.482682199,-2.510623403,-2.355483385,-2.130886151,-3.438534393,12.00186823,0.356658163,-0.566319444,0.821913746,16.22727273,296.326,0.323402815,-0.45723591,2.226667936,72.63,0.176470588,0,1,1,2,2,0,2,1,0,3,1,1,0,0,0,0,3,3.0637,0,0,0,0,0,0,0,1,0,1,0,0,2,0,2,0,0,0,0,0,0,0,0,0,0,0,0
1,1.569362402,157.3356323,32.08640671,0.633659124,0.500537157,7.742134571,4.790871143,-2.10481143,-4.494980335,1,-2.298926777,-2.262165499,-2.390618697,-1.868942191,-3.274060826,10.83841034,0.301574074,-3.561044029,0.789957923,12.07142857,212.23,0.214484061,-0.355978728,2.539001213,86.19,0.125,0,0,0,0,1,1,2,0,0,4,1,2,0,0,0,0,2,0.6163,0,0,0,0,0,0,0,1,0,1,0,0,0,0,1,0,0,0,0,0,0,0,0,0,1,0,0
1,1.139673233,92.29309845,-12.04206085,2.948085785,0.783619881,10.69154739,9.491135597,-4.044976234,-4.659872532,1,-2.19315083,-2.223332552,-2.502370295,-1.831249691,-3.095955127,9.803083243,0.30909346,-0.488055039,0.616439183,16,307.434,0.118956222,-0.490849113,1.602767026,50.72,0.666666667,1,0,1,0,1,0,1,1,0,4,0,11,0,1,0,1,2,2.3934,0,1,0,0,0,0,0,0,1,0,0,0,0,0,0,0,0,0,0,0,0,0,0,0,0,0,0
1,1.34550631,157.7089996,42.99376297,2.752912045,0.520917773,6.230731964,8.375349045,-3.334599495,-5.900289536,1,-2.701368538,-2.915442749,-2.860961051,-2.288413528,-3.767310443,13.74066098,0.030593369,-0.467562096,0.442907235,16,472.553,0.332402353,-0.340599501,1.688773139,116.86,0.4,0,1,1,0,1,3,4,1,0,10,4,4,1,1,0,0,5,1.14742,0,0,0,0,0,0,0,7,0,1,0,0,1,0,2,0,0,0,0,0,0,0,0,0,0,0,0
1,1.338802099,155.3579254,18.25724411,2.947720528,-0.302441359,6.163946152,1.241959095,-5.334719658,-5.438539505,1,-2.550344121,-2.578416005,-2.637165562,-2.114165452,-3.5013439,13.21361568,0.228015086,-1.262228381,0.587479814,15.72413793,404.491,0.258408611,-0.271678188,1.611465212,57.69,0.130434783,0,1,1,2,3,0,3,1,0,3,1,6,1,1,0,1,4,3.7955,0,0,0,0,0,0,0,2,0,0,0,0,2,0,0,0,0,0,0,0,0,0,0,0,0,0,0
1,1.670801163,161.2810211,52.5234108,-3.184835672,-1.567156553,8.326768875,3.348622799,0.312844992,-6.521549702,1,-2.016038328,-1.832710763,-2.029481959,-1.549948957,-2.911534332,9.997825728,0.668122047,-2.368856726,0.237891435,51.13043478,342.297,0.218622337,-0.393566515,2.128188409,189.53,1,0,2,2,0,0,0,0,9,0,11,2,5,2,2,0,0,2,-5.3956,0,8,0,0,0,0,0,0,0,0,0,0,0,0,0,0,0,0,0,0,0,0,0,0,0,0,0
1,1.235987663,139.6072693,4.811527252,1.75706625,1.950834274,7.372569561,1.715473652,-2.576979637,-4.702476025,1,-2.378793471,-2.435990467,-2.391047206,-2.012655739,-3.337157022,11.88680556,0.154074074,-1.203958333,0.551383539,21,224.26,0.327632478,-0.276803085,3.157856742,75.27,0.545454545,0,1,1,4,0,0,0,1,0,3,1,4,1,1,0,1,1,0.961,0,0,0,0,0,0,0,0,2,0,0,0,0,0,0,0,0,0,0,0,0,0,0,0,0,0,0
1,1.333085179,159.8053436,84.4984436,1.317875147,1.247666001,11.62677002,8.75224781,-1.532799244,-5.021105289,1,-2.497776262,-2.476880272,-2.744073378,-1.923631422,-3.407769309,4.389982993,0.694589002,0.694589002,0.72176296,27,211.268,0.088933827,-0.315515268,2.013736665,37.81,0.384615385,1,1,2,0,1,1,2,2,2,3,2,0,1,1,0,2,4,1.8039,0,0,0,0,0,0,0,2,1,0,0,0,0,0,6,0,0,0,0,0,0,0,0,0,0,0,0
1,1.14342308,141.9377441,-1.778068542,0.11796689,-2.291596174,10.11859322,9.045345306,0.557245493,-5.316832542,1,-2.240193622,-2.306722495,-2.351383172,-1.845117022,-3.051936537,9.471342593,0.183012094,-0.553611111,0.619057368,12.83333333,167.208,0.115448789,-0.50795465,2.732558068,52.49,0.333333333,0,0,0,0,1,0,1,1,0,3,0,3,0,0,0,0,1,0.645,0,1,0,0,0,1,0,0,1,0,0,0,0,0,0,0,0,0,0,0,0,0,0,0,0,0,0
1,1.429106951,181.1605377,23.31830215,-0.954866171,-0.641907692,9.8110466,5.090983391,0.018579483,-4.862961292,1,-2.435618692,-2.45969269,-2.603457628,-2.001689743,-3.269644114,9.37587963,0.037916667,-0.28662037,0.585830848,10.25,169.18,0.142142375,-0.505658654,3.253293462,73.58,0.375,0,0,0,0,0,1,1,0,0,4,1,2,0,0,0,0,1,0.08022,0,2,0,0,0,1,0,1,0,0,0,0,0,0,0,0,0,0,0,0,0,0,0,0,0,0,0
1,1.276800513,213.6732788,52.37488937,2.670629501,2.472453594,10.58005905,3.363927841,-3.712989092,-4.575911522,1,-2.523050357,-2.602500124,-2.840411233,-2.165670166,-3.604505092,9.17987278,0.16648408,0.16648408,0.799678778,16.65217391,306.373,0.14080563,-0.346034664,1.701320839,83.18,0.411764706,1,0,1,0,0,3,3,1,0,5,3,4,0,1,0,0,4,3.46638,0,0,0,0,1,0,0,5,1,0,0,0,0,0,1,0,0,0,0,0,0,0,0,0,0,0,0
1,1.0986377,104.350975,-40.88069153,0.705732822,-2.354360819,11.51571846,10.35496712,-0.1139884,-6.085203171,1,-2.424520807,-2.474953599,-2.569166498,-1.996684005,-3.298189422,5.273144211,0.205596445,0.205596445,0.513142559,19.71428571,198.314,0.185450724,-0.370152478,2.167390167,67.64,0.9,0,1,1,0,0,0,0,0,0,2,1,3,1,1,0,0,1,0.5259,0,0,0,0,0,0,0,2,0,2,0,0,0,0,0,0,0,0,0,0,0,0,0,0,0,0,0
1,1.157808661,60.03668976,19.97935104,1.523424029,1.153734803,11.55891609,8.683824539,-1.521350503,-4.605633259,1,-2.226383896,-2.235013423,-2.534396563,-1.818758879,-3.068070822,5.698501512,0.432777778,0.432777778,0.616936485,30.1,133.194,0.011480028,-0.327106926,2.203814735,26.02,0.333333333,1,0,1,0,1,0,1,2,0,1,0,1,0,1,0,2,2,1.5012,0,0,0,0,0,0,0,0,0,1,0,0,0,0,0,0,0,0,0,0,0,0,0,0,0,0,0
1,1.408228397,166.7318878,56.54523849,3.675135136,2.437094688,9.256748199,4.854831219,-3.602583408,-4.841871738,1,-2.473944011,-2.691181966,-2.666341954,-2.11429262,-3.584457743,12.96295668,0.023593679,-0.352410634,0.420316635,15.26470588,483.96,0.256491137,-0.495199397,1.561942986,125.39,0.347826087,0,1,1,1,1,2,3,1,0,9,3,9,1,1,0,0,4,2.4318,0,1,0,0,0,0,0,5,2,0,0,0,2,0,0,1,0,0,0,0,0,0,0,0,0,0,0
1,1.293917298,148.2297516,13.66141891,1.954796076,1.947759628,9.232102394,1.157051563,-2.727098703,-4.20106411,1,-2.330300243,-2.367028738,-2.21346472,-1.902554547,-3.285039897,12.11176304,0.188703704,-0.881851852,0.764131318,24.75,218.256,0.324530374,-0.319175964,2.499091813,49.41,0.333333333,0,1,1,3,1,0,1,1,0,2,1,2,1,1,0,1,2,1.4735,0,0,0,0,0,0,0,1,1,0,0,0,0,0,0,0,0,0,0,0,0,0,0,0,0,0,0
1,1.529227018,139.2982635,-35.23133087,-2.534488916,-3.532296419,8.511468887,2.266851425,0.102459669,-6.056026936,1,-1.900798363,-1.814848589,-1.908034061,-1.487487769,-2.663919887,9.763926682,0.086851852,-1.636898148,0.325838404,19.6,150.13,0.150754586,-0.393578892,3.795853866,97.99,0.8,0,0,0,0,0,0,0,3,0,5,0,4,0,0,0,0,0,-2.7397,0,4,0,0,0,0,0,0,0,0,0,0,0,0,0,0,0,0,0,0,0,0,0,0,0,0,0
1,1.93606317,179.4423218,13.20843124,-2.08885026,-1.767823935,4.483640671,3.12830162,0.150560379,-6.451307774,1,-2.111666936,-1.94335967,-2.188558398,-1.730195582,-3.104987503,10.5324452,0.671342593,-1.417962963,0.385005401,25.83333333,176.124,0.377497234,-0.5050473,2.796067066,107.22,0.5,0,1,1,0,0,0,0,2,0,6,1,2,0,0,0,0,1,-1.4074,0,4,0,0,0,0,0,0,0,0,0,0,0,0,0,0,0,0,1,0,0,0,0,0,0,0,0
1,1.395306706,166.0391846,40.87453079,0.597105384,0.043883562,11.8169384,5.095094681,-1.15941,-4.931838036,1,-2.215315403,-2.28307305,-2.50060989,-1.979802261,-3.274834612,5.263408919,0.604722222,0.604722222,0.480554166,10.08333333,160.18,0.170033375,-0.306453866,2.79096703,63.83,0,0,0,0,0,1,1,2,0,0,4,1,1,0,0,0,0,2,0.9154,0,0,1,0,0,0,0,2,1,1,0,0,1,0,1,0,0,0,0,0,0,0,0,0,0,0,0
1,1.123204589,101.679245,-34.02433777,1.381340027,0.811719418,11.22435856,8.35449028,-1.179443955,-4.311325073,1,-2.450153136,-2.365001305,-2.449061146,-1.956339654,-3.290381288,5.739166667,0.123548753,0.123548753,0.84115615,19.94117647,237.299,0.160806546,-0.489991432,1.882771497,39.72,0.538461538,0,1,1,0,1,0,1,1,0,4,1,5,1,1,0,1,2,1.4525,0,0,0,0,0,0,0,0,1,0,0,0,0,0,0,0,0,0,0,0,0,0,0,0,0,0,0
1,1.300717115,137.3725281,1.684757233,4.050773144,3.881095648,11.29628181,6.14291048,-4.674651623,-4.732293129,1,-2.510300319,-2.466651374,-2.477779015,-2.01693042,-3.194242258,11.11515302,0.107448035,-0.35640173,0.505301738,10.48148148,361.397,0.30752394,-0.426733576,1.967155496,65.49,0.136363636,0,0,0,0,2,1,3,0,0,5,1,5,0,0,0,0,3,4.1124,0,0,0,0,0,0,0,1,0,0,0,0,0,0,0,0,0,0,0,0,0,0,0,0,0,0,0
1,1.300271988,146.2196045,12.05083084,2.358868837,2.989186049,8.479423523,7.235573769,-3.223389149,-4.399142265,1,-2.368425245,-2.574007061,-2.635927218,-2.029879702,-3.576386876,8.794858223,0.089778638,0.089778638,0.804869503,17.07407407,383.517,0.137316528,-0.393980333,1.503401768,48.3,0.380952381,0,2,2,0,2,0,2,0,0,6,2,5,1,1,0,0,4,2.856,0,1,0,0,0,0,0,3,0,0,0,1,0,0,2,0,0,0,0,0,0,0,0,0,0,0,0
1,1.380732775,133.0155029,51.3278389,3.146439552,2.424947262,9.816015244,9.001625061,-4.063331127,-4.702073574,1,-2.269065049,-2.443304632,-2.640732955,-1.969387017,-3.347778125,6.204052396,0.69087089,0.69087089,0.809349877,16.95454545,313.788,0.15264514,-0.454323131,1.884089778,36.86,0.235294118,0,2,2,0,2,0,2,0,0,4,2,0,1,1,0,0,4,3.4292,0,0,0,0,0,0,0,2,1,0,0,1,0,0,2,1,0,0,0,0,0,0,0,0,0,0,0
1,1.145865679,109.167572,34.657444,4.50278759,3.089674711,10.39610672,8.8030653,-4.968297958,-4.310968399,1,-2.505015047,-2.382517736,-2.610419163,-1.965540104,-3.423940361,11.77454152,0.393232001,-0.663805745,0.832019345,33,311.469,0.094208638,-0.384804158,1.546266391,23.47,0.619047619,2,1,3,0,1,0,1,4,2,2,1,5,1,2,0,4,4,3.9624,0,1,0,0,0,0,0,1,0,0,0,0,0,0,2,0,0,0,0,0,0,0,0,0,0,0,0
1,1.299558282,246.9512329,61.33569717,4.465167046,3.216780186,11.26498222,7.39041853,-5.23703289,-5.095402718,1,-2.564924716,-2.583815273,-2.567110969,-2.173021358,-3.500427416,13.50656027,0.011239619,-0.650912515,0.413568435,26.88095238,578.662,0.338274343,-0.492687693,1.293936267,108.55,0.5,1,2,3,0,2,1,3,6,0,9,3,7,1,2,0,0,6,4.1625,0,0,0,0,1,0,0,1,1,0,0,0,0,0,6,0,0,0,0,0,0,0,0,0,0,0,0
1,1.372596502,140.1851349,72.72093201,2.335781097,2.846367359,8.447650909,3.299942017,-3.920312643,-5.413365841,1,-2.518546442,-2.485907001,-2.6805871,-1.989243918,-3.614914724,12.2598741,0.197682527,-0.717872757,0.589223412,12.96428571,398.854,0.271550224,-0.387125413,1.631670835,119.62,0.263157895,0,0,0,1,1,2,3,2,0,6,2,6,0,0,0,1,3,2.67008,0,1,0,0,1,0,0,4,2,0,0,0,0,0,0,1,0,0,0,0,0,0,0,0,0,0,0
1,1.327961445,167.4376068,52.17367935,2.28194046,3.231472969,9.821937561,4.808318615,-3.323457956,-4.434289455,1,-2.893124235,-3.0379452,-3.039847686,-2.510186302,-3.948468652,13.41915113,0.114579267,-0.928381203,0.306678351,19.97435897,533.612,0.252208243,-0.368393878,1.219673622,135.53,0.407407407,1,0,1,1,0,4,4,1,0,9,4,8,0,1,0,0,5,4.20014,0,0,0,0,1,0,0,6,3,0,0,0,2,0,0,1,0,0,0,0,0,0,0,0,0,0,0
1,1.380019903,277.6512451,46.15153885,-2.066291094,-1.45568347,2.070304155,8.689704895,-0.310539246,-5.94656086,1,-2.202367475,-2.108876115,-2.171930516,-1.690829852,-3.100470359,10.41862355,0.114259259,-1.099477041,0.512506925,12.35714286,197.19,0.320315522,-0.504259893,2.777268027,103.78,0.222222222,0,0,0,0,1,0,1,1,0,4,0,3,0,0,0,0,1,0.0522,1,0,0,0,0,2,0,0,0,1,0,0,0,0,0,0,0,0,0,0,0,0,0,0,0,0,0
1,1.305325866,131.573761,46.8523674,2.333860397,0.789898276,11.34361172,8.381390572,-1.329094052,-4.721875668,1,-2.524015599,-2.572572133,-2.638179841,-2.195630728,-3.590474755,9.972866434,0.00837963,-0.411699263,0.800524269,33.85714286,287.359,0.16567613,-0.492857272,1.954441413,41.93,0.529411765,1,2,3,0,1,0,1,3,0,4,2,1,0,0,1,0,4,1.8503,0,1,0,0,0,0,0,1,0,0,0,0,0,0,0,0,0,0,0,0,0,0,0,0,0,0,0
1,1.140784264,179.5318298,-24.55899048,2.510124683,-0.37123704,9.178947449,7.378282547,-2.35471487,-6.011755466,1,-2.374777122,-2.33504004,-2.32841211,-1.991193026,-3.312725435,12.94803855,0.060765044,-1.524294926,0.577785922,18.56,348.507,0.342846372,-0.457287027,2.133648442,46.53,0.666666667,1,0,1,0,1,0,1,1,0,3,0,8,0,1,0,1,2,3.4841,0,1,0,0,0,0,0,1,0,0,0,0,0,0,0,0,0,0,0,0,0,0,1,0,0,0,0
1,1.268837333,125.3549347,-1.486663818,2.608476877,-0.112169266,9.722961426,9.108480453,-1.592151284,-5.154097557,1,-2.547284707,-2.443115845,-2.584264509,-2.069936418,-3.469513517,6.144953704,0.250578704,0.250578704,0.58728208,54.69230769,199.319,0.100879879,-0.358952276,1.833638907,12.47,1,0,4,4,0,0,0,0,2,2,3,4,0,4,4,1,1,4,1.5602,0,0,0,0,0,0,0,1,0,0,0,0,0,0,2,0,0,0,0,0,0,0,0,1,0,0,0
1,1.392150998,204.7789459,70.36607361,4.358448505,3.565166235,9.709296227,7.295266151,-5.316825867,-4.805379868,0,-2.328299093,-2.521666942,-2.337120407,-2.003515795,-3.43888662,13.04097505,0.153502935,-0.512704426,0.380779208,13.68421053,560.486,0.326826507,-0.494969461,1.435083055,95.09,0.346153846,0,1,1,2,2,1,3,0,0,8,2,8,1,1,0,0,4,5.3544,0,0,0,0,0,0,0,5,2,0,0,0,5,0,0,2,0,0,0,0,0,0,0,0,0,0,0
1,1.114258766,203.5301819,4.327209473,4.141779423,1.151347637,10.77059174,9.390679359,-4.795144558,-4.6458354,1,-2.497377557,-2.603172838,-2.682473262,-1.988486107,-3.500048272,3.244174855,1.056382748,1.056382748,0.851637154,13.55,266.388,0.044296112,-0.340990971,1.996171266,15.27,0.333333333,0,1,1,0,2,0,2,0,0,2,1,4,0,0,0,0,3,3.5328,0,0,0,0,0,0,0,1,1,0,0,0,2,0,2,0,0,0,0,0,0,0,0,0,0,0,0
1,1.469866872,187.0795746,15.93278885,-0.714161634,-0.59422183,9.442927361,0.522127151,-0.011511087,-4.048718929,1,-2.269385802,-2.206652416,-2.287755611,-1.905547143,-3.321954978,10.32064815,0.19212963,-0.552685185,0.550756807,8.888888889,123.115,0.268400755,-0.364209357,2.981454614,68.87,0,0,0,0,1,0,1,1,0,0,3,1,1,0,0,0,0,1,-0.4245,0,0,0,0,0,0,0,2,0,1,0,0,0,0,0,0,0,0,0,0,0,0,0,0,0,0,0
1,1.201074839,123.682785,36.48302078,3.174057722,3.332974911,10.36578274,7.356611252,-3.349622726,-4.383364677,1,-2.61288915,-2.481887873,-2.607749551,-2.038027452,-3.307904419,12.58942169,0.201799913,0.201799913,0.854414611,24.30434783,317.429,0.160567687,-0.492859221,1.885085479,38.77,0.631578947,0,2,2,0,1,0,1,2,0,4,2,4,1,1,0,2,3,3.2381,0,0,0,0,0,0,0,1,0,0,0,0,0,0,3,0,1,0,0,0,0,0,0,0,0,0,0
1,1.148343086,67.600914,-5.42175293,4.232076645,1.83902216,11.33860874,8.995443344,-4.007156372,-5.006460667,1,-2.425953171,-2.473258861,-2.631961958,-1.916804272,-3.379150405,4.536305745,1.01367465,1.01367465,0.842458489,16.33333333,278.399,0.070473737,-0.299651585,1.900005307,16.13,0.315789474,0,1,1,0,1,1,2,0,0,2,2,4,1,1,0,0,3,3.91752,0,0,0,0,0,0,0,2,0,0,0,0,0,0,0,0,0,0,0,0,0,0,0,0,0,0,0
1,1.301162601,67.95201874,-3.540363312,1.649506092,2.979434729,10.39091682,1.592550755,-2.194703579,-4.573583603,1,-2.66315364,-2.540662197,-2.520016188,-2.090745107,-3.613931026,11.94301304,0.105228647,-0.673518519,0.645663,26.13333333,203.241,0.239299052,-0.284947567,2.45146657,37.38,0.333333333,0,1,1,2,1,0,1,1,0,2,1,1,1,1,0,1,2,1.333,0,0,0,0,0,0,0,1,0,0,0,0,0,0,0,0,0,0,0,0,0,0,0,0,0,0,0
1,1.197559595,124.509758,19.27672195,1.895951986,0.590453506,12.2813015,9.407530785,-2.11448288,-4.83943367,1,-2.350598638,-2.297094637,-2.551794498,-1.876313197,-3.26201214,9.786758551,0.295648148,-0.498520408,0.731591646,13.11111111,248.326,0.12830421,-0.490135141,1.914309542,57.28,0.428571429,0,0,0,0,1,1,2,1,0,3,1,6,0,0,0,1,2,1.9056,0,1,0,0,1,0,0,0,2,0,0,0,0,0,1,0,0,0,0,0,0,0,0,0,0,0,0
1,1.254747748,125.7526703,7.765312195,2.199743509,2.28934288,10.15363121,7.875154495,-2.916822195,-4.622534752,0,-2.342238108,-2.542285793,-2.655666705,-1.987867996,-3.326367884,6.164566571,0.449631101,0.449631101,0.538135094,17.71428571,472.589,0.227219755,-0.49187955,1.366710322,68.74,0.357142857,0,2,2,0,2,1,3,0,6,7,3,4,1,1,0,0,5,4.9648,0,0,0,0,0,0,0,3,1,0,0,0,2,0,7,0,0,0,0,0,0,0,0,0,0,0,0
1,1.497623801,153.1615601,28.94897842,-1.093000889,-1.22482419,10.45139694,3.060164452,-1.03187871,-4.718513966,1,-2.22844639,-2.173790084,-2.280187445,-1.901299062,-3.234242357,11.99772251,0.042106954,-0.982092309,0.646083242,13.11111111,254.246,0.331703435,-0.393614252,2.736464368,102.28,0.5,0,0,0,0,0,2,2,1,0,8,2,3,0,0,0,1,2,-2.2131,0,2,0,0,0,0,0,4,0,0,0,0,0,0,1,0,0,0,0,0,0,0,0,0,0,0,0
1,1.129885316,88.74507141,-43.28682709,2.014054298,2.989872456,9.499193192,4.132716656,-3.228731155,-4.278714657,1,-2.292117932,-2.404286027,-2.425423732,-1.981740674,-3.136093816,11.37675217,0.024815602,-0.815777773,0.732309565,13.83333333,260.334,0.406845038,-0.448993765,4.239056777,90.65,0.833333333,0,0,0,2,0,0,0,1,0,4,0,7,0,0,0,1,0,2.0227,0,0,0,0,0,0,0,0,1,1,0,0,0,0,0,0,0,0,0,0,0,0,0,0,0,0,0
1,1.551253319,261.3505859,95.68162537,1.902074099,2.42573595,9.547160149,7.660485744,-4.523818016,-5.306622982,1,-2.692967279,-2.773577004,-2.919376741,-2.220154508,-3.783391869,12.58897912,0.104223645,-4.114345072,0.657169228,33.25,389.886,0.243899488,-0.367527301,1.759457506,118.36,0.428571429,2,1,3,0,1,0,1,4,2,5,1,2,0,1,0,4,4,1.2295,0,0,0,0,0,0,0,0,2,1,0,0,1,0,3,1,0,0,0,0,0,0,0,0,2,0,0
1,1.207872629,101.7660217,42.76738358,4.059351921,2.932653427,10.90519333,6.30919838,-5.162882805,-4.661365986,1,-2.584216991,-2.54637726,-2.569005323,-2.125312968,-3.305359606,11.2872677,0.152633614,0.152633614,0.902180479,19.73684211,259.349,0.219215947,-0.492948088,1.711704638,38.33,0.5625,1,1,2,1,1,0,1,1,0,2,1,4,0,0,0,0,3,2.5676,0,0,0,0,0,0,0,0,1,0,0,0,0,0,3,0,0,0,0,0,0,0,0,0,0,0,0
1,1.259731054,139.6893311,64.09024048,1.910006762,1.331279397,6.369147301,7.166903496,-3.579718113,-5.357545853,1,-2.522916839,-2.483898201,-2.492612475,-2.062265003,-3.448812377,13.40471018,0.248572769,-1.163461549,0.153853448,13.34285714,474.565,0.244022,-0.360888473,1.560039643,144.9,0.269230769,0,0,0,3,2,2,4,2,0,4,2,10,0,0,0,0,4,1.8448,0,0,0,0,2,0,0,0,5,1,0,0,0,0,2,0,0,0,0,0,0,0,0,0,0,0,0
1,1.372558117,141.1897583,44.65817642,3.135655403,3.765837908,10.48579788,5.443993568,-4.236667633,-4.804080009,1,-2.581878471,-2.626380561,-2.55979555,-1.971065979,-3.677102892,12.29424847,0.262241119,-0.447453704,0.807761185,16.28571429,321.829,0.32730143,-0.467586166,1.943224229,29.54,0.3125,0,1,1,0,1,1,2,1,0,4,2,3,0,0,0,0,3,3.6739,0,0,0,0,0,0,0,1,0,0,0,0,0,0,1,1,0,0,0,0,0,0,0,0,0,0,0
1,1.216313243,214.3271637,0.14655304,0.727414131,1.070962667,8.137577057,6.049136162,-5.548438072,-5.645257473,1,-2.545200402,-2.424362309,-2.320438475,-2.004401204,-3.456039755,13.06596372,0.171111584,-1.79453373,0.687557914,20.04,340.443,0.347682168,-0.453699578,1.910738513,46.53,0.380952381,0,1,1,0,2,0,2,1,0,3,1,4,1,1,0,1,3,2.7045,0,1,0,0,0,0,0,1,0,0,0,0,0,0,0,0,0,0,0,0,0,0,1,0,0,0,0
1,1.349038601,143.6163788,60.63394547,3.006212711,2.157166004,10.11089706,4.224245548,-4.268202782,-5.082203865,1,-2.669367002,-2.860461641,-2.832435753,-2.311703203,-3.663908946,11.96757731,0.034108013,-0.097140063,0.508172696,15.41935484,418.457,0.245528193,-0.496578209,1.748794183,108.39,0.272727273,0,1,1,1,1,2,3,1,0,8,3,4,1,1,0,0,4,1.7849,0,0,1,0,0,0,0,5,0,1,0,0,1,0,1,0,0,0,0,0,0,0,0,0,0,0,0
1,1.156795025,202.303772,-21.29053879,-1.25109458,-3.728370428,2.992128134,7.779981613,-0.40346241,-5.245435238,1,-2.163528049,-2.048915704,-2.238573771,-1.66774495,-3.137579189,10.17206019,0.646990741,-1.018518519,0.488090598,15.11111111,149.215,0.321391828,-0.480048071,4.040215641,63.32,0.8,0,0,0,0,0,0,0,1,0,3,0,2,0,0,0,0,0,0.1067,1,0,0,0,0,0,0,0,0,1,0,0,0,0,0,0,0,0,0,0,0,0,0,0,0,0,0
1,1.312664509,154.1807251,41.22774887,3.678190231,1.435978413,11.69144535,9.005439758,-4.03288269,-4.388290882,1,-2.479378719,-2.454880001,-2.725485627,-1.793203003,-3.437200632,6.233048067,0.826227902,0.826227902,0.794753116,17.68181818,310.828,0.073919364,-0.316094559,1.977851368,24.92,0.315789474,1,1,2,0,1,1,2,0,0,2,2,0,1,1,0,0,4,4.0189,0,0,0,0,0,0,0,1,1,0,0,0,0,0,2,1,0,0,0,0,0,0,0,0,0,0,0
1,1.23236537,174.411911,8.189128876,1.692200541,1.390861034,7.096764088,1.468608379,-2.503889322,-4.480954647,1,-2.387292597,-2.421604446,-2.376651352,-1.998259884,-3.30278821,11.77569444,0.087407407,-1.094583333,0.679142722,21.93333333,212.249,0.327632162,-0.276813532,3.10533482,75.27,0.7,0,1,1,4,0,0,0,1,0,3,1,3,1,1,0,1,1,0.7949,0,0,0,0,0,0,0,0,2,0,0,0,0,0,0,0,0,0,0,0,0,0,0,0,0,0,0
1,1.539548635,186.8572388,44.36608505,0.301500559,-1.269587755,3.225303888,2.950496197,-2.621990681,-5.882762432,1,-2.457990429,-2.418920829,-2.290183777,-1.869985271,-3.496553488,12.57037698,0.140077178,-1.353039805,0.295008049,21.20689655,424.391,0.404316905,-0.476559451,1.76564511,173.76,0.3125,0,2,2,3,0,1,1,2,0,9,3,7,1,1,0,0,3,-0.536,1,0,0,0,0,0,0,2,1,1,0,0,0,0,1,0,0,1,0,0,0,0,0,1,0,0,0
1,1.502644658,255.2987213,51.02796555,0.55951345,1.074583888,8.269786835,0.648180485,-2.480726242,-4.73727417,1,-2.533678628,-2.459657466,-2.544054404,-1.968548444,-3.397422706,12.17365835,0.128781652,-0.898055556,0.7233588,22.52631579,258.233,0.261799079,-0.294635632,1.960977799,83.55,0.230769231,0,2,2,4,1,0,1,1,0,4,2,1,1,1,0,1,3,0.0878,0,0,0,0,0,0,0,1,1,0,0,0,0,0,1,0,0,0,0,0,0,0,0,0,0,0,0
1,1.33259666,160.5786438,-37.6651001,0.569319367,1.19776547,8.727993011,2.471245289,-1.708790064,-4.648536205,1,-2.297261301,-2.403551507,-2.431748281,-2.003375985,-3.295912756,10.54075712,0.034351852,-0.870364701,0.79647102,9.941176471,238.243,0.404009816,-0.448922576,2.643963963,104.64,0.272727273,0,0,0,2,1,0,1,0,0,4,0,5,0,0,0,0,1,0.9608,0,0,0,0,0,0,0,0,0,2,0,0,0,0,0,0,0,0,0,0,0,0,0,0,0,0,0
1,1.224228144,116.9814682,17.94711685,4.628185272,2.757483006,11.38202763,8.760774612,-4.988101482,-3.943095207,1,-2.509519935,-2.560699876,-2.708659272,-1.994775835,-3.521791285,2.450231481,0.499270597,0.499270597,0.832153893,14.9,284.428,0.055290218,-0.33806509,2.031569707,6.48,0.294117647,0,1,1,0,2,0,2,1,0,3,1,3,0,0,0,1,3,4.2394,0,0,0,0,0,0,0,2,0,0,0,0,2,0,2,0,0,0,0,0,0,0,0,0,0,0,0
1,1.330619216,220.7462769,-5.508659363,-1.27165699,-1.971115828,8.477278709,3.885860205,-0.341515064,-4.83756876,1,-2.288015213,-2.338949396,-2.287903545,-1.98886356,-3.33185372,11.40953704,0.226481481,-0.406851852,0.661672019,11.3,283.332,0.33014136,-0.437195312,2.46E-07,91.22,0.583333333,0,0,0,0,0,2,2,0,0,6,2,2,0,0,0,0,2,-1.7257,0,1,0,0,0,0,0,5,0,0,0,0,0,0,1,0,0,0,0,0,0,0,1,0,0,0,0
1,1.644918442,159.1935883,31.50019455,-3.124171019,-2.682196856,9.481833458,3.45015645,0.279792547,-6.504467487,1,-2.031448996,-1.848121431,-2.030860265,-1.562586861,-2.912912638,9.832316468,0.708486631,-1.852296863,0.202980399,37.17391304,344.313,0.186732031,-0.393579133,2.885103447,200.53,1,0,1,1,0,0,0,0,9,0,11,1,8,1,1,0,0,1,-5.7612,0,9,0,0,0,0,0,0,0,0,0,0,0,0,0,0,0,0,0,0,0,0,0,0,0,0,0
1,1.398153543,66.60791779,18.27699661,-1.247708321,-1.645430088,8.072191238,2.390079975,0.89391017,-7.661244869,1,-2.176662802,-2.017831785,-2.159630493,-1.753646549,-3.096511524,9.156018519,0.28412037,-0.553564815,0.436683281,53.4,146.142,0.114471449,-0.387892853,2.091770558,58.92,1,0,2,2,0,0,0,0,4,0,4,2,0,2,2,0,0,2,-1.4942,0,2,0,0,0,0,0,0,0,0,0,0,0,0,1,0,0,0,0,0,0,0,0,0,0,0,0
1,1.48989141,203.6708984,47.24145126,4.282598495,3.03678441,11.58534813,8.725400925,-4.625126839,-5.125244617,0,-2.519382637,-2.699431555,-2.803921902,-2.223606067,-3.606003106,14.26353211,0.333110975,-0.373905031,0.541529003,15.33333333,475.362,0.16285857,-0.492841754,1.584797089,59.51,0.363636364,0,1,1,0,2,1,3,0,0,6,2,6,1,1,0,0,4,5.0042,0,0,0,0,0,0,0,3,1,0,0,0,2,0,1,2,0,0,0,0,0,0,0,0,0,0,0
1,1.341069818,118.7920456,29.69171524,4.002655029,2.906782627,6.35892725,6.644701004,-4.696180344,-4.842587471,1,-2.592561873,-2.806902405,-2.760174557,-1.985524811,-3.692590788,12.27032773,0.063541109,-0.063541109,0.690401063,15.65384615,371.872,0.349827914,-0.36892383,1.282970346,45.78,0.368421053,0,1,1,0,1,2,3,0,0,6,3,5,1,1,0,0,4,2.3617,0,0,0,0,0,0,0,5,0,0,0,0,1,0,1,1,0,0,0,0,0,0,0,0,0,0,0
1,1.352494001,228.1006775,64.51298523,2.680569649,2.558543682,8.278256416,7.414377689,-2.874231577,-4.508204937,1,-2.541867914,-2.649151723,-2.759117921,-2.039843457,-3.551174545,5.903753307,0.205614379,0.205614379,0.856137149,10.47058824,248.717,0.221726794,-0.383006751,2.613511657,77.82,0.166666667,0,0,0,0,1,1,2,0,0,4,1,2,0,0,0,0,2,2.5238,0,0,2,0,0,0,0,2,0,2,0,0,2,0,0,1,0,0,0,0,0,0,0,0,0,0,0
1,1.379773736,191.5735168,46.83866501,2.156047821,2.803821325,6.119950771,4.434092045,-3.141000271,-5.268816471,1,-2.329952849,-2.344410347,-2.391042302,-1.807088101,-3.160127818,11.98664291,0.160083328,-1.667198216,0.550014922,11.95652174,361.034,0.474964511,-0.425736096,2.576602377,98.66,0.428571429,0,0,0,2,1,0,1,1,0,4,0,7,0,0,0,0,1,1.2661,0,0,0,0,0,0,0,0,2,0,0,0,0,0,0,2,0,0,0,0,0,0,0,0,0,0,0
1,1.2726717,172.0387268,36.26665115,3.853352547,0.786120176,8.532932281,8.117352486,-3.997061968,-6.303713322,1,-2.567254937,-2.620156738,-2.532289725,-2.234070661,-3.507896803,12.90096333,0.147484883,-1.361937506,0.438273017,39.92592593,424.991,0.237217365,-0.387508441,2.094099659,102.26,0.944444444,0,2,2,1,0,0,0,9,0,7,2,7,2,2,0,0,2,0.3895,0,3,0,0,0,0,0,1,1,0,0,0,0,0,0,1,0,0,0,0,0,0,0,1,0,0,0
1,1.480909944,121.1736145,10.47291565,1.374885201,0.921115756,7.38914299,3.622997522,-1.999209166,-5.644123554,1,-2.492015671,-2.428994011,-2.522708255,-1.851747286,-3.379178217,11.99625094,0.058455434,-3.309544596,0.781205885,23.76470588,273.741,0.224152531,-0.324977738,2.46004627,54.45,0.363636364,0,1,1,1,1,0,1,1,0,3,1,1,1,1,0,1,2,1.6155,0,0,0,0,0,0,0,1,0,0,0,0,0,0,0,1,0,0,0,0,0,0,0,0,0,1,0
1,1.319549918,191.3968201,51.72430038,3.343277454,3.156893969,9.809262276,7.825289726,-4.036561489,-4.634567261,1,-2.488694516,-2.668594582,-2.787824728,-1.876943981,-3.610798883,6.176539767,0.706466312,0.706466312,0.800122242,17.65217391,326.831,0.138321596,-0.353470612,1.830433209,30.87,0.277777778,0,2,2,0,2,0,2,0,0,4,2,0,1,1,0,0,4,3.7227,0,0,0,0,0,0,0,3,1,0,0,1,2,0,2,1,0,0,0,0,0,0,0,0,0,0,0
1,1.245536923,207.196228,-0.473804474,-3.49331069,-1.657366037,3.693786621,6.6941576,0.899991751,-5.681177616,1,-2.002290903,-1.850313232,-1.93667522,-1.517737087,-2.97496477,10.01751134,0.282222222,-1.202824074,0.494486133,14.54545455,161.201,0.108045732,-0.550063811,3.694259125,60.36,0.857142857,0,0,0,0,0,0,0,1,0,3,0,4,0,0,0,0,0,-1.8065,1,1,0,0,0,0,0,1,0,0,0,0,0,0,0,0,0,0,0,0,0,0,1,0,0,0,0
1,1.313794494,150.1783142,33.33501816,3.408543348,3.176687002,11.58951759,5.570067883,-3.858950138,-4.30075264,1,-2.42193105,-2.396441754,-2.659900995,-1.982071453,-3.410126355,5.85739678,0.392174356,0.392174356,0.417884098,10.51724138,393.443,0.162995094,-0.48726952,1.956916735,74.73,0.272727273,0,0,0,0,2,1,3,0,0,7,1,10,0,0,0,0,3,3.4051,0,0,0,0,0,0,0,2,1,0,0,0,2,0,1,0,0,0,0,0,0,0,0,0,0,0,0
1,1.4246521,198.9280243,52.80762863,3.118490934,-0.864060163,2.763809919,3.551559448,-4.562793732,-5.094181061,1,-2.63091306,-2.541738103,-2.471377767,-2.034368159,-3.66025175,12.92740662,0.272677522,-1.042250547,0.752450923,25.17857143,401.444,0.327399385,-0.479672802,1.577295151,112.74,0.368421053,0,2,2,2,1,1,2,3,0,6,3,4,2,2,0,0,4,1.89532,1,0,0,0,0,0,0,2,1,0,0,0,0,0,1,0,0,1,0,0,0,0,0,1,0,0,0
1,1.333419561,142.4623108,51.88641739,1.374913573,0.76090014,9.702578545,8.102726936,-1.992896795,-5.277131557,1,-2.399036658,-2.312167065,-2.451858211,-1.962181678,-3.287282049,10.18588024,0.144197583,-0.767866749,0.6059944,15.25,331.368,0.230800357,-0.504259875,1.528837612,91.18,0.333333333,0,1,1,0,2,0,2,2,0,6,1,6,0,0,0,2,3,2.0807,0,1,0,0,0,2,0,0,1,0,0,0,0,0,1,0,0,0,0,0,0,0,0,0,0,0,0
1,1.29199338,200.6378479,75.02799988,3.514819145,2.453183174,9.17905426,7.05389595,-4.848426819,-5.299801826,0,-2.713620144,-2.8481673,-2.894623779,-2.317118594,-3.85174019,11.3513448,0.199175703,-0.543540706,0.421693445,14.6969697,441.535,0.283958574,-0.450924949,1.10662025,102.29,0.307692308,0,1,1,1,2,2,4,0,0,5,3,7,1,1,0,0,5,4.02958,0,0,0,0,1,0,0,3,1,1,0,0,1,0,2,0,0,0,0,0,0,0,0,0,0,0,1
1,1.522265911,201.6018829,58.42293167,1.756369352,2.517351151,7.386939049,5.03438282,-3.323007107,-4.810107231,1,-2.425270643,-2.58828761,-2.600415787,-2.052449851,-3.684990373,12.23634429,0.074682356,-0.473503769,0.779213683,19.4137931,435.889,0.414314899,-0.44204578,1.349612045,88.18,0.315789474,0,2,2,3,1,1,2,1,0,6,3,5,2,2,0,0,4,2.5199,0,0,0,0,0,0,0,2,1,0,0,0,2,0,0,1,0,0,1,0,0,0,0,0,0,0,0
1,1.298891902,130.1263733,20.21051407,3.252069473,-0.773005962,3.161944389,7.104477406,-4.712285995,-5.730466843,1,-2.620188964,-2.532126118,-2.445587328,-2.04974046,-3.638248497,13.21986752,0.22987248,-0.975421011,0.535856854,21.74193548,466.625,0.32600577,-0.479711064,1.670928455,95.94,0.590909091,0,2,2,1,1,0,1,3,0,7,2,9,2,2,1,0,3,2.3908,1,0,0,0,0,0,0,1,1,0,0,0,0,0,0,0,0,0,0,0,0,0,0,2,0,0,0
1,1.23791182,175.0279388,35.61364365,2.712258339,2.387623787,10.55761719,6.599027634,-3.706685543,-4.391803741,1,-2.675588091,-2.72511673,-2.701916583,-2.253265437,-3.654102477,12.26127257,0.070988704,0.070988704,0.744697159,10.95652174,307.397,0.227588577,-0.34848476,2.190011179,37.61,0.263157895,0,0,0,1,1,2,3,0,0,3,2,3,0,0,0,0,3,3.24884,0,0,0,0,0,0,0,3,0,0,0,0,0,0,1,0,0,0,0,0,0,0,0,0,0,0,0
1,1.128240824,225.5542755,-14.8595047,3.079703569,1.732789993,8.384899139,7.909838676,-5.466607571,-5.685450554,1,-2.427638058,-2.399945915,-2.450464333,-1.836661774,-3.325211004,2.334809146,1.139245402,1.139245402,0.716078058,17.52380952,278.419,0.082017079,-0.327946766,2.055589648,0,0.3,0,1,1,0,2,0,2,0,0,0,1,2,1,1,0,0,3,4.3587,0,0,0,0,0,0,0,1,0,0,0,0,0,0,0,0,0,0,0,0,0,0,1,0,0,0,0
1,1.269687057,104.0661926,2.929046631,1.776634812,1.774642944,8.689517975,3.051807404,-2.573153973,-4.471216202,1,-2.551267291,-2.480120899,-2.497845054,-1.981723763,-3.420695591,12.02620748,0.155138889,-0.518680556,0.767299842,25.3125,217.268,0.236703978,-0.295679882,2.400243498,46.17,0.384615385,0,1,1,2,1,0,1,1,0,2,1,2,1,1,0,1,2,1.771,0,0,0,0,0,0,0,0,1,0,0,0,0,0,0,0,0,0,0,0,0,0,0,0,0,0,0
1,1.135481834,105.6912231,-3.602344513,4.62671566,2.444414377,11.32423782,9.067868233,-4.920890808,-4.635699749,1,-2.269655072,-2.387729582,-2.559517405,-1.858589965,-3.244499478,2.37962963,1.060517763,1.060517763,0.677350409,12.80952381,275.395,0.001013766,-0.309091689,2.100718053,3.24,0.2,1,0,1,0,2,0,2,0,0,1,0,3,0,0,0,0,3,4.5538,0,0,0,0,0,0,0,1,0,0,0,0,0,0,2,0,0,0,0,0,0,0,0,0,0,0,0
1,1.179788589,98.95422363,-29.83694458,1.810953259,2.34034276,7.458006859,5.682821274,-2.17545414,-4.556620598,1,-2.184106349,-2.190585703,-2.336095234,-1.848406217,-3.088381446,10.53606434,0.704282407,-0.768657407,0.600261632,20.91666667,167.208,0.40552632,-0.429867316,2.614625505,52.32,0.666666667,1,0,1,1,0,0,0,0,0,2,0,1,0,1,0,0,1,1.4178,0,0,0,0,0,0,0,0,0,1,0,0,0,0,0,0,0,0,0,0,0,0,0,0,0,0,0
1,1.308377266,193.6038971,-24.66305733,-3.690834761,-1.879215479,-0.348711014,8.031306267,0.54907608,-6.118124008,1,-2.237768591,-2.255244951,-2.352911923,-1.84341663,-3.067328813,10.24519133,0.208020597,-3.873364985,0.447848266,11.09090909,181.213,0.264416044,-0.356311728,3.369022282,83.47,0.8,0,0,0,1,0,0,0,0,0,3,0,4,0,0,0,0,0,-0.5996,0,0,0,0,0,0,0,0,1,0,0,0,0,0,0,0,0,0,0,0,0,0,0,0,0,0,0
1,1.668484449,251.4217072,71.75856018,-0.998500586,-1.015278578,9.110595703,4.559751511,-2.004135847,-6.189988613,1,-2.758981777,-2.982052988,-2.955535836,-2.555011451,-3.860021887,11.69536313,0.006588745,-0.665873961,0.530114837,26.5,277.284,0.302122815,-0.395648904,2.12148318,130.05,0.416666667,1,0,1,0,0,2,2,3,0,7,2,2,0,1,0,0,3,-0.8278,0,2,1,0,1,0,0,3,1,1,0,0,1,0,1,0,0,0,0,0,0,0,0,0,0,0,0
1,1.085490584,111.6664734,-1.039253235,1.879680514,1.103794456,7.425064087,3.106086731,-2.643610954,-4.662957668,1,-2.61832569,-2.631987819,-2.608772584,-2.168984002,-3.52426071,11.68245748,0.0825,-0.403373961,0.735528414,23.2,212.293,0.239717985,-0.367882041,2.625637243,63.4,0.818181818,0,1,1,2,0,0,0,2,0,2,1,5,1,1,0,0,1,0.8989,0,0,0,0,0,0,0,1,0,1,0,0,0,0,0,0,0,0,0,0,0,0,0,0,0,0,0
1,1.121209502,179.9765625,0.959144592,4.604291439,2.143084288,11.07647514,9.126191139,-5.03465271,-4.665077686,1,-2.499462411,-2.611809719,-2.703311988,-2.007778539,-3.502636573,2.515046296,1.075601852,1.075601852,0.838462327,13.76190476,280.415,0.044296113,-0.340990812,1.946085728,6.48,0.368421053,0,1,1,0,2,0,2,0,0,2,1,4,0,0,0,0,3,3.875,0,0,0,0,0,0,0,2,0,0,0,0,2,0,2,0,0,0,0,0,0,0,0,0,0,0,0
1,1.416120172,231.1499786,-11.82619858,1.246943474,0.092561007,9.309261322,3.809070826,-1.552656054,-4.934836864,1,-2.237562252,-2.124586436,-2.145557151,-1.833911746,-3.112207385,11.19264267,0.056617536,-0.651666667,0.680945825,21.07692308,176.175,0.295577408,-0.446609428,2.263706098,64.68,0.111111111,0,1,1,1,1,0,1,1,0,3,1,1,0,0,0,1,2,0.5992,0,0,0,0,0,0,0,1,0,1,0,1,0,0,0,0,0,0,0,0,0,0,0,0,0,0,0
1,1.23750031,133.7947388,9.265182495,3.761905909,2.909702539,10.22499847,7.484692574,-3.149864197,-4.942379951,1,-2.482866746,-2.467161443,-2.628183246,-1.828660042,-3.472821148,8.779094161,0.090898388,0.090898388,0.720292463,17.30769231,374.912,0.069785866,-0.393980333,1.659765853,35.94,0.428571429,0,1,1,0,2,0,2,1,0,4,1,8,1,1,0,1,3,3.0559,0,1,0,0,0,0,0,2,0,0,0,0,0,0,0,1,0,0,0,0,0,0,0,0,0,0,0
1,1.270659208,92.99684143,32.14900589,3.081871271,2.826218605,7.958537579,5.007068634,-4.768303871,-4.748147488,1,-2.541462304,-2.645818973,-2.625180955,-2.116498701,-3.549741243,11.92543202,0.10866556,0.10866556,0.704050466,17.10344828,411.571,0.159377156,-0.395044554,1.454056301,47.02,0.434782609,0,2,2,0,2,0,2,0,0,6,2,7,1,1,0,0,4,3.4919,0,1,0,0,0,0,0,3,0,0,0,0,2,0,2,0,1,0,0,0,0,0,0,0,0,0,0
1,1.317659497,204.2620239,76.74177551,2.719341755,2.565611124,10.60404015,7.421863556,-4.801134109,-4.737826347,1,-2.467082139,-2.554730399,-2.790488851,-2.083751854,-3.637111181,10.09086297,0.129760263,-0.975683553,0.37031895,19,525.613,0.2123871,-0.488975782,1.190890187,112.04,0.379310345,0,3,3,0,0,4,4,2,2,10,7,8,3,3,0,2,7,3.28438,0,1,0,0,0,0,0,7,0,0,0,0,1,0,3,0,0,0,0,0,0,0,0,0,0,0,0
1,1.525911331,225.0885162,15.21136856,1.055006742,1.525611162,10.04729652,7.317965984,-1.910721421,-4.368751049,1,-2.123333693,-2.235556257,-2.366972833,-1.649321728,-3.008001444,5.858173658,0.120901833,-0.120901833,0.460341304,10.42857143,231.086,0.210694296,-0.368540923,2.967046462,76.76,0,0,0,0,0,1,0,1,0,0,2,0,2,0,0,0,0,1,1.6007,0,0,0,0,0,0,0,2,0,2,0,0,0,0,0,2,0,0,0,0,0,0,0,0,0,0,0
1,1.222578645,122.2052536,28.15988541,3.800240278,-0.040028811,3.260955811,6.893244267,-4.9053092,-6.018148899,1,-2.589653176,-2.501296958,-2.368698464,-2.070857113,-3.597472126,13.26091769,0.22825573,-1.036043177,0.584486078,17.1875,438.524,0.326277953,-0.479703152,1.720303359,95.94,0.4,0,1,1,1,2,0,2,3,0,5,1,9,0,0,0,0,3,2.5671,1,0,0,0,0,0,0,1,1,0,0,0,0,0,1,0,0,0,0,0,0,0,0,0,0,0,0
1,1.200102091,168.8252563,24.14767075,1.622281075,1.384148836,9.157970428,7.119664669,-1.937596202,-4.443867207,1,-2.549526835,-2.49112174,-2.650018302,-2.10033174,-3.498515432,12.80556618,0.167685185,0.167685185,0.91771158,23.9,276.38,0.168824369,-0.378792733,1.773233755,45.33,0.6875,1,1,2,0,0,1,1,1,0,3,2,3,1,1,0,1,3,1.96282,0,0,0,0,1,0,0,1,1,0,0,0,0,0,1,0,1,0,0,0,0,0,0,0,0,0,0
1,1.423520803,130.3835907,28.73547745,0.168424845,0.461007118,9.680265427,2.65389061,-1.900305986,-5.570685387,1,-2.273790846,-2.157416696,-2.187328299,-1.81874381,-3.28233441,12.05382745,0.292015227,-1.200779478,0.502275241,24.73076923,370.314,0.330071207,-0.462949903,2.414670245,142.99,0.533333333,0,1,1,0,0,1,1,4,0,10,2,5,1,1,0,0,2,-1.1395,0,0,0,0,1,0,0,1,1,0,0,0,0,0,0,0,0,0,0,0,0,0,0,0,0,0,0
1,1.204103351,168.0435791,-10.09947586,2.96558404,0.52855444,8.783435822,8.718330383,-5.421413898,-5.805645943,1,-2.516063944,-2.54176338,-2.404465549,-2.087734114,-3.398541359,13.06440571,0.210868292,-0.441660998,0.546096061,13.88888889,368.497,0.317929933,-0.458970247,1.793097582,35.53,0.434782609,0,1,1,0,2,0,2,0,0,3,1,6,0,0,0,0,3,4.7308,0,0,0,0,0,0,0,1,0,0,0,0,0,0,2,0,0,0,0,0,0,0,1,0,0,0,0
1,1.513907075,199.6111603,35.94815445,0.626178265,-0.441260338,6.941092491,0.850414276,-3.01736021,-5.809110165,1,-2.254914239,-2.482501551,-2.626541161,-1.945618717,-3.516646338,11.42772865,0.371203704,-0.527363946,0.742611414,10.26666667,252.101,0.325299102,-0.363501217,2.995398845,68.96,0.5,0,0,0,0,0,1,1,0,0,3,1,5,0,0,0,0,1,0.3472,0,0,0,0,2,0,0,1,2,0,0,0,1,0,0,2,0,0,0,0,0,0,0,0,0,0,0
1,1.402206063,241.4589539,63.84730911,3.635266304,1.944255829,7.846225262,7.133677483,-3.426416159,-4.818225384,1,-2.595832428,-2.669826413,-2.693675994,-2.239070526,-3.554116678,12.99139663,0.083399832,-0.651427246,0.633464073,17.6969697,451.483,0.26689148,-0.492842072,1.283149387,112.27,0.347826087,0,2,2,1,2,1,3,1,0,9,3,4,1,1,0,1,5,1.7178,0,0,1,0,0,0,0,4,0,1,0,0,2,0,2,0,0,0,0,0,0,0,0,0,0,0,0
1,1.126268387,167.0447693,-9.371593475,4.942049026,2.347084522,11.81612015,9.224396706,-4.952184677,-4.359235287,1,-2.269989868,-2.384166139,-2.559852201,-1.857992399,-3.253756775,2.41962963,1.08829554,1.08829554,0.813678389,13.57142857,277.411,0.001013763,-0.309091689,2.065949703,3.24,0.3,1,0,1,0,2,0,2,0,0,1,0,3,0,0,0,0,3,4.1686,0,0,0,0,0,0,0,1,0,0,0,0,0,0,2,0,0,0,0,0,0,0,0,0,0,0,0
1,1.310731769,134.6772461,54.69234848,3.933246136,3.036128521,10.09061909,7.271247864,-4.17425108,-4.832829475,0,-2.298709166,-2.50882173,-2.553840503,-1.937852583,-3.452110645,12.79287078,0.365445118,-2.504254321,0.352192188,17.575,584.105,0.228839901,-0.49449804,1.270460201,85.86,0.448275862,0,2,2,0,2,1,3,0,0,9,3,8,2,2,0,0,5,5.09,0,0,0,0,0,0,0,5,2,0,0,0,5,0,0,1,0,0,0,0,0,0,0,0,0,0,0
1,1.379730344,119.4350281,58.23923111,2.437863111,1.697473764,10.76088047,5.683701038,-3.410855055,-4.941267014,1,-2.294050444,-2.452649736,-2.528770664,-1.954017165,-3.482307704,13.9043972,0.014113757,-0.30962963,0.750369161,17.76470588,227.242,0.129307668,-0.326995223,2.046036095,41.61,0.230769231,0,1,1,0,1,1,2,1,0,3,2,1,0,0,0,0,3,2.42948,0,0,0,0,0,0,0,3,0,0,0,0,0,0,1,1,0,0,0,0,0,0,0,0,0,0,0
1,1.343972921,196.9774933,56.52389908,2.140151978,0.632758379,6.689556599,7.87625742,-3.183843136,-5.572255611,1,-2.695624857,-2.626410556,-2.633334274,-2.230872955,-3.553100179,12.4662431,0.049742536,-1.060714758,0.742965964,35.44444444,370.449,0.251965442,-0.506794792,1.69608142,103.86,0.619047619,3,1,4,1,1,0,1,3,2,5,1,3,1,3,0,0,5,1.2534,0,1,0,0,0,1,0,1,0,1,0,0,0,0,1,0,1,0,0,0,0,0,0,0,0,0,0
1,1.335979104,179.6792755,52.32224655,3.338979244,1.748390198,7.21305275,6.806528091,-5.445023537,-5.872732162,1,-2.713681841,-2.897280684,-2.86372889,-2.338224599,-3.785476816,12.9622926,0.010432883,-3.817948502,0.623672123,17.4375,450.564,0.263567696,-0.336081045,1.256044523,82.61,0.333333333,1,1,2,1,2,1,3,0,0,5,2,6,1,2,0,0,5,3.2034,0,0,0,0,0,0,0,3,1,0,0,0,1,0,1,0,0,0,0,0,0,0,0,0,1,0,0
1,1.574739695,212.2749176,50.26001358,2.270638943,1.087458611,8.905403137,8.589660645,-2.043113232,-5.647165298,1,-2.197243525,-2.324382472,-2.482228854,-1.714683678,-3.222841873,11.2780902,0.001898148,-0.418981481,0.546296158,9.733333333,246.097,0.230679125,-0.369802971,2.803904915,78.97,0.111111111,0,0,0,1,1,0,1,0,0,2,0,2,0,0,0,0,1,1.54557,0,0,0,0,0,0,0,0,2,1,0,0,0,0,0,2,0,0,0,0,0,0,0,0,0,0,0
1,1.530427933,157.8817596,32.31184769,-1.202614307,-2.615576506,3.820656061,7.75891304,-0.649034739,-6.504003525,1,-2.119262623,-2.106432172,-2.01489846,-1.635281654,-3.188837505,10.38429705,0.186898148,-1.305509259,0.44013917,11.69230769,190.155,0.32577065,-0.481229256,4.023176701,129.72,0.5,0,0,0,2,0,0,0,1,0,3,0,5,0,0,0,0,0,-1.0273,2,0,0,0,0,0,0,0,1,1,0,0,0,0,0,0,0,0,0,0,0,0,0,0,0,0,0
1,1.341024876,222.1657257,58.59283066,0.783773899,0.232108831,12.35692596,7.242779732,-2.430828094,-4.629214287,1,-2.518139955,-2.612432783,-2.698154519,-2.241034469,-3.384698195,5.848108466,0.15383521,0.15383521,0.853355507,10.23809524,290.323,0.221431636,-0.492704456,2.397562137,105.51,0.285714286,0,0,0,0,1,1,2,0,0,7,1,5,0,0,0,0,2,1.2576,0,0,2,0,0,0,0,2,0,2,0,0,2,0,0,0,0,0,0,0,0,0,0,0,0,0,0
1,1.346652389,224.4632263,66.96525574,2.936556816,2.544648409,7.13918066,6.09912014,-3.819975138,-5.542608738,0,-2.667665352,-2.877088399,-2.811476652,-2.225846938,-3.770495038,13.07536506,0.069424091,-3.360239588,0.526086334,14.75,456.572,0.269923957,-0.379883148,1.45125956,110.43,0.363636364,0,1,1,1,1,2,3,0,0,6,3,6,1,1,0,0,4,2.7171,0,0,0,0,1,0,0,3,3,0,0,0,3,0,1,0,0,0,0,0,0,0,0,0,1,0,0
1,1.528785944,179.9777222,67.10430908,0.487793684,-0.419880152,3.053148985,2.898378849,-3.333846331,-5.723054886,1,-2.518613519,-2.574882744,-2.446055168,-1.973927093,-3.684243044,12.62193771,0.098003827,-1.212907952,0.295292104,21.85714286,427.464,0.352217227,-0.476559974,1.782937268,156.44,0.4,0,2,2,2,0,1,1,2,0,10,3,7,1,1,0,0,3,-0.5392,1,0,1,0,0,0,0,3,1,1,0,0,1,0,1,0,0,1,0,0,0,0,0,1,0,0,0
1,1.248673797,170.0640411,52.00391006,3.023689985,2.247001886,8.576860428,7.326547146,-4.014895439,-6.041827202,1,-2.610538854,-2.811745701,-2.751991278,-2.393621391,-3.731444328,12.3276703,0.128147819,-0.616552875,0.428149658,19.925,552.724,0.270675877,-0.494504901,1.306972737,121.11,0.620689655,0,3,3,1,1,1,2,0,0,10,4,9,3,3,0,0,5,2.6972,0,0,0,0,0,0,0,5,2,1,0,0,4,0,0,0,0,0,0,0,0,0,0,0,0,0,0
1,1.355608225,131.6293945,33.42637253,3.770399094,3.503125906,11.34247208,7.136758327,-4.271560192,-4.583032608,0,-2.430525984,-2.474292794,-2.648780621,-1.842918827,-3.403492684,6.197967985,0.878347742,0.878347742,0.792809414,15.82352941,263.793,0.045052973,-0.294377523,1.74122514,3.24,0.285714286,0,1,1,0,1,1,2,0,0,2,2,2,0,0,0,0,3,3.9598,0,0,0,0,0,0,0,1,0,0,0,0,0,0,1,1,0,0,0,0,0,0,0,0,0,0,0
1,1.278059602,99.63485718,27.99412918,4.262517929,2.518507481,9.743988991,9.219198227,-5.630673885,-4.65117836,1,-2.447939011,-2.536146792,-2.761766769,-1.969954684,-3.494962899,12.0107309,0.664288496,-0.957848773,0.745499972,21.15384615,386.586,0.056450901,-0.339548776,1.65484467,23.55,0.428571429,0,2,2,0,2,0,2,2,0,4,2,4,1,1,0,2,4,4.9011,0,0,0,0,0,0,0,2,0,0,0,0,2,0,2,0,0,0,0,0,0,0,0,0,0,0,0
1,1.427477837,155.9837952,32.76948166,3.031578302,0.781847119,9.720727921,8.391209602,-4.00581646,-4.912235737,1,-2.428622943,-2.426520591,-2.695172993,-2.010559897,-3.35075394,6.010563272,0.166759259,-0.166759259,0.905010714,16.5625,259.136,0.157058323,-0.479707016,2.138754613,33.62,0.363636364,0,1,1,0,1,0,1,1,0,3,1,3,0,0,0,1,2,2.7624,0,0,0,0,0,0,0,1,1,0,0,1,0,0,0,2,0,0,0,0,0,0,0,0,0,0,0
1,1.486514926,145.1725616,14.07702255,-2.018170595,-2.964309931,9.443056107,8.815574646,0.205053806,-6.137276649,1,-2.101440286,-1.967752771,-2.050668897,-1.736481297,-3.022581343,9.17537037,0.19787037,-1.158888889,0.284553267,45.81818182,163.173,0.10855017,-0.394649055,2.516424271,92.95,1,0,1,1,0,0,0,0,4,0,5,1,1,1,1,0,0,1,-2.9668,0,4,0,0,0,0,0,0,1,0,0,0,0,0,0,0,0,0,0,0,0,0,0,0,0,0,0
1,1.25737524,129.9088287,28.70684433,2.587495804,0.706301451,9.21062088,9.019521713,-3.150695801,-4.785235405,1,-2.275237193,-2.586141754,-2.538963023,-2.088660439,-3.361996666,12.13697972,0.212123961,-0.212123961,0.755813246,10.65,299.802,0.254646585,-0.495841839,2.699369855,67.59,0.5,0,0,0,1,1,0,1,0,0,4,0,7,0,0,0,0,1,2.0024,0,0,1,0,0,0,0,1,1,1,0,0,1,0,0,1,0,0,0,0,0,0,0,0,0,0,0
1,1.29840064,147.0704956,44.86587143,2.782770157,2.386245966,9.767261505,8.675603867,-3.860745907,-5.419745922,1,-2.299042839,-2.399669952,-2.595521359,-2.049060324,-3.413602019,12.52164848,0.20096916,-0.20096916,0.384534491,14.27027027,492.583,0.266579721,-0.490058523,1.279377332,96.93,0.275862069,0,1,1,0,2,2,4,0,0,8,3,7,1,1,0,0,5,4.00788,0,0,0,0,0,0,0,6,0,0,0,0,0,0,0,0,0,0,0,0,0,0,0,0,0,0,0
1,1.522705078,162.8447113,27.50921249,3.188940525,2.082621336,9.432971954,8.419687271,-3.679098129,-4.922996521,1,-2.353770211,-2.410357233,-2.427685972,-1.981284979,-3.406137588,13.23743122,0.131760676,-4.929202964,0.759443255,20.34615385,378.316,0.432870392,-0.386756473,2.231131132,45.15,0.470588235,0,1,1,0,1,1,2,2,0,3,2,2,1,1,0,2,3,4.4479,0,1,0,0,0,0,0,1,1,0,0,0,0,0,1,6,0,0,0,0,0,0,0,0,0,0,0
1,1.363981485,112.1656342,19.92481613,-0.349586487,-2.620867014,3.739053249,5.522101879,-0.4690907,-6.680202961,1,-2.336025429,-2.197591762,-2.260392028,-1.844818969,-3.226834193,10.59643519,0.343518519,-1.053395062,0.491542713,12.2,163.198,0.32247,-0.479930444,3.499793429,66.4,0.6,0,0,0,1,0,0,0,1,0,3,0,3,0,0,0,1,0,-0.4945,1,0,0,0,0,0,0,0,1,0,0,0,0,0,0,0,0,0,0,0,0,0,0,0,0,0,0
1,1.327817321,72.4548645,-2.095066071,1.606724977,0.654281139,10.17645264,0.622012615,-1.85321188,-4.439191818,1,-2.611944256,-2.533954663,-2.499744916,-2.039535723,-3.416872988,11.62125378,0.093654573,-0.269722222,0.621507214,21.78571429,189.214,0.236467597,-0.285193482,2.302556154,37.38,0.272727273,0,1,1,2,1,0,1,1,0,2,1,1,1,1,0,1,2,1.1589,0,0,0,0,0,0,0,1,0,0,0,0,0,0,0,0,0,0,0,0,0,0,0,0,0,0,0
1,1.141106844,133.1518402,11.10692978,3.230540752,0.772132158,10.49907017,9.654417992,-2.766671896,-4.739221573,1,-2.737371835,-2.883542242,-2.749595552,-2.239397359,-3.689691105,11.473817,0.126317135,0.126317135,0.817331595,13.73684211,260.381,0.228393796,-0.325523295,1.99775046,32.34,0.5625,0,1,1,1,1,0,1,0,0,2,1,7,0,0,0,0,2,2.8457,0,0,0,0,0,0,0,1,1,0,0,0,1,0,1,0,0,0,0,0,0,0,0,0,0,0,0
1,1.205374241,170.105072,21.38251114,4.969876289,3.013445854,10.64692497,8.660006523,-5.474130154,-4.787258148,1,-2.418294712,-2.536325963,-2.643885429,-1.82144474,-3.480718386,6.271931173,0.815500651,0.815500651,0.817874432,13.72727273,314.86,0.045790887,-0.340948033,1.983635324,6.48,0.368421053,0,1,1,0,2,0,2,0,0,2,1,4,0,0,0,0,3,4.5284,0,0,0,0,0,0,0,2,0,0,0,0,2,0,2,1,0,0,0,0,0,0,0,0,0,0,0
1,1.18945086,81.55979919,-51.60118103,1.074808598,1.312918305,9.07841301,3.809907913,-2.224707127,-5.085186958,1,-2.284413275,-2.381926206,-2.431214755,-1.997594281,-3.133356384,10.56258929,0.101805556,-0.839256425,0.71798587,12.9375,232.28,0.404008609,-0.448982565,4.466411108,104.64,0.8,0,0,0,2,0,0,0,1,0,4,0,6,0,0,0,1,0,1.2294,0,0,0,0,0,0,0,0,0,2,0,0,0,0,0,0,0,0,0,0,0,0,0,0,0,0,0
1,1.583345532,183.40271,80.68339539,0.399086475,-0.536735773,3.063649416,2.933384895,-3.805090666,-6.231862545,1,-2.509317647,-2.585058287,-2.45016618,-1.984604178,-3.689215651,12.38951625,0.076379856,-1.237143871,0.231417506,22.53846154,395.422,0.352464785,-0.476552488,1.780593285,158.21,0.214285714,0,2,2,2,0,1,1,2,0,9,3,5,1,1,0,0,3,-0.1718,1,0,1,0,0,0,0,3,1,1,0,0,1,0,1,0,0,1,0,0,0,0,0,1,0,0,0
1,1.2775774,130.718277,23.22072983,2.934403181,2.343555927,9.127013206,7.255447865,-3.666836023,-4.516257763,1,-2.752648642,-2.646160661,-2.727434013,-2.255500782,-3.594097506,12.84037848,0.049759779,0.049759779,0.79936745,25.04347826,312.413,0.242284384,-0.331977324,1.567618876,40.62,0.578947368,1,2,3,2,1,0,1,1,0,2,2,1,1,2,0,1,4,2.5349,0,0,0,0,0,0,0,2,0,0,0,0,0,0,3,0,0,0,0,0,0,0,0,0,0,0,0
1,1.339830041,177.9316254,45.96936417,1.440541029,1.777280092,9.321990967,8.367321968,-3.625757694,-5.479273796,1,-2.333033014,-2.435885613,-2.605730746,-2.068419853,-3.446952959,13.39820467,0.002374874,-0.641358985,0.690288796,20.29032258,426.492,0.256555495,-0.385171513,1.23966727,84.39,0.52173913,0,2,2,0,1,2,3,1,0,7,4,4,1,1,0,1,5,3.08132,0,1,0,0,0,0,0,4,0,0,0,0,0,0,2,1,0,0,0,0,0,0,0,0,0,0,0
1,1.388952613,178.8129272,49.63945389,3.835620403,3.371918201,10.15427208,7.134722233,-4.208633423,-4.695993423,0,-2.343264031,-2.558860515,-2.659851269,-2.009675201,-3.735841064,13.46824402,0.036408571,-0.47475551,0.517854528,14.5483871,446.91,0.162432985,-0.492785963,1.507873957,68.74,0.363636364,0,1,1,0,2,1,3,0,0,7,2,8,1,1,0,0,4,4.2756,0,0,0,0,0,0,0,3,1,0,0,0,2,0,1,2,0,0,0,0,0,0,0,0,0,0,0
1,1.105205297,203.6651001,-55.62566376,-1.804754019,-2.610616446,3.940776348,9.399625778,0.220571041,-5.607268333,1,-2.326051563,-2.251416751,-2.302684512,-1.877436938,-3.230851144,9.929827098,0.118240741,-0.812685185,0.53867363,12.55555556,129.159,0.302912403,-0.481229517,3.264770519,63.32,0.5,0,0,0,0,0,0,0,1,0,2,0,4,0,0,0,1,0,0.3645,1,0,0,0,0,0,0,0,0,1,0,0,0,0,0,0,0,0,0,0,0,0,0,0,0,0,0
1,1.181338906,114.3910675,17.04118729,1.61928606,-0.550698996,3.417327881,7.361144543,-4.251229763,-5.960078239,1,-2.632622668,-2.545993123,-2.429021933,-2.076787822,-3.641839375,12.69834069,0.261796614,-0.986971937,0.635835416,18.74074074,376.453,0.325915494,-0.479712132,2.007036625,95.94,0.55,0,1,1,1,1,0,1,3,0,5,1,9,1,1,0,0,2,1.6046,1,0,0,0,0,0,0,1,1,0,0,0,0,0,0,0,0,0,0,0,0,0,0,0,0,0,0
1,1.522016168,199.731308,79.9944458,3.223796844,2.307415485,10.00279617,5.152186394,-2.998298645,-5.202372074,1,-2.378783594,-2.534203905,-2.522920909,-1.908428043,-3.603251971,10.35117203,0.072790979,-1.220633503,0.649308843,27.33333333,376.24,0.205833218,-0.393566854,2.152064832,99.77,0.533333333,0,1,1,0,1,1,2,4,0,7,2,4,1,1,0,0,3,1.7749,0,3,0,0,0,0,0,2,1,0,0,0,1,0,1,2,0,0,0,0,0,0,0,0,0,0,0
1,1.69880867,209.1752014,30.06056595,1.942209005,2.41940093,8.202719688,5.491129398,-4.611735344,-5.838928223,1,-2.518907537,-2.598440895,-2.623276062,-1.976285524,-3.552723983,12.54069598,0.006380858,-4.372636755,0.737898852,20.8,439.89,0.397356561,-0.366919593,2.386478702,109.57,0.454545455,0,1,1,0,1,0,1,1,0,6,1,4,0,0,0,1,2,1.655,0,0,0,0,0,0,0,1,1,1,0,0,1,0,1,4,0,0,0,0,0,0,0,1,2,0,0
1,1.121126294,167.6896667,10.99497604,4.779028893,2.525001764,11.39627838,8.812269211,-4.989452362,-4.541302204,1,-2.523439722,-2.576608288,-2.788636893,-2.102795853,-3.516255816,2.533564815,0.619640967,0.619640967,0.836647356,15.18181818,294.442,0.044305716,-0.340719669,1.985086617,6.48,0.4,0,1,1,0,2,0,2,1,0,2,1,4,0,0,0,1,3,4.121,0,0,0,0,0,0,0,2,0,0,0,0,2,0,2,0,0,0,0,0,0,0,0,0,0,0,0
1,1.188468575,175.4022522,-31.72589493,-0.718407869,-1.844196558,4.248396873,9.613093376,-0.908095837,-5.507614136,1,-2.500690385,-2.384060864,-2.482995342,-1.975509455,-3.410985235,10.57606434,0.079282407,-0.706157407,0.67372733,22.08333333,171.24,0.303455588,-0.481214571,2.532630281,63.32,0.888888889,1,0,1,0,0,0,0,0,0,2,0,3,0,1,0,0,1,1.3703,1,0,0,0,0,0,0,0,0,1,0,0,0,0,0,0,0,0,0,0,0,0,0,0,0,0,0
1,1.396597862,157.5437622,17.38234329,-0.771111965,-0.582741022,11.31793785,2.548453331,-0.08993578,-5.753822327,1,-2.529594845,-2.503377982,-2.552204514,-2.071278719,-3.244421939,10.74953704,0.303333333,-0.303333333,0.316578679,8.9,137.142,0.264782751,-0.290142928,2.852627929,68.01,0,0,0,0,1,0,1,1,0,0,3,1,1,0,0,0,0,1,-0.3149,0,0,1,0,0,0,0,1,1,1,0,0,0,0,0,0,0,0,0,0,0,0,0,0,0,0,0
1,1.177128911,157.5982361,10.23400116,4.545437813,2.937578678,11.33991241,8.3011446,-4.428947926,-4.858649731,1,-2.484593867,-2.498047246,-2.617701034,-1.955496042,-3.421549456,2.427401738,1.163289399,1.163289399,0.579164562,17.86363636,287.406,0.001599538,-0.305731265,1.963148082,3.24,0.238095238,1,1,2,0,2,0,2,0,0,1,1,0,1,1,0,0,4,4.6979,0,0,0,0,0,0,0,1,0,0,0,0,0,0,2,0,0,0,0,0,0,0,0,0,0,0,0
1,1.609472871,139.7321777,27.31332016,-1.69689703,-1.149059534,0.301915646,3.757881403,0.495130777,-6.422590256,1,-2.381905359,-2.294700019,-2.462418787,-1.937554807,-3.335861447,10.17337963,0.253858025,-3.904899691,0.392038739,37.375,138.059,0.356246891,-0.356452085,2.517285419,70.06,1,0,1,1,0,0,0,0,2,0,2,1,1,1,1,0,0,1,-0.0911,0,0,0,0,0,0,0,0,0,0,0,0,0,0,0,0,0,0,0,0,0,0,0,0,0,0,0
1,1.487411857,223.5429077,56.52569962,-0.058686256,0.335691094,7.002543449,1.866592884,-2.453979969,-5.133956909,1,-2.455578158,-2.540264518,-2.654558238,-2.20972923,-3.418204158,12.00416911,0.029976852,-3.721037061,0.804521673,11,280.309,0.263723422,-0.493514653,2.226099922,107.2,0.090909091,0,0,0,0,1,1,2,0,0,6,1,4,0,0,0,0,2,0.8682,0,0,1,0,0,0,0,2,1,1,0,0,2,0,0,0,0,0,0,0,0,0,0,0,1,0,0
1,1.252714634,77.83407593,-13.67424774,0.385997057,0.246856213,9.127594948,3.847787619,-1.226420045,-4.469891071,1,-2.541985467,-2.451122124,-2.516076468,-2.044351305,-3.324959027,11.00555556,0.125,-0.433449074,0.538721865,32.6,141.17,0.232494762,-0.295941069,2.800001509,46.17,0.714285714,0,1,1,2,0,0,0,1,0,2,1,1,1,1,0,1,1,0.4492,0,0,0,0,0,0,0,0,1,0,0,0,0,0,0,0,0,0,0,0,0,0,0,0,0,0,0
1,1.176029682,170.35289,-4.018405914,0.408727884,-1.310168266,9.270441055,8.92661953,-0.769491911,-5.300042152,1,-2.428956089,-2.459065864,-2.424629848,-2.070099119,-3.458113774,9.665957105,0.199741119,-1.152753212,0.464574054,38.2,219.281,0.108568111,-0.394640796,2.600455952,84.16,1,0,1,1,0,0,0,0,4,0,5,1,4,1,1,0,0,1,-1.4543,0,4,0,0,0,0,0,1,0,0,0,0,0,0,0,0,0,0,0,0,0,0,0,0,0,0,1
1,1.406575203,216.6572266,58.93098068,1.243971586,2.649230719,11.04176617,4.309574127,-2.478338242,-5.257035255,0,-2.522080936,-2.726806617,-2.860909382,-2.31843,-3.767633457,13.96966912,0.146300968,-0.670710638,0.614696507,15.9,406.421,0.253873153,-0.482110962,1.980103839,110.06,0.238095238,0,1,1,1,1,2,3,1,2,7,3,0,0,0,0,0,4,2.80068,0,0,1,0,0,0,0,5,0,1,0,0,1,0,5,1,0,0,0,0,0,0,0,0,0,0,0
1,1.403494477,240.7065125,69.57310486,2.375077248,1.632519722,7.309838772,7.190259457,-3.314396143,-4.972885132,1,-2.54657614,-2.718343051,-2.730139939,-2.258637016,-3.510915166,12.40053259,0.110717481,-0.110717481,0.726562179,14.35714286,383.408,0.289167651,-0.492842072,1.556191336,106.95,0.315789474,0,1,1,1,1,2,3,0,0,8,3,4,1,1,0,0,4,1.7846,0,0,1,0,0,0,0,4,0,1,0,0,2,0,1,0,0,0,0,0,0,0,0,0,0,0,0
1,1.210835338,73.21756744,15.01014328,4.713424683,2.543782473,10.82823372,9.41179657,-5.212108612,-4.489330292,1,-2.479875773,-2.588801154,-2.703070713,-1.976979273,-3.518422612,2.462962963,1.062268519,1.062268519,0.828858049,13.25,284.428,0.055235524,-0.33959376,1.907955758,6.48,0.294117647,0,1,1,0,2,0,2,0,0,3,1,4,0,0,0,0,3,4.241,0,0,0,0,0,0,0,2,0,0,0,0,2,0,2,0,0,0,0,0,0,0,0,0,0,0,0
1,1.283626676,165.5625916,38.46040726,1.82145834,-0.046769381,10.09886551,8.948641777,-2.410009623,-4.931615829,1,-2.668491621,-2.729762805,-2.777335826,-2.157346398,-3.612827546,11.01731819,0.017390033,-0.44097944,0.564965308,17.7,279.34,0.27649197,-0.391409253,2.184428439,87.43,0.571428571,0,1,1,0,1,0,1,1,0,5,1,5,0,0,0,1,2,1.8118,0,1,0,0,0,0,0,1,2,0,0,0,1,0,1,0,0,0,0,1,1,0,0,0,0,0,0
1,1.256142855,153.6850739,-0.455070496,1.269401789,0.712983608,9.441741943,9.081348419,-2.762726307,-5.680826187,1,-2.399880013,-2.569605128,-2.512624568,-1.972225935,-3.193317265,11.59141463,0.013241896,-0.359425318,0.3832201,9.947368421,264.325,0.242828618,-0.326098479,2.032661268,78.43,0.428571429,0,0,0,2,1,0,1,0,0,3,0,8,0,0,0,0,1,2.4711,0,0,0,0,0,0,0,0,2,0,1,0,1,0,0,0,0,0,0,0,0,0,0,0,0,0,3
1,1.134984016,115.9317017,-47.56203461,0.670341253,0.130067348,8.139568329,8.361966133,-1.037112474,-4.679785728,1,-2.255629585,-2.431999681,-2.435489826,-2.001064293,-3.313869066,10.30063366,0.156971844,-0.783785483,0.738296032,12.07142857,194.234,0.404044052,-0.44804887,2.338257927,78.34,0.3,0,0,0,1,1,0,1,1,0,3,0,4,0,0,0,0,1,0.6517,0,0,0,0,0,0,0,0,0,2,0,0,0,0,0,0,0,0,0,0,0,0,0,0,0,0,0
1,1.399986148,178.5566864,6.800022125,-1.800537109,-3.056240797,8.923146248,8.207842827,0.427876234,-6.099020958,1,-2.172807704,-2.052219813,-2.143329089,-1.814466699,-3.09783587,9.51162037,0.119012661,-1.23417328,0.332620396,40.07142857,207.226,0.108568138,-0.395044316,2.659759423,104.39,1,0,1,1,0,0,0,0,4,0,6,1,3,1,1,0,0,1,-3.2621,0,5,0,0,0,0,0,1,0,0,0,0,0,0,0,0,0,0,0,0,0,0,0,0,0,0,0
1,1.271259665,179.4430084,51.35583115,4.215877056,2.189498901,10.07960892,8.318719864,-4.112039566,-4.825031757,0,-2.432520585,-2.650961189,-2.681614081,-2.13372154,-3.540835953,12.73337858,0.180760311,-3.653506138,0.346333058,14.48648649,524.691,0.240616949,-0.492262121,1.393841481,108.48,0.407407407,0,1,1,0,2,1,3,0,0,8,2,10,1,1,0,0,4,4.82362,0,0,0,0,0,0,0,3,3,0,0,0,4,0,0,0,0,0,0,0,0,0,0,0,1,0,0
1,1.213372827,198.4497833,-6.724021912,1.841428041,0.313393116,8.546299934,8.090697289,-3.600343704,-5.759588242,1,-2.498354495,-2.528533555,-2.391235724,-2.074504289,-3.390563813,12.90135299,0.206522109,-0.427630385,0.589845389,13.56,340.443,0.317929931,-0.458970577,1.805153037,35.53,0.380952381,0,1,1,0,2,0,2,0,0,3,1,6,0,0,0,0,3,3.9538,0,0,0,0,0,0,0,1,0,0,0,0,0,0,2,0,0,0,0,0,0,0,1,0,0,0,0
1,1.388442993,156.1433258,51.1146965,2.191635847,1.585984349,8.547602654,1.406448364,-2.851339579,-4.810302258,1,-2.175452734,-2.210716542,-2.28802618,-1.792053026,-3.122783714,10.83202349,0.421388889,-0.84263322,0.621567648,12.625,236.296,0.338620719,-0.349691364,2.362960927,66.56,0.181818182,0,0,0,2,1,1,2,1,0,3,1,2,0,0,0,1,2,2.7322,0,0,0,0,0,0,0,1,0,1,2,0,0,0,1,0,0,0,0,0,0,0,0,0,0,0,0
1,1.25335443,172.4004822,32.46909714,2.605596542,1.139387727,9.97095871,8.781726837,-3.473586082,-5.465361118,1,-2.408293758,-2.311902097,-2.45752908,-1.833652624,-3.245734105,10.96945683,0.538594967,-0.538594967,0.228671598,11.30769231,349.434,0.266863338,-0.358397544,1.509955828,77.15,0.19047619,0,0,0,1,2,1,3,0,0,3,1,7,0,0,0,0,3,3.32722,0,0,0,0,1,0,0,0,3,0,1,0,0,0,1,0,0,0,0,0,0,0,0,0,0,0,0
1,1.225015998,111.3351898,1.507785797,0.624416113,0.6022228,11.94150734,9.769481659,-0.647454262,-5.801204681,1,-2.511547505,-2.447546955,-2.59080546,-1.967958895,-3.24231134,5.899861111,0.018703704,-0.317661565,0.511435785,29.2,213.281,0.185500131,-0.370151791,1.851177237,82.86,0.9,1,1,2,0,0,0,0,1,0,3,1,2,1,2,1,1,2,0.3356,0,0,0,0,0,0,0,1,0,2,0,0,0,0,0,0,0,0,0,0,0,0,0,0,0,0,0
1,1.139423609,181.7772522,-8.063777924,3.761222601,2.047302008,11.1547575,9.512895584,-4.377322674,-5.117628574,1,-2.24818273,-2.315278057,-2.524106484,-1.812356451,-3.176094123,3.255216522,0.505324074,0.505324074,0.810852141,13.65,263.384,0.010162571,-0.319751552,2.034207093,12.03,0.263157895,1,0,1,0,2,0,2,0,0,1,0,4,0,0,0,0,3,4.3019,0,0,0,0,0,0,0,0,1,0,0,0,0,0,2,0,0,0,0,0,0,0,0,0,0,0,0
1,1.473305464,194.1558685,63.80719376,0.430603504,-0.759752512,2.820673704,7.167469501,-1.805734158,-6.216998577,1,-2.642324171,-2.548599099,-2.479455425,-2.08543958,-3.667937177,12.32444586,0.011961084,-1.151184104,0.559703738,23.6,363.395,0.352114881,-0.507966625,1.706859008,132.96,0.3125,0,2,2,2,1,0,1,3,0,6,2,4,1,1,0,0,3,0.1505,1,0,0,0,0,1,0,1,1,1,0,0,0,0,1,0,0,1,0,0,0,0,0,1,0,0,0
1,1.405332804,205.7400055,65.65565491,1.550403595,1.224760532,8.451932907,6.14785099,-2.230884314,-5.210688591,1,-2.735279653,-2.881423675,-2.823710297,-2.150059728,-3.878982555,13.17335206,0.038582191,-0.886010314,0.479679628,21.45945946,548.069,0.314344552,-0.348582404,1.453316431,136.63,0.5,1,1,2,4,0,2,2,3,0,8,3,5,0,1,0,0,4,1.2896,0,0,0,0,0,0,0,4,3,0,0,0,1,0,1,1,0,0,0,0,0,0,0,0,0,0,0
1,1.771450281,275.287323,75.25386047,-0.086789131,0.867724061,9.366722107,8.422226906,-2.486990452,-6.189274788,1,-2.444070828,-2.478083598,-2.572581543,-1.976679986,-3.595862922,11.63365363,0.014269731,-4.069103836,0.654458269,18.23529412,297.745,0.243664562,-0.370401687,2.790493724,118.36,0.142857143,0,1,1,0,1,0,1,0,0,5,1,1,0,0,0,0,2,-0.3513,0,0,0,0,0,0,0,0,2,1,0,0,1,0,1,1,0,0,0,0,0,0,0,0,2,0,0
1,1.23659265,164.8971863,24.34727859,2.728700876,1.074307919,9.316016197,8.434950829,-2.415447712,-5.159549713,1,-2.268760929,-2.351705193,-2.419273506,-1.930898973,-3.199202983,11.24755244,0.017292658,-0.775115478,0.596838962,13.41666667,328.412,0.251965728,-0.507121532,1.847302299,95.58,0.315789474,0,0,0,1,2,0,2,2,0,4,0,8,0,0,0,2,2,2.1354,0,1,0,0,0,1,0,0,1,1,0,0,0,0,0,0,0,0,0,0,0,0,0,0,0,0,0
1,1.319246173,119.5935974,11.76957321,2.056400061,1.079769969,8.599498749,-0.360342026,-2.013358593,-4.53550148,1,-2.370339554,-2.40706805,-2.236250739,-1.923436001,-3.282803385,11.79000378,0.1725,-0.515138889,0.738012848,20.6,204.229,0.324567847,-0.321722297,2.271025752,49.41,0.272727273,0,1,1,3,1,0,1,1,0,2,1,2,1,1,0,1,2,1.2994,0,0,0,0,0,0,0,1,1,0,0,0,0,0,0,0,0,0,0,0,0,0,0,0,0,0,0
1,1.436184525,108.450592,-8.477451324,1.436993122,1.805716038,9.786933899,2.698338509,-2.10471797,-5.25378561,1,-2.159199459,-2.325688524,-2.389131341,-1.855877194,-3.076362088,10.24888534,0.008841648,-0.925423214,0.81605957,11.875,245.662,0.404083709,-0.490757865,2.281228397,81.78,0.3,0,0,0,1,1,0,1,1,0,4,0,5,0,0,0,1,1,1.175,0,1,0,0,0,0,0,0,0,1,0,0,0,0,0,1,0,0,0,0,0,0,0,0,0,0,0
1,1.37444973,119.3347702,41.75982285,3.974774599,2.226452351,10.32576847,8.020684242,-2.854843616,-5.189092159,1,-2.296734637,-2.362507724,-2.471539808,-1.923236541,-3.348926935,13.28025199,0.256719153,-0.753353287,0.688462401,22.62068966,405.441,0.126052218,-0.487379502,1.236525494,70.95,0.454545455,0,2,2,0,2,0,2,4,0,5,2,6,0,0,0,4,4,2.3636,0,2,0,0,0,0,0,0,1,0,0,0,0,0,2,2,0,0,0,0,0,0,0,0,0,0,0
1,1.151269317,156.7782745,3.260566711,2.35691762,1.386905432,9.48635006,7.11376667,-2.520005465,-5.014644623,1,-2.247472599,-2.38744453,-2.587735718,-1.864620442,-3.319338616,8.736095994,0.079513023,0.079513023,0.362289837,13.61111111,245.33,0.209663537,-0.352276144,2.844404106,73.1,0.461538462,0,0,0,0,0,1,1,1,0,3,1,2,0,0,0,1,1,2.16398,0,0,0,0,0,0,0,3,2,0,0,0,0,0,0,0,0,0,0,0,0,0,0,0,0,0,0
1,1.388877988,178.4717102,63.74561691,0.986220002,0.861245394,11.46833801,2.599473,-2.752089262,-4.99471283,1,-2.223228815,-2.359531925,-2.436304743,-1.885640976,-3.210326864,12.17476379,0.218955026,-3.483611111,0.791626674,11.29411765,248.307,0.206091805,-0.398727729,2.496128967,86.18,0,0,0,0,0,2,0,2,0,0,4,0,2,0,0,0,0,2,1.6838,0,0,2,0,0,0,0,0,0,2,0,0,2,0,0,0,0,0,0,0,0,0,0,0,0,1,0
1,1.301154852,135.0311432,50.16101456,2.32525444,0.997642517,9.576242447,9.215490341,-4.248209476,-5.867781162,1,-2.49726603,-2.6503459,-2.588154532,-2.171843377,-3.609643488,12.77788124,0.058468612,-0.5170918,0.54339321,22.63636364,444.535,0.253686145,-0.386781755,1.166134105,96.25,0.346153846,0,2,2,1,2,1,3,4,0,6,3,6,1,1,0,0,5,2.766,0,1,0,0,0,0,0,2,2,0,0,0,1,0,1,0,0,0,0,0,0,0,0,0,0,0,0
1,1.164347768,120.443985,36.0864296,3.10213232,0.805325627,10.73393726,8.437156677,-2.975967884,-4.928081036,1,-2.39898192,-2.565322475,-2.363754129,-2.102973879,-3.24997151,13.74546312,0.056241733,-0.280262214,0.604938442,22.24242424,451.615,0.323584923,-0.360880465,1.61450074,71.68,0.538461538,1,1,2,3,1,1,2,3,0,4,2,8,1,1,0,0,4,3.1939,0,0,0,0,1,0,0,3,2,0,0,0,0,0,2,0,0,0,0,0,0,0,0,0,0,0,0
1,1.433976889,199.440033,41.6493721,0.411396503,-0.642421007,2.553750277,7.156795979,-1.91993165,-5.891149521,1,-2.663936733,-2.586266863,-2.449281165,-1.924581666,-3.668303062,12.54094104,0.198041957,-1.285587485,0.443537091,22.07142857,405.432,0.352260958,-0.476559451,1.720220533,139.03,0.333333333,0,2,2,2,1,0,1,3,0,7,2,6,1,1,0,0,3,-0.0119,1,0,0,0,0,0,0,1,1,1,0,0,0,0,1,0,0,1,0,0,0,0,0,1,0,0,0
1,1.350865483,211.4236145,79.07272339,2.554057837,1.029999971,11.9672451,8.948671341,-3.370997667,-6.193175316,1,-2.417402812,-2.523522112,-2.538219687,-1.978048761,-3.457409896,13.88836312,0.214659161,-0.404381383,0.693922213,13.83333333,323.371,0.251595985,-0.354187835,1.912234443,56.92,0.210526316,0,1,1,1,2,1,3,0,0,2,2,3,0,0,0,0,4,2.9793,0,0,0,0,1,0,0,0,3,0,0,0,0,0,0,1,0,0,0,0,0,0,0,0,0,0,0
1,1.261537075,152.4927216,-31.67746353,-0.514205456,-2.245435953,6.210514545,0.589213371,0.584353924,-4.880835533,1,-2.422032898,-2.441322221,-2.456382223,-2.069624579,-3.116576742,11.11797052,0.369259259,-0.369259259,0.593415276,9.461538462,181.215,0.414420647,-0.403800175,2.69278516,33.42,0.333333333,0,0,0,1,0,1,1,0,0,2,1,1,0,0,0,0,1,0.5715,0,0,0,0,0,0,0,2,0,0,0,0,0,0,0,0,0,0,0,0,0,0,0,0,0,0,0
1,1.362942219,168.0358276,64.68164063,2.172631979,2.368480921,9.093304634,5.032629967,-4.165390491,-4.972560883,0,-2.748767963,-2.917745595,-2.906716347,-2.285647259,-3.715879564,12.6103189,0.209630325,-0.260220941,0.44655122,15,465.517,0.298571823,-0.381888104,1.506582318,118.51,0.192307692,0,1,1,2,1,3,4,1,0,7,4,4,1,1,0,0,5,3.3126,0,0,1,0,0,0,0,5,1,1,0,0,2,0,1,0,0,0,0,0,0,0,0,0,0,0,0
1,1.204710484,129.8316498,11.29974747,0.543794513,-2.387378931,3.683429956,6.84937048,-1.415795803,-5.035803795,1,-2.652057706,-2.555577638,-2.490008068,-2.123516123,-3.608525649,11.70490741,0.092685185,-0.900727513,0.681611095,23.57142857,217.29,0.325914586,-0.479712137,2.666969682,57.61,0.777777778,0,1,1,1,0,0,0,2,0,3,1,3,1,1,0,0,1,0.6279,1,0,0,0,0,0,0,1,0,0,0,0,0,0,0,0,0,0,0,0,0,0,0,0,0,0,0
1,1.340315104,168.5857544,45.70853043,2.588638544,0.39919889,6.293519974,7.004304886,-4.419009686,-5.274334908,1,-2.565646255,-2.65921431,-2.590456942,-2.18605357,-3.560725688,12.45011543,0.106099773,-4.05305154,0.770814476,11.16666667,348.428,0.328392299,-0.354303524,2.28834666,100.19,0.25,0,0,0,2,1,1,2,0,0,5,1,5,0,0,0,0,2,2.52992,0,0,0,0,0,0,0,1,3,0,0,0,2,0,0,0,0,0,0,0,0,0,0,0,1,0,0
1,1.245889664,122.0534744,32.28530502,2.488350391,3.050591946,11.44819641,7.285058498,-2.352464914,-4.492395401,1,-2.556807767,-2.62321391,-2.832806091,-2.046590486,-3.499587475,4.67909486,0.431574074,0.431574074,0.729279625,21.65,265.36,0.132146521,-0.346745603,1.901766125,19.37,0.352941176,0,2,2,0,1,1,2,1,0,3,3,0,1,1,0,1,4,2.4789,0,0,0,0,0,0,0,3,0,0,0,0,1,0,5,0,0,0,0,0,0,0,0,0,0,0,0
1,1.25122571,173.9522247,13.30321121,0.964472055,1.133633733,8.489189148,4.611993313,-1.989887714,-4.71578598,1,-2.531066988,-2.471303922,-2.444111998,-1.989806812,-3.357454103,11.98620748,0.214533966,-1.069930556,0.711644839,18.8125,218.256,0.241076878,-0.33746572,2.52439687,58.2,0.333333333,0,1,1,2,1,0,1,0,0,2,1,2,1,1,0,0,2,0.5379,0,0,0,0,0,0,0,0,2,0,0,0,0,0,0,0,0,0,0,0,0,0,0,0,0,0,0
1,1.109233975,131.812973,5.864833832,2.451430321,0.409000754,9.379288673,7.363265991,-1.787928939,-4.935303211,1,-2.472734725,-2.530782068,-2.441369524,-2.113286345,-3.225033453,11.95398762,0.061346031,-0.419485072,0.69122352,24.81818182,312.41,0.333319359,-0.462631902,2.98151004,90.65,0.75,1,0,1,1,0,0,0,3,0,5,0,7,0,0,0,0,1,1.2854,0,0,0,0,0,0,0,0,1,1,0,0,0,0,0,0,0,0,0,0,0,0,0,0,0,0,0
1,1.593882084,230.6158142,45.75007248,1.636590958,2.131039858,9.155143738,6.847941399,-4.536901951,-5.662462711,1,-2.490986501,-2.558647997,-2.574307671,-2.047208656,-3.483458529,13.27246584,0.164484245,-5.039635257,0.696164973,19.18518519,421.422,0.417299388,-0.367529223,2.108091332,118.36,0.2,0,1,1,0,2,0,2,1,0,5,1,3,0,0,0,1,3,1.6254,0,0,0,0,0,0,0,0,2,1,0,0,1,0,1,3,0,0,0,0,0,0,0,0,2,0,0
1,1.827394247,250.733902,52.13161087,0.45054853,0.873116255,8.961649895,7.635886669,-2.744795561,-5.961679459,1,-2.498223704,-2.561816339,-2.548343501,-2.037856382,-3.522095138,12.82847246,0.304214144,-4.992935563,0.669984156,18.2,331.297,0.417299387,-0.370431816,2.867738792,118.36,0.25,0,1,1,0,1,0,1,0,0,5,1,1,0,0,0,0,2,0.0141,0,0,0,0,0,0,0,0,2,1,0,0,1,0,1,3,0,0,0,0,0,0,0,0,2,0,0
1,1.209513664,183.9734192,27.1086235,4.3913064,2.757981062,10.30361366,8.866629601,-4.959413528,-5.558867931,1,-2.545252264,-2.482219801,-2.650948007,-2.087994373,-3.332141352,12.93693344,0.108782949,0.108782949,0.747461492,20.21428571,379.5,0.166202096,-0.492858791,1.33625487,38.77,0.458333333,1,1,2,0,2,0,2,1,0,4,1,6,1,1,0,1,4,4.3611,0,0,0,0,0,0,0,1,0,0,0,0,0,0,1,0,1,0,0,0,0,0,0,0,0,0,0
1,1.454463482,166.0111389,41.10148239,2.130310059,-2.043943644,2.861739159,4.550043106,-3.411765575,-6.103225708,1,-2.548649524,-2.356789434,-2.508548596,-1.816848161,-3.631198942,12.51094451,0.309209197,-1.437283373,0.50295113,27.23076923,378.406,0.327399385,-0.480398813,1.778325532,124.01,0.411764706,0,2,2,2,1,0,1,4,0,5,2,5,2,2,0,1,3,0.4865,2,0,0,0,0,0,0,1,1,0,0,0,0,0,1,0,0,1,0,0,0,0,0,1,0,0,0
1,1.256402612,131.952774,60.61528397,3.472367287,2.835798264,11.36530495,8.297997475,-3.648291826,-4.793545723,0,-2.606934967,-2.787998459,-2.593785222,-2.31320868,-3.504869098,12.22260268,0.298537501,-0.298537501,0.310534806,10.97297297,499.619,0.247322235,-0.494495222,1.706591889,87.55,0.25,0,0,0,1,2,2,4,0,0,8,2,10,0,0,0,0,4,4.5098,0,0,0,0,0,0,0,5,2,0,0,0,4,0,1,0,0,0,0,0,0,0,0,0,0,0,0
1,1.351034999,141.8926544,43.37698746,2.081384659,3.107643127,10.44991207,6.408843994,-3.467441797,-4.232290268,1,-2.544147098,-2.605226034,-2.694346972,-2.145765168,-3.472532842,5.640675863,0.277482521,0.277482521,0.751167671,10.75,213.244,0.153200166,-0.383625256,2.242151987,89.65,0,0,0,0,0,1,1,2,0,0,5,1,2,0,0,0,0,2,2.6614,0,0,2,0,0,0,0,3,0,2,0,0,2,0,0,0,0,0,0,0,0,0,0,0,0,0,0
1,1.317352057,193.6801147,38.13451767,2.323203564,2.318561077,11.65853214,1.027230263,-3.716945648,-4.487048149,1,-2.292025287,-2.302045514,-2.382161616,-1.948325947,-3.396409268,11.75297052,0.473518519,-0.473518519,0.74836345,12.55555556,236.274,0.323422196,-0.350883837,2.30525079,46.33,0,0,1,1,2,2,0,2,0,0,1,1,0,0,0,0,0,3,3.3872,0,0,0,0,0,0,0,1,0,1,0,0,2,0,2,0,0,0,0,0,0,0,0,0,0,0,0
1,1.752799988,228.7473907,73.52322388,-1.207865715,-1.10383296,8.539391518,6.081893921,-1.851726174,-6.095726967,1,-2.480816153,-2.620746864,-2.692988566,-2.237107769,-3.542429309,11.60049887,0.025532145,-0.97907124,0.362864348,21.94117647,241.251,0.277390036,-0.39063925,2.274469916,136.29,0.555555556,0,1,1,0,0,1,1,3,0,7,2,2,0,0,0,0,2,-1.7002,0,2,1,0,1,0,0,1,3,1,0,0,3,0,1,0,0,0,0,0,0,0,0,0,0,0,0
1,1.036574483,141.1597443,1.825450897,1.92738533,0.469830155,7.042216778,9.175984383,-0.970311642,-6.084048271,1,-2.386129435,-2.448066401,-2.438595896,-2.001544474,-3.273778449,11.87048548,0.069025416,-0.426135781,0.616227423,13.84210526,263.385,0.23663012,-0.351967737,2.307281838,81.14,0.533333333,0,0,0,1,1,0,1,2,0,3,0,8,0,0,0,0,1,1.1901,0,0,0,0,0,0,0,0,1,2,0,0,0,0,0,0,0,0,0,0,0,0,0,0,0,0,1
1,1.600299478,129.6548157,19.4737587,-0.849710941,-1.27444768,10.16456413,3.998531342,-0.324076891,-5.854873657,1,-1.922598494,-2.067831332,-1.909560148,-1.777818585,-2.954314131,13.72420257,0.070998913,-3.673582294,0.484601987,39.83333333,268.216,0.321140868,-0.393564365,2.154668355,102.26,0.888888889,0,2,2,2,0,0,0,4,0,5,2,2,2,2,0,0,2,-1.5665,0,3,0,0,0,0,0,1,1,0,0,0,0,0,0,2,0,0,0,0,0,0,0,0,0,0,0
1,1.468117356,245.9635315,67.22930908,2.161094189,2.952034473,9.274055481,7.387082577,-4.325147152,-5.365415573,1,-2.53673809,-2.652131833,-2.721548403,-2.106123231,-3.631813731,12.9775,0.020285494,-4.024667934,0.855302058,17.41666667,365.842,0.261613375,-0.364339174,2.167413797,92.5,0.1875,0,1,1,1,2,0,2,1,0,4,1,2,0,0,0,1,3,2.71412,0,0,0,0,0,0,0,1,1,1,0,0,2,0,1,1,0,0,0,0,0,0,0,0,1,0,0
1,1.457766771,288.9180298,73.13552856,-0.26977706,0.095016718,9.216861725,3.620637894,-2.065064907,-5.60398531,1,-2.734409291,-2.781370563,-2.773177743,-2.227616422,-3.669473281,12.28074169,0.197408352,-0.586111111,0.549434913,22.42105263,259.265,0.254766125,-0.398430342,1.897932074,92.5,0.307692308,0,2,2,3,1,0,1,1,0,4,2,1,1,1,0,1,3,0.0298,0,0,1,0,0,0,0,1,1,1,0,0,1,0,1,0,0,0,0,0,0,0,0,0,0,0,0
1,1.130951405,106.1201172,-38.3479538,0.617558599,-0.588532925,10.71736145,9.252438545,-0.565011263,-4.66104269,1,-2.207286126,-2.206693396,-2.304301236,-1.793289122,-3.14243427,9.472777778,0.210740741,-0.545185185,0.663711156,15.90909091,151.209,0.09376528,-0.386801522,2.767917781,46.25,0.333333333,0,0,0,0,1,0,1,2,0,2,0,2,0,0,0,2,1,1.0672,0,1,0,0,0,0,0,0,0,1,0,0,0,0,0,0,0,0,0,0,0,0,0,0,0,0,0
1,1.238075972,203.1086884,48.42806625,4.209825993,2.815533161,8.685109138,6.844181538,-5.479067802,-4.98868084,0,-2.695281515,-2.881843545,-2.809255674,-2.325749943,-3.709114605,13.74923756,0.159438726,-0.178756361,0.385542891,16.38095238,572.75,0.252895426,-0.381289561,1.463177242,86.9,0.470588235,0,2,2,1,2,1,3,0,0,6,3,9,2,2,0,0,5,4.73466,0,0,0,0,1,0,0,2,2,0,0,0,1,0,0,0,0,0,0,0,0,0,0,0,0,0,0
1,1.149442434,107.3106003,-11.46199036,4.36667347,1.796363473,10.67161274,9.254512787,-4.407946587,-4.987793922,1,-2.312119592,-2.301709814,-2.431806512,-1.933808055,-3.442016263,11.46490032,0.761435185,-0.890568665,0.864691566,16.39130435,309.453,0.114638823,-0.380397327,1.731281853,23.47,0.428571429,0,1,1,0,2,0,2,0,0,2,1,6,1,1,0,0,3,4.1886,0,1,0,0,0,0,0,1,0,0,0,0,0,0,0,0,0,0,0,0,0,0,0,0,0,0,0
1,1.121430635,104.7761993,-8.963939667,4.341740608,2.604823351,10.17825222,8.734788895,-5.149878502,-4.40680933,1,-2.498892249,-2.376394938,-2.604296364,-1.959417306,-3.417817563,11.61134708,0.43837089,-0.62586593,0.87471043,24.04545455,301.474,0.093624714,-0.384827825,1.726510308,23.47,0.7,1,1,2,0,1,0,1,1,0,2,1,5,1,2,0,1,3,4.3305,0,1,0,0,0,0,0,1,0,0,0,0,0,0,0,0,0,0,0,0,0,0,0,0,0,0,0
1,1.262217283,123.5307693,-0.218410492,-2.030143976,-0.108305931,4.273358345,7.76497364,0.031965017,-5.654126644,1,-2.304155297,-2.216887669,-2.290364234,-1.914393434,-3.221590429,10.21296296,0.236111111,-0.458333333,0.385892856,30.42857143,102.093,0.262423614,-0.317821621,2.478438739,64.35,0.666666667,0,1,1,1,0,0,0,1,0,3,1,0,1,1,0,0,1,-1.6249,0,0,0,0,0,0,0,0,1,1,1,0,0,0,0,0,0,0,0,0,0,0,0,0,0,0,0
1,1.439133048,196.9777679,61.06927109,0.68282342,-0.51436305,3.043487787,7.180133343,-2.117397308,-6.276917458,1,-2.642324171,-2.548599099,-2.479455425,-2.08543958,-3.667937177,12.50232547,0.04612775,-1.173776696,0.545075085,23.03703704,389.433,0.352464958,-0.507966625,1.737985225,132.96,0.277777778,0,2,2,2,1,0,1,3,0,6,2,5,1,1,0,0,3,0.7067,1,0,0,0,0,1,0,1,1,1,0,0,0,0,1,0,0,1,0,0,0,0,0,1,0,0,0
1,1.273156762,152.4258423,9.677577972,1.820451498,2.944033384,10.17831612,7.403566837,-4.190075874,-5.860010624,1,-2.218351656,-2.403639194,-2.350958939,-1.925928281,-2.983954285,13.05724176,0.272136083,-0.37958629,0.825045532,11.90909091,302.349,0.233779759,-0.488915218,1.85006967,64.35,0.235294118,0,0,0,1,2,0,2,1,0,3,0,7,0,0,0,0,2,2.3681,0,0,0,0,0,0,0,0,1,1,0,0,0,0,0,1,0,0,0,0,0,0,0,0,0,0,0
1,1.200879812,94.33581543,-43.9352417,0.689637303,1.262873292,8.870663643,3.136548042,-1.873251915,-4.746552944,1,-2.277416757,-2.37636299,-2.421884668,-1.992031065,-3.129796484,10.45591884,0.114537037,-0.836663832,0.69281601,10.8,218.253,0.404008434,-0.448993765,4.165604765,104.64,0.777777778,0,0,0,2,0,0,0,0,0,4,0,6,0,0,0,0,0,0.9834,0,0,0,0,0,0,0,0,0,2,0,0,0,0,0,0,0,0,0,0,0,0,0,0,0,0,0
1,1.315651298,165.3052979,40.51491928,2.218134403,2.108501196,8.926907539,8.417259216,-4.162451744,-5.066563129,1,-2.331446216,-2.536546105,-2.590102713,-2.144654629,-3.439217229,13.39145513,0.160541793,-0.302883313,0.657745219,18.06666667,410.493,0.256480374,-0.355890959,1.232849231,64.16,0.52173913,0,2,2,0,1,2,3,0,0,6,4,4,1,1,0,0,5,3.59042,0,0,0,0,0,0,0,4,0,0,0,0,0,0,2,1,0,0,0,0,0,0,0,0,0,0,0
1,1.372712016,184.8749237,40.63084793,1.623055458,-0.89338088,2.692261696,7.253866196,-2.233654022,-5.232908726,1,-2.801908775,-2.672224356,-2.629988066,-2.171965735,-3.868436159,12.50149628,0.284832294,-1.008609086,0.635663773,34.47826087,341.433,0.327399385,-0.479672802,1.709743604,112.73,0.8,1,2,3,2,0,0,0,3,0,5,2,3,2,3,0,0,3,0.2797,1,0,0,0,0,0,0,1,1,1,0,0,0,0,1,0,0,1,0,0,0,0,0,1,0,0,0
1,1.204893589,113.5309525,37.33340836,2.549380541,0.965273261,11.87307167,7.430296898,-2.245854616,-5.280583382,1,-2.507735968,-2.607879003,-2.794988606,-2.127608144,-3.449274886,5.546260747,0.361909486,0.361909486,0.837128936,12.36842105,259.353,0.121177707,-0.496662445,2.293928558,60.17,0.4,0,0,0,0,1,1,2,1,0,4,1,6,0,0,0,1,2,2.7827,0,0,0,0,0,0,0,1,1,1,0,0,1,0,1,0,0,0,0,0,0,0,0,0,0,0,0
1,1.32027185,173.5435486,56.86056137,1.432580233,0.859122157,10.84640503,3.91587925,-2.982169867,-6.524550915,1,-2.517731424,-2.585941243,-2.603524142,-2.147909317,-3.262264604,12.64214129,0.166710811,-0.332035147,0.832522008,14.72413793,399.443,0.220215693,-0.492703839,2.41412798,83.09,0.363636364,1,0,1,1,2,0,2,1,0,6,0,5,0,0,0,0,3,2.8716,0,0,0,0,0,0,0,0,1,0,0,0,0,0,3,0,0,0,0,0,0,0,0,0,0,0,0
1,1.567103028,255.7828827,82.71513367,0.884737968,0.770487666,8.582674026,5.770796299,-3.327565432,-5.705415249,1,-2.293279421,-2.271022813,-2.380110613,-1.828027701,-3.244438391,11.96310636,0.062538318,-4.058960157,0.756039544,20.59090909,338.772,0.253985368,-0.363115257,2.229556596,109.49,0.071428571,0,1,1,1,2,0,2,1,0,4,1,2,0,0,0,1,3,0.9242,0,1,0,0,0,0,0,0,1,1,0,0,0,0,1,1,0,0,0,0,0,0,0,0,1,0,0
1,1.131969213,199.7429047,-21.07652664,-1.891112566,-2.088171244,8.699995995,5.514050484,0.814070225,-4.709133148,1,-2.31949224,-2.372826458,-2.245078928,-2.008152557,-3.093249503,10.28862245,0.118055556,-0.702824074,0.600059465,14.18181818,161.225,0.404473487,-0.440684769,3.694259125,52.32,0.857142857,0,0,0,1,0,0,0,1,0,2,0,3,0,0,0,1,0,0.1764,0,0,0,0,0,0,0,1,0,1,0,0,0,0,0,0,0,0,0,0,0,0,1,0,0,0,0
1,1.24848783,132.7965698,22.20502853,1.997019172,0.792024374,11.01875305,8.944505692,-2.95966506,-4.877436161,1,-2.289184161,-2.46846279,-2.432373345,-1.990377765,-3.240121292,12.53365471,0.230960577,-0.230960577,0.67474303,10.5,388.464,0.251326501,-0.492688848,1.980099996,69.26,0.380952381,0,0,0,1,2,0,2,0,0,6,0,10,0,0,0,0,2,2.5828,0,0,0,0,0,0,0,1,1,0,0,0,0,0,0,0,0,0,0,0,0,0,0,0,0,0,0
1,1.131597996,93.04441833,-4.410022736,4.083589554,2.077476025,10.04002857,8.859073639,-4.901510239,-4.368517876,1,-2.487222408,-2.35740493,-2.599338718,-1.948838678,-3.442666134,11.54103458,0.440975057,-0.620763889,0.886395835,24.04761905,287.447,0.093624714,-0.384827825,1.753007807,23.47,0.684210526,1,1,2,0,1,0,1,1,0,2,1,5,1,2,0,1,3,3.9404,0,1,0,0,0,0,0,1,0,0,0,0,0,0,0,0,0,0,0,0,0,0,0,0,0,0,0
1,1.312892795,196.7880707,2.452636719,0.771191716,0.597023368,9.993055344,2.519210339,-1.690037727,-4.556435108,1,-2.153083146,-2.249401377,-2.158239395,-1.807184612,-3.133931216,11.01092971,0.170416667,-0.818582294,0.688599544,9.230769231,178.191,0.318326205,-0.351301299,2.504454987,72.19,0.111111111,0,0,0,3,1,0,1,0,0,2,0,2,0,0,0,0,1,0.424,0,0,0,0,0,0,0,0,1,1,0,0,0,0,0,0,0,0,0,0,0,0,0,0,0,0,0
1,1.300942659,171.9028625,58.95109177,3.861175776,2.855417967,8.746320724,7.951325417,-5.03926754,-5.644530296,0,-2.378958579,-2.35734241,-2.678574802,-2.058214185,-3.43438347,9.459849106,0.019604918,-0.019604918,0.619467159,15.23333333,404.47,0.257790787,-0.489627375,1.633091558,104.2,0.347826087,1,0,1,0,2,1,3,1,0,7,1,7,0,0,0,0,4,3.63168,0,1,0,0,0,0,0,3,1,0,0,0,0,0,1,0,0,0,0,0,0,0,0,0,0,0,0
1,1.266011953,143.9813995,66.9940033,3.753792763,2.51009798,11.49147987,8.400539398,-4.809100151,-5.113891602,0,-2.404217039,-2.600982453,-2.696923729,-2.125010185,-3.432145926,5.510488443,0.399264652,0.399264652,0.413156181,11.21212121,446.555,0.124135392,-0.496543799,1.756645612,77.33,0.32,0,0,0,0,2,2,4,0,0,8,2,9,0,0,0,0,4,4.1836,0,0,0,0,0,0,0,5,1,0,0,0,2,0,1,0,0,0,0,0,0,0,0,0,0,0,0
1,1.223692775,157.9370117,36.53356552,1.771288633,-0.331880808,11.29250145,9.148290634,-1.963852406,-4.878213406,1,-2.587923656,-2.755818007,-2.729315396,-2.333352129,-3.570928194,11.07486261,0.082515721,-0.310745814,0.883130505,18.23809524,287.363,0.407050615,-0.447355397,1.77395493,57.36,0.4375,0,1,1,1,1,1,2,1,0,3,2,5,1,1,0,0,3,1.9229,0,0,0,0,1,0,0,1,2,0,0,0,0,0,1,0,0,0,1,0,0,0,0,0,0,0,0
1,1.328195572,233.411438,46.87717056,2.159943342,1.72175312,10.7374897,6.638674736,-2.818470001,-5.499566555,1,-2.641524741,-2.703421552,-2.682092785,-2.251859969,-3.623361335,12.95619992,0.111527778,0.111527778,0.788847667,14.63636364,294.358,0.256186539,-0.348430439,1.767961253,53.92,0.294117647,0,1,1,1,1,2,3,0,0,3,3,2,0,0,0,0,4,2.40832,0,0,0,0,1,0,0,3,1,0,0,0,0,0,3,0,0,0,0,0,0,0,0,0,0,0,0
1,1.706118584,158.3997803,55.40275192,2.871350288,3.405188084,10.63205147,6.02336216,-3.288764477,-5.150702477,1,-2.458755586,-2.53780182,-2.586410736,-2.094936745,-3.330483724,11.88749402,0.265138889,-4.676677178,0.824828606,11.93333333,234.202,0.572597123,-0.405743333,2.38010793,48.14,0.125,0,0,0,0,1,1,2,0,0,4,1,1,0,0,0,0,2,2.7771,0,0,1,0,0,0,0,1,0,1,0,0,1,0,1,3,0,0,0,0,0,0,0,0,0,0,0
1,1.962807059,237.6087646,70.52937317,-0.592730045,-0.25495553,9.958525658,3.035912514,-1.504841089,-5.961851597,1,-2.227213962,-2.349905472,-2.330713855,-1.993887158,-3.3003807,13.22259795,0.03225907,-1.315924981,0.471833647,30.2,285.235,0.312177239,-0.393566854,2.070664128,139.54,0.5,0,1,1,0,0,2,2,4,0,9,3,2,1,1,0,0,3,-1.8409,0,3,1,0,0,0,0,4,0,1,0,0,1,0,1,1,0,0,0,0,0,0,0,0,0,0,0
1,1.393253922,247.589386,72.0774231,2.201651335,3.312004089,11.4012928,5.467974663,-3.913801908,-5.111160278,0,-2.516943694,-2.720147316,-2.739368021,-2.168798319,-3.7245197,11.77982572,0.059934966,-3.82197733,0.492150103,11.64516129,437.529,0.237887166,-0.329236247,1.627309736,119.03,0.19047619,0,0,0,0,2,2,4,0,0,8,2,5,0,0,0,0,4,3.13904,0,0,0,0,0,0,0,5,1,1,0,0,4,0,1,0,0,0,0,0,0,0,0,0,1,0,0
1,1.124503851,196.1902161,-10.18130493,2.090770721,0.85436523,7.557652473,5.150667191,-3.780447483,-5.920128345,1,-2.524901059,-2.429026811,-2.545659095,-2.000185457,-3.401922,11.74294785,0.405626417,-0.684362245,0.863348039,25.86956522,317.497,0.105031648,-0.383527112,1.779776364,23.47,0.7,1,1,2,0,1,0,1,1,0,2,1,4,1,2,0,1,3,2.8465,0,1,0,0,0,0,0,2,0,0,0,0,0,0,0,0,0,0,0,0,0,0,1,0,0,0,0
1,1.285359502,160.2370453,31.85544205,1.872745275,-0.378625154,7.416426182,6.779565334,-1.514302015,-5.839666367,1,-2.446827726,-2.464929777,-2.265850609,-2.020863605,-3.515549765,12.51221018,0.057581255,-0.593459231,0.512333158,37.7826087,318.393,0.315555895,-0.461341799,1.439573712,59.06,0.611111111,0,3,3,0,1,0,1,6,2,4,3,4,3,3,0,0,4,1.0627,0,1,0,0,0,0,0,1,0,0,0,0,0,0,5,0,0,0,0,0,0,0,1,0,0,0,0
1,1.815526366,267.2003784,84.45227051,0.638137221,0.440281868,9.26011467,6.952691078,-3.702618837,-5.801877022,1,-2.435395831,-2.499242823,-2.630250273,-2.003377755,-3.565708384,12.03123079,0.080972222,-4.151088064,0.656446502,21.35,380.662,0.243984159,-0.365578565,2.674326652,118.36,0.25,0,1,1,0,1,0,1,1,0,5,1,2,0,0,0,1,2,0.821,0,0,0,0,0,0,0,0,2,1,0,0,1,0,1,3,0,0,0,0,0,0,0,0,2,0,0
1,1.288015962,195.640564,67.71707153,1.509043932,1.502689242,10.46248627,7.796608925,-3.306272507,-5.662344456,1,-2.794581336,-2.980803503,-2.940098079,-2.371391377,-3.760486017,12.8533494,0.005020979,-0.005020979,0.638012176,17.125,434.548,0.269550666,-0.367740192,1.433048267,91.21,0.47826087,1,1,2,1,0,3,3,0,0,8,4,5,1,2,0,0,5,2.7964,0,0,0,0,0,0,0,6,2,0,0,0,3,0,1,0,0,0,0,0,0,0,0,0,0,0,0
1,1.366944194,205.6661835,37.90904617,3.33308363,3.580265999,9.985203743,7.917672157,-4.780260563,-4.868455887,0,-2.534126569,-2.641288704,-2.760739795,-2.093326486,-3.617889712,11.06885459,0.397677338,-0.532742984,0.832712414,10.55555556,265.338,0.413189963,-0.452571857,2.193990274,67.01,0.333333333,0,0,0,1,1,1,2,0,0,4,1,4,0,0,0,0,2,3.2433,0,0,0,0,1,0,0,1,2,0,0,0,1,0,1,0,0,0,0,0,0,0,0,1,0,0,0
1,1.456311345,199.1773682,56.49442673,1.248131037,-1.174183369,2.710593939,7.178793907,-1.914552093,-6.050498962,1,-2.603319906,-2.500363814,-2.460703523,-2.069526925,-3.634850555,12.3475389,0.060620504,-1.056554474,0.553031528,28.04,365.411,0.327399385,-0.507966625,1.704346484,132.96,0.4375,0,2,2,2,1,0,1,4,0,6,2,4,2,2,0,0,3,0.0237,1,0,0,0,0,1,0,1,1,1,0,0,0,0,1,0,0,1,0,0,0,0,0,1,0,0,0
1,1.222114086,142.8845673,13.44851303,0.89743185,0.766684055,10.17236137,3.973189116,-1.40559876,-4.53885603,1,-2.384861913,-2.442319255,-2.432658926,-1.956229104,-3.303970934,11.83614182,0.152979182,-0.656284958,0.770192058,11.66666667,250.298,0.244753661,-0.381996662,2.481951907,67.43,0.384615385,0,0,0,2,1,0,1,1,0,3,0,6,0,0,0,0,1,0.4539,0,0,0,0,0,0,0,0,2,0,0,0,0,0,0,0,0,0,0,0,0,0,0,0,0,0,0
1,1.73451972,180.2477417,34.82449722,-0.563891888,0.237635374,7.701154709,1.595778942,-1.033926845,-5.879118919,1,-2.060615893,-2.143206105,-2.131675689,-1.700476778,-3.081550872,12.60131771,0.172148526,-4.920006299,0.662291974,26.95,296.201,0.42262951,-0.393568836,2.434771466,104.55,0.6,0,1,1,0,0,1,1,3,0,6,2,2,1,1,0,0,2,-0.8039,0,2,0,0,1,0,0,1,1,0,0,0,0,0,0,3,0,0,0,0,0,0,0,0,0,0,0
1,1.394916773,193.9335632,63.31089401,3.349606752,3.232900381,6.821702003,6.133231163,-3.490625381,-5.137589931,0,-2.547667448,-2.768693398,-2.748252443,-2.014886903,-3.645683489,12.6930818,0.173117974,-0.266613609,0.465717306,14.36363636,488.017,0.266999546,-0.395044548,1.431592913,106.51,0.363636364,0,1,1,1,1,2,3,0,0,9,3,7,1,1,0,0,4,3.31354,0,1,0,0,0,0,0,5,2,0,0,0,4,0,0,1,0,0,0,0,0,0,0,0,0,0,0
1,1.128209472,101.8203201,-3.040283203,4.159766674,2.187459707,10.11582947,8.781728745,-5.016742229,-4.422564983,1,-2.501254769,-2.371437291,-2.599338718,-1.962871039,-3.442666134,11.48634708,0.448787557,-0.61586593,0.886395835,24.04761905,287.447,0.093624714,-0.384827825,1.719398462,23.47,0.684210526,1,1,2,0,1,0,1,1,0,2,1,5,1,2,0,1,3,3.9404,0,1,0,0,0,0,0,1,0,0,0,0,0,0,0,0,0,0,0,0,0,0,0,0,0,0,0
1,1.20229125,124.0981522,22.88162613,1.666559577,0.070588827,10.55795002,9.453813553,-2.480743408,-4.750472546,1,-2.491715851,-2.57307584,-2.530480255,-2.132001468,-3.263500986,11.8220727,0.084861612,-0.670239188,0.571013743,12.08333333,336.432,0.223858453,-0.490079574,2.7300915,87.66,0.555555556,0,0,0,1,1,0,1,1,0,5,0,10,0,0,0,1,1,2.3655,0,1,0,0,0,0,0,0,2,0,0,0,1,0,0,0,1,0,0,0,0,0,0,0,0,0,0
1,1.272721767,135.8195496,20.06154251,3.244016647,1.273970962,10.60500145,9.419066429,-4.667265892,-5.04567194,1,-2.521740957,-2.555582249,-2.539881768,-2.062235317,-3.659240992,12.54057788,0.132578342,-3.248905717,0.705059223,18.33333333,382.529,0.178202255,-0.360888766,1.518778619,53.17,0.363636364,0,1,1,0,2,1,3,1,0,3,2,6,1,1,0,0,4,3.821,0,0,0,0,1,0,0,1,1,0,0,0,0,0,1,0,0,0,0,0,0,0,0,0,0,1,0
1,1.222343683,130.6080933,17.24901199,1.732907057,1.753067017,9.297399521,7.999557018,-3.240591049,-5.013469696,1,-2.669864332,-2.720516555,-2.721174199,-2.246023511,-3.632135342,12.48346217,0.010271401,-0.593711207,0.639855056,16,427.545,0.238068067,-0.49287001,1.384048699,74.27,0.458333333,0,1,1,1,2,0,2,1,0,6,1,9,1,1,0,1,3,2.30804,0,1,0,0,0,0,0,2,1,0,0,0,1,0,0,0,0,0,0,0,0,0,0,0,0,0,0
1,1.444658637,203.2614441,50.25953293,-0.006090641,-0.774256706,6.583296776,2.723848343,-2.802292347,-5.424525261,1,-2.623172745,-2.834474033,-2.772309819,-2.22105372,-3.786079567,12.07787565,0.017106481,-3.782628142,0.804881137,11.25,294.336,0.349010491,-0.398727717,2.306747468,107.08,0.166666667,0,0,0,0,1,1,2,0,0,6,1,4,0,0,0,0,2,0.6462,0,0,1,0,0,0,0,2,1,1,0,0,2,0,0,0,0,0,0,0,0,0,0,0,1,0,0
1,1.321772218,114.8924255,39.70425797,-0.236832142,-0.667763948,11.20611,7.768455029,-0.744338989,-5.435122013,1,-2.268364696,-2.326099552,-2.38778023,-1.936135221,-3.036310198,11.02198389,0.069008881,-0.88375,0.65403682,11.77777778,254.286,0.233338859,-0.496751427,2.815288501,93.81,0.416666667,0,0,0,1,1,0,1,1,0,5,0,6,0,0,0,1,1,-0.1879,0,1,0,0,0,0,0,0,1,1,0,0,0,0,0,0,0,0,0,0,0,0,0,0,0,0,0
1,1.224109888,175.852829,36.63263321,3.140829802,1.540831804,10.09105396,9.306742668,-4.787877083,-4.815896988,1,-2.350268044,-2.380557512,-2.463264264,-1.9503062,-3.500531241,13.36732021,0.249777436,-0.562471183,0.838866757,19.29166667,324.399,0.12273125,-0.36083985,2.018403095,36.26,0.35,0,1,1,0,2,0,2,1,0,3,1,5,0,0,0,1,3,3.81298,0,0,0,0,0,0,0,2,0,0,0,0,0,0,1,1,0,0,0,0,0,0,0,0,0,0,0
1,1.551378131,238.7975159,75.46591187,0.360045075,0.713184953,8.929063797,7.774073124,-2.917336941,-6.464672089,1,-2.513346865,-2.632768862,-2.701318807,-2.091088754,-3.635248303,11.81545918,0.006200869,-3.949210063,0.751957677,18.83333333,289.744,0.254514477,-0.364598152,2.575947884,101.29,0.3,0,1,1,1,1,0,1,1,0,4,1,2,0,0,0,1,2,0.8788,0,0,0,0,0,0,0,0,2,1,0,0,1,0,1,1,0,0,0,0,0,0,0,0,1,0,0
1,1.815372467,108.3192062,7.796367645,0.493800879,-0.31093049,6.608490467,5.820509911,-1.884667039,-6.246230602,1,-2.383335892,-2.432055822,-2.398924643,-2.062472278,-3.336074156,11.58532116,0.170801393,0.170801393,0.711434514,16.375,356.058,0.223030454,-0.339123864,2.331080356,40.62,0.8,0,1,1,2,0,0,0,0,0,2,1,4,1,1,0,0,1,1.2272,0,0,0,0,0,0,0,2,0,0,0,0,0,0,0,2,0,0,0,0,0,0,0,0,0,0,0
1,1.531929493,166.371048,53.53329086,0.933820128,-0.01389432,2.304274082,6.957997322,-1.848084688,-5.857639313,1,-2.59625953,-2.495912832,-2.417558127,-1.923183743,-3.607847195,12.27595504,0.113762477,-1.259802337,0.672381194,24.08333333,367.814,0.353398596,-0.476529199,1.714484635,112.73,0.266666667,0,2,2,2,1,0,1,3,0,5,2,4,1,1,0,0,3,0.6213,1,0,0,0,0,0,0,1,1,1,0,0,0,0,1,1,0,1,0,0,0,0,0,1,0,0,0
1,1.447986245,135.4750977,52.08555984,0.852166414,0.119533539,2.588562965,7.138058662,-1.567265153,-7.000575542,1,-2.625676689,-2.527686985,-2.451596644,-1.962670471,-3.61231527,12.2852143,0.150799515,-1.246469004,0.692865855,24.08333333,349.774,0.35333823,-0.476529906,1.714484635,112.73,0.3125,0,2,2,2,1,0,1,3,0,4,2,4,1,1,0,0,3,0.7108,1,0,0,0,0,0,0,1,1,1,0,0,0,0,1,1,0,1,0,0,0,0,0,0,0,0,0
1,1.36553669,233.3172302,62.05111313,1.326757669,0.987443089,7.357151031,7.221861362,-2.857452154,-4.886251926,1,-2.66577695,-2.747783389,-2.755008502,-2.328434195,-3.517895521,12.50881962,0.090671408,-0.276334653,0.830622666,19.85714286,387.44,0.251321571,-0.492842072,1.52231749,103.04,0.526315789,0,2,2,1,1,1,2,1,0,8,3,4,2,2,0,1,4,1.0568,0,0,1,0,0,0,0,4,0,1,0,0,2,0,1,0,0,0,0,0,0,0,0,0,0,0,0
1,1.342219949,135.6228027,42.28207016,1.550110698,0.245746374,6.249374866,8.145712852,-2.285741329,-5.746710777,1,-2.66082462,-2.874898831,-2.872897989,-2.20592477,-3.827354646,12.72365906,0.021069381,-0.394085412,0.872610283,17.32,339.399,0.332113125,-0.356166319,2.111343996,97.05,0.388888889,0,1,1,0,1,1,2,1,0,7,2,3,1,1,0,0,3,0.39448,0,0,0,0,0,0,0,4,0,1,0,0,1,0,0,0,0,0,0,0,0,0,0,0,0,0,0
1,1.528330207,208.2651215,61.44995499,0.222310185,-1.129033327,5.133559704,2.513307095,-2.52307868,-5.706308842,1,-2.46386844,-2.582579075,-2.733881758,-2.080382091,-3.564296024,11.90909864,0.138475057,-3.614398148,0.817330737,11.35294118,270.339,0.263206343,-0.398727717,2.276726284,97.97,0.111111111,0,0,0,0,1,1,2,0,0,6,1,3,0,0,0,0,2,1.22952,0,0,1,0,0,0,0,2,1,1,0,0,2,0,0,0,0,0,0,0,0,0,0,0,1,0,0
1,1.224411607,144.7359619,37.45728683,1.691644311,2.839753866,13.03447819,8.616189003,-1.557149291,-5.156635761,1,-2.603198526,-2.689583405,-2.911508539,-2.148433816,-3.560147398,5.690909313,0.641018519,0.641018519,0.797872685,20.78571429,211.334,0.179980179,-0.375102201,1.982942537,50.94,0.7,1,0,1,0,0,1,1,1,0,4,1,3,0,0,0,0,2,1.5822,0,0,1,0,0,0,0,1,1,1,0,0,1,0,1,0,0,0,0,0,0,0,0,0,0,0,0
1,1.471094966,100.4117584,30.75854111,-0.354470968,0.0771842,10.10050583,1.89759922,-1.373033881,-5.159018517,1,-2.447564456,-2.487935541,-2.466229076,-2.004694217,-3.407872747,11.70027416,0.264560658,-0.670648148,0.445400429,26.10526316,267.245,0.329958489,-0.393665572,2.341856937,133.08,0.6,0,1,1,0,0,1,1,3,0,6,2,3,1,1,0,0,2,-0.19628,0,1,0,0,1,0,0,4,1,0,0,0,0,1,0,0,0,0,0,0,0,0,0,0,0,0,0
1,1.417849898,176.7307587,69.35353088,3.269454241,2.361240387,11.51594734,8.950486183,-4.92754221,-5.039538383,0,-2.377367904,-2.5985893,-2.723328095,-2.055563008,-3.660609691,13.88247659,0.068580248,-0.627303668,0.533055459,15.86666667,450.345,0.165691689,-0.482024591,1.583535194,77.99,0.333333333,0,1,1,0,1,2,3,1,0,6,3,5,1,1,0,0,4,5.0377,0,0,1,0,0,0,0,3,1,1,0,0,1,0,0,3,0,0,0,0,0,0,0,0,0,0,0
1,1.534510374,268.9038086,75.2414856,0.278999329,0.909852505,9.252855301,1.62488699,-2.702223539,-5.391477108,1,-2.659907165,-2.645154093,-2.664384728,-2.173040288,-3.546005004,12.31449169,0.096521873,-0.958796296,0.537539172,22,273.248,0.263896794,-0.398059743,1.999964759,109.57,0.230769231,0,2,2,4,1,0,1,1,0,5,2,1,1,1,0,1,3,-0.33,0,0,1,0,0,0,0,1,1,1,0,0,1,0,1,0,0,0,0,0,0,0,0,0,0,0,0
1,1.228523254,111.3069458,6.762588501,3.853374481,3.592390537,10.86751747,8.634737015,-4.838562012,-4.839138508,0,-2.477664967,-2.589536529,-2.725479081,-1.928466308,-3.525168687,3.420509711,1.071984549,1.071984549,0.925960222,15.23809524,298.455,0.050843456,-0.368071347,1.876311806,15.27,0.333333333,0,1,1,0,2,0,2,0,0,3,1,3,1,1,0,0,3,3.86424,0,0,0,0,0,0,0,1,1,0,0,0,1,0,0,0,0,0,0,0,0,0,0,0,0,0,0
1,1.441058397,203.1950989,45.51118088,0.484053254,-0.202619553,7.80935955,2.749978542,-2.634413719,-4.75409317,1,-2.516516354,-2.629985855,-2.703750961,-2.148770462,-3.551544807,11.92095049,0.150326909,-3.598148148,0.806425949,11.05882353,249.295,0.262547459,-0.398727717,2.285509074,85.08,0,0,0,0,0,1,1,2,0,0,4,1,3,0,0,0,0,2,1.4646,0,0,1,0,0,0,0,1,1,1,0,0,2,0,0,0,0,0,0,0,0,0,0,0,1,0,0
1,1.390424252,218.6419983,50.38562393,0.349521041,-0.261673689,6.808115959,2.125236988,-2.520714283,-5.54266119,1,-2.581348819,-2.66155047,-2.786517337,-2.199332582,-3.671411005,12.10355064,0.064189815,-3.694166667,0.828526701,11.26315789,278.337,0.263723645,-0.398727717,2.330509006,97.97,0.166666667,0,0,0,0,1,1,2,0,0,5,1,3,0,0,0,0,2,1.47644,0,0,1,0,0,0,0,2,1,1,0,0,2,0,0,0,0,0,0,0,0,0,0,0,1,0,0
1,1.335547209,132.8087311,34.41524887,3.112885952,1.707139254,11.03757572,7.100766182,-4.614989758,-4.834116936,1,-2.384693494,-2.607983179,-2.601514896,-2.068393908,-3.37262059,12.82469712,0.261678621,-0.540535771,0.737775153,10.09090909,303.337,0.411173408,-0.449606767,1.965180296,76.38,0.1875,0,0,0,1,2,0,2,0,0,4,0,5,0,0,0,0,2,3.5884,0,0,1,0,0,0,0,0,2,1,0,0,3,0,0,1,0,0,0,0,0,0,0,0,0,0,0
1,1.155540109,99.27062988,16.975811,2.618421793,-0.386953115,10.02354336,9.600730896,-4.305484772,-5.417471886,1,-2.645280178,-2.568886022,-2.597678887,-2.131497817,-3.53622037,12.73829082,0.356609033,-0.926041667,0.802071198,14.04,339.483,0.233716328,-0.368554917,2.502189299,59.22,0.428571429,0,0,0,1,1,1,2,1,0,3,1,8,0,0,0,1,2,3.3619,0,0,0,0,0,0,0,2,0,1,0,0,0,0,0,0,0,0,0,0,0,0,0,0,0,0,0
1,1.288828373,161.0792084,23.85336685,0.12364769,-1.044523239,9.46437645,9.64136219,-1.40955615,-5.575526714,1,-2.163212379,-2.362077993,-2.525179156,-1.909064814,-3.194320909,11.02640852,0.310948381,-3.256582063,0.724121853,13.61111111,272.37,0.229318852,-0.387083444,2.645578495,78.43,0.5,0,0,0,0,1,0,1,1,0,4,0,6,0,0,0,1,1,1.0895,0,1,0,0,0,0,0,0,2,0,0,0,1,0,0,0,0,0,0,0,0,0,0,0,1,0,0
1,1.458075881,181.9725342,64.72450256,0.648465872,-0.489123344,5.135091782,2.672561169,-2.698591232,-5.014262676,1,-2.5149354,-2.648921175,-2.75994694,-2.258822792,-3.597695749,11.88854308,0.117919501,-3.644814815,0.804736707,11.35294118,253.283,0.262637665,-0.398727717,2.276726284,98.22,0.1,0,0,0,0,1,1,2,0,0,5,1,3,0,0,0,0,2,1.36602,0,0,1,0,0,0,0,1,1,1,0,0,2,0,0,0,0,0,0,0,0,0,0,0,1,0,0
1,1.215167046,93.90888977,21.61719894,3.685788631,0.284795761,10.8271656,7.846225739,-3.149895906,-4.730229378,1,-2.582722203,-2.691024913,-2.723804541,-1.984354013,-3.608348065,9.021901773,0.229372852,0.229372852,0.731780104,12.73913043,335.879,0.073705035,-0.395044572,1.914106434,48.39,0.5,0,0,0,0,1,1,2,1,0,4,1,9,0,0,0,1,2,3.783,0,1,0,0,0,0,0,2,1,0,0,0,1,0,1,1,0,0,0,0,0,0,0,0,0,0,0
1,1.229611397,201.1348877,53.24725723,2.158671618,2.393713713,10.13471222,7.530015945,-3.394159317,-6.178621292,1,-2.812368716,-2.750453343,-2.746531055,-2.234458114,-3.508934488,12.74093018,0.009012608,-0.187621882,0.883142389,23.46153846,353.466,0.228040687,-0.394243148,1.736956603,57.5,0.476190476,1,1,2,1,1,1,2,3,0,4,2,4,0,0,0,1,4,1.9351,0,1,0,0,0,0,0,2,1,0,0,0,0,0,2,0,0,0,0,0,0,0,0,0,0,0,0
1,1.288225651,176.5430756,32.34175491,0.94884491,-0.886488676,10.81451797,9.137849808,-1.756741643,-5.270040989,1,-2.516574941,-2.509004903,-2.52329766,-2.098913176,-3.626462968,11.61742275,0.011647377,-3.231269303,0.844571218,12.4,295.408,0.215025282,-0.360888948,2.29341151,65.2,0.428571429,0,0,0,0,1,1,2,0,0,3,1,6,0,0,0,0,2,1.3212,0,0,0,0,1,0,0,1,2,0,0,0,0,0,1,0,0,0,0,0,0,0,0,0,1,0,0
1,1.271798611,149.1867523,24.4459877,2.659667969,-0.207699299,10.31112099,9.327823639,-2.401349068,-5.002557755,1,-2.53185659,-2.573268026,-2.539860443,-2.071072175,-3.673124945,12.48797831,0.098452932,-3.188445229,0.880347049,16.65217391,335.473,0.217781225,-0.360888948,1.823931625,56.41,0.529411765,0,1,1,0,1,1,2,0,0,3,2,6,1,1,0,0,3,2.1976,0,0,0,0,1,0,0,2,1,0,0,0,0,0,1,0,0,0,0,0,0,0,0,0,1,0,0
1,2.026558876,193.240387,53.97979355,-2.228729963,-2.187117338,10.6092205,3.543701649,-0.386092663,-6.118358612,1,-2.255098466,-2.361042925,-2.258098621,-2.007233976,-3.326536207,11.47087065,0.196302411,-1.349931028,0.426247465,32.88235294,244.207,0.353775534,-0.393566854,2.319695266,143.72,0.625,0,1,1,0,0,1,1,4,0,9,2,2,1,1,0,0,2,-3.168,0,3,1,0,0,0,0,3,0,1,0,0,1,0,0,0,0,0,0,0,0,0,0,0,0,0,0
1,1.438050747,223.5433044,49.13181686,0.02007556,-0.195997477,6.814329624,1.786170483,-2.36257267,-5.37446022,1,-2.581348819,-2.66155047,-2.786517337,-2.199332582,-3.671411005,11.99225057,0.047986111,-3.677407407,0.810737357,11.16666667,264.31,0.26372352,-0.398727717,2.298119968,97.97,0.090909091,0,0,0,0,1,1,2,0,0,5,1,3,0,0,0,0,2,1.16802,0,0,1,0,0,0,0,2,1,1,0,0,2,0,0,0,0,0,0,0,0,0,0,0,1,0,0
1,1.274665475,176.0751038,59.32519913,2.769209623,2.550529718,11.25109959,7.321147919,-3.203211308,-5.047319889,1,-2.46203323,-2.661263344,-2.60223813,-2.030359839,-3.506418949,12.37645174,0.062772161,-0.233688219,0.654537613,19.85714286,374.448,0.318952649,-0.340642316,1.407364524,96.84,0.285714286,0,1,1,2,2,1,3,2,0,4,2,3,1,1,0,0,4,3.39158,0,0,0,0,1,0,0,3,3,0,0,0,1,0,1,0,0,0,0,0,0,0,0,0,0,0,0
1,1.296639085,206.2791138,62.17126083,1.74354136,0.758082032,11.83719635,9.282392502,-3.101656914,-4.987281322,1,-2.408542674,-2.477653099,-2.587740572,-2.031453116,-3.437230177,11.54742992,0.452781095,-0.452781095,0.778873601,17.91666667,320.396,0.250483804,-0.365529746,1.670030225,72.94,0.263157895,0,1,1,1,2,1,3,1,0,4,2,3,1,1,0,0,4,2.5914,0,0,0,0,0,0,0,2,1,1,0,0,0,0,1,0,0,0,0,0,0,0,0,0,0,0,0
1,1.23383832,129.4857483,14.42820358,1.46325326,0.150665045,11.26995087,9.421808243,-1.546612263,-6.230134487,1,-2.25065714,-2.310565278,-2.44351229,-1.92452607,-3.151255316,9.995061912,0.048472739,-0.759508607,0.641468123,23,309.406,0.122501268,-0.490546619,1.951827798,81.95,0.647058824,1,0,1,0,1,0,1,3,0,5,0,5,0,0,0,1,2,0.6348,0,3,0,0,0,0,0,0,1,0,0,0,0,0,1,0,0,0,0,0,0,0,0,0,0,0,0
1,1.324773431,217.0234833,66.83634949,2.041156054,1.435032368,9.50408268,7.820329666,-3.433618069,-5.545027733,0,-2.667742671,-2.823020308,-2.838311315,-2.343873343,-3.648701428,13.32949847,0.05360289,-0.247639588,0.575410887,16.96969697,447.543,0.263110189,-0.367740192,1.507758547,105.04,0.458333333,1,1,2,0,0,3,3,0,0,9,4,5,1,2,0,0,5,2.96582,0,0,0,0,0,0,0,5,2,0,0,0,3,0,1,0,1,0,0,0,0,0,0,0,0,0,0
1,1.509623885,198.5609894,47.02034378,-1.214152813,-1.351582766,11.6704998,4.951683998,-0.62207818,-6.195418358,1,-2.522231311,-2.69007539,-2.578281911,-2.112907156,-3.545702483,11.45138842,0.020186996,-0.417972411,0.68754588,25.66666667,211.221,0.351118651,-0.39367648,2.204299752,90.37,0.555555556,0,1,1,0,0,1,1,2,0,6,2,2,1,1,0,0,2,-0.5046,0,1,1,0,0,0,0,2,0,1,0,0,1,0,0,0,0,0,0,0,0,0,0,0,0,0,0
1,1.303411961,125.5759125,39.34862137,1.653982043,0.676346421,11.26973629,8.459629059,-2.890868902,-5.388390064,1,-2.451005849,-2.526576999,-2.509235605,-2.108994178,-3.478446085,12.04674016,0.116096074,-0.507541413,0.41686434,11.89285714,396.516,0.229923536,-0.38708364,1.384421017,100.27,0.238095238,0,0,0,1,2,1,3,1,0,6,1,9,0,0,0,0,3,2.7722,0,1,1,0,0,0,0,1,2,1,0,0,2,0,0,0,0,0,0,0,0,0,0,0,0,0,0
1,1.35859406,128.0473328,17.69904709,-0.331659555,0.112901449,11.04401493,4.653026581,-2.08849144,-5.517359734,1,-2.576968491,-2.758633134,-2.720072657,-2.18172916,-3.575595243,10.95552611,0.111635015,-0.36905534,0.733115342,10.91304348,321.337,0.302135181,-0.465442681,2.010437251,122.22,0.5,0,0,0,0,0,2,2,0,0,9,2,7,0,0,0,0,2,0.541,0,0,1,0,0,0,0,4,0,1,0,0,1,0,1,0,0,0,0,0,0,0,0,0,0,0,0
1,1.151078939,105.7241287,22.13422775,-0.02886343,0.316492558,11.3825388,7.161690712,-1.663211465,-5.391573906,1,-2.368160456,-2.457847013,-2.492648155,-1.96680222,-3.188340714,11.64135369,0.024883603,-0.024883603,0.651389279,10.5,221.304,0.250973817,-0.349866219,2.597151458,53.16,0.416666667,0,0,0,1,1,0,1,0,0,3,0,5,0,0,0,0,1,1.0488,0,0,0,0,0,0,0,0,3,0,0,0,0,0,0,0,0,0,0,0,0,0,0,0,0,0,0
1,1.271921158,190.2491913,53.6983757,2.787588358,2.753448486,10.78626251,7.738062859,-3.532333851,-5.119993687,0,-2.661527707,-2.862687542,-2.751863229,-2.217452326,-3.601306345,12.92950725,0.142800625,-0.142800625,0.389416163,14.32432432,493.615,0.255159162,-0.323844002,1.23529956,86.28,0.24137931,0,1,1,1,2,2,4,0,0,7,3,7,1,1,0,0,5,4.59032,0,0,0,0,0,0,0,5,2,0,0,0,3,0,0,0,0,0,0,0,0,0,0,0,0,0,0
1,1.336557031,206.2765656,51.81412125,1.490991592,1.911627889,10.49023914,5.187838554,-2.767219067,-5.78371191,1,-2.852717719,-3.017452733,-3.021464416,-2.4039292,-3.906705958,11.77089759,0.034771117,-3.130356067,0.834810421,21.72727273,323.422,0.211335219,-0.355910706,1.643007081,90.98,0.571428571,1,0,1,0,0,2,2,0,0,5,2,6,0,1,0,0,3,1.2545,0,0,0,0,1,0,0,3,2,0,0,0,1,0,1,0,0,0,0,0,0,0,0,0,1,0,0
1,1.291351557,156.7447205,40.93719101,0.62260592,0.527231336,9.481278419,5.014475822,-2.156843662,-4.651842594,1,-2.661680955,-2.704735793,-2.65271439,-2.160056544,-3.564556123,12.0798852,0.185629619,-0.581736111,0.596936218,24.52941176,232.283,0.236703999,-0.398728555,2.400547675,72.19,0.384615385,0,1,1,2,1,0,1,1,0,3,1,2,1,1,0,1,2,1.3532,0,0,1,0,0,0,0,0,1,1,0,0,1,0,0,0,0,0,0,0,0,0,0,0,0,0,0
1,1.812170744,140.8457031,39.78447342,-0.24084425,0.199313879,10.05638409,3.975575447,-1.439094067,-5.092544079,1,-2.319304376,-2.488581756,-2.443212328,-1.953537589,-3.398650098,13.13269566,0.151983812,-0.763288454,0.734974805,24.875,247.251,0.351350875,-0.392758377,2.280674309,90.37,0.5,0,1,1,0,0,1,1,2,0,7,2,2,1,1,0,0,2,-0.455,0,1,1,0,0,0,0,2,0,1,0,0,1,0,0,1,0,0,0,0,0,0,0,1,0,0,0
1,1.131605864,132.7323303,9.200611115,0.963790417,-0.324212313,9.865381241,8.586013794,-1.788311243,-5.435456276,1,-2.455921337,-2.75377184,-2.665781198,-2.16626486,-3.471389806,11.74367725,0.044299887,-0.044299887,0.731539693,10.52941176,235.331,0.250825642,-0.39872822,2.369457579,58.36,0.461538462,0,0,0,1,1,0,1,0,0,3,0,6,0,0,0,0,1,1.3404,0,0,1,0,0,0,0,1,1,1,0,0,1,0,0,0,0,0,0,0,0,0,0,0,0,0,0
1,1.721964955,151.2066803,36.11730576,-0.661912441,-0.581672668,11.2170763,4.577865601,-1.331921339,-5.440927505,1,-2.553302435,-2.721146514,-2.661698616,-2.016550046,-3.608476353,11.44212916,0.057224033,-0.431305745,0.703861584,25.66666667,229.261,0.351149129,-0.392758377,2.204299752,90.37,0.5,0,1,1,0,0,1,1,2,0,7,2,2,1,1,0,0,2,-0.5941,0,1,1,0,0,0,0,2,0,1,0,0,1,0,0,0,0,0,0,0,0,0,0,1,0,0,0
1,1.804037094,183.4506989,54.57235336,-1.89932704,-1.075134039,8.916706085,1.962884903,0.163353443,-5.648821354,1,-2.227770597,-2.210195523,-2.235190263,-1.856754513,-3.192421822,10.78669674,0.219686791,-1.26891062,0.442842032,32.88235294,244.207,0.28787818,-0.393566843,2.194909265,143.72,0.625,0,1,1,1,0,1,1,4,0,8,2,3,1,1,0,0,2,-3.0115,0,3,0,0,0,0,0,3,0,1,0,0,0,0,0,0,0,0,0,0,0,0,0,0,0,0,0
1,1.69527185,172.7704163,53.88733292,-1.184120417,-0.944028378,9.439804077,3.245966434,-1.211702585,-6.360135555,1,-2.424266253,-2.480289767,-2.543906246,-2.011850651,-3.418398137,11.43966498,0.015084404,-0.352587842,0.752145074,24.52941176,236.231,0.30031603,-0.39367648,2.016013442,93.03,0.5,0,1,1,0,0,2,2,2,0,6,3,2,1,1,0,0,3,-0.2105,0,1,0,0,1,0,0,3,1,0,0,0,0,0,1,0,0,0,0,0,0,0,0,0,0,0,0
1,1.397337437,171.3125916,80.62159729,1.327050328,1.443791389,10.50131035,4.773810387,-2.771348953,-5.123731136,1,-2.837634208,-2.976517215,-3.040488525,-2.494540893,-3.872376907,9.257136035,0.16224537,0.16224537,0.727230282,24.80952381,286.339,0.223613077,-0.395762539,1.733956837,101.88,0.5,2,0,2,0,0,2,2,2,0,7,2,4,0,1,0,0,4,1.0923,0,1,1,0,0,0,0,4,1,1,0,0,2,0,1,0,0,0,0,0,0,0,0,0,0,0,0
1,1.296651959,152.0914459,30.1932869,1.621406674,1.255509973,9.699275017,5.105606556,-2.478919744,-5.021914005,1,-2.679140671,-2.853688052,-2.859012716,-2.207114979,-3.724679595,12.03477188,0.055180409,-0.090482489,0.928451102,21.17391304,312.377,0.236360466,-0.353979159,1.849797986,88.91,0.5,0,1,1,1,0,2,2,2,0,5,3,3,1,1,0,0,3,1.54478,0,0,0,0,1,0,0,5,1,0,0,0,1,0,1,0,0,0,0,0,0,0,0,0,0,0,0
1,1.226455569,160.9026947,35.69885635,1.710869312,-0.03928709,11.45009232,9.412419319,-1.957734466,-5.380167007,1,-2.63470537,-2.684906223,-2.638044005,-2.247433519,-3.498781234,11.38214192,0.030582473,-0.571052952,0.77230752,16.0952381,292.379,0.224217548,-0.490477586,1.918262172,70.59,0.5625,0,1,1,1,1,0,1,1,0,4,1,5,0,0,0,1,2,1.6991,0,1,0,0,0,0,0,0,2,0,0,0,1,0,1,0,0,0,0,0,0,0,0,0,0,0,0
1,1.282172203,215.9681702,71.87365723,0.974146485,-0.07523489,13.64920235,9.125564575,-2.276892185,-6.180716515,1,-2.660017616,-2.64279459,-2.644684537,-2.177495687,-3.464414227,11.25475002,0.367753737,-0.367753737,0.744628689,18.83333333,243.31,0.248219792,-0.365599182,2.137174799,70.91,0.357142857,1,0,1,1,1,1,2,1,0,2,1,2,0,0,0,0,3,1.3435,0,0,0,0,1,0,0,0,2,1,0,0,0,0,3,0,0,0,0,0,0,0,0,0,0,0,0
1,1.272048116,162.3309937,28.82744217,1.720993161,0.251347303,10.82229233,9.207482338,-2.636012077,-6.069921494,1,-2.492412394,-2.53382383,-2.595148166,-2.065642172,-3.588531128,11.60931649,0.12796244,-3.157655048,0.879014099,17.82608696,335.473,0.211166043,-0.360878899,1.822282384,65.2,0.529411765,0,1,1,0,1,1,2,0,0,3,2,5,1,1,0,0,3,2.0688,0,0,0,0,1,0,0,1,2,0,0,0,0,0,1,0,0,0,0,0,0,0,0,0,1,0,0
1,1.174307108,197.6884918,40.27497482,3.076757669,0.207664728,9.859243393,9.647542953,-4.681428432,-5.622046947,1,-2.505923012,-2.57614104,-2.571662078,-2.134816991,-3.373488472,12.57888905,0.250512094,-0.702533541,0.805121349,14.56521739,308.425,0.2320957,-0.368606503,2.032450571,55.12,0.35,1,0,1,1,2,0,2,0,0,2,0,6,0,0,0,0,3,3.2166,0,0,0,0,0,0,0,0,1,1,0,0,0,0,3,0,0,0,0,0,0,0,0,0,0,0,0
1,1.826125622,210.9269714,75.47584534,0.047200203,0.301403284,9.550513268,3.382035971,-1.783181429,-5.608263016,1,-2.300705313,-2.470944996,-2.474696595,-1.910371986,-3.502730893,9.737182365,0.017595926,-0.734160998,0.648166824,27.21052632,285.691,0.225952827,-0.393568836,2.023467355,119.31,0.5,0,1,1,0,0,2,2,3,0,8,3,2,1,1,0,0,3,-0.2974,0,2,1,0,0,0,0,4,0,1,0,0,1,0,1,1,0,0,0,0,0,0,0,0,0,0,0
1,1.202958345,147.3918457,9.808731079,0.184886575,-0.930384398,10.55808544,9.326787949,-1.548528433,-5.4544487,1,-2.354601205,-2.401130001,-2.429788482,-2.00588401,-3.142428232,10.74650782,0.223426022,-0.548429521,0.637673978,12.42105263,266.341,0.221339043,-0.490849109,2.346203475,84.58,0.5,0,0,0,1,1,0,1,1,0,4,0,8,0,0,0,1,1,0.4521,0,1,0,0,0,0,0,0,1,1,0,0,0,0,0,0,0,0,0,0,0,0,0,0,0,0,0
1,1.805903554,186.6088867,46.42474747,-1.831068993,-2.034194231,10.12977123,3.916349649,-0.631134987,-5.900598526,1,-2.248803444,-2.359227527,-2.255457849,-1.993559762,-3.323869672,11.43642621,0.112496667,-0.80606198,0.527362443,29.5,228.208,0.353678961,-0.393568836,2.232655521,123.49,0.625,0,1,1,0,0,1,1,3,0,8,2,2,1,1,0,0,2,-2.1388,0,2,1,0,0,0,0,3,0,1,0,0,1,0,0,0,0,0,0,0,0,0,0,0,0,0,0
1,1.516229987,191.8510284,42.15055466,-0.948489666,-1.612206936,9.729784966,1.763775349,-0.475362301,-5.462591171,1,-2.439784528,-2.482389521,-2.478909159,-1.998758597,-3.435268653,11.56420399,0.204977324,-0.815616497,0.584274214,28.52941176,242.231,0.329960031,-0.393568836,2.335396042,104.55,0.6,0,1,1,0,0,1,1,3,0,6,2,2,1,1,0,0,2,-1.51428,0,2,0,0,1,0,0,1,1,0,0,0,0,0,0,0,0,0,0,0,0,0,0,0,0,0,0
1,1.160691381,107.0197449,21.99006271,0.686054945,-0.068324089,8.680711746,7.871051788,-1.326494455,-5.249914646,1,-2.524030979,-2.627205098,-2.611099425,-2.152611213,-3.399833212,11.38055933,0.150555556,-0.477772109,0.74723613,12.28571429,192.262,0.240514143,-0.324258006,2.912651647,55.12,0.363636364,0,0,0,1,1,0,1,1,0,2,0,2,0,0,0,1,1,1.58914,0,0,0,0,0,0,0,0,1,1,0,0,1,0,0,0,0,0,0,0,0,0,0,0,0,0,0
1,1.154176831,132.9975281,23.32348251,2.562094688,0.3569417,10.72567368,9.513525963,-2.568875313,-5.018884182,1,-2.512450069,-2.518476573,-2.58727947,-2.092530803,-3.291265313,12.72967971,0.244583333,-0.345208333,0.860394245,25.83333333,246.354,0.233051111,-0.342475092,2.324807177,46.33,0.533333333,1,0,1,1,1,0,1,2,0,2,0,5,0,1,0,2,2,1.7714,0,0,0,0,0,0,0,1,0,1,0,0,0,0,0,0,0,0,0,0,0,0,0,0,0,0,0
1,1.461215854,161.9864197,37.35837173,-0.746845722,-0.751145124,9.77692318,1.045283794,-0.582751751,-5.191311359,1,-2.462109139,-2.512347392,-2.482712911,-2.038114157,-3.400432856,11.50527731,0.134835286,-0.569259259,0.649889046,23.875,224.216,0.330225196,-0.393330391,2.361887494,84.32,0.4,0,1,1,0,0,1,1,2,0,5,2,2,0,0,0,0,2,-0.70908,0,1,0,0,1,0,0,1,1,0,0,0,0,0,0,0,0,0,0,0,0,0,0,0,0,0,0
1,1.315623879,146.3127441,47.41161728,1.837435961,1.021260262,9.605091095,8.127754211,-3.684871674,-5.214021206,1,-2.548125164,-2.74230073,-2.703853561,-2.201879077,-3.576504955,12.70785065,0.126960199,-0.126960199,0.594376954,18,367.877,0.254829116,-0.492030145,1.574703429,76.82,0.611111111,0,2,2,1,1,0,1,0,0,5,2,6,1,1,0,0,3,2.0878,0,0,1,0,0,0,0,1,1,1,0,0,1,0,1,1,0,0,0,0,0,0,0,0,0,0,0
1,1.200166702,146.8568115,11.4979744,-0.551166534,-1.336636066,8.311069489,3.67488575,-1.236526608,-5.623419762,1,-2.621926622,-2.520446455,-2.587171722,-2.119859219,-3.413813876,11.19722222,0.056157407,-0.395601852,0.641049215,19.75,170.212,0.239717755,-0.367882043,2.647164206,63.4,0.75,0,1,1,2,0,0,0,1,0,2,1,3,1,1,0,0,1,-0.1273,0,0,0,0,0,0,0,1,0,1,0,0,0,0,0,0,0,0,0,0,0,0,0,0,0,0,0
1,1.322531223,160.5981903,57.13406754,1.100090623,1.599430799,9.752250671,7.970482349,-3.56426692,-4.913227558,1,-2.66120837,-2.743982949,-2.749614548,-2.315121818,-3.515162948,11.9507319,0.034819476,-0.297851084,0.650937424,16.17857143,389.456,0.24863271,-0.492842072,1.623838904,111.83,0.526315789,0,1,1,1,1,1,2,1,0,8,2,8,1,1,0,1,3,1.3507,0,0,1,0,0,0,0,3,1,1,0,0,2,0,1,0,0,0,0,0,0,0,0,0,0,0,0
0,1.07907486,99.11314392,-26.77170753,3.313548565,2.804974079,8.064490318,6.773561478,-5.238646507,-4.820897579,1,-2.669560661,-2.502864187,-2.590743958,-2.198431666,-3.536465697,14.45791231,0.015799326,-2.433454897,0.133923869,39.16176471,958.24,0.328662805,-0.460091562,1.696795313,204.66,0.754716981,1,3,4,1,0,0,0,15,2,14,3,9,2,3,0,0,4,6.1972,0,3,0,0,0,0,0,1,0,0,0,0,0,0,3,0,3,0,1,0,0,0,0,0,0,0,0
0,1.352663994,107.4091492,66.67672729,5.711591721,4.430555344,9.332109451,4.500713348,-6.731834412,-4.970591545,1,-2.600358,-2.812257916,-2.646873134,-2.182144689,-3.689920051,17.00266169,0.044357742,-1.081451082,0.07117515,21.2875,1113.199,0.407097193,-0.452869327,0.992630706,199.58,0.473684211,0,4,4,4,4,2,6,8,0,12,6,15,4,4,0,0,10,9.4475,0,0,0,0,2,0,0,6,4,0,0,0,2,0,2,5,0,0,0,0,0,0,0,0,0,0,0
0,1.144258142,128.8502197,-15.1336937,3.522015095,2.895461082,7.786781311,4.552165031,-4.332123756,-5.007578373,1,-2.913490629,-2.873522028,-2.847971558,-2.574166171,-3.884951907,14.30508657,0.009881898,-2.51025443,0.184955536,40.96491228,804.031,0.3289793,-0.455930995,1.777631424,178.36,0.772727273,1,3,4,1,0,0,0,14,2,12,3,7,2,3,0,0,4,4.639,0,3,0,0,0,0,0,1,0,0,0,0,0,0,3,0,2,0,1,0,0,0,0,0,0,0,0
0,1.362233281,161.7273407,35.68989944,4.80751133,2.701628208,5.314811707,3.717969418,-6.233093262,-5.217070103,1,-2.636809988,-2.862489966,-2.787549508,-2.232450218,-3.616599172,13.41543526,0.027265782,-4.453080423,0.413110447,17.6097561,597.664,0.396723159,-0.475672073,1.677564327,124.24,0.538461538,0,1,1,1,0,3,3,1,0,10,4,8,1,1,0,0,4,4.02002,0,0,0,0,0,0,0,6,1,0,0,0,1,0,0,3,0,0,0,0,0,0,0,0,1,0,0
0,1.329602003,182.767807,40.56747818,3.067603588,3.079558611,4.437969208,5.472286224,-5.836175919,-5.439755917,1,-2.595018932,-2.795240353,-2.665870734,-2.282319561,-3.552531885,14.59496754,0.024536027,-3.900174914,0.350204501,30.25925926,766.918,0.407589676,-0.496683534,1.215794677,195.22,0.631578947,3,2,5,4,1,1,2,7,2,11,3,7,1,4,0,0,7,3.3019,0,0,0,0,0,0,0,3,3,0,0,0,0,0,5,0,0,0,0,0,0,0,0,0,1,0,0
0,1.444735169,202.0158386,30.55737686,5.214283943,3.886822701,7.819090843,5.530564785,-6.733462334,-4.629110336,0,-2.590382499,-2.79603269,-2.707724717,-2.166595236,-3.591573138,12.30752651,0.035635627,-4.721972593,0.295120436,19.52631579,534.491,0.572596332,-0.490297131,1.073104932,101.12,0.4,0,2,2,0,2,1,3,1,0,9,3,8,1,1,0,0,5,4.9678,0,0,0,0,0,0,0,4,0,0,0,0,1,0,1,3,0,0,0,1,0,0,0,0,0,0,0
0,1.105349302,71.85482788,-38.46627808,4.201015472,0.876025796,4.555282116,9.493583679,-3.577172756,-4.543635845,1,-2.235718589,-2.134613516,-2.273077372,-1.748359752,-3.10366734,10.76242507,0.418425926,-0.771657796,0.821599549,12.8,206.285,0.310185352,-0.480788502,2.759037133,37.3,0.461538462,0,0,0,0,1,0,1,1,0,1,0,4,0,0,0,1,1,3.0732,1,0,0,0,0,0,0,0,0,0,0,0,0,0,0,0,0,0,0,0,0,0,0,0,0,0,0
0,1.209787726,110.14534,56.39202499,5.62425518,5.111741066,9.384282112,6.326654434,-7.259382248,-5.075984955,1,-2.622609332,-2.790851476,-2.665968628,-2.095071113,-3.727812655,13.67520143,0.013227905,-0.813647512,0.133973835,20.63076923,894.127,0.40701287,-0.452870358,1.169669113,178.72,0.52,0,3,3,6,3,0,3,6,0,9,3,13,3,3,0,0,6,7.6871,0,0,0,0,0,0,0,3,4,0,0,0,3,0,0,0,0,0,0,0,0,0,0,0,0,0,0
0,1.480831623,137.1591797,26.13805771,2.314450026,2.021982908,6.515854836,1.294038296,-4.368713856,-4.700877666,1,-2.165952304,-2.45358618,-2.416408787,-1.923767205,-3.178708192,11.32357442,0.056319444,-3.52490935,0.676087093,10.9047619,308.315,0.272814646,-0.454898786,2.429176693,98.54,0.076923077,0,0,0,0,2,0,2,0,0,5,0,5,0,0,0,0,2,2.7586,0,0,0,0,0,0,0,1,1,0,0,0,1,0,0,0,0,0,0,1,1,0,0,0,1,0,0
0,1.21862483,135.3220367,55.98331833,4.12341547,3.197897434,5.191131592,4.011192322,-5.879312515,-5.253764629,1,-2.739063978,-2.667975658,-2.667927615,-2.280719508,-3.609357317,14.59259064,0.013154619,-0.994420037,0.229674909,24.24489796,679.863,0.28932075,-0.346700385,1.355187346,179.56,0.722222222,3,1,4,5,0,1,1,6,0,8,2,13,1,4,0,0,5,2.4459,0,0,0,0,0,0,0,3,4,0,0,0,0,0,1,0,1,0,0,0,0,0,0,0,0,0,0
0,1.348029852,175.2887573,48.92420578,4.860487938,3.235592842,7.250139236,3.480674028,-5.704982758,-4.729935646,1,-2.558178677,-2.68593305,-2.585796371,-2.123635105,-3.585580632,14.96568757,0.012078726,-1.018601147,0.199951452,20.45098039,700.791,0.350205064,-0.493215237,0.92334929,115.7,0.405405405,0,2,2,0,3,2,5,4,0,12,4,12,2,2,0,0,7,4.5732,0,1,0,0,0,0,0,8,0,0,0,0,2,0,0,2,0,0,0,0,0,0,0,0,0,0,0
0,1.177509546,187.7852631,43.22784805,4.817440987,3.52837944,9.758624077,5.196893692,-4.11161232,-4.80366087,1,-2.417148194,-2.399298507,-2.494412308,-2.037372263,-3.152346658,10.37248662,0.08827339,-0.08827339,0.757169744,42.7,272.388,0.115370618,-0.507956032,1.711199877,40.46,0.666666667,3,0,3,0,1,0,1,5,0,2,0,0,0,2,0,0,4,3.6092,0,1,0,0,0,1,0,0,0,0,0,0,0,0,5,0,0,0,0,0,0,0,0,0,0,0,0
0,1.163797498,204.6955719,25.18035507,4.188182354,2.901262045,8.328731537,4.251239777,-4.236758232,-4.66041708,1,-2.333738166,-2.252033323,-2.31273366,-1.888008375,-3.134935691,11.70398228,0.102559012,-0.901504105,0.695088522,50.40909091,298.426,0.155176402,-0.37703387,1.652019286,37.3,0.75,4,0,4,0,0,0,0,6,0,2,0,0,0,3,0,0,4,3.4925,0,1,0,0,0,0,0,0,0,0,0,0,0,0,5,0,1,0,0,0,0,0,0,0,0,0,0
0,1.309422016,150.2967224,80.12667847,5.406873703,4.608856201,9.297067642,5.387254238,-7.494278908,-5.435893536,1,-2.642826728,-2.861477869,-2.73639487,-2.338906027,-3.767424192,16.67217189,0.009984142,-3.292357247,0.107881033,22.92307692,889.017,0.407012871,-0.452870358,0.895884936,174.64,0.469387755,3,2,5,4,3,2,5,6,2,8,4,10,2,4,1,0,10,8.6073,0,0,0,0,2,0,0,4,4,0,0,0,0,0,6,2,0,0,0,0,0,0,0,0,0,0,0
0,1.372514248,202.0790253,47.55929184,3.181624889,2.304062128,4.981542587,4.567883968,-4.835750103,-5.80232811,0,-2.579504399,-2.629975607,-2.630090084,-2.248075834,-3.471850073,14.64458212,0.004912209,-3.894178256,0.185150559,26.52727273,765.893,0.27162987,-0.471905391,1.122896677,189.65,0.425,2,2,4,4,2,2,4,5,0,10,4,7,1,3,0,0,8,3.63692,0,0,0,0,0,0,0,4,3,0,0,0,0,0,5,0,0,0,0,0,0,0,0,0,1,0,0
0,1.238533258,78.5918045,30.18345261,5.244763374,4.258845806,7.992493629,4.051077366,-5.850013733,-5.649223328,1,-2.169994679,-2.312139737,-2.1451108,-1.888165079,-3.192606507,13.86731692,0.067062433,-1.048853299,0.106240466,13.68,720.962,0.407314108,-0.443765204,1.463767069,145.78,0.432432432,0,0,0,4,2,2,4,4,0,9,2,17,0,0,0,0,4,5.9052,0,1,0,0,0,0,0,3,3,0,0,0,0,0,0,0,0,0,0,0,0,0,0,0,0,0,0
0,1.314511657,139.2138672,22.6664772,3.509713173,3.932220459,9.231812477,3.835745335,-4.704311848,-4.688886166,1,-2.408186368,-2.467853929,-2.442112785,-1.961852103,-3.405398993,12.90798701,0.03000105,-0.881995465,0.296341952,16.4,418.446,0.336505829,-0.459804712,2.602707346,117,0.428571429,0,1,1,0,1,0,1,1,0,8,1,8,0,0,0,1,2,2.9708,0,0,0,0,0,0,0,1,1,0,0,0,0,0,0,0,0,0,0,1,1,0,0,0,0,0,0
0,1.419094086,147.2147675,63.0128746,2.591230631,3.344784498,8.461610794,4.207306862,-4.898709774,-4.644163609,0,-2.529846171,-2.776241529,-2.709516804,-2.019904138,-3.755846214,15.47237319,0.006547838,-3.751572829,0.371598422,12.33333333,540.021,0.406617442,-0.452878403,2.027314927,140.13,0.363636364,0,0,0,1,1,2,3,1,0,9,2,9,0,0,0,0,3,3.9084,0,0,0,0,0,0,0,4,3,0,0,0,2,0,0,2,0,0,0,0,0,0,0,0,1,0,0
0,1.35840714,152.0553436,56.4813118,4.143356323,4.081083775,9.353738785,3.064857483,-4.365484238,-4.273145676,0,-2.513108929,-2.716436561,-2.630410873,-2.094828956,-3.552642006,13.63749257,0.028058323,-0.028058323,0.466942532,17.03125,450.93,0.297933919,-0.423412326,1.406321399,80.29,0.304347826,0,1,1,1,2,2,4,1,0,7,3,3,1,1,0,0,5,4.11132,0,0,0,0,0,0,0,6,0,0,0,0,1,0,1,1,0,0,0,0,0,0,0,0,0,0,0
0,1.345004916,175.0036163,57.50616837,5.685864925,2.606451988,4.82813549,6.360452652,-6.799695969,-5.421006203,0,-2.583418667,-2.778073599,-2.711549296,-2.184857093,-3.658125932,13.9060685,0.035867292,-4.551966161,0.076408097,17.6557377,868.457,0.293189778,-0.454803279,1.003209207,172.03,0.377777778,1,2,3,1,3,2,5,0,0,11,4,13,2,2,0,0,8,8.6599,0,0,0,0,1,0,0,4,3,0,0,0,2,0,1,1,0,0,0,1,1,0,0,0,1,0,0
0,1.302212715,127.3636932,73.21618652,4.772047997,4.002139091,9.397480965,5.109520912,-6.627892494,-5.8985219,1,-2.451974091,-2.64619332,-2.530511456,-2.152946552,-3.484539549,14.31698171,0.034163612,-0.947748017,0.100106093,19.98461538,883.019,0.407276419,-0.488214118,0.974345522,193.1,0.387755102,0,3,3,4,4,2,6,6,0,10,5,11,2,2,0,0,9,7.7315,0,0,0,0,2,0,0,4,4,0,0,0,0,0,6,0,0,0,0,0,0,0,0,0,0,0,0
0,1.440715075,198.4730072,66.09481812,5.415516853,2.709380865,4.124018192,4.480163574,-6.656024456,-5.119697571,1,-2.871850206,-2.85593805,-2.864194774,-2.486903995,-3.864783151,13.34189513,0.075562502,-3.722131486,0.58008572,16.81818182,452.413,0.585787216,-0.477638986,1.404564,97.75,0.208333333,1,1,2,1,2,1,3,0,0,5,2,5,0,1,0,0,5,4.74702,0,0,0,1,0,0,0,1,1,0,0,0,1,0,1,2,0,0,0,0,0,0,0,0,0,0,0
0,1.514638186,244.1246796,79.55256653,4.513679504,3.108301878,9.413471222,3.53426218,-5.546968937,-4.62463665,0,-2.453738766,-2.550971301,-2.734518067,-2.15584643,-3.488839823,9.095596394,0.213051986,0.213051986,0.608453797,10.03571429,435.285,0.240211713,-0.43704449,1.939699195,120.64,0.1,0,0,0,0,2,1,3,0,0,7,1,4,0,0,0,0,3,4.7174,0,0,1,0,0,0,0,4,1,1,0,0,3,0,0,1,0,0,0,0,0,0,0,0,0,0,0
0,1.509524822,230.2573853,68.54216003,3.846361876,3.698671341,7.467840195,4.643710136,-5.871805191,-4.931333065,0,-2.340567275,-2.507003196,-2.588695838,-2.037395443,-3.536324836,15.10238934,0.000297348,-3.839656043,0.333090633,11.63636364,489.931,0.232305136,-0.345390208,1.777940463,91.92,0.130434783,0,0,0,0,2,2,4,0,0,4,2,7,0,0,0,0,4,5.5442,0,0,0,0,1,0,0,1,2,0,0,0,1,0,1,3,1,0,0,0,0,0,0,0,1,0,0
0,1.287243366,131.149292,72.43943787,5.154548645,4.341083527,9.664969444,5.800688744,-6.709087372,-6.148499489,0,-2.450180384,-2.644399614,-2.52871775,-2.154480427,-3.487172009,13.77953315,0.127745716,-0.719599741,0.099661312,18.86153846,882.035,0.40701287,-0.465173428,1.001142502,188.8,0.387755102,0,3,3,4,3,3,6,5,0,10,6,11,2,2,0,0,9,8.116,0,0,0,0,2,0,0,5,4,0,0,0,0,0,5,0,0,0,0,0,0,0,0,0,0,0,0
0,1.187057614,180.2139282,25.39183426,5.754895687,3.988283157,7.971449852,4.316923618,-6.974818707,-5.03520298,1,-2.173024281,-2.319648111,-2.14822867,-1.920146211,-3.148179658,13.82446847,0.117449943,-0.991526702,0.199874124,15.7826087,628.814,0.317594864,-0.483229465,1.521525393,120,0.432432432,0,1,1,4,3,0,3,4,0,5,1,15,1,1,0,0,4,4.32814,0,1,0,0,0,0,0,1,3,0,0,0,0,0,0,0,0,0,0,0,0,0,0,0,0,0,0
0,1.159831285,137.8427582,9.782791138,3.655964851,2.266838074,10.71194744,9.039743423,-5.3051548,-4.855102062,1,-2.094271646,-2.151684971,-2.368563063,-1.791009108,-3.2310797,10.24210534,0.164510306,-0.579621869,0.419904876,12.84848485,454.611,0.160544318,-0.492869979,2.023333419,63.95,0.518518519,0,0,0,0,2,0,2,1,0,6,0,13,0,0,0,1,2,5.09308,0,0,0,0,0,0,0,2,0,0,0,0,0,0,0,0,0,0,0,0,0,0,0,0,0,0,0
0,1.295366526,76.0331955,17.5187645,4.601554871,5.068924427,10.52261257,4.157079697,-5.879528999,-4.563323975,0,-2.124895954,-2.162337185,-2.240071653,-1.639222245,-2.995670964,12.42562086,0.109542249,-1.119072699,0.554061892,11.28,360.837,0.349641539,-0.476165913,2.099929247,52.6,0.3,0,0,0,0,2,0,2,0,0,4,0,6,0,0,0,0,2,4.68,0,0,0,0,0,0,0,0,0,0,0,0,0,0,0,1,1,0,0,0,0,0,0,0,0,0,0
0,1.383131742,228.7923431,55.89699173,2.308157682,1.393373251,7.970685005,4.346182823,-4.080357552,-4.816531658,1,-2.539086823,-2.651823712,-2.569822765,-2.152897218,-3.628443773,14.56357136,0.012221855,-0.574516435,0.68309163,16.40625,434.471,0.271550147,-0.338908698,1.342397518,86.37,0.333333333,1,1,2,2,2,1,3,0,0,4,2,4,1,2,0,0,5,2.3474,0,0,0,0,1,0,0,3,1,0,0,0,0,0,1,1,0,0,0,0,0,0,0,0,0,0,0
0,1.20549047,161.6692047,3.693649292,4.513094902,2.062817097,11.07160282,9.657148361,-3.89076376,-4.68180418,1,-2.36472008,-2.28897016,-2.453902551,-1.893381736,-3.274036687,6.34462963,0.10023715,0.10023715,0.71592438,12.42857143,297.423,0.13404433,-0.484200476,1.902872522,21.26,0.222222222,0,0,0,0,2,1,3,1,0,3,1,6,0,0,0,0,3,4.6309,0,0,0,0,0,0,0,0,1,0,0,0,0,0,1,0,0,0,0,0,0,0,0,0,0,0,0
0,1.375368953,178.6404724,54.12153244,5.508532047,4.456826687,7.374097347,3.2517519,-6.240276337,-4.681374073,1,-2.485121342,-2.510628424,-2.510807504,-1.945103156,-3.5253238,12.80151582,0.064479397,-1.158501335,0.174394288,20.12244898,705.647,0.350101208,-0.490790806,0.92529827,104.7,0.371428571,0,2,2,0,3,2,5,3,0,12,4,11,2,2,0,1,7,5.5773,0,0,0,0,0,0,0,8,0,0,0,0,2,0,0,2,0,0,0,0,0,0,0,0,0,0,0
0,1.358699799,119.5929031,29.01996231,3.44849205,0.452814698,4.107866287,4.094233513,-4.290439606,-6.266962051,1,-2.59709016,-2.647966648,-2.556711941,-2.233391277,-3.714825776,13.50716823,0.060088997,-3.651462575,0.469802034,13.93939394,481.546,0.305472654,-0.481159427,2.611412407,140.92,0.409090909,0,0,0,0,1,1,2,2,0,7,1,10,0,0,0,0,2,2.4017,1,2,0,0,0,0,0,3,0,0,0,0,1,0,0,1,0,0,0,0,0,0,0,0,1,0,0
0,1.349805355,159.8235474,41.99319839,4.685625553,2.958948851,8.26973629,3.215322495,-5.171981335,-4.615715027,0,-2.320063153,-2.362590419,-2.405512666,-1.892769837,-3.253109797,11.7359518,0.229568983,-0.46704237,0.716604125,22.64516129,441.549,0.285945687,-0.507381418,1.405035443,84.86,0.416666667,0,2,2,2,2,0,2,2,0,6,2,5,1,1,0,2,4,4.37426,0,0,0,0,0,1,0,0,1,0,0,0,0,0,1,0,0,0,0,0,0,0,0,1,0,0,0
0,1.432539821,216.4802551,60.67577744,3.080683708,2.35240531,7.92406559,2.930653095,-4.587935448,-4.50327158,1,-2.379785309,-2.227792965,-2.41828849,-1.878792551,-3.294996372,13.25493937,0.117617027,-1.422343159,0.832661078,25.20833333,352.77,0.230725067,-0.496167518,2.258173171,71.06,0.411764706,1,1,2,0,1,0,1,2,0,6,1,3,0,0,1,0,3,2.8103,0,0,0,0,0,0,0,0,0,0,0,0,0,0,1,1,2,0,0,0,0,0,0,0,0,0,0
0,1.566609144,203.7504272,64.95396423,4.231986046,4.334866524,10.12761497,3.758722305,-5.701135635,-5.18930006,0,-2.214155505,-2.313792476,-2.245979214,-1.839387298,-3.211026344,14.4222006,0.069476899,-4.705249399,0.407359645,10.96969697,482.821,0.417418428,-0.457126293,1.683953151,92.35,0.095238095,0,0,0,3,2,1,3,0,0,4,1,5,0,0,0,0,3,5.6888,0,0,0,0,0,0,0,1,3,0,0,0,2,0,0,5,0,0,0,0,0,0,0,0,0,0,0
0,1.355985403,243.1856995,69.29573059,3.416347027,2.860975742,8.772425652,2.199220181,-5.881866455,-6.3424263,0,-2.539830509,-2.73704444,-2.649004571,-2.209100855,-3.626466249,12.53690063,0.300631553,-3.378653878,0.436302225,12.02857143,493.585,0.332406995,-0.495798548,1.942377005,110.26,0.230769231,0,0,0,0,3,1,4,0,0,6,1,5,0,0,0,0,4,4.0236,0,0,0,0,1,0,0,1,2,0,0,0,1,0,1,0,0,0,0,0,0,0,0,0,1,0,0
0,1.52218461,173.7219238,57.59821701,2.747454643,3.061416626,6.407345295,2.746036053,-4.604536057,-4.617658615,0,-2.732871657,-2.906471379,-2.90984201,-2.206315876,-3.818895004,14.63168794,0.14682852,-4.869922239,0.537610708,17.21212121,477.443,0.418782958,-0.355020427,1.802040585,89.33,0.285714286,1,1,2,2,1,1,2,0,0,5,2,3,1,2,1,0,4,3.53158,0,0,0,0,0,0,1,4,1,0,0,0,2,0,0,4,0,0,0,0,0,0,0,0,0,0,0
0,1.393365502,179.4990692,42.97210312,2.437992334,3.56205368,8.494311333,3.089382172,-3.88299036,-4.399526596,1,-2.439655454,-2.59297424,-2.487353557,-1.992567454,-3.476431831,12.34065665,0.127592593,-0.969675926,0.505505297,14.88,346.339,0.335978302,-0.465580031,2.803490088,107.77,0.294117647,0,1,1,0,1,0,1,0,0,7,1,4,0,0,0,0,2,2.1756,0,0,0,0,0,0,0,1,1,0,0,0,0,0,0,0,0,0,0,1,1,0,0,0,0,0,0
0,1.33673811,191.2819519,49.94775772,4.560891151,3.28395772,9.625422478,3.333429337,-5.944281578,-5.036487579,0,-2.48174766,-2.656970947,-2.584250644,-2.118201748,-3.663247621,13.45126937,0.141710372,-0.651269822,0.54089122,15.625,448.95,0.258047785,-0.388338433,1.595098389,69.64,0.230769231,0,1,1,2,3,0,3,1,0,3,1,3,0,0,0,0,4,5.68314,0,1,0,0,0,0,0,1,1,0,0,0,2,0,1,1,0,0,0,0,0,0,0,0,0,0,0
0,1.236105561,271.5991211,57.56957626,5.203642368,3.946511269,9.107206345,3.217548847,-6.619149685,-5.651913166,0,-2.572108036,-2.651825105,-2.633432687,-2.23935288,-3.55145541,12.93816527,0.030506385,-0.508878023,0.568603163,12.20689655,392.499,0.260657339,-0.507572841,2.081534231,82.19,0.333333333,0,0,0,1,2,1,3,0,0,3,1,2,0,0,0,0,3,5.081,0,0,0,0,1,1,0,0,2,0,0,0,1,0,1,0,0,0,0,0,0,0,0,0,0,0,0
0,1.122876883,140.2112885,13.2673378,8.305459976,5.350312233,10.15306091,4.424555779,-5.777884483,-5.019168377,0,-2.686701914,-2.50362,-2.606924728,-2.094873716,-3.268507063,12.12528854,0.0069572,-0.310814738,0.599111066,24.11111111,372.549,0.133051972,-0.507508783,1.923505797,46.53,0.708333333,1,1,2,0,1,0,1,2,0,3,1,6,0,1,0,0,3,6.264,0,0,0,0,0,1,0,0,0,0,0,0,0,0,3,0,1,0,0,0,0,0,0,0,0,0,3
0,1.414099932,152.7008057,34.84024429,4.753394127,1.764519215,4.994215488,8.591702461,-6.731966019,-6.219573498,1,-2.331211155,-2.442630579,-2.304120586,-2.072113304,-3.507346181,15.56261184,0.143612175,-4.954955852,0.157482219,12.24444444,631.598,0.416346827,-0.493663022,1.953781741,102.56,0.28125,0,0,0,0,3,1,4,1,0,7,1,12,0,0,0,0,4,5.53502,1,0,0,0,0,0,0,2,1,0,0,0,0,0,0,5,0,0,0,0,0,0,0,0,0,0,0
0,1.344396353,163.8275604,44.72156143,3.240570784,3.763232231,6.167749882,2.008018017,-5.739663601,-4.836200714,1,-2.392039085,-2.455143839,-2.475310426,-1.953908889,-3.509550154,12.76137188,0.077405518,-1.060648148,0.464336969,16.35714286,385.376,0.33709779,-0.465553326,2.758655138,131.56,0.315789474,0,1,1,0,1,0,1,1,0,8,1,5,0,0,0,1,2,2.45788,0,0,0,0,0,0,0,2,1,0,0,0,0,0,0,0,0,0,0,1,1,0,0,0,0,0,0
0,1.372572303,112.0782089,23.62504959,2.018209934,2.43358469,8.474925995,2.471132755,-3.817320824,-6.132817268,1,-2.403317978,-2.574922393,-2.415889141,-2.090026377,-3.378246603,15.43012161,0.151525541,-4.303663968,0.30528323,26.36111111,529.458,0.459059747,-0.46180305,1.797034331,158.18,0.5,0,1,1,0,1,1,2,6,0,10,2,10,1,1,0,0,3,1.6565,0,1,0,0,1,0,0,1,2,0,0,0,0,0,0,1,0,0,0,0,0,0,0,0,0,0,0
0,1.431703448,152.0137634,71.24282837,2.961695194,2.340463877,6.443886757,2.931843281,-6.038945198,-4.845257759,0,-2.728464394,-2.860496683,-2.964840282,-2.161242399,-3.993926555,14.44515852,0.028849698,-2.921136862,0.442986955,18.75609756,582.97,0.251606733,-0.350806373,1.605589413,119.29,0.285714286,1,1,2,3,1,2,3,2,0,6,3,7,1,2,0,0,5,4.32458,0,0,0,0,0,0,0,5,1,0,0,0,2,0,0,4,0,0,0,0,0,0,0,0,0,0,0
0,1.434345245,123.9723816,67.61175537,5.44493866,3.30737114,9.723577499,6.460235119,-7.061572552,-5.582830906,1,-2.651024043,-2.847227117,-2.763703113,-2.300630065,-3.649074475,15.23407661,0.017678655,-3.772280226,0.362325304,18.16216216,520.504,0.585787216,-0.39541189,1.464049349,113.18,0.423076923,1,1,2,1,2,1,3,1,0,7,2,8,0,1,0,0,5,3.3953,0,3,0,0,0,0,0,1,1,0,0,0,1,0,2,3,0,0,0,0,0,0,0,0,0,0,0
0,1.545895815,174.3231049,73.22843933,2.37095356,1.718884468,6.585762501,4.119909286,-3.180688143,-6.087049961,1,-2.401895015,-2.229406888,-2.302804401,-1.808439552,-3.032353315,12.74031359,0.054009802,-1.62236231,0.374199888,22.77142857,482.441,0.202443576,-0.507678567,1.492733371,155.14,0.24,0,2,2,0,3,0,3,4,0,10,2,4,0,0,0,0,5,2.3627,0,2,0,0,0,3,0,0,0,0,0,0,0,0,2,0,1,0,0,0,0,0,0,0,0,0,0
0,1.421031713,185.8041382,31.16950607,2.787942648,2.768865585,4.250694275,4.395497322,-5.448841095,-4.857397079,0,-2.442096804,-2.672158103,-2.555270678,-2.182712613,-3.440488792,16.06125942,0.130360843,-4.303376506,0.282624874,31.43103448,838.878,0.407675218,-0.470886062,1.261081276,195.22,0.631578947,3,2,5,4,1,1,2,7,2,11,3,6,1,4,0,0,7,3.8568,0,0,0,0,0,0,0,3,3,0,0,0,0,0,5,4,0,0,0,0,0,0,0,0,1,0,0
0,1.080673456,114.1973877,-25.41885376,3.468726635,2.600789785,7.884444714,6.838790417,-5.496071815,-4.913124084,1,-2.763521373,-2.596824898,-2.68470467,-2.292392378,-3.630426408,14.36141029,0.019310587,-2.4280639,0.15551124,40.41538462,914.187,0.328662805,-0.460091562,1.701997863,195.43,0.745098039,1,3,4,1,0,0,0,15,2,13,3,6,2,3,0,0,4,6.1806,0,3,0,0,0,0,0,1,0,0,0,0,0,0,3,0,3,0,1,0,0,0,0,0,0,0,0
0,1.4871943,61.52828979,-62.87129974,-0.755690813,-0.202092171,4.808989525,6.364993572,-0.952105284,-5.434136868,1,-2.08941833,-2.172421231,-2.309649604,-1.715104727,-3.032454859,10.47384083,0.047574641,-3.398778187,0.45331274,13,246.306,0.263887109,-0.270318833,3.4084654,86.74,1,0,0,0,0,0,0,0,0,0,6,0,7,0,0,0,0,0,-0.281,0,0,0,0,0,0,0,0,0,0,0,0,0,0,0,0,0,0,0,0,0,0,0,0,0,0,1
0,1.121442199,180.5582886,-3.175468445,1.84870255,0.60986042,11.80454826,9.375132561,-1.646629453,-4.673315048,1,-2.523430677,-2.43293026,-2.43446676,-1.951126944,-3.374370704,11.9494709,0.142962963,-0.179166667,0.812340062,21.82352941,233.311,0.314236808,-0.468502977,2.211644343,38.33,0.5,0,1,1,0,1,0,1,2,0,3,1,3,1,1,0,0,2,2.0853,0,0,0,0,0,0,0,0,1,0,0,0,0,0,0,0,0,0,0,0,0,0,0,0,0,0,0
0,1.475558043,230.1446075,19.98025894,-0.178397894,-1.531515598,9.288132668,8.54654789,-1.128844023,-5.626115799,1,-2.270208923,-2.363069897,-2.450634103,-2.028224445,-3.282719675,11.44078704,0.351296296,-0.370740741,0.246991872,10.46666667,420.434,0.331703247,-0.338721321,1.82E-07,197.4,0.375,0,0,0,0,0,4,4,0,0,12,4,1,0,0,0,0,4,-3.1756,0,0,0,0,2,0,0,6,2,2,0,0,0,0,2,0,0,0,0,0,0,0,0,0,0,0,0
0,1.306689262,132.9828644,12.9530983,3.49623394,-0.014491558,4.487060547,9.322792053,-3.852586508,-4.722694874,1,-2.107127835,-1.972686161,-2.132510726,-1.58751255,-3.079765031,10.91624473,0.484720674,-0.807535483,0.881077808,12.35294118,230.263,0.310185725,-0.496745104,2.478964439,46.53,0.214285714,0,0,0,0,2,0,2,1,0,2,0,3,0,0,0,0,2,3.0365,1,0,0,0,0,0,0,0,0,0,0,0,0,0,1,0,0,0,0,0,0,0,0,0,0,0,0
0,1.497552872,174.890625,33.50553513,3.997234344,3.670294285,9.232980728,3.28735137,-5.552348614,-4.629165649,0,-2.310998276,-2.522921295,-2.408228116,-2.017048692,-3.563026718,13.58377438,0.042692954,-5.008938627,0.437625312,20.21621622,534.432,0.415936663,-0.349264174,1.663294522,83.24,0.391304348,0,1,1,0,2,1,3,3,0,5,2,6,1,1,0,0,4,4.9521,0,0,0,0,2,0,0,2,2,0,0,0,0,0,0,7,0,0,0,0,0,0,0,0,0,0,0
0,1.276111603,162.8006287,21.06470108,3.386904001,1.670113683,9.532558441,8.163531303,-3.773920298,-4.625300884,1,-2.689453805,-2.736729632,-2.625615209,-2.244128414,-3.592334689,13.55526581,0.208038837,-0.916243386,0.675791636,18.93103448,414.527,0.302967306,-0.496768207,2.055852319,59.08,0.363636364,0,1,1,1,2,0,2,2,0,6,1,6,0,0,0,0,3,3.3685,0,0,0,0,0,0,0,2,0,0,0,0,1,0,1,0,0,0,0,0,0,0,0,1,0,0,0
0,1.62161231,206.2000275,87.4196167,1.480270505,0.606240869,6.998902321,7.917590141,-2.781092644,-4.179718971,1,-2.311757692,-2.462702845,-2.682486245,-1.769625691,-3.372344564,6.130140779,0.621851852,0.621851852,0.812404427,14.9375,253.718,0.195522244,-0.354253713,2.06171486,62.2,0.222222222,0,1,1,0,1,1,2,0,0,6,2,1,0,0,0,0,3,1.7158,0,0,0,0,0,0,0,3,2,0,0,0,1,0,1,1,0,0,0,0,0,0,0,0,0,0,0
0,1.541178346,287.9370117,53.76446152,2.139517784,1.98237741,8.166129112,0.046997547,-4.300580025,-5.626434803,0,-2.438714201,-2.537531428,-2.406025486,-2.220419736,-3.378432689,11.31415918,0.00758792,-0.589445841,0.398901999,14.52173913,314.257,0.344493649,-0.455049995,1.738074892,118.05,0.071428571,0,1,1,3,1,1,2,0,0,6,2,4,1,1,0,0,3,1.7405,0,0,0,0,0,0,0,3,1,0,0,0,0,0,0,0,0,0,0,1,1,0,0,0,0,0,0
0,1.387106419,245.0025024,93.9259491,2.707846403,0.103346825,9.2852211,8.495778084,-0.882787228,-4.918646812,1,-2.725736781,-2.717963449,-2.689032655,-2.356982019,-3.66466545,10.44069303,0.159722222,-0.594392479,0.703347492,42.57142857,285.343,0.165242891,-0.50424666,1.844525447,52.93,0.529411765,2,2,4,0,1,0,1,5,2,4,2,0,1,1,1,0,5,1.1981,0,1,0,0,0,1,0,1,0,0,0,0,0,0,0,0,0,0,0,0,0,0,0,0,0,0,0
0,1.260733724,234.6502686,62.12659836,3.278437376,2.78910327,9.084136963,3.254353046,-4.698976994,-4.870366096,1,-2.727930935,-2.513555832,-2.616604055,-2.127361229,-3.392347335,13.22687894,0.012528843,-1.200799031,0.712452792,50.35483871,430.541,0.19274502,-0.392760681,1.553614077,93.06,0.76,4,1,5,0,0,0,0,9,0,6,1,4,1,4,0,1,5,2.7168,0,2,0,0,0,0,0,0,0,0,0,0,0,0,7,0,2,0,0,0,0,0,0,0,0,0,0
0,1.172264814,227.2298889,26.12935257,4.52677393,3.119925499,8.327911377,4.157870293,-4.631062508,-4.708298683,1,-2.421590988,-2.336660174,-2.408185159,-1.944545405,-3.092134241,12.26739757,0.065148101,-1.162764498,0.783331065,48.84,342.479,0.161345529,-0.38150584,1.797169259,54.37,0.727272727,4,0,4,0,0,0,0,6,0,3,0,1,0,2,0,0,4,4.0045,0,1,0,0,0,0,0,0,0,0,0,0,0,0,5,0,2,0,0,0,0,0,0,0,0,0,0
0,1.036404252,160.9564056,2.000484467,3.516891956,2.985821724,8.618061066,4.576621056,-3.329747677,-5.374723434,1,-2.558817379,-2.592187484,-2.451910786,-2.239915743,-3.498850091,15.12954023,0.022871036,-1.609939614,0.147924715,26.90588235,1202.635,0.245643649,-0.390126486,4.320268725,278.8,0.790322581,0,1,1,11,0,0,0,12,0,12,1,15,1,1,0,0,1,3.269,0,1,0,0,0,0,0,7,4,0,0,0,0,0,0,0,0,0,0,0,0,0,0,0,0,0,0
0,0.914445877,19.59715271,-67.78747559,2.594426155,0.69171226,4.743995667,9.301433563,-2.164176702,-4.319491386,1,-2.346256525,-2.188296461,-2.247829904,-1.796255511,-3.175996752,10.47935185,0.101851852,-0.635462963,0.642371975,10.3,144.214,0.305986779,-0.481026464,3.609578053,37.3,0.875,0,0,0,0,0,0,0,0,0,1,0,5,0,0,0,0,0,2.2874,1,0,0,0,0,0,0,0,0,0,0,0,0,0,0,0,0,0,0,0,0,0,0,0,0,0,0
0,1.202808857,69.22285461,-21.51482391,1.91787374,1.576939702,11.26476574,3.349457979,-1.679833174,-4.144764423,1,-2.37329396,-2.354580908,-2.62571549,-1.824773471,-3.176000021,5.54382716,0.697453704,0.697453704,0.606693792,10,161.657,0.079706209,-0.249747502,2.688675037,12.89,0.5,0,0,0,0,0,1,1,0,0,2,1,2,0,0,0,0,1,2.23282,0,0,0,0,0,0,0,1,0,0,0,0,0,0,0,1,0,0,0,0,0,0,0,0,0,0,0
0,1.311224937,81.19872284,6.957866669,0.695056438,-1.020625114,8.990463257,8.848711014,-1.461043835,-6.102200031,1,-2.281127098,-2.285278261,-2.515653907,-1.824885931,-3.216108902,10.34927041,0.409136897,-0.485017944,0.384102878,11.71428571,314.411,0.273570192,-0.463840977,2.218277243,83.58,0.538461538,0,0,0,0,0,1,1,0,0,7,1,10,0,0,0,0,1,1.459,0,0,0,0,0,0,0,2,2,0,0,0,0,0,0,0,0,0,0,1,0,0,0,1,0,0,0
0,1.338564992,105.2314606,-8.17016983,3.991644382,0.479038835,4.536273956,5.748091698,-3.864523888,-4.540895462,1,-2.102732583,-2.129295571,-2.208620711,-1.649653014,-3.151227943,13.96663643,0.396481481,-0.956610082,0.893750443,12.11111111,244.265,0.310187148,-0.480788492,2.401363872,37.3,0.133333333,0,0,0,0,2,0,2,1,0,1,0,3,0,0,0,1,2,3.6808,1,0,0,0,0,0,0,0,0,0,0,0,0,0,0,1,0,0,0,0,0,0,0,0,0,0,0
0,1.52190721,236.40802,50.30604935,1.095249653,-3.948386908,3.749937057,3.871637344,-1.798927426,-6.508563042,1,-2.336940557,-2.367615964,-2.398038534,-1.956967887,-3.333076178,10.35842593,0.175925926,-1.18537037,0.408715855,9.454545455,153.137,0.339048197,-0.507050155,3.23220887,83.55,0,0,0,0,0,1,0,1,0,0,3,0,1,0,0,0,0,1,0.6726,0,0,1,1,0,1,0,0,0,1,0,0,1,0,0,0,0,0,0,0,0,0,0,0,0,0,0
0,1.532590747,173.1653595,36.70032883,5.114794254,4.296710491,6.063327789,3.077414989,-7.314602375,-4.204725266,1,-2.772964358,-2.827257257,-2.828026286,-2.304394331,-3.595057232,13.60045351,0.001785242,-4.868966049,0.732809095,24.28571429,315.678,0.44472937,-0.414914831,2.218109084,38.33,0.357142857,1,1,2,1,1,0,1,1,0,2,1,0,0,1,0,0,3,4.0731,0,0,0,0,0,0,0,0,1,0,0,0,1,0,1,4,0,0,1,0,0,0,0,0,0,0,0
0,1.285176277,110.380249,26.28873062,4.012634277,3.503455162,8.810758591,3.718729019,-5.287721157,-5.101630211,1,-2.55050427,-2.713025845,-2.614321496,-2.246822504,-3.628806557,13.39596345,0.012612122,-3.904150585,0.399740375,17.91428571,505.637,0.407310699,-0.443691514,1.795490991,131.19,0.48,0,1,1,1,2,0,2,3,0,7,1,11,1,1,0,0,3,2.4028,0,1,1,0,0,0,0,1,1,1,0,0,1,0,0,0,0,0,0,0,0,0,0,0,1,0,0
0,1.123765111,155.4224548,16.16610336,5.034291267,3.678551674,8.847748756,3.643957138,-4.639087677,-4.507531166,0,-2.45297992,-2.368049106,-2.436141188,-1.970469367,-3.004487206,12.14671816,0.245103025,0.245103025,0.701319428,49,314.469,0.15519729,-0.299693706,1.669603312,34.14,0.80952381,4,0,4,0,0,0,0,6,0,2,0,1,0,3,0,0,4,4.7235,0,0,0,0,0,0,0,0,0,0,0,0,0,0,5,0,2,0,0,0,0,0,0,0,0,0,0
0,1.36475575,142.971817,32.94266891,3.006500721,3.108155489,10.67301083,3.267869473,-3.793969631,-4.14352417,1,-2.650739478,-2.782118619,-2.567973662,-2.041036785,-3.638265025,12.02446838,0.028237434,-0.028237434,0.791645336,14.6,284.746,0.24791728,-0.313199918,2.229963444,32.67,0.125,0,1,1,1,2,0,2,0,0,2,1,1,0,0,0,0,3,3.1538,0,0,0,0,0,0,0,2,0,0,0,0,1,0,1,1,0,0,0,0,0,0,0,0,0,0,0
0,1.359936595,109.1861572,21.05044174,5.51292944,4.478861332,5.503304005,3.355496168,-6.274756432,-4.95631361,1,-2.355942123,-2.478991435,-2.518651737,-2.074529756,-3.343372062,13.43698078,0.042083471,-4.64799233,0.222836763,18.45238095,602.675,0.417390214,-0.511574724,1.567700518,105.59,0.35483871,0,1,1,0,2,1,3,2,0,6,2,11,0,0,0,0,4,7.3255,0,1,0,0,0,0,0,1,1,0,0,0,1,0,0,3,0,0,1,0,0,0,0,0,1,0,0
0,1.212122798,137.0347137,44.13733292,4.764215469,3.318333864,7.629576206,7.196621418,-5.617909908,-6.023639679,1,-2.587824311,-2.58747212,-2.538551052,-2.198431978,-3.572268085,13.82941553,0.056571266,-1.299037776,0.197502071,21.51020408,670.855,0.270063047,-0.389635198,1.353197544,166.75,0.5,1,1,2,4,2,1,3,6,0,7,2,12,1,2,0,0,5,3.0924,0,1,0,0,0,0,0,2,3,1,0,0,0,0,2,0,0,0,0,0,0,0,0,0,0,0,0
0,0.976205468,64.7634964,-60.07497406,6.984704018,2.100939989,10.56648922,9.373535156,-6.062907219,-4.841372967,0,-2.404944554,-2.461242067,-2.53977319,-1.956184417,-3.164963177,8.805606222,0.098498764,0.098498764,0.660593388,20.85714286,286.459,0.061749514,-0.392285587,2.77585316,20.23,0.5,1,0,1,0,0,0,0,0,0,1,0,5,0,0,0,0,1,5.5103,0,1,0,0,0,0,0,0,0,0,0,0,0,0,0,0,0,0,0,0,0,0,0,0,0,0,0
0,1.229906917,167.2539368,38.51428604,4.874920845,1.126572728,9.837697029,9.114455223,-4.50716114,-4.535438538,1,-2.590014921,-2.652748446,-2.769825566,-2.202427801,-3.496538866,13.13752173,0.313657407,0.313657407,0.795249711,36.36363636,296.414,0.25397775,-0.33347384,1.528817792,23.55,0.631578947,1,4,5,1,1,0,1,2,2,2,4,1,3,3,0,0,6,2.6565,0,0,0,0,0,0,0,2,0,0,0,0,0,0,3,0,0,0,0,0,0,0,0,0,0,0,0
0,1.067346215,168.1022186,-44.44798279,7.373753548,0.515318394,4.690909386,8.886525154,-6.474065781,-4.81098175,0,-2.489258275,-2.329914509,-2.352024859,-1.951690891,-3.350651702,10.53400527,0.259688494,-0.912324396,0.529573196,20.22727273,300.442,0.328068806,-0.478066745,2.791584958,37.3,0.45,1,0,1,0,0,0,0,0,0,1,0,5,0,0,0,0,1,5.6026,1,0,0,0,0,0,0,0,0,0,0,0,0,0,0,0,0,0,0,0,0,0,0,0,0,0,0
0,1.112558246,77.76927185,13.1323204,7.795593262,5.221945763,10.26648521,6.459612846,-6.670676231,-4.617465496,0,-2.611753928,-2.552260137,-2.669993522,-2.133934522,-3.306115497,10.67984072,0.177233599,-0.177233599,0.567315994,25.13043478,314.469,0.127411355,-0.507497006,1.989175886,29.46,0.619047619,1,1,2,0,1,0,1,2,0,2,1,4,0,0,0,0,3,5.7358,0,0,0,0,0,1,0,0,0,0,0,0,0,0,3,0,0,0,0,0,0,0,0,0,0,0,2
0,1.339312434,126.9208527,27.74186325,5.069199562,3.67156601,10.11175537,4.660965443,-4.825763226,-4.26328373,1,-2.557239472,-2.772347789,-2.649486568,-2.045089813,-3.592285693,12.03094566,0.214700477,-0.214700477,0.704885798,16.44444444,382.891,0.409261697,-0.449709359,1.755325411,42.43,0.363636364,1,1,2,1,1,1,2,0,0,3,2,1,1,1,0,0,4,4.8878,0,0,0,0,0,0,0,2,0,0,0,0,0,0,2,1,0,0,0,0,0,0,0,0,0,0,0
0,1.039659619,111.622261,-1.192932129,7.246460915,3.728878498,10.03569603,7.56862545,-7.043097496,-4.752624512,0,-2.357350589,-2.409853153,-2.489319349,-2.010135726,-3.229884996,10.03549781,0.192240254,-0.534938199,0.518468604,37.17241379,400.647,0.059132468,-0.392772789,1.683649322,40.46,0.777777778,3,0,3,0,0,0,0,5,0,2,0,6,0,3,0,0,3,6.7339,0,2,0,0,0,0,0,0,0,0,0,0,0,0,1,0,0,0,0,0,0,0,0,0,0,0,0
0,1.617423654,301.5280762,76.74455261,4.716192245,1.449625731,4.353093147,2.265552521,-5.638943672,-4.584997654,0,-2.438458664,-2.265940325,-2.326109367,-1.894287349,-3.497368316,10.91374626,0.142894901,-1.017916667,0.756793235,10.9,308.12,0.335320978,-0.477637591,2.146301253,63.33,0,0,0,0,0,2,1,3,0,0,3,1,2,0,0,0,0,3,4.4998,0,0,0,1,0,0,0,1,0,0,0,0,0,0,1,2,0,0,0,0,0,0,0,0,0,0,0
0,1.019138336,112.11763,5.261405945,8.417924881,4.093907833,9.906843185,7.315689564,-7.86540556,-5.046568871,0,-2.259213275,-2.319036006,-2.5019737,-1.914131694,-3.052086885,10.12651597,0.420454831,-0.59484135,0.527790506,39.34482759,400.647,0.081130236,-0.39266957,1.713301524,40.46,0.777777778,3,0,3,0,0,0,0,6,0,2,0,6,0,3,0,0,3,6.5898,0,2,0,0,0,0,0,0,0,0,0,0,0,0,1,0,0,0,0,0,0,0,0,0,0,0,0
0,1.090819597,118.578804,-5.418235779,5.249926567,2.297989607,10.7031126,9.694393158,-5.667387009,-5.499528408,1,-2.160667029,-2.335091415,-2.416967631,-1.838949064,-3.1423214,10.43668808,0.213981481,0.213981481,0.742339965,13,325.496,0.11890722,-0.507651906,2.322646371,23.47,0.454545455,0,0,0,0,2,0,2,1,0,2,0,7,0,0,0,0,2,5.34142,0,0,0,0,0,1,0,1,0,0,0,0,0,0,0,0,0,0,0,0,0,0,0,0,0,0,0
0,1.025819182,143.4164734,-2.772556305,7.652563095,3.793408394,9.659135818,8.295751572,-7.798165798,-5.238847733,0,-2.257419568,-2.317242299,-2.500179993,-1.912337987,-3.050293178,10.13871328,0.384937524,-0.604860971,0.49865603,39.8,412.658,0.081130236,-0.39266957,1.763077632,40.46,0.714285714,3,0,3,0,0,0,0,7,0,2,0,5,0,3,0,0,3,6.6118,0,2,0,0,0,0,0,0,0,0,0,0,0,0,1,0,0,0,0,0,0,0,0,0,0,0,0
0,0.90288353,-8.401611328,-123.9721527,6.649008751,8.472886086,9.213130951,7.395952225,-7.665931225,-4.642484665,0,-2.306871364,-2.339052079,-2.318905202,-1.808438956,-2.964606154,11.13240772,0.092729512,-0.092729512,0.207118047,12.58333333,330.512,0.305278983,-0.465969072,3.481558217,26.3,0.5,0,0,0,0,0,0,0,0,0,2,0,14,0,0,0,0,0,6.4712,0,0,0,0,0,0,0,0,0,0,0,0,0,0,0,0,0,0,0,0,0,0,0,0,0,0,1
0,1.257824421,87.85600281,-7.438308716,4.10604763,1.233227968,4.400064468,7.064283371,-3.897553205,-4.689445019,1,-2.615318572,-2.419896327,-2.412102913,-2.129916726,-3.465989229,14.40825253,0.038574525,-3.306294677,0.513730384,31.11111111,390.467,0.302839557,-0.48123039,1.842320569,83.83,0.9,1,1,2,0,0,0,0,4,0,4,1,11,1,2,0,0,2,4.3099,1,1,0,0,0,0,0,0,0,0,0,0,0,0,1,2,1,0,0,0,0,0,0,0,0,0,4
0,0.950941324,84.56813812,-6.922065735,8.727986336,4.451041222,9.870897293,7.488526821,-7.760957718,-4.701141357,0,-2.365044021,-2.424866751,-2.504332947,-2.022591857,-3.118210676,10.02378449,0.171924683,-0.171924683,0.499104027,37.64285714,384.648,0.058337868,-0.392772789,1.695898531,20.23,0.777777778,3,0,3,0,0,0,0,5,0,1,0,6,0,3,0,0,3,7.619,0,1,0,0,0,0,0,0,0,0,0,0,0,0,1,0,0,0,0,0,0,0,0,0,0,0,0
0,1.401649237,149.8796387,51.09182358,4.218828201,0.561976552,4.66365242,3.722590208,-5.365273476,-4.85854435,1,-2.467506537,-2.286972132,-2.440594265,-1.928635611,-3.576271137,12.9872034,0.170239303,-0.95471129,0.767806512,10.84,357.793,0.307407802,-0.49674296,2.232371733,68.53,0.157894737,0,0,0,0,2,1,3,0,0,4,1,4,0,0,0,0,3,3.92732,1,0,0,0,0,0,0,1,0,0,0,0,0,0,1,1,0,0,0,0,0,0,0,0,0,0,0
0,1.167972326,229.9032288,16.26421738,8.074876785,4.026455402,4.152160168,2.701390743,-6.921982765,-5.068237305,1,-2.456611438,-2.402661871,-2.420274998,-1.946103199,-3.453478722,11.07665062,0.153520103,-0.906384672,0.727014531,17.42307692,348.486,0.335178964,-0.477639247,2.08609081,37.3,0.375,1,0,1,0,2,0,2,0,0,1,0,3,0,0,0,0,3,6.10372,0,0,0,1,0,0,0,0,0,0,0,0,0,0,1,0,0,0,0,0,0,0,0,0,0,0,0
0,1.446680784,250.9007568,79.14852905,0.324736118,-0.500619173,5.931638241,8.824140549,-3.702309132,-5.554648876,1,-2.77647252,-2.805879419,-2.797556803,-2.414303328,-3.963119703,14.60768519,0.137207814,-1.27510223,0.893229876,18.125,331.347,0.340723079,-0.477497023,1.948598125,74.57,0.411764706,1,1,2,0,1,1,2,0,0,5,2,3,1,2,0,0,4,1.5833,0,0,0,1,0,0,0,2,1,0,0,0,1,0,1,1,0,0,0,0,0,0,0,0,0,0,0
0,0.960717916,113.9563599,-14.96741867,7.978111267,4.375391006,9.616047859,8.277711868,-7.69340229,-4.791255951,0,-2.363250314,-2.423073045,-2.502539241,-2.022098483,-3.11641697,10.0359818,0.181944304,-0.181944304,0.473279034,38.17241379,396.659,0.058337868,-0.392772789,1.748614911,20.23,0.714285714,3,0,3,0,0,0,0,6,0,1,0,5,0,3,0,0,3,7.641,0,1,0,0,0,0,0,0,0,0,0,0,0,0,1,0,0,0,0,0,0,0,0,0,0,0,0
0,1.474312067,190.7349548,58.17692184,2.999915361,3.093079805,7.837865353,0.689357758,-4.914546013,-4.512862682,0,-2.49805362,-2.699653085,-2.681283852,-1.972660147,-3.667167992,14.51971728,0.144160119,-4.81996082,0.549241711,15.6875,464.444,0.417261436,-0.355020427,2.096496533,76.44,0.238095238,0,1,1,2,2,0,2,0,0,4,1,3,1,1,0,0,3,3.99248,0,0,0,0,0,0,1,3,1,0,0,0,2,0,0,4,0,0,0,0,0,0,0,0,0,0,0
0,1.338937759,207.6649323,71.84732056,6.715071678,6.419754982,12.09581184,7.398921967,-7.032206059,-4.763275623,0,-2.735540772,-2.950641836,-2.95953337,-2.231752317,-3.805482356,6.172510551,0.130199338,0.130199338,0.274929845,12.09090909,473.407,0.090014774,-0.353710269,1.803450331,42.21,0.111111111,1,1,2,0,3,0,3,0,0,4,1,4,0,0,0,0,5,7.4898,0,0,0,0,0,0,0,3,1,0,0,0,2,0,2,2,0,0,0,0,0,0,0,0,0,0,0
0,1.08807373,130.9172058,9.463672638,6.844214439,2.857652903,10.05130386,7.439734459,-7.177603245,-5.052055836,0,-2.261575795,-2.31407836,-2.497016054,-1.917585427,-3.070693956,10.12688634,0.374345947,-0.615156921,0.519991905,38.83333333,416.646,0.081130236,-0.39266957,1.700950552,60.69,0.777777778,3,0,3,0,0,0,0,6,0,3,0,6,0,3,0,0,3,5.7047,0,3,0,0,0,0,0,0,0,0,0,0,0,0,1,0,0,0,0,0,0,0,0,0,0,0,0
0,1.405396342,224.9466248,82.71513367,0.822647214,0.162051201,6.650668144,8.475608826,-3.156473637,-5.726109505,1,-2.722882576,-2.632714914,-2.672383959,-2.204684508,-3.370382742,13.23032262,0.104072483,-1.840669676,0.486542021,19.32258065,421.453,0.342676338,-0.507598177,1.74877211,104.89,0.347826087,0,2,2,0,1,2,3,1,0,8,4,3,0,0,0,0,5,1.8468,0,1,0,0,0,1,0,3,0,0,0,0,0,0,5,0,0,0,1,0,0,0,0,0,0,0,0
0,1.068251014,166.6552124,-2.830799103,6.366868973,2.443796635,10.05016899,8.274452209,-6.934229851,-5.252519131,0,-2.318786247,-2.348403665,-2.48299365,-1.952374695,-3.23314429,10.24102408,0.152396692,-0.673756427,0.514196907,38.66666667,416.646,0.065091507,-0.392694992,1.725353752,60.69,0.777777778,3,0,3,0,0,0,0,7,0,3,0,5,0,3,0,0,3,5.5606,0,3,0,0,0,0,0,0,0,0,0,0,0,0,1,0,0,0,0,0,0,0,0,0,0,0,0
0,1.284560323,195.9833221,61.78840256,2.804484367,2.709629536,10.12416267,8.124530792,-6.902772903,-5.091122627,0,-2.716458877,-2.870430574,-2.602685345,-2.144017833,-3.736556977,13.21088686,0.044363446,-0.469482996,0.349979262,16.625,539.636,0.337420676,-0.465416594,1.397276356,94.22,0.258064516,0,2,2,2,3,0,3,0,0,7,2,7,1,1,0,0,5,3.6159,0,0,0,0,0,0,0,3,2,0,0,0,3,0,1,0,0,0,0,0,0,0,0,0,0,0,0
0,1.389816642,244.4070435,40.42956161,5.469599724,4.673992157,9.23504734,4.400307655,-6.227051735,-4.978023529,0,-2.880676424,-2.964757423,-2.929190419,-2.405280241,-3.845314934,13.56568775,0.053521647,-4.912768118,0.42654247,37.2972973,528.537,0.417903701,-0.34895672,1.399638356,58.2,0.62962963,3,1,4,2,1,0,1,7,0,2,1,2,0,3,0,0,5,6.5761,0,0,0,0,0,0,0,0,2,0,0,0,1,0,5,6,0,0,0,0,0,0,0,0,0,0,0
0,2.594817638,231.3949432,67.66708374,4.158285141,2.156869173,2.687530756,8.270601273,-7.337921619,-5.078582764,1,-2.113027646,-2.034647316,-2.143509649,-1.61543823,-3.156862226,10.89762921,0.241620425,-1.019827297,0.388156632,12.04166667,776.872,0.320315512,-0.505725189,2.302631555,92.78,0.133333333,0,0,0,0,2,0,2,1,0,4,0,5,0,0,0,0,2,4.5573,1,0,0,0,0,1,0,0,0,1,0,0,0,0,0,4,0,0,0,0,0,0,0,0,0,0,0
0,1.180396199,138.3661194,25.44816208,3.170554638,1.891415238,8.912248611,9.116780281,-1.337006807,-5.894284248,1,-2.500945365,-2.483182338,-2.477381927,-2.070048512,-3.486461939,14.19764617,0.133071708,-1.79881469,0.238475441,49.61538462,748.996,0.311188426,-0.458935816,2.174897674,180.08,0.973684211,0,3,3,0,0,0,0,18,0,14,3,7,3,3,0,18,3,1.9007,0,5,0,0,0,0,0,2,0,0,0,0,0,0,0,0,0,0,1,0,0,0,0,0,0,0,0
0,0.97074759,149.7401581,-73.39944458,0.557957053,-2.121822596,11.81723404,9.625204086,0.622532845,-4.564717293,1,-2.393949364,-2.351719374,-2.536532804,-1.848544222,-3.252918944,4.17625,0.997037037,0.997037037,0.665801829,9.7,136.198,0.041575568,-0.319363459,2.426522347,24.92,0.375,0,0,0,0,0,1,1,0,0,2,1,3,0,0,0,0,1,0.8435,0,0,0,0,0,0,0,1,1,0,0,0,0,0,0,0,0,0,0,0,0,0,0,0,0,0,0
0,1.055023074,140.2536469,8.650779724,2.349196911,0.108385324,3.509753704,8.402702332,-3.314835548,-4.925877094,1,-2.703697942,-2.579837321,-2.583243173,-2.282927449,-3.664956651,13.08323704,0,-0.934767686,0.495021687,25,441.613,0.325940155,-0.479711838,8.61E-07,121.96,0.869565217,1,1,2,1,0,0,0,5,0,6,1,8,1,2,0,0,2,2.6842,1,0,0,0,0,0,0,1,1,1,0,0,0,0,1,0,0,0,0,0,0,0,0,0,0,0,0
0,1.014123797,110.4532776,-22.15026474,1.478059769,0.143257618,11.48140144,7.838106632,0.473194838,-4.622196198,1,-2.345325651,-2.433471921,-2.6094234,-1.893330986,-3.271724205,4.137037037,0.609907407,0.609907407,0.626151823,24.58333333,162.236,0.036029667,-0.299307149,2.194591658,16.13,0.5,0,1,1,0,0,1,1,1,0,2,2,1,1,1,0,0,2,1.8483,0,0,0,0,0,0,0,2,0,0,0,0,0,0,0,0,0,0,0,0,0,0,0,0,0,0,0
0,1.41931355,143.9785004,61.26567459,2.580672026,2.511861563,8.147888184,3.375198126,-4.807927608,-5.045119762,1,-2.453870352,-2.573128666,-2.417462947,-1.943158068,-3.433501111,13.34736568,0.006973969,-0.957104506,0.138316858,19.09756098,620.735,0.357782713,-0.427438251,1.551736912,175.4,0.4,0,2,2,2,0,2,2,2,0,14,4,9,1,1,0,0,4,2.29812,0,0,1,0,0,0,0,4,1,1,0,0,1,0,1,0,0,1,0,0,0,0,0,1,0,0,0
0,1.508550882,123.6916199,-17.25708771,-0.261029243,0.229686499,7.271738529,3.564774036,-1.768720627,-4.673271656,1,-2.388151,-2.522210757,-2.543850699,-2.007093374,-3.510757103,11.28335695,0.036252362,-3.126007653,0.558463504,11.625,247.276,0.342377597,-0.35785768,2.891985104,95.1,0.625,0,0,0,0,0,1,1,0,0,6,1,5,0,0,0,0,1,0.53442,0,0,0,0,0,0,0,3,0,0,0,0,0,0,0,0,0,0,0,1,0,0,0,0,0,1,0
0,1.093702674,84.42345428,-26.09573936,4.963003635,1.283471346,4.757894516,5.92659235,-4.667053699,-5.092140198,1,-2.460450138,-2.241093274,-2.286541059,-1.897106449,-3.243101208,12.19692256,0.087066396,-0.947347789,0.255941045,25.48148148,380.525,0.327475557,-0.478081999,2.473936515,94.83,0.727272727,1,0,1,0,0,0,0,5,0,4,0,13,0,1,0,0,1,3.8872,1,2,0,0,0,0,0,0,0,0,0,0,0,0,0,0,1,0,0,0,0,0,0,0,0,0,3
0,1.511684656,234.2343903,37.2240715,1.71576035,-0.544565201,5.947095871,3.713564157,-3.861596823,-4.639338017,1,-2.575008408,-2.711961105,-2.527498546,-2.216824677,-3.573075289,12.50190681,0.046864712,-3.905928577,0.870183922,15.95652174,331.353,0.277488412,-0.504861549,2.093281793,99.6,0.066666667,0,1,1,1,1,1,2,0,0,5,2,2,0,0,0,0,3,1.581,0,1,0,0,0,0,0,2,1,0,0,0,1,0,1,0,0,0,0,0,0,0,0,0,1,0,0
0,1.451675892,146.9190369,38.20830917,1.826247454,1.845946789,9.120692253,3.07629776,-2.714317322,-4.461648941,1,-2.382135313,-2.508481929,-2.428505734,-2.082031327,-3.565679508,14.37922367,0.095981198,-1.957662037,0.763975761,14.92,349.316,0.162866059,-0.382403297,2.127146403,76.72,0.25,0,0,0,0,1,2,3,2,0,6,2,5,0,0,0,0,3,2.1769,0,1,0,0,0,0,0,5,0,0,0,0,0,0,0,3,0,0,0,0,0,0,0,0,0,0,0
0,1.381714344,238.0848846,43.14650345,2.05248189,2.284624815,9.770187378,4.485399723,-3.313391924,-4.886685848,1,-2.467442874,-2.605413973,-2.586706106,-2.020027765,-3.534599229,12.57377929,0.173637566,0.173637566,0.64998558,14.28571429,299.761,0.227755551,-0.62300365,2.27183897,50.46,0.125,0,1,1,0,2,0,2,0,0,3,1,1,0,0,0,0,3,2.9507,0,0,0,0,0,0,0,2,1,0,1,1,0,0,1,1,0,0,0,0,0,0,0,0,0,0,0
0,1.361348987,149.1175842,53.33634567,2.6535604,2.156807661,9.368585587,5.564484119,-5.208106995,-4.498031139,1,-2.321430732,-2.322028485,-2.504212197,-1.925874372,-3.284012675,12.68025754,0.277212459,-1.328285305,0.769239037,12.33333333,345.424,0.197303118,-0.496683562,1.900572834,77.1,0.294117647,0,0,0,0,1,2,3,1,0,5,2,5,0,0,0,0,3,2.89974,0,0,0,0,1,0,0,2,1,0,0,0,0,0,1,0,0,0,0,0,0,0,0,0,0,0,0
0,1.152689576,121.0676727,31.28582382,5.484101772,2.048748493,11.14797401,9.407050133,-3.418003082,-4.569642544,1,-2.602908395,-2.629058679,-2.764591922,-2.215565291,-3.4388404,5.50505787,0.455902778,0.455902778,0.776132215,36.1,271.404,0.118674643,-0.496757233,1.878064713,12.47,0.666666667,2,1,3,0,1,0,1,3,2,2,1,1,1,2,0,0,4,3.3834,0,0,0,0,0,0,0,1,0,0,0,0,0,0,1,0,0,0,0,0,0,0,0,0,0,0,0
0,1.18240869,164.0817566,39.76661301,4.622848988,3.303721428,9.111337662,4.232228756,-4.300581932,-5.209236622,1,-2.379659515,-2.248798167,-2.338027964,-1.898570883,-3.244338951,10.90720884,0.127639637,-0.918779946,0.718001836,42.86363636,296.41,0.130335878,-0.507956032,1.721704965,40.46,0.6,3,0,3,0,1,0,1,5,0,2,0,0,0,2,0,0,4,3.6126,0,1,0,0,0,1,0,0,0,0,0,0,0,0,5,0,0,0,0,0,0,0,0,0,0,0,0
0,1.403922677,178.2648926,21.24093246,1.501047134,2.110426903,6.821033478,2.339138985,-3.40857482,-4.651103973,1,-2.51520093,-2.388519746,-2.535356308,-2.00505209,-3.427690492,12.00867903,0.195716884,-3.233808728,0.81699517,15.04545455,314.362,0.339009447,-0.457146391,2.091166386,60.44,0.117647059,0,1,1,0,2,0,2,0,0,4,1,3,0,0,0,0,3,2.5577,0,0,0,0,0,0,0,0,0,0,0,0,0,0,0,0,0,0,1,0,0,0,0,0,0,1,0
0,1.272122025,162.6661987,13.13153458,3.950017214,2.168307781,3.804555893,7.495288372,-3.249787331,-5.567343235,1,-2.53779174,-2.457092539,-2.431596492,-1.884039208,-3.702430683,10.50530231,0.202663954,-0.922697485,0.703893696,16.92592593,388.895,0.329143,-0.479533674,1.628887178,53.01,0.380952381,0,1,1,0,2,0,2,1,0,4,1,8,1,1,0,0,3,3.1482,1,0,0,0,0,0,0,2,0,0,0,0,0,0,0,1,0,0,0,0,0,0,0,0,0,0,0
0,1.427758217,234.3978577,61.94888687,-0.279073238,-0.774463654,5.985603333,8.888248444,-2.584052086,-5.443274498,1,-2.6321052,-2.690754007,-2.63923709,-2.271620742,-3.815005015,14.49490882,0.10012448,-1.300287416,0.891026298,15.13043478,319.336,0.340722851,-0.477497024,2.243584852,74.57,0.375,0,1,1,0,1,1,2,0,0,5,2,3,1,1,0,0,3,1.2683,0,0,0,1,0,0,0,2,1,0,0,0,1,0,1,1,0,0,0,0,0,0,0,0,0,0,0
0,1.482001781,153.0440216,15.94143295,4.415331841,0.442926168,3.338491678,3.958993196,-3.955910206,-5.500455379,1,-2.146073757,-2.219665383,-2.18649797,-1.577988493,-3.247957649,11.68997729,0.070907738,-1.201287648,0.769662114,10.17391304,354.189,0.341343706,-0.478721766,2.175370707,75.63,0.125,0,0,0,0,2,0,2,0,0,4,0,6,0,0,0,0,2,3.9073,1,0,0,0,0,0,0,0,1,0,0,0,2,0,0,2,0,0,0,0,0,0,0,0,0,0,0
0,1.277874827,115.5665436,-15.95903778,2.13928628,2.236562967,10.70923233,10.21197319,-2.712944746,-5.504437923,0,-2.187586071,-2.279916114,-2.357310643,-1.820131609,-3.03490806,12.65255773,0.090083879,-0.524818396,0.314142262,18.26666667,409.486,0.341780534,-0.457123139,1.558433308,117,0.347826087,1,0,1,0,2,0,2,0,0,5,0,7,0,1,0,0,3,3.0288,0,0,0,0,0,0,0,1,0,2,0,0,0,0,0,0,0,0,0,0,0,0,0,0,0,0,0
0,1.403720617,211.6620636,68.73292542,4.824083328,3.791911125,8.729061127,7.592961311,-4.817625999,-4.986405849,0,-2.52515473,-2.691238709,-2.688674317,-1.877904555,-3.699335878,11.56633609,0.049909548,0.049909548,0.707487298,17.17857143,412.946,0.22838393,-0.352692016,1.203754327,48.47,0.333333333,0,2,2,1,2,1,3,0,0,5,3,4,1,1,0,0,5,3.809,0,0,0,0,0,0,0,3,1,0,0,0,2,0,2,1,0,0,0,0,0,0,0,0,0,0,0
0,1.33033812,267.1517639,45.62600327,2.757488489,2.02929759,8.330957413,3.275242567,-4.595414639,-4.76260519,1,-2.367847885,-2.435320334,-2.45782537,-1.972249339,-3.106292379,16.85906329,0.067556453,-1.980464026,0.667213497,52.53571429,392.467,0.189906192,-0.389712416,1.837691879,94.83,0.727272727,4,0,4,0,0,0,0,8,0,5,0,2,0,3,0,0,4,1.8957,0,3,0,0,0,0,0,0,0,0,0,0,0,0,5,1,2,0,0,0,0,0,0,0,0,0,0
0,1.01189065,157.6237793,-55.04468155,3.213153839,1.12924552,12.21029854,8.581981659,-2.963865995,-4.524487972,1,-2.172936119,-2.270561203,-2.256794121,-1.877388008,-3.272263629,6.08337963,0.016064815,0.016064815,0.78455044,11.15789474,255.361,0.107596045,-0.367459863,2.144605562,12.47,0.294117647,0,0,0,0,2,0,2,0,0,2,0,6,0,0,0,0,2,3.3542,0,0,0,0,0,0,0,1,0,0,0,0,0,0,0,0,0,0,0,0,0,0,0,0,0,0,0
0,1.221923351,107.2974091,11.8248024,6.087879181,3.778486729,10.606884,7.290421963,-6.048139572,-5.194533825,0,-2.328370044,-2.477807122,-2.491266218,-1.982136371,-3.496236546,13.46365731,0.006286249,-0.243862323,0.543861258,15.83333333,404.504,0.122729613,-0.297133063,1.430903083,6.48,0.230769231,0,1,1,0,3,0,3,0,0,2,1,6,1,1,0,0,4,5.3852,0,0,0,0,0,0,0,2,0,0,0,0,0,0,0,2,0,0,0,0,0,0,0,0,0,0,0
0,1.279405236,235.1369171,47.56973648,2.907738209,1.65237236,8.288051605,3.752587557,-3.595231056,-4.632033348,1,-2.501400996,-2.416470182,-2.485730803,-2.023763339,-3.170388144,12.36157077,0.069679233,-1.543731523,0.696016441,50.5,362.466,0.189629163,-0.392772864,1.735083201,94.83,0.80952381,4,0,4,0,0,0,0,7,0,5,0,2,0,3,0,0,4,1.7816,0,3,0,0,0,0,0,0,0,0,0,0,0,0,5,0,2,0,0,0,0,0,0,0,0,0,0
0,1.552267432,259.0852661,51.02989578,2.339087009,0.344677567,5.747000217,2.213852406,-4.32656908,-4.72738266,1,-2.536243137,-2.693669077,-2.55798524,-2.156440117,-3.596845596,12.5086262,0.040145319,-3.897318883,0.861367208,16.17391304,351.409,0.278117149,-0.504861547,2.08682722,99.6,0.142857143,0,1,1,1,1,1,2,0,0,6,2,2,0,0,0,0,3,1.95092,0,1,0,0,0,0,0,2,1,0,0,0,1,0,1,0,0,0,0,0,0,0,0,0,1,0,0
0,1.774202943,29.93377686,-48.29597855,1.521058083,1.365439057,4.254981041,-0.71095562,-2.101672649,-4.677899361,1,-1.770630962,-1.814250902,-1.945927079,-1.475633478,-2.667794727,9.831581633,0.845416667,-1.545555556,0.373165925,9.4,227.085,0.294406798,-0.311482539,3.992205547,157.11,1,0,0,0,0,0,0,0,0,0,9,0,8,0,0,0,0,0,-1.0201,0,0,0,0,0,0,0,3,0,0,0,0,0,0,0,0,0,0,0,0,0,0,0,0,0,0,0
0,1.447992802,208.8665771,29.25152969,-1.189181805,-3.889580011,3.245417356,8.695618629,-1.667756319,-6.361941814,1,-2.574865246,-2.431964275,-2.431490647,-2.073936908,-3.549766912,11.94523006,0.004249969,-1.378493953,0.313973749,19.19230769,387.414,0.353875046,-0.480086448,2.613342306,179.38,0.533333333,0,1,1,1,0,0,0,3,0,7,1,10,0,0,0,0,1,-0.3172,3,0,0,0,0,0,0,1,1,1,0,0,0,0,0,0,0,0,0,0,0,0,0,1,0,0,1
0,1.644555211,277.3952026,56.8466835,0.957311988,0.712751985,7.066072941,2.365373135,-1.917240381,-4.462287903,1,-2.513852537,-2.575215771,-2.590740574,-2.003754777,-3.459447571,11.53436728,0.095648148,-0.428240741,0.607595718,11.07142857,214.612,0.331703956,-0.322710735,3.174385417,72.68,0.285714286,0,0,0,0,0,2,2,0,0,5,2,0,0,0,0,0,2,-0.3863,0,0,0,0,1,0,0,3,1,0,0,0,0,0,1,1,0,0,0,0,0,0,0,0,0,0,0
0,1.25978148,172.5151215,96.9210968,3.331817627,3.030078173,6.904500961,5.596197128,-5.323008537,-4.688215256,1,-2.62324732,-2.539451415,-2.543357901,-2.12009291,-3.252473563,12.15232662,0.056079079,-0.130629672,0.600266884,62,366.501,0.306018549,-0.458138828,1.333492693,43.37,0.833333333,6,1,7,0,0,0,0,10,0,3,1,0,1,6,1,0,7,4.3059,0,0,0,0,0,0,0,0,0,0,0,0,0,0,12,0,1,0,0,0,0,0,0,0,0,0,0
0,1.380548358,90.49443817,19.03234482,3.597546339,0.112195015,3.65804863,4.573165894,-3.247677803,-4.547966957,1,-2.429068356,-2.217267091,-2.283819807,-1.90174935,-3.433000981,12.11507417,0.065334467,-0.879111027,0.858960772,12.05555556,260.314,0.311026719,-0.480766842,2.257472118,54.37,0.142857143,0,0,0,0,1,1,2,1,0,3,1,4,0,0,0,1,2,3.1672,1,0,0,0,0,0,0,0,0,0,0,0,0,0,0,0,1,0,0,0,0,0,0,0,0,0,0
0,1.465914607,155.5381927,26.87179184,4.551913261,1.100200176,4.122410774,4.49283886,-3.922996044,-4.678347111,1,-2.151599743,-2.212226356,-2.207177726,-1.57629805,-3.277635348,10.8273384,0.064241071,-0.889346708,0.880728539,10.21052632,296.153,0.307395877,-0.480985214,2.355887944,49.33,0.071428571,0,0,0,0,2,0,2,0,0,2,0,4,0,0,0,0,2,4.3641,1,0,0,0,0,0,0,0,1,0,0,0,2,0,0,2,0,0,0,0,0,0,0,0,0,0,0
0,1.148085117,157.2738037,20.68227768,4.548493862,3.226616621,8.966921806,4.083135128,-4.114280701,-4.575332642,1,-2.371862099,-2.388681559,-2.449627106,-2.012098395,-3.041162859,11.78734775,0.082288176,-0.082288176,0.734229612,52.71428571,288.431,0.15519729,-0.392551425,1.68834964,37.3,0.842105263,4,0,4,0,0,0,0,6,0,2,0,0,0,3,0,0,4,3.8792,0,1,0,0,0,0,0,0,0,0,0,0,0,0,5,0,1,0,0,0,0,0,0,0,0,0,0
0,1.059213161,35.50428772,-36.89876556,8.549721718,5.490300179,10.05963326,3.286494732,-7.312381268,-4.850536346,0,-2.382135902,-2.442165162,-2.542843052,-1.965415217,-3.124233611,12.88539664,0.005261031,-0.005261031,0.264705831,16.39393939,450.707,0.189971782,-0.288951744,1.705761181,34.14,0.612903226,1,0,1,0,1,0,1,2,0,2,0,14,0,0,0,2,2,9.1576,0,0,0,0,0,0,0,0,0,0,0,0,0,0,1,0,2,0,0,0,0,0,0,0,0,0,0
0,1.168568611,175.194809,5.055549622,7.049415588,6.148745537,8.863870621,3.63033843,-6.651205063,-4.599150658,1,-2.350201792,-2.444417505,-2.375839662,-1.98392688,-3.049827821,17.32443715,0.088483927,-2.021002532,0.125066326,37.04444444,630.882,0.305720291,-0.457539014,1.239153375,100.9,0.815789474,4,0,4,0,0,0,0,8,0,6,0,17,0,3,0,0,4,7.9279,0,2,0,0,0,0,0,0,0,0,0,0,0,0,5,1,2,0,0,0,0,0,0,0,0,0,12
0,1.187554836,68.62664795,37.69730759,3.241364956,4.673663139,11.83711624,3.769160032,-3.930065393,-4.379165173,1,-2.464001563,-2.454672218,-2.495578901,-2.050243786,-3.354930454,12.29148526,0.000653817,0.000653817,0.758117011,11.64705882,230.311,0.168980301,-0.29374097,2.722786604,34.37,0.428571429,0,0,0,0,0,2,2,0,0,3,2,3,0,0,0,0,2,3.2964,0,0,0,0,0,0,0,2,0,0,0,0,0,0,1,0,1,0,0,0,0,0,0,0,0,0,0
0,1.22340548,63.56926727,-7.713825226,7.523409843,5.160682678,9.427907944,6.822776794,-7.745820045,-4.730991364,0,-2.513104993,-2.561431378,-2.533644987,-2.029461603,-3.340911325,13.45817187,0.052479662,-0.344468139,0.163644182,11.975,562.15,0.310162276,-0.49674296,1.681140703,57.53,0.352941176,0,0,0,0,2,1,3,0,0,5,1,12,0,0,0,0,3,8.80512,0,0,0,0,0,0,0,1,0,0,0,0,0,0,1,1,0,0,0,0,0,0,0,0,0,0,0
0,1.117971778,48.36181641,-49.58930969,7.716257095,3.579296589,8.920212746,8.438848495,-7.776736259,-4.788555622,0,-2.349430313,-2.434875478,-2.484381889,-1.952925361,-3.122520458,12.8684723,0.007695155,-0.022185374,0.319215731,15.15151515,444.659,0.189971782,-0.288951744,1.826586137,34.14,0.419354839,1,0,1,0,1,0,1,0,0,2,0,11,0,0,0,0,2,8.9179,0,0,0,0,0,0,0,0,0,0,0,0,0,0,1,0,2,0,0,0,0,0,0,0,0,0,0
0,0.880116224,35.59955597,-115.0982819,7.330795288,2.002167463,9.159393311,9.039587021,-7.107197285,-4.599887848,0,-2.344509218,-2.249446514,-2.273023978,-1.813576753,-2.923057398,10.91856489,0.276841883,0.276841883,0.338443285,13.16666667,330.556,0.129648605,-0.300018664,3.977883587,17.07,0.608695652,0,0,0,0,0,0,0,0,0,1,0,12,0,0,0,0,0,7.5013,0,0,0,0,0,0,0,0,0,0,0,0,0,0,0,0,1,0,0,0,0,0,0,0,0,0,0
0,1.051116347,76.44439697,-7.316108704,7.198984146,5.23504734,8.57084465,4.826720238,-6.783349037,-4.466636658,0,-2.390767106,-2.408751789,-2.39680961,-1.995215459,-3.023673489,12.68054647,0.043148075,0.043148075,0.247237814,37.66666667,456.711,0.305574447,-0.461769754,1.270831474,43.37,0.866666667,4,0,4,0,0,0,0,6,0,3,0,10,0,3,0,0,4,7.9609,0,0,0,0,0,0,0,0,0,0,0,0,0,0,5,0,1,0,0,0,0,0,0,0,0,0,7
0,1.065525293,47.97767639,-23.75098038,9.009502411,4.652838707,10.63441467,4.888446331,-7.351901531,-4.863416195,0,-2.482900554,-2.47768712,-2.558861224,-2.010227084,-3.248022404,12.74371094,0.143660814,-0.370444309,0.17836442,18.38461538,535.813,0.344621207,-0.486978989,1.514422245,48.42,0.657142857,0,1,1,0,1,1,2,3,0,4,2,14,0,0,0,0,3,9.74886,0,0,0,0,0,0,0,1,0,0,0,0,0,0,1,0,0,0,0,0,0,0,0,0,0,0,0