solvent_name,Drug,SMILES_Solvent,Solubility(mole_fraction),Solubility(mol/L),canonical_drug,canonical_solvent,value,Temperature_K,MaxEStateIndex_solvent,MinAbsEStateIndex_solvent,MinEStateIndex_solvent,qed_solvent,HeavyAtomMolWt_solvent,MaxPartialCharge_solvent,MinPartialCharge_solvent,MinAbsPartialCharge_solvent,FpDensityMorgan1_solvent,FpDensityMorgan3_solvent,BCUT2D_MWHI_solvent,BCUT2D_MWLOW_solvent,BCUT2D_LOGPLOW_solvent,BCUT2D_MRHI_solvent,BCUT2D_MRLOW_solvent,AvgIpc_solvent,BertzCT_solvent,Chi4n_solvent,HallKierAlpha_solvent,Kappa2_solvent,Kappa3_solvent,PEOE_VSA1_solvent,PEOE_VSA10_solvent,PEOE_VSA11_solvent,PEOE_VSA13_solvent,PEOE_VSA2_solvent,PEOE_VSA3_solvent,PEOE_VSA5_solvent,PEOE_VSA6_solvent,PEOE_VSA7_solvent,PEOE_VSA8_solvent,PEOE_VSA9_solvent,SMR_VSA1_solvent,SMR_VSA10_solvent,SMR_VSA3_solvent,SMR_VSA4_solvent,SlogP_VSA1_solvent,SlogP_VSA10_solvent,SlogP_VSA12_solvent,SlogP_VSA2_solvent,SlogP_VSA3_solvent,SlogP_VSA4_solvent,SlogP_VSA5_solvent,SlogP_VSA6_solvent,SlogP_VSA8_solvent,TPSA_solvent,EState_VSA1_solvent,EState_VSA10_solvent,EState_VSA2_solvent,EState_VSA3_solvent,EState_VSA4_solvent,EState_VSA5_solvent,EState_VSA6_solvent,EState_VSA7_solvent,EState_VSA8_solvent,EState_VSA9_solvent,VSA_EState1_solvent,VSA_EState3_solvent,VSA_EState4_solvent,VSA_EState5_solvent,VSA_EState6_solvent,VSA_EState7_solvent,VSA_EState8_solvent,VSA_EState9_solvent,FractionCSP3_solvent,NHOHCount_solvent,NOCount_solvent,NumAliphaticCarbocycles_solvent,NumAliphaticRings_solvent,NumAromaticHeterocycles_solvent,NumAtomStereoCenters_solvent,NumBridgeheadAtoms_solvent,NumHAcceptors_solvent,NumHeteroatoms_solvent,NumRotatableBonds_solvent,MolLogP_solvent,fr_Al_OH_noTert_solvent,fr_ArN_solvent,fr_COO_solvent,fr_NH1_solvent,fr_Ndealkylation2_solvent,fr_allylic_oxid_solvent,fr_aryl_methyl_solvent,fr_furan_solvent,fr_lactone_solvent,fr_methoxy_solvent,fr_morpholine_solvent,fr_para_hydroxylation_solvent,fr_phenol_noOrthoHbond_solvent,fr_priamide_solvent,fr_unbrch_alkane_solvent,MACCS_15_solvent,MACCS_19_solvent,MACCS_20_solvent,MACCS_21_solvent,MACCS_22_solvent,MACCS_28_solvent,MACCS_29_solvent,MACCS_34_solvent,MACCS_36_solvent,MACCS_40_solvent,MACCS_41_solvent,MACCS_42_solvent,MACCS_46_solvent,MACCS_48_solvent,MACCS_50_solvent,MACCS_53_solvent,MACCS_54_solvent,MACCS_57_solvent,MACCS_58_solvent,MACCS_65_solvent,MACCS_66_solvent,MACCS_72_solvent,MACCS_74_solvent,MACCS_82_solvent,MACCS_84_solvent,MACCS_86_solvent,MACCS_87_solvent,MACCS_89_solvent,MACCS_90_solvent,MACCS_91_solvent,MACCS_93_solvent,MACCS_95_solvent,MACCS_96_solvent,MACCS_98_solvent,MACCS_99_solvent,MACCS_101_solvent,MACCS_104_solvent,MACCS_105_solvent,MACCS_106_solvent,MACCS_107_solvent,MACCS_108_solvent,MACCS_112_solvent,MACCS_113_solvent,MACCS_114_solvent,MACCS_115_solvent,MACCS_116_solvent,MACCS_119_solvent,MACCS_123_solvent,MACCS_124_solvent,MACCS_126_solvent,MACCS_128_solvent,MACCS_129_solvent,MACCS_130_solvent,MACCS_132_solvent,MACCS_133_solvent,MACCS_135_solvent,MACCS_136_solvent,MACCS_137_solvent,MACCS_138_solvent,MACCS_140_solvent,MACCS_141_solvent,MACCS_142_solvent,MACCS_143_solvent,MACCS_144_solvent,MACCS_145_solvent,MACCS_146_solvent,MACCS_147_solvent,MACCS_148_solvent,MACCS_149_solvent,MACCS_151_solvent,MACCS_152_solvent,MACCS_153_solvent,MACCS_155_solvent,MACCS_156_solvent,MACCS_157_solvent,MACCS_159_solvent,MACCS_160_solvent,MACCS_161_solvent,MACCS_163_solvent,MACCS_164_solvent,MACCS_165_solvent
ethanol,CCCCCCCCCCCCCCCCCCCC(=O)OCCO,CCO,0.0006,0.010082794,CCCCCCCCCCCCCCCCCCCC(=O)OCCO,CCO,-3.22184875,298.15,7.569444444,0.25,0.25,0.406807966,40.021,0.040220582,-0.396663715,0.040220582,2,2,16.24899133,10.90816804,-1.568363547,3.835802336,0.318405613,0.918295834,2.754887502,0,-0.04,1.96,1.96,5.106527395,0,0,0,0,0,0,0,6.9237372,6.606881965,0,5.106527395,0,0,0,0,0,0,11.71340936,0,0,6.9237372,0,0,20.23,0,0,6.606881965,0,0,0,6.9237372,0,0,5.106527395,0,7.569444444,0,0,0,0,1.930555556,0,1,1,1,0,0,0,0,0,1,1,0,-0.0014,1,0,0,0,0,0,0,0,0,0,0,0,0,0,0,0,0,0,0,0,0,0,0,0,0,0,0,0,0,0,0,0,0,0,0,0,0,0,1,0,0,0,0,0,0,0,0,0,0,0,0,0,0,0,0,0,0,0,1,0,0,0,0,0,0,0,0,0,0,0,0,0,0,0,0,0,0,0,0,0,0,0,0,0,0,0,1,1,0,1,0,1,0,0,1,0
methanol,CC(=O)NCC(=O)O,CO,0.003789,0.095579296,CC(=O)NCC(=O)O,CO,-2.421475395,298.15,7,1,1,0.385284404,28.01,0.031940684,-0.399630244,0.031940684,1.5,1.5,16.23570303,11.77429697,-1.247319782,3.177807485,0.398992515,1,2,0,-0.04,0.96,-27.04,5.106527395,0,0,0,0,0,0,0,0,7.109797541,0,5.106527395,0,0,0,0,0,0,12.21632494,0,0,0,0,0,20.23,0,0,0,0,7.109797541,0,0,0,0,5.106527395,0,7,0,0,0,0,0,1,1,1,1,0,0,0,0,0,1,1,0,-0.3915,1,0,0,0,0,0,0,0,0,0,0,0,0,0,0,0,0,0,0,0,0,0,0,0,0,0,0,0,0,0,0,0,0,0,0,0,0,0,0,0,0,0,0,0,0,1,0,0,0,0,0,0,0,0,0,0,0,0,0,0,0,0,0,0,0,0,0,0,0,0,0,0,0,0,0,0,0,0,0,0,0,0,0,0,0,0,0,0,0,1,0,1,0,0,1,0
isopropanol,c1ccc2cc3ccccc3cc2c1,CC(C)O,0.000411,0.005343993,c1ccc2cc3ccccc3cc2c1,CC(C)O,-3.386158178,298.15,8.055555556,0.166666667,-0.166666667,0.428404794,52.032,0.048347612,-0.393706902,0.048347612,1.5,1.5,16.26364309,10.50360187,-1.848436775,4.204004314,0.215624827,0.811278124,8,0,-0.04,1.297837838,1128.96,5.106527395,0,0,0,0,0,0,0,13.8474744,6.103966388,0,5.106527395,0,0,0,0,0,0,11.21049378,0,0,13.8474744,0,0,20.23,0,0,6.103966388,0,0,0,13.8474744,0,0,5.106527395,0,8.055555556,0,0,0,-0.166666667,3.444444444,0,1,1,1,0,0,0,0,0,1,1,0,0.3871,1,0,0,0,0,0,0,0,0,0,0,0,0,0,0,0,0,0,0,0,0,0,0,0,0,0,0,0,0,0,0,0,0,0,0,0,0,1,0,0,0,0,0,0,0,0,0,0,0,0,0,0,0,0,0,0,0,0,0,0,0,0,0,0,0,0,0,0,0,0,0,0,0,0,0,0,0,0,0,0,0,0,0,1,0,1,0,0,0,1,0,1,0,0,1,0
water,C(=N/Nc1ccccc1)\c1ccc[nH]1,O,5.86E-07,3.24E-05,C(=N/Nc1ccccc1)\c1ccc[nH]1,O,-6.232102384,298.15,0,0,0,0.327747677,15.999,-0.411509522,-0.411509522,0.411509522,1,1,15.999,15.999,-0.2893,0.8238,0.8238,0,0,0,-0.04,-27.04,-104.04,5.476191836,0,0,0,0,0,0,0,0,0,0,5.476191836,0,0,0,0,0,0,5.476191836,0,0,0,0,0,31.5,0,0,5.476191836,0,0,0,0,0,0,0,0,0,0,0,0,0,0,0,0,2,1,0,0,0,0,0,0,1,0,-0.8247,0,0,0,0,0,0,0,0,0,0,0,0,0,0,0,0,0,0,0,0,0,0,0,0,0,0,0,0,0,0,0,0,0,0,0,0,0,0,0,0,0,0,0,0,0,0,0,0,0,0,0,0,0,0,0,0,0,0,0,0,0,0,0,0,0,0,0,0,0,0,0,0,0,0,0,0,0,0,0,0,0,0,0,0,0,0,0,0,0,0,0,0,0,0,1,0
ethyl acetate,CCCCCCCCCCCCCCCCCC(=O)OCCO,CCOC(C)=O,0.0118,0.121325682,CCCCCCCCCCCCCCCCCC(=O)OCCO,CCOC(C)=O,-1.928117993,298.15,9.821527778,0.210648148,-0.210648148,0.437850878,80.042,0.302112778,-0.46617189,0.302112778,1.833333333,2.333333333,16.53089092,10.76990205,-1.948517209,5.652796097,-0.139887661,1.348587896,49.509775,0.203263132,-0.53,2.693713647,3.47,4.736862954,0,0,0,4.794537184,0,0,0,6.9237372,6.9237372,6.606881965,9.531400138,5.969305288,0,0,0,0,0,12.57618725,9.531400138,0,13.8474744,0,0,26.3,0,4.794537184,5.969305288,6.606881965,0,6.9237372,6.9237372,0,4.736862954,0,4.402777778,0,0,-0.210648148,0,0,3.653009259,0,0.75,0,2,0,0,0,0,0,2,2,1,0.5694,0,0,0,0,0,0,0,0,0,0,0,0,0,0,0,0,0,0,0,0,0,0,0,0,0,0,0,0,0,0,0,0,0,0,0,0,0,0,0,0,0,0,0,0,0,0,0,0,0,0,0,0,0,0,0,0,0,0,1,0,1,0,1,0,1,0,0,0,0,0,0,0,0,0,0,0,0,0,0,0,0,0,0,1,0,0,1,1,0,1,1,1,0,0,1,0
n-propanol,c1ccc2cc3ccccc3cc2c1,CCCO,0.000591,0.007868017,c1ccc2cc3ccccc3cc2c1,CCCO,-3.228412519,298.15,7.875,0.319444444,0.319444444,0.463783983,52.032,0.04278928,-0.396387351,0.04278928,1.75,2,16.2498503,10.54757317,-1.690852802,4.096361135,0.294768568,1.370950594,5.245112498,0,-0.04,2.96,1.96,5.106527395,0,0,0,0,0,0,6.9237372,6.420821623,6.606881965,0,5.106527395,0,0,0,0,0,0,11.71340936,0,0,13.34455882,0,0,20.23,0,0,0,6.606881965,6.420821623,0,0,6.9237372,0,5.106527395,0,7.875,0,0,0,0.875,2.25,0,1,1,1,0,0,0,0,0,1,1,1,0.3887,1,0,0,0,0,0,0,0,0,0,0,0,0,0,0,0,0,0,0,0,0,0,0,0,0,0,0,0,0,0,0,0,0,0,0,0,0,0,1,0,0,0,0,0,0,0,0,0,0,0,0,1,0,0,0,0,0,0,1,1,0,0,0,0,0,0,0,0,1,0,0,0,0,0,0,0,0,0,0,0,0,1,0,0,0,0,1,1,0,1,0,1,0,0,1,0
acetone,O=[N+]([O-])N1CN([N+](=O)[O-])CN([N+](=O)[O-])CN([N+](=O)[O-])C1,CC(C)=O,0.0044879,0.061327051,O=[N+]([O-])N1CN([N+](=O)[O-])CN([N+](=O)[O-])CN([N+](=O)[O-])C1,CC(C)=O,-2.347956829,298.15,9.444444444,0.166666667,0.166666667,0.398236962,52.032,0.126267944,-0.300343903,0.126267944,1.5,1.5,16.136528,10.55082225,-1.691320522,5.717069246,-0.114492595,0.811278124,26.26466251,0,-0.33,1.044531835,6.883957759,4.794537184,5.783244946,0,0,0,0,0,0,13.8474744,0,0,4.794537184,5.783244946,0,0,0,0,0,5.783244946,4.794537184,0,13.8474744,0,0,17.07,0,4.794537184,5.783244946,0,0,13.8474744,0,0,0,0,0,0,0,0.166666667,0,0,3.055555556,0,0.666666667,0,1,0,0,0,0,0,1,1,0,0.5953,0,0,0,0,0,0,0,0,0,0,0,0,0,0,0,0,0,0,0,0,0,0,0,0,0,0,0,0,0,0,0,0,0,0,0,0,0,1,0,0,0,0,0,0,0,0,0,0,0,0,0,0,0,0,0,0,0,0,0,0,0,0,0,0,0,0,0,0,0,0,0,0,0,0,0,0,0,0,0,0,0,0,0,1,0,1,0,0,0,0,0,1,0,0,1,0
n-butanol,c1ccc2cc3ccccc3cc2c1,CCCCO,0.000801,0.008714991,c1ccc2cc3ccccc3cc2c1,CCCCO,-3.096367484,298.15,8.06625,0.34375,0.34375,0.512821799,64.043,0.043042283,-0.396376752,0.043042283,1.6,2.2,16.24991399,10.36642343,-1.748772992,4.227732581,0.286783838,1.405639062,11.11941548,0.158113883,-0.04,3.96,3.96,5.106527395,0,0,0,0,0,0,13.34455882,6.420821623,6.606881965,0,5.106527395,0,0,0,0,0,0,11.71340936,0,0,19.76538045,0,0,20.23,0,0,0,6.606881965,12.84164325,0,0,0,6.9237372,5.106527395,0,8.06625,0,0,0,2.038194444,2.395555556,0,1,1,1,0,0,0,0,0,1,1,2,0.7788,1,0,0,0,0,0,0,0,0,0,0,0,0,0,1,0,0,0,0,0,0,0,0,0,0,0,0,0,0,0,0,0,0,0,0,0,0,0,1,0,0,0,0,1,0,0,0,0,0,0,0,1,0,0,0,0,0,0,1,1,1,0,0,0,0,0,0,0,1,0,0,0,0,0,0,0,0,0,0,0,0,1,0,0,0,0,1,1,0,1,0,1,0,0,1,0
acetonitrile,O=[N+]([O-])c1cccc2ccccc12,CC#N,0.3275,9.214670123,O=[N+]([O-])c1cccc2ccccc12,CC#N,-0.484788696,298.15,7.319444444,1.430555556,1.430555556,0.38698058,38.029,0.058714824,-0.198658426,0.058714824,2,2,14.19977254,10.95508812,-1.100101722,4.507020971,1.489653195,0.918295834,24.26466251,0,-0.51,1.49,1.49,0,0,0,0,0,0,0,0,0,6.9237372,6.069221313,0,0,0,0,0,0,0,0,0,11.33111287,6.9237372,0,0,23.79,0,0,0,0,0,6.9237372,6.069221313,0,0,5.261891555,0,7.319444444,0,0,1.75,0,1.430555556,0,0.5,0,1,0,0,0,0,0,1,1,0,0.52988,0,0,0,0,0,0,0,0,0,0,0,0,0,0,0,0,0,0,0,0,0,0,0,0,0,1,0,0,0,0,0,0,0,0,0,0,0,0,0,0,0,0,0,0,0,0,0,0,0,0,0,0,0,0,0,0,0,0,0,0,0,0,0,0,0,0,0,0,0,0,0,0,0,0,0,0,0,0,0,0,0,0,0,0,0,0,0,0,0,0,0,1,1,0,0,0
DMF,COc1cc2c(cc1OC)C(=O)C(CC1CCN(Cc3ccccc3)CC1)C2.Cl,CN(C)C=O,0.001194,0.015754362,COc1cc2c(cc1OC)C(=O)C(CC1CCN(Cc3ccccc3)CC1)C2.Cl,CN(C)C=O,-2.922995673,298.15,9.430555556,0.75,0.75,0.39026824,66.039,0.208684718,-0.351386795,0.208684718,1.6,1.8,16.14126441,10.98473093,-2.056200147,5.448254175,-0.11544113,1.378783493,33.87430298,0,-0.53,1.758184438,3.47,4.899909731,0,0,0,4.794537184,0,0,0,0,14.09534397,0,4.794537184,6.410095306,4.899909731,0,0,0,0,25.405349,4.794537184,0,0,0,0,20.31,0,4.794537184,0,0,6.410095306,4.899909731,14.09534397,0,0,0,0,0,0,0,0,0.75,0,3.375,0.666666667,0,2,0,0,0,0,0,1,2,1,-0.2956,0,0,0,0,0,0,0,0,0,0,0,0,0,0,0,0,0,0,0,0,0,0,0,0,0,0,0,0,0,0,0,0,0,0,0,0,0,1,0,0,1,0,0,0,0,1,0,0,0,0,0,0,0,0,0,0,0,0,0,0,0,0,0,0,0,0,0,0,0,0,0,0,0,0,0,0,0,0,0,0,0,0,1,1,0,0,0,0,0,0,0,1,1,0,1,0
toluene,O=[N+]([O-])c1cccc2ccccc12,Cc1ccccc1,0.4206,6.793068945,O=[N+]([O-])c1cccc2ccccc12,Cc1ccccc1,-0.376130732,298.15,2.083333333,1.321759259,1.321759259,0.45880628,84.077,-0.039774526,-0.062249086,0.039774526,1,1.857142857,13.78210528,10.24462622,-1.622155593,5.111827209,1.475756642,1.685616163,129.9656602,0.534377897,-0.78,1.78328604,1.038264132,0,0,0,0,0,0,0,35.89528683,6.9237372,0,0,0,0,0,0,0,0,0,0,0,6.9237372,5.563451492,30.33183534,0,0,0,0,0,0,0,5.563451492,0,18.19910121,19.05647134,0,0,0,1.321759259,0,10.26157407,0,2.083333333,0,0.142857143,0,0,0,0,0,0,0,0,0,0,1.99502,0,0,0,0,0,0,1,0,0,0,0,0,0,0,0,0,0,0,0,0,0,0,0,0,0,0,0,0,0,0,0,0,0,0,0,0,0,0,0,0,0,0,0,0,0,0,0,0,0,0,0,0,0,0,0,0,0,0,0,0,0,0,0,0,0,0,0,0,0,0,0,0,0,0,0,0,0,0,0,0,0,0,0,0,0,0,0,0,0,0,0,1,0,1,0,1
isobutanol,c1ccc2cc3ccccc3cc2c1,CC(C)CO,0.00047,0.005061628,c1ccc2cc3ccccc3cc2c1,CC(C)CO,-3.327902142,298.15,8.143518519,0.305555556,0.305555556,0.483480244,64.043,0.045348804,-0.396109844,0.045348804,1.6,1.8,16.25082235,10.24864869,-1.902163405,4.318960272,0.247962689,1.378783493,17.60964047,0,-0.04,2.212525253,3.96,5.106527395,0,0,0,0,0,0,13.8474744,5.917906046,6.606881965,0,5.106527395,0,0,5.917906046,0,0,0,11.71340936,0,5.917906046,13.8474744,0,0,20.23,0,0,0,12.52478801,0,0,0,13.8474744,0,5.106527395,0,8.143518519,0,0.439814815,0,0,4.25,0,1,1,1,0,0,0,0,0,1,1,1,0.6347,1,0,0,0,0,0,0,0,0,0,0,0,0,0,0,0,0,0,0,0,0,0,0,0,0,0,0,0,0,0,0,0,0,0,0,0,0,1,1,0,0,0,0,0,0,0,0,0,0,0,0,0,0,0,0,0,0,0,0,1,0,0,0,0,0,0,0,0,0,0,0,0,0,0,0,0,0,0,0,0,0,0,0,1,0,0,1,1,0,1,0,1,0,0,1,0
"1,4-dioxane",CC1(C)COP(=O)(Oc2cc(OP3(=O)OCC(C)(C)CO3)cc(OP3(=O)OCC(C)(C)CO3)c2)OC1,C1COCCO1,8.73E-05,0.00103081,CC1(C)COP(=O)(Oc2cc(OP3(=O)OCC(C)(C)CO3)cc(OP3(=O)OCC(C)(C)CO3)c2)OC1,C1COCCO1,-4.058985756,298.15,4.944444444,0.777777778,0.777777778,0.41574925,80.042,0.070114395,-0.376667636,0.070114395,0.666666667,1.166666667,16.56430083,10.63857183,-2.158799402,4.365979954,-0.033358206,1.719973094,21.01955001,0.439826406,-0.08,2.157216947,0.953692476,9.473725908,0,0,0,0,0,0,0,0,0,26.42752786,9.473725908,0,0,0,0,0,0,26.42752786,9.473725908,0,0,0,0,18.46,0,0,0,0,26.42752786,0,0,0,0,9.473725908,9.888888889,0,0,0,0,0,3.111111111,0,1,0,2,0,1,0,0,0,2,2,0,0.0332,0,0,0,0,0,0,0,0,0,0,0,0,0,0,0,0,0,0,0,0,0,0,0,0,0,0,0,0,0,0,0,0,1,0,0,0,1,0,0,0,1,0,0,0,0,0,0,0,1,0,0,0,0,0,0,0,0,0,0,0,0,0,0,0,0,1,1,0,1,0,0,0,1,1,0,0,0,0,0,0,0,1,0,0,0,0,1,0,0,1,1,0,0,1,1,1
methyl acetate,CC1(C)CC(NCCCCCCNC2CC(C)(C)NC(C)(C)C2)CC(C)(C)N1,COC(C)=O,0.02236,0.296383751,CC1(C)CC(NCCCCCCNC2CC(C)(C)NC(C)(C)C2)CC(C)(C)N1,COC(C)=O,-1.650528201,298.15,9.590277778,0.24537037,-0.24537037,0.382966591,68.031,0.301847167,-0.469198107,0.301847167,1.8,2,16.52202262,10.83375031,-1.881194838,5.650646147,-0.137450045,1.378783493,40.15772188,0,-0.53,1.758184438,3.47,4.736862954,0,0,0,4.794537184,0,0,0,0,6.9237372,7.109797541,9.531400138,5.969305288,0,0,0,0,0,13.07910283,9.531400138,0,6.9237372,0,0,26.3,0,4.794537184,5.969305288,0,0,14.03353474,0,0,4.736862954,0,4.111111111,0,0,-0.24537037,0,0,1.361111111,1.349537037,0.666666667,0,2,0,0,0,0,0,2,2,0,0.1793,0,0,0,0,0,0,0,0,0,1,0,0,0,0,0,0,0,0,0,0,0,0,0,0,0,0,0,0,0,0,0,0,0,0,0,0,0,0,0,0,0,0,0,0,0,1,0,0,0,0,0,0,0,0,0,0,0,0,0,0,0,0,1,0,1,0,0,0,0,0,0,0,0,0,0,0,0,0,0,0,0,0,0,1,0,0,0,0,0,1,1,1,0,0,1,0
THF,CC1(C)COP(=O)(Oc2cc(OP3(=O)OCC(C)(C)CO3)cc(OP3(=O)OCC(C)(C)CO3)c2)OC1,C1CCOC1,0.0001325,0.001641685,CC1(C)COP(=O)(Oc2cc(OP3(=O)OCC(C)(C)CO3)cc(OP3(=O)OCC(C)(C)CO3)c2)OC1,C1CCOC1,-3.877784122,298.15,4.944444444,1,1,0.410937601,64.043,0.04663817,-0.381449382,0.04663817,1,1.8,16.47808085,10.39358405,-1.743026703,4.431751901,0.197833493,1.76049503,15.21928095,0.510310363,-0.04,1.410312175,0.618363684,4.736862954,0,0,0,0,0,0,0,12.84164325,13.21376393,0,4.736862954,0,0,0,0,0,0,13.21376393,4.736862954,0,12.84164325,0,0,9.23,0,0,0,0,13.21376393,12.84164325,0,0,0,4.736862954,4.944444444,0,0,0,0,2.555555556,2,0,1,0,1,0,1,0,0,0,1,1,0,0.7968,0,0,0,0,0,0,0,0,0,0,0,0,0,0,0,0,0,0,0,0,0,0,0,0,0,0,0,0,0,0,0,0,1,0,0,0,0,0,0,0,1,0,0,0,0,0,0,1,0,0,0,0,0,0,0,0,0,0,0,0,0,0,0,0,0,0,1,0,1,0,0,0,1,1,0,0,0,0,0,0,0,1,0,0,0,0,1,0,0,1,0,0,0,0,1,1
2-butanone,O=C(Nc1c(F)c(F)c(F)c(F)c1F)C(=O)Nc1c(F)c(F)c(F)c(F)c1F,CCC(C)=O,0.00793,0.09027786,O=C(Nc1c(F)c(F)c(F)c(F)c1F)C(=O)Nc1c(F)c(F)c(F)c(F)c1F,CCC(C)=O,-2.100726813,298.15,9.8125,0.25462963,0.25462963,0.451050805,64.043,0.129065033,-0.300042385,0.129065033,1.8,2,16.13711378,10.36069991,-1.797011934,5.744224711,-0.116198589,1.378783493,38.91260938,0,-0.33,1.942479564,3.67,4.794537184,5.783244946,0,0,0,0,0,6.9237372,6.9237372,6.420821623,0,4.794537184,5.783244946,0,0,0,0,0,5.783244946,4.794537184,0,20.26829602,0,0,17.07,0,4.794537184,5.783244946,6.420821623,0,0,6.9237372,6.9237372,0,0,0,0,0,0.25462963,0,0.666666667,3.43287037,0,0.75,0,1,0,0,0,0,0,1,1,1,0.9854,0,0,0,0,0,0,0,0,0,0,0,0,0,0,0,0,0,0,0,0,0,0,0,0,0,0,0,0,0,0,0,0,0,0,0,0,0,0,0,0,0,0,0,0,0,0,0,0,0,0,0,0,0,0,0,0,0,0,1,1,0,0,0,0,0,0,0,0,1,0,0,0,0,0,0,0,0,0,0,0,0,0,0,1,0,1,0,1,0,0,0,1,0,0,1,0
n-pentanol,c1ccc2cc3ccccc3cc2c1,CCCCCO,0.001097,0.010104065,c1ccc2cc3ccccc3cc2c1,CCCCCO,-2.959793372,298.15,8.197361111,0.355,0.355,0.513281356,76.054,0.043052233,-0.396376571,0.043052233,1.333333333,2.166666667,16.24992099,10.26337425,-1.780557968,4.304159999,0.283807323,1.614330835,15.90013453,0.361803399,-0.04,4.96,3.96,5.106527395,0,0,0,0,0,0,19.76538045,6.420821623,6.606881965,0,5.106527395,0,0,0,0,0,0,11.71340936,0,0,26.18620207,0,0,20.23,0,0,0,6.606881965,12.84164325,6.420821623,0,0,6.9237372,5.106527395,0,8.197361111,0,0,0,3.326944444,2.475694444,0,1,1,1,0,0,0,0,0,1,1,3,1.1689,1,0,0,0,0,0,0,0,0,0,0,0,0,0,2,0,0,0,0,0,0,0,0,0,0,0,0,0,0,0,0,0,0,0,0,0,0,0,1,0,0,0,0,1,1,0,0,0,0,0,0,1,0,0,0,1,0,0,1,1,1,0,0,0,0,0,1,0,1,0,0,0,0,0,0,0,0,0,0,0,0,1,0,0,0,0,1,1,0,1,0,1,0,0,1,0
sec-butanol,c1ccc2cc3ccccc3cc2c1,CCC(C)O,0.000585,0.006334459,c1ccc2cc3ccccc3cc2c1,CCC(C)O,-3.232844134,298.15,8.361111111,0.115740741,-0.115740741,0.486927429,64.043,0.050903904,-0.393430087,0.050903904,1.8,2,16.26458483,10.32638817,-1.926645189,4.338386967,0.190544205,1.378783493,17.60964047,0,-0.04,2.212525253,3.96,5.106527395,0,0,0,0,0,0,6.9237372,13.34455882,0,6.103966388,5.106527395,0,0,0,0,0,0,11.21049378,0,0,20.26829602,0,0,20.23,0,0,6.103966388,0,6.420821623,0,6.9237372,6.9237372,0,5.106527395,0,8.361111111,0,0,0,0.74537037,3.726851852,0,1,1,1,0,0,0,1,0,1,1,1,0.7772,1,0,0,0,0,0,0,0,0,0,0,0,0,0,0,0,0,0,0,0,0,0,0,0,0,0,0,0,0,0,0,0,0,0,0,0,0,0,0,0,0,0,0,0,0,0,0,0,0,0,0,1,0,0,0,0,0,0,1,1,0,0,0,0,0,0,0,0,1,0,0,0,0,0,0,0,0,0,0,0,0,0,0,1,0,1,0,1,0,1,0,1,0,0,1,0
n-hexane,c1cc2ccc3cccc4ccc(c1)c2c34,CCCCCC,0.00857,0.065593417,c1cc2ccc3cccc4ccc(c1)c2c34,CCCCCC,-2.067019178,298.15,2.231805556,1.355,1.355,0.462954281,72.066,-0.053578702,-0.065382385,0.053578702,0.833333333,1.333333333,13.81562221,10.2098642,-1.657035798,4.307622205,0.701864202,1.614330835,12,0.5,0,5,4,0,0,0,0,0,0,0,39.53076089,0,0,0,0,0,0,0,0,0,0,0,0,0,39.53076089,0,0,0,0,0,0,0,0,25.68328649,0,0,13.8474744,0,0,0,0,0,0,5.536388889,4.463611111,0,1,0,0,0,0,0,0,0,0,0,3,2.5866,0,0,0,0,0,0,0,0,0,0,0,0,0,0,3,0,0,0,0,0,0,0,0,0,0,0,0,0,0,0,0,0,0,0,0,0,0,0,0,0,0,0,0,0,0,0,0,0,0,0,0,0,0,0,0,1,0,0,1,1,1,0,0,0,0,0,1,0,0,0,0,0,0,0,0,0,0,0,0,0,0,1,0,1,0,0,0,1,0,0,0,1,0,0,0,0
ethylene glycol,O=[N+]([O-])c1cccc2ccccc12,OCCO,0.00463,0.083170161,O=[N+]([O-])c1cccc2ccccc12,OCCO,-2.334419009,298.15,7.625,0.125,-0.125,0.407527891,56.02,0.06622664,-0.393990542,0.06622664,1,1.25,16.30425825,10.81832367,-1.84530091,4.062481069,0.185938562,1.370950594,6,0,-0.08,2.92,1.92,10.21305479,0,0,0,0,0,0,0,0,0,13.21376393,10.21305479,0,0,0,0,0,0,23.42681872,0,0,0,0,0,40.46,0,0,13.21376393,0,0,0,0,0,0,10.21305479,0,15.25,0,0,0,0,-0.25,0,1,2,2,0,0,0,0,0,2,2,1,-1.029,2,0,0,0,0,0,0,0,0,0,0,0,0,0,0,0,0,0,0,0,0,0,0,0,0,0,0,0,0,0,0,1,0,0,0,0,1,0,1,0,0,0,0,0,0,0,0,0,0,0,0,1,0,0,0,0,0,0,0,0,0,0,0,0,0,0,0,0,1,0,0,0,0,1,0,0,0,0,0,0,0,1,0,0,0,0,1,1,0,1,1,0,0,0,1,0
NMP,CC(=O)c1cnccn1,CN1CCCC1=O,0.1171,1.411633058,CC(=O)c1cnccn1,CN1CCCC1=O,-0.931443105,298.15,10.5,0.291666667,0.291666667,0.425686211,90.061,0.221873564,-0.345748915,0.221873564,1.714285714,2.571428571,16.15310778,10.38011002,-2.173220282,5.771081934,-0.126031391,1.905399931,90.080944,0.78301432,-0.53,1.523475772,0.734423082,4.899909731,0,0,0,4.794537184,0,0,0,6.420821623,20.01325001,0,4.794537184,5.907179729,4.899909731,0,0,0,0,24.39951785,4.794537184,0,12.84164325,0,0,20.31,0,4.794537184,0,5.907179729,19.38639965,0,4.899909731,7.047671983,0,0,0,0,0,0.291666667,0,1.811342593,0.957175926,1.842592593,0.8,0,2,0,1,0,0,0,1,2,0,0.2386,0,0,0,0,1,0,0,0,0,0,0,0,0,0,0,0,0,0,0,0,0,0,0,0,0,0,0,0,0,0,0,0,0,0,0,0,0,0,0,0,1,0,0,0,0,1,0,1,0,0,0,0,0,0,0,1,0,0,0,1,1,0,0,0,0,0,1,0,1,0,0,0,1,0,0,0,0,1,0,0,0,1,1,0,0,0,1,0,1,0,0,1,1,0,1,1
cyclohexane,c1cc2ccc3cccc4ccc(c1)c2c34,C1CCCCC1,0.011,0.102157693,c1cc2ccc3cccc4ccc(c1)c2c34,C1CCCCC1,-1.958607315,298.15,1.5,1.5,1.5,0.422316187,72.066,-0.053305973,-0.053305973,0.053305973,0.333333333,0.666666667,14.014,10.012,-1.8549,4.506,0.504,1.719973094,15.509775,1.060660172,0,2.222222222,1,0,0,0,0,0,0,0,38.52492974,0,0,0,0,0,0,0,0,0,0,0,0,0,38.52492974,0,0,0,0,0,0,0,0,38.52492974,0,0,0,0,0,0,0,0,0,9,0,0,1,0,0,1,1,0,0,0,0,0,0,2.3406,0,0,0,0,0,0,0,0,0,0,0,0,0,0,0,0,0,0,0,0,0,0,0,0,0,0,0,0,0,0,0,0,0,0,0,0,0,0,0,0,0,0,0,0,0,0,0,0,0,0,0,0,0,0,0,0,0,0,0,0,0,0,0,0,0,1,1,0,0,0,0,0,0,0,0,0,0,0,0,0,0,1,0,0,0,0,0,0,0,0,0,0,0,1,0,1
DMSO,CCCCCCCCC(=O)NCc1ccc(O)c(OC)c1,CS(C)=O,0.2565,4.858934532,CCCCCCCCC(=O)NCc1ccc(O)c(OC)c1,CS(C)=O,-0.590912631,298.15,9.555555556,0.611111111,-0.611111111,0.398185077,72.088,0.014804214,-0.260157963,0.014804214,1.5,1.5,32.19696041,11.91219609,-1.701197897,7.829987043,0.690011823,0.811278124,29.01955001,0,0.15,1.467460317,126.3722222,0,0,0,0,4.208898492,0,0,0,0,23.31110741,0,4.208898492,10.79956904,0,0,0,0,0,16.72043686,10.79956904,0,0,0,0,17.07,10.79956904,4.208898492,0,0,0,0,12.51153837,0,0,0,9.555555556,0,0,0,0,3.277777778,0,-0.611111111,1,0,1,0,0,0,0,0,1,2,0,-0.0053,0,0,0,0,0,0,0,0,0,0,0,0,0,0,0,0,0,0,0,0,0,0,0,0,0,0,0,0,0,0,0,0,0,0,0,0,0,1,0,0,1,0,0,0,0,1,0,0,0,0,0,0,0,0,0,0,0,0,0,0,0,0,0,1,0,0,0,0,0,0,0,0,0,0,0,0,0,0,0,0,0,0,1,1,0,0,0,0,0,0,0,1,0,0,1,0
n-butyl acetate,CCCCCCCCCCCCCCCCCC(=O)OCCO,CCCCOC(C)=O,0.0094,0.071824684,CCCCCCCCCCCCCCCCCC(=O)OCCO,CCCCOC(C)=O,-2.026872146,298.15,10.09634637,0.181990741,-0.181990741,0.410684113,104.064,0.302122867,-0.465877874,0.302122867,1.625,2.625,16.5314464,10.35948956,-1.986271053,5.653159339,-0.140540593,1.664672795,68.92878689,0.36023509,-0.53,4.624559505,5.47,4.736862954,0,0,0,4.794537184,0,0,13.34455882,6.420821623,6.9237372,6.606881965,9.531400138,5.969305288,0,0,0,0,0,12.57618725,9.531400138,0,26.68911765,0,0,26.3,0,4.794537184,5.969305288,6.606881965,12.84164325,6.9237372,0,0,11.66060015,0,4.643333333,0,0,-0.181990741,0,2.048472222,4.06050548,0,0.833333333,0,2,0,0,0,0,0,2,2,3,1.3496,0,0,0,0,0,0,0,0,0,0,0,0,0,0,1,0,0,0,0,0,0,0,0,0,0,0,0,0,0,0,0,0,0,0,0,0,0,0,0,0,0,0,0,0,0,0,0,0,0,0,0,0,0,0,0,1,0,0,1,1,1,0,1,0,1,0,0,0,1,0,0,0,0,0,0,0,0,0,0,0,0,1,0,1,0,0,1,1,0,1,1,1,0,0,1,0
n-octanol,c1ccc2cc3ccccc3cc2c1,CCCCCCCCO,0.00216,0.013660639,c1ccc2cc3ccccc3cc2c1,CCCCCCCCO,-2.665546249,298.15,8.422781951,0.3671875,0.3671875,0.54704837,112.087,0.043052407,-0.396376569,0.043052407,0.888888889,2,16.24992446,10.12740158,-1.821008324,4.410191863,0.282098727,1.885234836,37.83229392,0.892133485,-0.04,7.96,7.96,5.106527395,0,0,0,0,0,0,39.02784531,6.420821623,6.606881965,0,5.106527395,0,0,0,0,0,0,11.71340936,0,0,45.44866694,0,0,20.23,0,0,0,6.606881965,6.420821623,32.10410811,0,0,6.9237372,5.106527395,0,8.422781951,0,0,0,7.495702239,2.58151581,0,1,1,1,0,0,0,0,0,1,1,6,2.3392,1,0,0,0,0,0,0,0,0,0,0,0,0,0,5,0,0,0,0,0,0,0,0,0,0,0,0,0,0,0,0,0,0,0,0,0,0,0,1,0,0,0,0,1,1,0,0,0,0,0,0,1,0,0,0,1,0,0,1,1,1,0,0,0,0,1,1,0,1,0,0,0,0,0,0,0,0,0,0,0,0,1,0,0,0,0,1,1,0,1,0,1,0,0,1,0
chloroform,CC1(C)COP(=O)(Oc2cc(OP3(=O)OCC(C)(C)CO3)cc(OP3(=O)OCC(C)(C)CO3)c2)OC1,ClC(Cl)Cl,0.005515,0.06957576,CC1(C)COP(=O)(Oc2cc(OP3(=O)OCC(C)(C)CO3)cc(OP3(=O)OCC(C)(C)CO3)c2)OC1,ClC(Cl)Cl,-2.258454483,298.15,4.805555556,0.75,-0.75,0.427859176,118.37,0.180106635,-0.087411528,0.087411528,1,1,35.58227356,11.88372644,-1.545926292,6.625347315,1.960652685,0.811278124,8,0,0.87,2.128397933,13.25948342,0,0,4.295451512,0,0,0,0,34.80281967,0,0,0,0,34.80281967,0,0,0,0,34.80281967,4.295451512,0,0,0,0,0,0,4.295451512,0,0,0,0,0,0,0,0,34.80281967,-0.75,0,0,0,0,0,0,0,1,0,0,0,0,0,0,0,0,3,0,1.9864,0,0,0,0,0,0,0,0,0,0,0,0,0,0,0,0,0,0,0,0,0,0,0,0,0,0,0,0,0,0,0,0,0,0,0,0,0,0,0,0,0,0,0,0,0,0,0,0,0,0,0,0,0,1,1,0,0,0,0,0,0,0,0,0,0,0,0,0,0,0,0,0,0,0,0,0,0,0,0,0,0,0,0,0,0,0,0,0,0,0,0,0,0,0,0,0
n-propyl acetate,CCCCCCCCCCCCCCCCCC(=O)OCCO,CCCOC(C)=O,0.0357,0.320133324,CCCCCCCCCCCCCCCCCC(=O)OCCO,CCCOC(C)=O,-1.447331784,298.15,9.980416667,0.192731481,-0.192731481,0.485245074,92.053,0.302122697,-0.46588874,0.302122697,1.714285714,2.428571429,16.53140833,10.52893962,-1.975277602,5.653106012,-0.140439015,1.612197223,59.10049401,0.245790812,-0.53,3.652815356,5.47,4.736862954,0,0,0,4.794537184,0,0,6.9237372,6.420821623,6.9237372,6.606881965,9.531400138,5.969305288,0,0,0,0,0,12.57618725,9.531400138,0,20.26829602,0,0,26.3,0,4.794537184,5.969305288,6.606881965,6.420821623,6.9237372,0,6.9237372,4.736862954,0,4.552083333,0,0,-0.192731481,0,0.902361111,3.924537037,0,0.8,0,2,0,0,0,0,0,2,2,2,0.9595,0,0,0,0,0,0,0,0,0,0,0,0,0,0,0,0,0,0,0,0,0,0,0,0,0,0,0,0,0,0,0,0,0,0,0,0,0,0,0,0,0,0,0,0,0,0,0,0,0,0,0,0,0,0,0,1,0,0,1,1,1,0,1,0,1,0,0,0,1,0,0,0,0,0,0,0,0,0,0,0,0,1,0,1,0,0,1,1,0,1,1,1,0,0,1,0
acetic acid,C[C@H]1COc2c(N3CCN(C)CC3)c(F)cc3c(=O)c(C(=O)O)cn1c23,CC(=O)O,0.055907,1.029386983,C[C@H]1COc2c(N3CCN(C)CC3)c(F)cc3c(=O)c(C(=O)O)cn1c23,CC(=O)O,-1.252533812,298.15,9,0.833333333,-0.833333333,0.429882883,56.02,0.299684553,-0.481433475,0.299684553,2,2,16.36392907,10.85498522,-1.777043743,5.624779759,-0.133928992,0.811278124,27.01955001,0,-0.53,0.8748583,1.156009256,5.106527395,0,0,5.969305288,4.794537184,0,0,0,0,6.9237372,0,9.901064579,5.969305288,0,0,0,0,0,11.07583268,4.794537184,0,6.9237372,0,0,37.3,5.969305288,0,0,0,6.9237372,0,0,0,0,9.901064579,0,7.416666667,0,-0.833333333,0,0,1.083333333,0,0.5,1,2,0,0,0,0,0,1,2,0,0.0909,0,0,1,0,0,0,0,0,0,0,0,0,0,0,0,0,0,0,0,0,0,0,0,0,0,0,0,0,0,0,0,0,0,0,0,0,0,0,0,0,0,0,0,0,0,0,0,0,0,0,0,0,0,0,0,0,0,0,0,0,0,0,1,0,0,0,0,0,0,0,0,0,0,0,0,0,0,0,0,0,0,0,0,0,0,0,0,0,0,1,1,1,0,0,1,0
dichloromethane,CC1(C)COP(=O)(Oc2cc(OP3(=O)OCC(C)(C)CO3)cc(OP3(=O)OCC(C)(C)CO3)c2)OC1,ClCCl,0.00512,0.080891015,CC1(C)COP(=O)(Oc2cc(OP3(=O)OCC(C)(C)CO3)cc(OP3(=O)OCC(C)(C)CO3)c2)OC1,ClCCl,-2.290730039,298.15,4.763888889,0.194444444,0.194444444,0.389962107,82.917,0.09670639,-0.10913233,0.09670639,1.333333333,1.333333333,35.53900508,11.92599492,-1.23967531,6.402082915,2.204917085,0.918295834,2.754887502,0,0.58,2.58,2.58,0,0,0,0,0,0,23.20187978,0,0,0,5.339185267,0,23.20187978,0,0,0,0,23.20187978,5.339185267,0,0,0,0,0,0,0,0,5.339185267,0,0,0,0,0,0,23.20187978,0,0.194444444,0,0,0,0,0,0,1,0,0,0,0,0,0,0,0,2,0,1.4215,0,0,0,0,0,0,0,0,0,0,0,0,0,0,0,0,0,0,0,0,1,0,0,0,0,0,0,0,0,0,0,0,0,0,0,0,0,0,0,0,0,0,0,0,0,0,0,0,0,0,0,0,0,0,0,0,0,0,0,0,0,0,0,0,0,0,0,0,0,0,0,0,0,0,0,0,0,0,0,0,0,0,0,0,0,0,1,1,0,0,0,0,0,0,0,0
cyclohexanone,NC(N)=C([N+](=O)[O-])[N+](=O)[O-],O=C1CCCCC1,0.00244,0.023632205,NC(N)=C([N+](=O)[O-])[N+](=O)[O-],O=C1CCCCC1,-2.612610174,298.15,10.46305556,0.46412037,0.46412037,0.448625541,88.065,0.132411328,-0.299717909,0.132411328,1,1.857142857,16.13789093,9.9975763,-2.018661867,5.783227987,-0.119726488,1.685616163,68.24920506,0.946114263,-0.33,2.101967961,1.29814875,0,5.783244946,0,0,4.794537184,0,0,6.420821623,12.84164325,12.84164325,0,4.794537184,5.783244946,0,0,0,0,0,5.783244946,4.794537184,0,32.10410811,0,0,17.07,0,4.794537184,0,5.783244946,25.68328649,6.420821623,0,0,0,0,0,0,0,0.46412037,0,5.239490741,0,0,0.833333333,0,1,1,1,0,0,0,1,1,0,1.5196,0,0,0,0,0,0,0,0,0,0,0,0,0,0,0,0,0,0,0,0,0,0,0,0,0,0,0,0,0,0,0,0,0,0,0,0,0,0,0,0,0,0,0,0,0,0,0,0,0,0,0,0,0,0,0,0,0,0,0,0,0,0,0,0,0,1,1,0,1,0,0,0,0,0,0,0,0,1,0,0,0,1,0,0,0,1,0,0,0,0,0,0,0,1,1,1
propylene glycol,CC(=O)Nc1ccc(O)cc1,CC(O)CO,0.0483,0.691403336,CC(=O)Nc1ccc(O)cc1,CC(O)CO,-1.316052869,298.15,8.111111111,0.138888889,-0.560185185,0.435834997,68.031,0.074238644,-0.393700042,0.074238644,1.8,2,16.31513815,10.4587561,-2.032560487,4.334973682,0.109859609,1.378783493,18.85475297,0,-0.08,2.175102041,3.92,10.21305479,0,0,0,0,0,0,0,6.9237372,0,12.71084835,10.21305479,0,0,0,0,0,0,22.92390314,0,0,6.9237372,0,0,40.46,6.103966388,0,6.606881965,0,0,6.9237372,0,0,0,10.21305479,0,16.00462963,0,0,0,-0.560185185,1.388888889,0,1,2,2,0,0,0,1,0,2,2,1,-0.6405,2,0,0,0,0,0,0,0,0,0,0,0,0,0,0,0,0,0,0,0,0,0,0,0,0,0,0,0,0,0,0,1,0,0,0,0,1,0,1,0,0,0,0,0,0,0,0,0,0,0,0,1,0,0,0,0,0,0,0,1,0,0,0,0,0,0,0,0,1,0,0,0,0,0,0,0,0,0,0,0,0,0,0,0,0,1,1,1,0,1,1,1,0,0,1,0
isopropyl acetate,CC1(C)CC(NCCCCCCNC2CC(C)(C)NC(C)(C)C2)CC(C)(C)N1,CC(=O)OC(C)C,0.04082,0.3747546,CC1(C)CC(NCCCCCCNC2CC(C)(C)NC(C)(C)C2)CC(C)(C)N1,CC(=O)OC(C)C,-1.389127,298.15,10.03194444,0.025462963,-0.212962963,0.460747983,92.053,0.3023791,-0.463155993,0.3023791,1.571428571,2,16.54066754,10.47549527,-2.059405794,5.6553786,-0.144076112,1.272905595,66.48040588,0.331927305,-0.53,2.61092148,5.47,4.736862954,0,0,0,4.794537184,0,0,0,13.8474744,6.9237372,6.103966388,9.531400138,5.969305288,0,0,0,0,0,12.07327168,9.531400138,0,20.7712116,0,0,26.3,0,4.794537184,12.07327168,0,0,6.9237372,0,13.8474744,4.736862954,0,4.611111111,0,0,-0.212962963,0,0.025462963,5.044444444,0,0.8,0,2,0,0,0,0,0,2,2,1,0.9579,0,0,0,0,0,0,0,0,0,0,0,0,0,0,0,0,0,0,0,0,0,0,0,0,0,0,0,0,0,0,0,0,0,0,0,0,0,1,0,0,0,0,0,0,0,0,0,0,0,0,0,0,0,0,0,0,0,0,0,0,0,0,1,0,1,0,0,0,0,0,0,0,0,0,0,1,0,0,0,0,0,0,0,1,0,1,0,0,0,1,1,1,0,0,1,0
DMAc,Brc1cc(Br)cc(Br)c1,CC(=O)N(C)C,0.01588,0.175139388,Brc1cc(Br)cc(Br)c1,CC(=O)N(C)C,-1.799149502,298.15,10.06944444,0.092592593,0.092592593,0.409906883,78.05,0.218425131,-0.349064265,0.218425131,1.5,1.666666667,16.15120649,10.65214274,-2.16528583,5.718427487,-0.125834617,1.360964047,58.56842503,0,-0.53,1.798837034,1.758184438,4.899909731,0,0,0,4.794537184,0,0,0,0,21.01908117,0,4.794537184,5.907179729,4.899909731,0,0,0,0,24.90243343,4.794537184,0,6.9237372,0,0,20.31,0,4.794537184,5.907179729,0,0,11.82364693,14.09534397,0,0,0,0,0,0,0.092592593,0,0,1.527777778,3.449074074,0.75,0,2,0,0,0,0,0,1,2,0,0.0945,0,0,0,0,0,0,0,0,0,0,0,0,0,0,0,0,0,0,0,0,0,0,0,0,0,0,0,0,0,0,0,0,0,0,0,0,0,1,0,0,1,0,0,0,0,1,0,0,0,0,0,0,0,0,0,0,0,0,0,0,0,0,0,0,0,0,0,0,0,0,0,0,0,0,0,1,0,0,0,0,0,0,1,1,0,0,0,0,1,0,0,1,1,0,1,0
2-ethoxyethanol,c1ccc2cc3ccccc3cc2c1,CCOCCO,0.002921,0.030085905,c1ccc2cc3ccccc3cc2c1,CCOCCO,-2.534468443,298.15,8.072361111,0.132777778,0.132777778,0.494721251,80.042,0.069705198,-0.393980345,0.069705198,1.666666667,2.5,16.48222505,10.75243604,-1.961277518,4.177801026,0.101572928,1.614330835,17.509775,0.20888729,-0.08,4.92,3.92,9.843390349,0,0,0,0,0,0,0,6.9237372,6.606881965,13.21376393,9.843390349,0,0,0,0,0,0,24.92717329,4.736862954,0,6.9237372,0,0,29.46,0,0,6.606881965,13.21376393,0,0,0,6.9237372,0,9.843390349,4.732638889,8.072361111,0,0,0,0,3.195,0,1,1,2,0,0,0,0,0,2,2,3,0.0152,1,0,0,0,0,0,0,0,0,0,0,0,0,0,0,0,0,0,0,0,0,0,0,0,0,0,0,0,0,0,0,0,0,0,0,0,1,0,1,0,1,0,0,0,1,0,0,0,0,0,0,1,0,0,0,1,0,0,1,0,1,0,0,0,1,0,1,0,1,0,0,0,0,1,0,0,0,0,0,0,0,1,0,0,0,0,1,1,0,1,1,1,0,0,1,0
isopentanol,c1ccc2cc3ccccc3cc2c1,CC(C)CCO,0.000727,0.006642371,c1ccc2cc3ccccc3cc2c1,CC(C)CCO,-3.138465589,298.15,8.236666667,0.331018519,0.331018519,0.534088523,76.054,0.043296311,-0.396366079,0.043296311,1.5,2,16.24998626,10.15033334,-1.891642208,4.382367208,0.267650203,1.348587896,25.11941548,0.25819889,-0.04,3.161612903,3.96,5.106527395,0,0,0,0,0,0,13.8474744,12.33872767,6.606881965,0,5.106527395,0,0,5.917906046,0,0,0,11.71340936,0,5.917906046,20.26829602,0,0,20.23,0,0,0,12.52478801,6.420821623,0,0,0,13.8474744,5.106527395,0,8.236666667,0,0.648148148,0,0.930555556,4.517962963,0,1,1,1,0,0,0,0,0,1,1,2,1.0248,1,0,0,0,0,0,0,0,0,0,0,0,0,0,0,0,0,0,0,0,0,0,0,0,0,0,0,0,0,0,0,0,0,0,0,0,0,1,1,0,0,0,0,0,0,0,0,0,0,0,0,1,0,0,0,0,0,0,0,1,1,0,0,0,0,0,0,0,1,0,0,0,0,0,0,0,0,0,0,0,0,1,0,1,0,0,1,1,0,1,0,1,0,0,1,0
n-heptane,c1cc2ccc3cccc4ccc(c1)c2c34,CCCCCCC,0.01102,0.075478096,c1cc2ccc3cccc4ccc(c1)c2c34,CCCCCCC,-1.957818405,298.15,2.245694444,1.361111111,1.361111111,0.476309874,84.077,-0.053326092,-0.065382383,0.053326092,0.714285714,1.428571429,13.86223338,10.16409857,-1.702801434,4.354233383,0.656098566,1.690933806,19.21928095,0.676776695,0,6,6,0,0,0,0,0,0,0,45.95158251,0,0,0,0,0,0,0,0,0,0,0,0,0,45.95158251,0,0,0,0,0,0,0,0,32.10410811,0,0,13.8474744,0,0,0,0,0,0,7.008611111,4.491388889,0,1,0,0,0,0,0,0,0,0,0,4,2.9767,0,0,0,0,0,0,0,0,0,0,0,0,0,0,4,0,0,0,0,0,0,0,0,0,0,0,0,0,0,0,0,0,0,0,0,0,0,0,0,0,0,0,0,0,0,0,0,0,0,0,0,0,0,0,0,1,0,0,1,1,1,0,0,0,0,1,1,0,0,0,0,0,0,0,0,0,0,0,0,0,0,1,0,1,0,0,0,1,0,0,0,1,0,0,0,0
ethyl formate,CC(=O)NCC(=O)O,CCOC=O,0.071119,0.971394327,CC(=O)NCC(=O)O,CCOC=O,-1.148014359,298.15,9.182638889,0.430555556,0.430555556,0.43656455,68.031,0.29256542,-0.468195182,0.29256542,2,2.6,16.51630931,10.88338501,-1.803951012,5.361538885,-0.127693588,1.405639062,26.07403392,0.068041382,-0.53,3.47,3.47,4.736862954,0,0,6.472220865,4.794537184,0,0,0,6.9237372,0,6.606881965,9.531400138,6.472220865,0,0,0,0,0,13.07910283,9.531400138,0,6.9237372,0,0,26.3,0,4.794537184,0,13.07910283,0,0,6.9237372,0,4.736862954,0,4.152777778,0,0,0,0,0,2.664583333,0,0.666666667,0,2,0,0,0,0,0,2,2,2,0.1793,0,0,0,0,0,0,0,0,0,0,0,0,0,0,0,0,0,0,0,0,0,0,0,0,0,0,0,0,0,0,0,0,0,0,0,0,0,0,0,0,0,0,0,0,0,0,0,0,0,0,0,0,0,0,0,0,0,0,1,0,0,0,1,0,1,0,0,0,0,0,0,0,0,0,0,0,0,0,0,0,0,0,0,0,0,0,1,1,0,1,1,1,0,0,1,0
"1,2-dichloroethane",O=[N+]([O-])c1ccn([N+](=O)[O-])n1,ClCCCl,0.16356,2.520863058,O=[N+]([O-])c1ccn([N+](=O)[O-])n1,ClCCCl,-0.786322898,298.15,5.054012346,0.557098765,0.557098765,0.436304237,94.928,0.035889203,-0.125423431,0.035889203,1,1.25,35.49855802,10.97023492,-1.633333202,6.254551774,1.522488761,1.370950594,6,0,0.58,3.58,2.58,0,0,0,0,0,0,23.20187978,0,0,11.76000689,0,0,23.20187978,0,0,0,0,23.20187978,11.76000689,0,0,0,0,0,0,0,0,0,11.76000689,0,0,0,0,0,23.20187978,0,0,0,1.114197531,0,0,0,0,1,0,0,0,0,0,0,0,0,2,1,1.464,0,0,0,0,0,0,0,0,0,0,0,0,0,0,0,0,0,0,0,0,0,0,0,0,0,0,0,0,0,0,0,0,0,0,0,0,0,0,0,0,0,0,0,0,0,0,0,0,0,0,0,0,0,0,0,0,0,0,0,0,0,0,0,0,0,0,0,0,0,0,0,0,0,1,0,0,0,0,0,0,0,1,0,0,0,0,1,1,0,0,0,0,0,0,0,0
n-hexanol,O=[N+]([O-])c1cccc2ccccc12,CCCCCCO,0.04932,0.413900721,O=[N+]([O-])c1cccc2ccccc12,CCCCCCO,-1.306976932,298.15,8.292882653,0.361111111,0.361111111,0.533927882,88.065,0.043052406,-0.396376569,0.043052406,1.142857143,2.285714286,16.24992271,10.19933862,-1.799807271,4.352979367,0.282705156,1.690933806,23.3609904,0.538580094,-0.04,5.96,5.96,5.106527395,0,0,0,0,0,0,26.18620207,6.420821623,6.606881965,0,5.106527395,0,0,0,0,0,0,11.71340936,0,0,32.60702369,0,0,20.23,0,0,0,6.606881965,6.420821623,19.26246487,0,0,6.9237372,5.106527395,0,8.292882653,0,0,0,4.681944444,2.525172902,0,1,1,1,0,0,0,0,0,1,1,4,1.559,1,0,0,0,0,0,0,0,0,0,0,0,0,0,3,0,0,0,0,0,0,0,0,0,0,0,0,0,0,0,0,0,0,0,0,0,0,0,1,0,0,0,0,1,1,0,0,0,0,0,0,1,0,0,0,1,0,0,1,1,1,0,0,0,0,1,1,0,1,0,0,0,0,0,0,0,0,0,0,0,0,1,0,0,0,0,1,1,0,1,0,1,0,0,1,0
2-methoxyethanol,c1ccc2cc3ccccc3cc2c1,COCCO,0.002211,0.027955266,c1ccc2cc3ccccc3cc2c1,COCCO,-2.655411257,298.15,7.94125,0.121527778,0.121527778,0.48573367,68.031,0.069342652,-0.393980616,0.069342652,1.8,2.4,16.47203731,10.80070332,-1.911828988,4.124600329,0.135443231,1.405639062,12.36452798,0.091287093,-0.08,3.92,3.92,9.843390349,0,0,0,0,0,0,0,0,7.109797541,13.21376393,9.843390349,0,0,0,0,0,0,25.43008887,4.736862954,0,0,0,0,29.46,0,0,6.606881965,6.606881965,0,0,7.109797541,0,4.736862954,5.106527395,4.440972222,7.94125,0,0,0,0,0.565972222,1.551805556,1,1,2,0,0,0,0,0,2,2,2,-0.3749,1,0,0,0,0,0,0,0,0,1,0,0,0,0,0,0,0,0,0,0,0,0,0,0,0,0,0,0,0,0,0,0,0,0,0,0,1,0,1,0,1,0,0,0,0,1,0,0,0,0,0,1,0,0,0,0,0,0,0,1,1,0,0,0,1,0,0,0,1,0,0,0,0,1,0,0,0,0,0,0,0,1,0,0,0,0,1,1,0,1,1,1,0,0,1,0
isobutyl acetate,CC1(C)CC(NCCCCCCNC2CC(C)(C)NC(C)(C)C2)CC(C)(C)N1,CC(=O)OCC(C)C,0.04971,0.402296377,CC1(C)CC(NCCCCCCNC2CC(C)(C)NC(C)(C)C2)CC(C)(C)N1,CC(=O)OCC(C)C,-1.303556237,298.15,10.12597222,0.195648148,-0.195648148,0.506664867,104.064,0.302132686,-0.465604426,0.302132686,1.625,2.25,16.53198487,10.24242111,-2.049352701,5.653417432,-0.141489527,1.613568158,76.59772061,0.284020691,-0.53,3.469267037,5.47,4.736862954,0,0,0,4.794537184,0,0,13.8474744,5.917906046,6.9237372,6.606881965,9.531400138,5.969305288,0,5.917906046,0,0,0,12.57618725,9.531400138,5.917906046,20.7712116,0,0,26.3,0,4.794537184,5.969305288,12.52478801,0,6.9237372,0,13.8474744,4.736862954,0,4.664351852,0,0,0.247777778,0,0,5.961898148,0,0.833333333,0,2,0,0,0,0,0,2,2,2,1.2055,0,0,0,0,0,0,0,0,0,0,0,0,0,0,0,0,0,0,0,0,0,0,0,0,0,0,0,0,0,0,0,0,0,0,0,0,0,1,0,0,0,0,0,0,0,0,0,0,0,0,0,0,0,0,0,0,0,0,0,1,1,0,1,0,1,0,0,0,0,0,0,0,0,0,0,1,0,0,0,0,0,0,0,1,0,0,1,1,0,1,1,1,0,0,1,0
tetrachloromethane,O=[N+]([O-])c1cc([N+](=O)[O-])c(Cl)c(Cl)c1Cl,ClC(Cl)(Cl)Cl,0.003743,0.039643517,O=[N+]([O-])c1cc([N+](=O)[O-])c(Cl)c(Cl)c1Cl,ClC(Cl)(Cl)Cl,-2.426780173,298.15,4.826388889,1.611111111,-1.611111111,0.469795536,153.823,0.265685211,-0.066421303,0.066421303,0.8,0.8,35.62538825,11.84161175,-1.80603692,6.831492563,1.755507437,0.721928095,19.11941548,0,1.16,1.741848257,38.29198573,0,0,0,3.251717758,0,0,0,46.40375956,0,0,0,0,46.40375956,0,0,0,0,46.40375956,3.251717758,0,0,0,0,0,0,3.251717758,0,0,0,0,0,0,0,0,46.40375956,-1.611111111,0,0,0,0,0,0,0,1,0,0,0,0,0,0,0,0,4,0,2.5529,0,0,0,0,0,0,0,0,0,0,0,0,0,0,0,0,0,0,0,0,0,0,0,0,0,0,0,0,0,0,0,0,0,0,0,0,0,0,0,0,0,0,0,0,0,0,0,0,0,0,0,0,0,1,1,0,1,0,0,0,0,0,0,0,0,0,0,0,0,0,0,0,0,0,0,0,0,0,0,0,0,0,0,0,0,0,0,0,0,0,0,0,0,0,0,0
n-pentyl acetate,CCCCCCCCCCCCCCCCCC(=O)OCCO,CCCCCOC(C)=O,0.0324,0.225170276,CCCCCCCCCCCCCCCCCC(=O)OCCO,CCCCCOC(C)=O,-1.48945499,298.15,10.18467545,0.174904573,-0.174904573,0.427719741,116.075,0.302122868,-0.465877688,0.302122868,1.444444444,2.555555556,16.53145174,10.25984094,-1.991050667,5.653172444,-0.140568459,1.800576896,78.98533617,0.567959596,-0.53,5.603868809,7.47,4.736862954,0,0,0,4.794537184,0,0,19.76538045,6.420821623,6.9237372,6.606881965,9.531400138,5.969305288,0,0,0,0,0,12.57618725,9.531400138,0,33.10993927,0,0,26.3,0,4.794537184,5.969305288,6.606881965,12.84164325,13.34455882,0,0,6.9237372,4.736862954,4.705,0,0,-0.174904573,0,3.310143613,4.141752173,0,0.857142857,0,2,0,0,0,0,0,2,2,4,1.7397,0,0,0,0,0,0,0,0,0,0,0,0,0,0,2,0,0,0,0,0,0,0,0,0,0,0,0,0,0,0,0,0,0,0,0,0,0,0,0,0,0,0,0,0,0,0,0,0,0,0,0,0,0,0,0,1,0,0,1,1,1,0,1,0,1,0,1,0,1,0,0,0,0,0,0,0,0,0,0,0,0,1,0,1,0,0,1,1,0,1,1,1,0,0,1,0
transcutol,C=CC(=O)N1CCC[C@@H](n2nc(-c3ccc(Oc4ccccc4)cc3)c3c(N)ncnc32)C1,CCOCCOCCO,0.0267,0.201017422,C=CC(=O)N1CCC[C@@H](n2nc(-c3ccc(Oc4ccccc4)cc3)c3c(N)ncnc32)C1,CCOCCOCCO,-1.573488739,298.15,8.256965624,0.089409722,0.089409722,0.520837195,120.063,0.070111804,-0.393980325,0.070111804,1.111111111,2.333333333,16.52470858,10.69813213,-2.061292606,4.276019767,0.03699834,1.885234836,41.56763142,0.428800493,-0.12,7.88,7.88,14.5802533,0,0,0,0,0,0,0,6.9237372,6.606881965,26.42752786,14.5802533,0,0,0,0,0,0,38.14093722,9.473725908,0,6.9237372,0,0,38.69,0,0,6.606881965,19.82064589,6.606881965,0,0,6.9237372,0,14.5802533,9.883285147,8.256965624,0,0,0,0,4.359749228,0,1,1,3,0,0,0,0,0,3,3,6,0.0318,1,0,0,0,0,0,0,0,0,0,0,0,0,0,0,0,0,0,0,0,0,0,0,0,0,0,0,0,0,0,0,0,0,0,0,0,1,0,1,0,1,0,0,0,1,0,0,0,0,0,0,1,0,0,0,1,0,0,1,0,1,0,0,0,1,1,1,0,1,0,0,0,0,1,0,0,0,0,0,0,1,1,0,0,0,0,1,1,0,1,1,1,0,0,1,0
n-heptanol,O=[N+]([O-])c1cccc2ccccc12,CCCCCCCO,0.05386,0.401162879,O=[N+]([O-])c1cccc2ccccc12,CCCCCCCO,-1.268733651,298.15,8.365586735,0.364795918,0.364795918,0.544191494,100.076,0.043052407,-0.396376569,0.043052407,1,2.125,16.24992366,10.15692741,-1.812371922,4.38629622,0.282260801,1.808812125,29.36806555,0.715356789,-0.04,6.96,5.96,5.106527395,0,0,0,0,0,0,32.60702369,6.420821623,6.606881965,0,5.106527395,0,0,0,0,0,0,11.71340936,0,0,39.02784531,0,0,20.23,0,0,0,6.606881965,6.420821623,25.68328649,0,0,6.9237372,5.106527395,0,8.365586735,0,0,0,6.076218821,2.558194444,0,1,1,1,0,0,0,0,0,1,1,5,1.9491,1,0,0,0,0,0,0,0,0,0,0,0,0,0,4,0,0,0,0,0,0,0,0,0,0,0,0,0,0,0,0,0,0,0,0,0,0,0,1,0,0,0,0,1,1,0,0,0,0,0,0,1,0,0,0,1,0,0,1,1,1,0,0,0,0,1,1,0,1,0,0,0,0,0,0,0,0,0,0,0,0,1,0,0,0,0,1,1,0,1,0,1,0,0,1,0
ethylbenzene,CCCCCCCCCCCCCCCCCCCC,CCc1ccccc1,0.009549,0.080869631,CCCCCCCCCCCCCCCCCCCC,CCc1ccccc1,-2.020042107,298.15,2.162037037,1.139722222,1.139722222,0.514757822,96.088,-0.030744083,-0.062248742,0.030744083,1.125,2.125,13.85659694,10.17071031,-1.7334265,5.13313817,1.14041522,1.903491193,141.3842989,0.713712832,-0.78,2.508347808,1.093537203,0,0,0,0,0,0,0,37.25557254,11.98427311,0,0,0,0,0,0,0,0,0,0,6.420821623,0,12.48718869,30.33183534,0,0,0,0,0,0,6.420821623,5.563451492,0,6.066367068,31.18920547,0,0,0,1.409722222,0,10.45518519,1.139722222,2.162037037,0,0.25,0,0,0,0,0,0,0,0,0,1,2.249,0,0,0,0,0,0,1,0,0,0,0,0,0,0,0,0,0,0,0,0,0,0,0,0,0,0,0,0,0,0,0,0,0,0,0,0,0,0,0,0,0,0,0,0,0,0,0,0,0,0,0,0,0,0,0,0,0,0,1,0,0,0,0,0,0,0,0,0,0,0,0,0,0,0,0,0,0,0,0,0,0,0,0,0,0,0,0,1,0,0,0,1,0,1,0,1
MIBK,CCCCCCCCCCCCCCCCCCCC(=O)OCCO,CC(=O)CC(C)C,0.0026,0.020805702,CCCCCCCCCCCCCCCCCCCC(=O)OCCO,CC(=O)CC(C)C,-2.585026652,298.15,10.25416667,0.287037037,0.287037037,0.515019317,88.065,0.129595121,-0.300019963,0.129595121,1.571428571,2,16.13721582,10.09759915,-1.949506613,5.750462716,-0.117164907,1.272905595,64.58027135,0.574914957,-0.33,2.779490232,5.67,4.794537184,5.783244946,0,0,0,0,0,13.8474744,12.84164325,6.420821623,0,4.794537184,5.783244946,0,5.917906046,0,0,0,5.783244946,4.794537184,5.917906046,27.19203322,0,0,17.07,0,4.794537184,5.783244946,5.917906046,6.420821623,0,6.9237372,13.8474744,0,0,0,0,0,0.8125,0,0.722222222,5.711111111,0,0.833333333,0,1,0,0,0,0,0,1,1,2,1.6215,0,0,0,0,0,0,0,0,0,0,0,0,0,0,0,0,0,0,0,0,0,0,0,0,0,0,0,0,0,0,0,0,0,0,0,0,0,1,0,0,0,0,0,0,0,0,0,0,0,0,0,0,0,0,0,0,0,0,0,1,0,0,0,0,0,0,0,0,1,0,0,0,0,0,0,1,0,0,0,0,0,0,0,1,0,1,0,1,0,0,0,1,0,0,1,0
2-propoxyethanol,c1ccc2cc3ccccc3cc2c1,CCCOCCO,0.003343,0.029230295,c1ccc2cc3ccccc3cc2c1,CCCOCCO,-2.475863623,298.15,8.167882653,0.138888889,0.138888889,0.523169837,92.053,0.069719123,-0.393980343,0.069719123,1.428571429,2.571428571,16.48282749,10.52883584,-1.982446621,4.241716559,0.092798182,1.690933806,25.26112493,0.310949362,-0.08,5.92,5.92,9.843390349,0,0,0,0,0,0,6.9237372,6.420821623,6.606881965,13.21376393,9.843390349,0,0,0,0,0,0,24.92717329,4.736862954,0,13.34455882,0,0,29.46,0,0,6.606881965,6.606881965,13.02770359,0,0,6.9237372,0,9.843390349,4.881944444,8.167882653,0,0,0,1.027777778,3.422395125,0,1,1,2,0,0,0,0,0,2,2,4,0.4053,1,0,0,0,0,0,0,0,0,0,0,0,0,0,0,0,0,0,0,0,0,0,0,0,0,0,0,0,0,0,0,0,0,0,0,0,1,0,1,0,1,0,0,0,1,0,0,0,0,0,0,1,0,0,0,1,0,0,1,1,0,0,0,0,1,1,1,0,1,0,0,0,0,1,0,0,0,0,0,0,0,1,0,0,0,0,1,1,0,1,1,1,0,0,1,0
tert-butanol,O=[N+]([O-])c1cccc2ccccc12,CC(C)(C)O,0.02282,0.245898243,O=[N+]([O-])c1cccc2ccccc12,CC(C)(C)O,-1.64168436,298.15,8.520833333,0.5,-0.5,0.449827657,64.043,0.056325853,-0.390760088,0.056325853,1.2,1.2,16.27984148,10.19195577,-2.095551407,4.504159462,0.101589081,0.721928095,19.11941548,0,-0.04,0.976756002,9507.96,5.106527395,0,0,0,0,0,0,0,20.7712116,0,5.601050811,5.106527395,0,0,0,0,0,0,10.70757821,0,0,20.7712116,0,0,20.23,5.601050811,0,0,0,0,0,20.7712116,0,0,5.106527395,0,8.520833333,-0.5,0,0,0,5.229166667,0,1,1,1,0,0,0,0,0,1,1,0,0.7772,0,0,0,0,0,0,0,0,0,0,0,0,0,0,0,0,0,0,0,0,0,0,0,0,0,0,0,0,0,0,0,0,0,0,0,1,0,1,0,0,0,0,0,0,0,0,0,0,0,0,0,0,0,0,0,0,1,0,0,0,0,0,0,0,0,0,0,0,0,0,0,0,0,0,0,1,0,0,0,0,0,0,0,1,0,1,0,0,0,1,0,1,0,0,1,0
MTBE,c1ccc2cc3ccccc3cc2c1,COC(C)(C)C,0.00305,0.025557474,c1ccc2cc3ccccc3cc2c1,COC(C)(C)C,-2.515700161,298.15,4.9375,0.041666667,0.041666667,0.43498738,76.054,0.059425208,-0.379103597,0.059425208,1.166666667,1.333333333,16.4858882,10.18266724,-2.149045194,4.546678721,0.039726571,1.351644115,33.69332843,0,-0.04,1.605659929,3.96,4.736862954,0,0,0,0,0,0,0,20.7712116,7.109797541,5.601050811,4.736862954,0,0,0,0,0,0,12.71084835,4.736862954,0,20.7712116,0,0,9.23,0,0,5.601050811,0,0,0,7.109797541,20.7712116,0,4.736862954,4.9375,0,0.041666667,0,0,0,6.0625,1.708333333,1,0,1,0,0,0,0,0,1,1,0,1.4313,0,0,0,0,0,0,0,0,0,1,0,0,0,0,0,0,0,0,0,0,0,0,0,0,0,0,0,0,0,0,0,0,0,0,0,1,0,1,0,0,0,0,0,0,0,1,0,0,0,0,0,0,0,0,0,0,1,0,0,0,0,0,0,0,1,0,0,0,0,0,0,0,0,0,0,1,0,0,0,0,0,0,0,1,0,1,0,0,0,1,0,1,0,0,1,0
2-butoxyethanol,c1ccc2cc3ccccc3cc2c1,CCCCOCCO,0.003785,0.028816214,c1ccc2cc3ccccc3cc2c1,CCCCOCCO,-2.421934116,298.15,8.240586735,0.142573696,0.142573696,0.540825252,104.064,0.069719362,-0.393980343,0.069719362,1.375,2.625,16.4828714,10.35962769,-1.991461344,4.302115955,0.090420719,1.808812125,31.509775,0.413011435,-0.08,6.92,5.92,9.843390349,0,0,0,0,0,0,13.34455882,6.420821623,6.606881965,13.21376393,9.843390349,0,0,0,0,0,0,24.92717329,4.736862954,0,19.76538045,0,0,29.46,0,0,6.606881965,6.606881965,19.44852521,0,0,0,6.9237372,9.843390349,4.973194444,8.240586735,0,0,0,2.255385488,3.530833333,0,1,1,2,0,0,0,0,0,2,2,5,0.7954,1,0,0,0,0,0,0,0,0,0,0,0,0,0,1,0,0,0,0,0,0,0,0,0,0,0,0,0,0,0,0,0,0,0,0,0,1,0,1,0,1,0,0,0,1,0,0,0,0,0,0,1,0,0,0,0,0,0,1,1,1,0,0,0,1,1,1,0,1,0,0,0,0,1,0,0,0,0,0,0,0,1,0,0,0,0,1,1,0,1,1,1,0,0,1,0
propionic acid,Nc1nc(N)nc(NC2CC2)n1,CCC(=O)O,0.004722,0.064679422,Nc1nc(N)nc(NC2CC2)n1,CCC(=O)O,-2.325874017,298.15,9.368055556,0.222222222,-0.74537037,0.490844666,68.031,0.302558437,-0.481237917,0.302558437,2,2.2,16.36502672,10.52003318,-1.864859568,5.655632416,-0.136112346,1.378783493,40.15772188,0,-0.53,1.758184438,3.47,5.106527395,0,0,0,4.794537184,0,0,6.9237372,0,6.420821623,0,9.901064579,5.969305288,0,0,0,0,0,11.07583268,4.794537184,0,13.34455882,0,0,37.3,5.969305288,4.794537184,6.420821623,0,0,0,6.9237372,0,0,5.106527395,0,7.722222222,0,-0.74537037,0,0.222222222,1.599537037,0,0.666666667,1,2,0,0,0,0,0,1,2,1,0.481,0,0,1,0,0,0,0,0,0,0,0,0,0,0,0,0,0,0,0,0,0,0,0,0,0,0,0,0,0,0,0,0,0,0,0,0,0,0,0,0,0,0,0,0,0,0,0,0,0,0,0,1,0,0,0,0,0,0,1,0,0,0,1,0,0,0,0,0,1,0,0,0,0,0,0,0,0,0,0,0,0,0,0,0,0,0,0,1,0,1,1,1,0,0,1,0
o-xylene,COc1cc(Cl)c(OC)cc1N,Cc1ccccc1C,0.005797,0.049006734,COc1cc(Cl)c(OC)cc1N,Cc1ccccc1C,-2.2367967,298.15,2.12037037,1.368055556,1.368055556,0.475757685,96.088,-0.039511492,-0.061985192,0.039511492,0.875,1.5,13.89538834,10.13197218,-1.74333603,5.227784798,1.342538973,1.768177215,156.1481139,0.662677957,-0.78,1.993744712,0.890007391,0,0,0,0,0,0,0,24.26546827,24.97437738,0,0,0,0,0,0,0,0,0,0,0,13.8474744,11.12690298,24.26546827,0,0,0,0,0,0,0,11.12690298,0,0,38.11294267,0,0,0,2.736111111,0,8.356481481,0,4.240740741,0,0.25,0,0,0,0,0,0,0,0,0,0,2.30344,0,0,0,0,0,0,2,0,0,0,0,0,0,0,0,0,0,0,0,0,0,0,0,0,0,0,0,0,0,0,0,0,0,0,0,0,0,0,0,0,0,0,0,0,0,0,0,0,0,0,0,0,0,0,0,0,0,0,0,0,0,0,0,0,0,0,0,0,0,0,0,0,0,0,0,0,0,0,1,0,0,0,0,1,0,0,0,0,0,0,0,1,0,1,0,1
formic acid,O=S(=O)([O-])NC1CCCCC1.[Na+],O=CO,0.01596,0.433739181,O=S(=O)([O-])NC1CCCCC1.[Na+],O=CO,-1.796967113,298.15,8.361111111,0.25,-0.25,0.380160721,44.009,0.290128828,-0.48346661,0.290128828,2,2,16.34596656,11.66497654,-1.487025169,5.323236904,-0.122407339,0.918295834,10.26466251,0,-0.53,1.47,1.47,5.106527395,0,0,6.472220865,4.794537184,0,0,0,0,0,0,9.901064579,6.472220865,0,0,0,0,0,11.57874826,4.794537184,0,0,0,0,37.3,0,0,6.472220865,0,0,0,0,0,0,9.901064579,0,6.888888889,0,0,0,0,-0.25,0,0,1,2,0,0,0,0,0,1,2,0,-0.2992,0,0,0,0,0,0,0,0,0,0,0,0,0,0,0,0,0,0,0,0,0,0,0,0,0,0,0,0,0,0,0,0,0,0,0,0,0,0,0,0,0,0,0,0,0,0,0,0,0,0,0,0,0,0,0,0,0,0,0,0,0,0,1,0,0,0,0,0,0,0,0,0,0,0,0,0,0,0,0,0,0,0,0,0,0,0,0,0,0,1,1,0,0,0,1,0
diethyl ether,O=[N+]([O-])c1cccc2ccccc12,CCOCC,0.2375,2.975116902,O=[N+]([O-])c1cccc2ccccc12,CCOCC,-0.624336386,298.15,4.833333333,0.84375,0.84375,0.475268149,64.043,0.043708413,-0.382025836,0.043708413,1.2,1.6,16.47148979,10.80069036,-1.837381208,4.066771354,0.161762611,1.405639062,11.11941548,0.204124145,-0.04,3.96,3.96,4.736862954,0,0,0,0,0,0,0,13.8474744,13.21376393,0,4.736862954,0,0,0,0,0,0,13.21376393,4.736862954,0,13.8474744,0,0,9.23,0,0,0,0,13.21376393,0,0,13.8474744,0,4.736862954,4.833333333,0,0,0,0,0,5.666666667,0,1,0,1,0,0,0,0,0,1,1,2,1.0428,0,0,0,0,0,0,0,0,0,0,0,0,0,0,0,0,0,0,0,0,0,0,0,0,0,0,0,0,0,0,0,0,0,0,0,0,0,0,0,0,1,0,0,0,0,0,0,0,0,0,0,0,0,0,0,0,0,0,1,0,1,0,0,0,1,0,0,0,0,0,0,0,0,1,0,0,0,0,0,0,0,0,0,1,0,0,1,1,0,1,0,1,0,0,1,0
m-xylene,COc1cc(Cl)c(OC)cc1N,Cc1cccc(C)c1,0.004951,0.04114361,COc1cc(Cl)c(OC)cc1N,Cc1cccc(C)c1,-2.305307074,298.15,2.166666667,1.337962963,1.337962963,0.475757685,96.088,-0.039764605,-0.061740871,0.039764605,1,1.75,13.8660978,10.16162066,-1.709763566,5.197667924,1.386522421,1.642371449,159.8981139,0.807015525,-0.78,1.993744712,1.093537203,0,0,0,0,0,0,0,35.39237126,13.8474744,0,0,0,0,0,0,0,0,0,0,0,13.8474744,11.12690298,24.26546827,0,0,0,0,0,0,0,11.12690298,0,0,38.11294267,0,0,0,2.675925926,0,8.449074074,0,4.208333333,0,0.25,0,0,0,0,0,0,0,0,0,0,2.30344,0,0,0,0,0,0,2,0,0,0,0,0,0,0,0,0,0,0,0,0,0,0,0,0,0,0,0,0,0,0,0,0,0,0,0,0,0,0,0,0,0,0,0,0,0,0,0,0,0,0,0,0,0,0,0,0,0,0,0,0,0,0,0,0,0,0,0,0,0,0,0,0,0,0,0,0,0,0,0,0,0,0,0,1,0,0,0,0,0,0,0,1,0,1,0,1
p-xylene,c1cc2ccc3cccc4ccc(c1)c2c34,Cc1ccc(C)cc1,0.0777,0.683141557,c1cc2ccc3cccc4ccc(c1)c2c34,Cc1ccc(C)cc1,-1.109578981,298.15,2.12037037,1.329259259,1.329259259,0.475757685,96.088,-0.039774194,-0.059062579,0.039774194,0.75,1.25,13.85792627,10.16974647,-1.700595642,5.18939181,1.398536374,1.769973094,138.8981139,0.636894534,-0.78,1.993744712,1.093537203,0,0,0,0,0,0,0,35.39237126,13.8474744,0,0,0,0,0,0,0,0,0,0,0,13.8474744,11.12690298,24.26546827,0,0,0,0,0,0,0,11.12690298,0,0,38.11294267,0,0,0,2.658518519,0,8.481481481,0,4.193333333,0,0.25,0,0,0,0,0,0,0,0,0,0,2.30344,0,0,0,0,0,0,2,0,0,0,0,0,0,0,0,0,0,0,0,0,0,0,0,0,0,0,0,0,0,0,0,0,0,0,0,0,0,0,0,0,0,0,0,0,0,0,0,0,0,0,0,0,0,0,0,0,0,0,0,0,0,0,0,0,0,0,0,0,0,0,0,0,0,0,0,0,0,0,0,0,0,0,0,1,0,0,0,0,0,0,0,1,0,1,0,1
chlorobenzene,O=[N+]([O-])c1cc([N+](=O)[O-])c(-c2c([N+](=O)[O-])cc([N+](=O)[O-])c(-c3c([N+](=O)[O-])cc([N+](=O)[O-])cc3[N+](=O)[O-])c2[N+](=O)[O-])c([N+](=O)[O-])c1,Clc1ccccc1,2.16E-05,0.000208223,O=[N+]([O-])c1cc([N+](=O)[O-])c(-c2c([N+](=O)[O-])cc([N+](=O)[O-])c(-c3c([N+](=O)[O-])cc([N+](=O)[O-])cc3[N+](=O)[O-])c2[N+](=O)[O-])c([N+](=O)[O-])c1,Clc1ccccc1,-4.665546249,298.15,5.539691358,0.793981481,0.793981481,0.483383326,107.519,0.040548441,-0.084344477,0.040548441,1,1.857142857,35.49569066,10.37221473,-1.548688012,6.300461198,1.71341782,1.685616163,134.1073697,0.414667104,-0.49,1.987123268,1.203610472,0,0,0,0,0,0,0,29.8000411,12.13273414,5.022633314,0,0,11.60093989,0,0,0,0,11.60093989,0,0,0,0,30.33183534,0,0,0,0,0,0,5.022633314,0,0,30.33183534,0,11.60093989,0,0.793981481,0,0,9.444104938,0,0,0,0,0,0,0,0,0,0,0,0,1,0,2.34,0,0,0,0,0,0,0,0,0,0,0,0,0,0,0,0,0,0,0,0,0,0,0,0,0,0,0,0,0,0,0,0,0,0,0,0,0,0,0,0,0,1,0,0,0,0,0,0,0,0,0,0,0,0,1,0,0,0,0,0,0,0,0,0,0,0,0,0,0,0,0,0,0,0,0,0,0,0,0,0,0,0,0,0,0,0,0,0,0,0,0,0,0,1,0,1
dimethyl carbonate,COC(=O)NCCCCCCNC(=O)OC,COC(=O)OC,0.00596,0.070761523,COC(=O)NCCCCCCNC(=O)OC,COC(=O)OC,-2.22475374,298.15,9.736111111,0.657407407,-0.657407407,0.403686926,84.03,0.507197794,-0.437621323,0.437621323,1.333333333,1.666666667,16.71404283,11.29924708,-1.972888948,5.586087118,0.09240749,1.650022422,44,0.083333333,-0.73,2.504192037,1.575810398,9.473725908,0,0,0,0,4.794537184,0,0,0,0,14.21959508,14.26826309,6.15536563,0,0,0,4.794537184,0,20.37496071,9.473725908,0,0,0,0,35.53,6.15536563,4.794537184,0,0,0,14.21959508,0,0,9.473725908,0,8.076388889,0,0,0,0,-0.657407407,0,2.511574074,0.666666667,0,3,0,0,0,0,0,3,3,0,0.3992,0,0,0,0,0,0,0,0,0,2,0,0,0,0,0,1,0,0,0,0,0,0,0,0,0,0,0,0,0,0,0,0,0,0,0,0,0,0,0,0,0,0,0,0,0,1,0,0,0,0,0,0,0,1,0,0,0,0,0,0,0,0,1,0,1,0,0,0,0,0,0,0,0,0,0,0,0,0,0,0,1,0,0,1,0,0,0,0,0,1,1,1,0,0,1,0
n-octane,c1cc2ccc3cccc4ccc(c1)c2c34,CCCCCCCC,0.01372,0.084971283,c1cc2ccc3cccc4ccc(c1)c2c34,CCCCCCCC,-1.862645889,298.15,2.255898526,1.364795918,1.364795918,0.480610605,96.088,-0.053316205,-0.065382383,0.053316205,0.625,1.25,13.89465923,10.13249414,-1.734405856,4.386659235,0.624494144,1.808812125,25.01955001,0.853553391,0,7,6,0,0,0,0,0,0,0,52.37240414,0,0,0,0,0,0,0,0,0,0,0,0,0,52.37240414,0,0,0,0,0,0,0,0,38.52492974,0,0,13.8474744,0,0,0,0,0,0,8.488202948,4.511797052,0,1,0,0,0,0,0,0,0,0,0,5,3.3668,0,0,0,0,0,0,0,0,0,0,0,0,0,0,5,0,0,0,0,0,0,0,0,0,0,0,0,0,0,0,0,0,0,0,0,0,0,0,0,0,0,0,0,0,0,0,0,0,0,0,0,0,0,0,0,1,0,0,1,1,1,0,0,0,0,1,1,0,0,0,0,0,0,0,0,0,0,0,0,0,0,1,0,1,0,0,0,1,0,0,0,1,0,0,0,0
formamide,O=S(=O)([O-])NC1CCCCC1.[Na+],NC=O,0.03187,0.834363513,O=S(=O)([O-])NC1CCCCC1.[Na+],NC=O,-1.496617937,298.15,8.583333333,0.25,0.25,0.352325513,42.017,0.204030793,-0.37226357,0.204030793,2,2,16.1359714,11.50093462,-1.822031156,5.416411214,-0.106454839,0.918295834,12.26466251,0,-0.53,1.47,1.47,5.733667477,0,0,0,4.794537184,0,0,0,0,0,0,4.794537184,6.410095306,0,5.733667477,5.733667477,0,0,6.410095306,4.794537184,0,0,0,0,43.09,0,0,6.410095306,0,0,0,0,0,5.733667477,4.794537184,0,0,4.166666667,0,0,0.25,0,0,0,2,2,0,0,0,0,0,1,2,0,-0.8985,0,0,0,0,0,0,0,0,0,0,0,0,0,1,0,0,0,0,0,0,0,0,0,0,0,0,0,0,0,0,0,0,0,0,0,0,0,0,0,1,0,0,0,0,0,0,0,0,0,0,0,0,0,0,0,0,0,0,0,0,0,0,0,0,0,0,0,0,0,0,0,0,0,0,0,0,0,0,0,0,0,0,0,0,1,0,0,0,0,0,0,0,1,0,1,0
cyclopentanone,Cc1ccc(S(N)(=O)=O)cc1,O=C1CCCC1,0.1494,2.022569056,Cc1ccc(S(N)(=O)=O)cc1,O=C1CCCC1,-0.825649403,298.15,10.24305556,0.453703704,0.453703704,0.429680103,76.054,0.132411741,-0.299717906,0.132411741,1.166666667,1.833333333,16.13811517,10.35749367,-1.813018623,5.794964875,-0.116862123,1.86382639,58.33869643,0.769337567,-0.33,1.413830484,0.58808069,0,5.783244946,0,0,4.794537184,0,0,0,12.84164325,12.84164325,0,4.794537184,5.783244946,0,0,0,0,0,5.783244946,4.794537184,0,25.68328649,0,0,17.07,0,4.794537184,0,5.783244946,25.68328649,0,0,0,0,0,0,0,0,0.453703704,0,3.969907407,0,0,0.8,0,1,1,1,0,0,0,1,1,0,1.1295,0,0,0,0,0,0,0,0,0,0,0,0,0,0,0,0,0,0,0,0,0,0,0,0,0,0,0,0,0,0,0,0,0,0,0,0,0,0,0,0,0,0,0,0,0,0,0,1,0,0,0,0,0,0,0,0,0,0,0,0,0,0,0,0,0,0,1,0,1,0,0,0,0,0,0,0,0,1,0,0,0,1,0,0,0,1,0,0,0,0,0,0,0,0,1,1
2-pentanone,NC(=O)Cc1ccccc1,CCCC(C)=O,0.00557273,,NC(=O)Cc1ccccc1,CCCC(C)=O,-2.253931998,298.15,10.04375,0.289351852,0.289351852,0.495768832,76.054,0.129329532,-0.300031213,0.129329532,1.666666667,2.166666667,16.13716138,10.2570377,-1.840258795,5.747426571,-0.116530455,1.348587896,47.90013453,0.352062073,-0.33,2.884132762,3.67,4.794537184,5.783244946,0,0,0,0,0,6.9237372,13.34455882,6.420821623,0,4.794537184,5.783244946,0,0,0,0,0,5.783244946,4.794537184,0,26.68911765,0,0,17.07,0,4.794537184,5.783244946,0,12.84164325,0,6.9237372,6.9237372,0,0,0,0,0,0.289351852,0,1.717592593,3.615972222,0,0.8,0,1,0,0,0,0,0,1,1,2,1.3755,0,0,0,0,0,0,0,0,0,0,0,0,0,0,0,0,0,0,0,0,0,0,0,0,0,0,0,0,0,0,0,0,0,0,0,0,0,0,0,0,0,0,0,0,0,0,0,0,0,0,0,0,0,0,0,0,0,0,1,1,1,0,0,0,0,0,0,0,1,0,0,0,0,0,0,0,0,0,0,0,0,1,0,1,0,1,0,1,0,0,0,1,0,0,1,0
anisole,O=[N+]([O-])c1cc([N+](=O)[O-])c(-c2c([N+](=O)[O-])cc([N+](=O)[O-])c(-c3c([N+](=O)[O-])cc([N+](=O)[O-])cc3[N+](=O)[O-])c2[N+](=O)[O-])c([N+](=O)[O-])c1,COc1ccccc1,0.000185,0.0016682,O=[N+]([O-])c1cc([N+](=O)[O-])c(-c2c([N+](=O)[O-])cc([N+](=O)[O-])c(-c3c([N+](=O)[O-])cc([N+](=O)[O-])cc3[N+](=O)[O-])c2[N+](=O)[O-])c([N+](=O)[O-])c1,COc1ccccc1,-3.732828272,298.15,4.914166667,0.909722222,0.909722222,0.531625315,100.076,0.118357715,-0.496768569,0.118357715,1.125,2.125,16.46524046,10.34190591,-1.779639062,5.198905536,0.414570217,1.903491193,145.7328145,0.556577991,-0.98,2.358604859,0.997109257,4.736862954,5.749511833,0,0,0,0,0,18.19910121,12.13273414,0,7.109797541,4.736862954,0,0,0,4.736862954,0,0,7.109797541,0,0,0,30.33183534,0,9.23,0,0,0,0,5.749511833,0,7.109797541,30.33183534,0,4.736862954,4.914166667,0,0,0.909722222,9.680740741,0,0,1.662037037,0.142857143,0,1,0,0,0,0,0,1,1,1,1.6952,0,0,0,0,0,0,0,0,0,1,0,1,0,0,0,0,0,0,0,0,0,0,0,0,0,0,0,0,0,0,0,0,0,0,0,0,0,0,0,0,0,0,0,0,0,1,0,0,0,0,0,0,0,0,0,0,0,1,0,0,0,0,0,0,1,0,0,0,0,0,0,0,0,0,0,0,0,1,0,0,0,0,0,0,0,1,0,0,0,1,0,1,0,1,1,1
cyclopentyl methyl ether,CCC(CO)(CO)C(=O)O,COC1CCCC1,0.0121,,CCC(CO)(CO)C(=O)O,COC1CCCC1,-1.91721463,298.15,5.111111111,0.597222222,0.597222222,0.485746586,88.065,0.057094912,-0.381460603,0.057094912,1.285714286,2.142857143,16.47453566,10.31165231,-2.010884103,4.646430385,0.108977895,2.139132575,46.14170945,1.124056764,-0.04,2.31410722,1.164181282,4.736862954,0,0,0,0,0,0,12.84164325,12.84164325,7.109797541,6.103966388,4.736862954,0,0,0,0,0,0,13.21376393,4.736862954,0,25.68328649,0,0,9.23,0,0,0,6.103966388,0,25.68328649,7.109797541,0,0,4.736862954,5.111111111,0,0,0,0,5.920648148,0,1.801574074,1,0,1,1,1,0,0,0,1,1,1,1.5754,0,0,0,0,0,0,0,0,0,1,0,0,0,0,0,0,0,0,0,0,0,0,0,0,0,0,0,0,0,0,0,0,0,0,0,0,0,0,0,0,0,0,0,0,0,1,0,1,0,0,0,0,0,0,0,1,0,0,0,0,1,0,0,0,1,0,1,0,1,0,0,0,0,0,0,0,0,1,0,0,0,1,0,0,0,1,0,0,0,1,0,1,0,0,1,1
gamma-butyrolactone,O=[N+]([O-])c1c[nH]cn1,O=C1CCCO1,0.00225,0.029951253,O=[N+]([O-])c1c[nH]cn1,O=C1CCCO1,-2.647817482,298.15,10.02083333,0.046296296,-0.046296296,0.396777661,80.042,0.305409841,-0.465656557,0.305409841,1.666666667,2.666666667,16.53773672,10.38048205,-1.881207036,5.702906502,-0.137453298,1.86382639,59.9483369,0.474679369,-0.53,1.285754081,0.505725462,4.736862954,0,0,0,4.794537184,0,0,0,6.420821623,6.420821623,6.606881965,9.531400138,5.969305288,0,0,0,0,0,12.57618725,9.531400138,0,12.84164325,0,0,26.3,0,4.794537184,5.969305288,13.02770359,6.420821623,0,0,0,4.736862954,0,4.513888889,0,0,-0.046296296,0,1.540509259,0.637731481,0,0.75,0,2,0,1,0,0,0,2,2,0,0.3234,0,0,0,0,0,0,0,0,1,0,0,0,0,0,0,0,0,0,0,0,0,0,0,0,0,0,0,0,0,0,0,0,1,0,0,0,0,0,0,0,0,0,0,0,0,0,0,1,0,0,0,0,0,0,0,0,0,0,0,0,0,0,1,0,0,0,1,0,1,0,0,0,1,0,0,0,0,1,0,0,0,1,0,0,0,0,1,0,0,1,1,0,0,0,1,1
1-methoxy-2-propanol,O=[N+]([O-])c1ccc(Oc2ccc([N+](=O)[O-])cc2)cc1,COCC(C)O,0.005388,,O=[N+]([O-])c1ccc(Oc2ccc([N+](=O)[O-])cc2)cc1,COCC(C)O,-2.268572413,298.15,8.427361111,0.324074074,-0.324074074,0.517384134,80.042,0.074497677,-0.391019298,0.074497677,1.833333333,2.333333333,16.47454982,10.45247733,-2.066237222,4.364186842,0.076531768,1.348587896,26.72905595,0.241202266,-0.08,3.123252033,3.92,9.843390349,0,0,0,0,0,0,0,6.9237372,7.109797541,12.71084835,9.843390349,0,0,0,0,0,0,24.92717329,4.736862954,0,6.9237372,0,0,29.46,0,0,6.103966388,6.606881965,0,0,14.03353474,0,4.736862954,5.106527395,4.553240741,8.427361111,0,0,0,-0.324074074,2.114583333,1.562222222,1,1,2,0,0,0,1,0,2,2,2,0.0136,1,0,0,0,0,0,0,0,0,1,0,0,0,0,0,0,0,0,0,0,0,0,0,0,0,0,0,0,0,0,0,0,0,0,0,0,1,0,0,0,1,0,0,0,0,1,0,0,0,0,0,1,0,0,0,0,0,0,0,1,0,0,0,0,1,0,0,0,1,0,0,0,0,0,0,0,0,0,0,0,0,0,0,1,0,1,1,1,0,1,1,1,0,0,1,0
pyridine,C=CC(=O)NCO,c1ccncc1,0.2319,,C=CC(=O)NCO,c1ccncc1,-0.634699251,298.15,3.784722222,1.75,1.75,0.453147965,74.062,0.026728768,-0.264736971,0.026728768,0.833333333,1.666666667,14.59724306,10.51881466,-1.582529218,4.877321733,1.330989291,1.719973094,75.86113959,0.312602027,-0.85,1.552582713,0.549000848,0,0,0,0,4.983978521,0,0,6.066367068,12.13273414,12.39368714,0,0,0,4.983978521,0,0,0,0,4.983978521,0,0,0,30.59278835,0,12.89,0,0,0,0,0,0,12.39368714,18.19910121,4.983978521,0,0,0,0,0,5.715277778,3.5,0,0,0,0,1,0,0,1,0,0,1,1,0,1.0816,0,0,0,0,0,0,0,0,0,0,0,0,0,0,0,0,0,0,0,0,0,0,0,0,0,0,0,0,0,0,0,0,0,0,1,0,0,0,0,0,0,0,0,0,0,0,0,0,1,0,0,0,0,0,0,0,0,0,0,0,0,0,0,0,0,0,0,0,0,0,0,0,1,0,0,0,0,0,0,0,0,0,0,0,0,0,0,0,0,0,0,0,1,1,0,1
3-pentanone,O=C(O)CCCCCCCCCCC(=O)O,CCC(=O)CC,0.0013,,O=C(O)CCCCCCCCCCC(=O)O,CCC(=O)CC,-2.886056648,298.15,10.18055556,0.342592593,0.342592593,0.495768832,76.054,0.131861522,-0.299740651,0.131861522,1.333333333,1.666666667,16.13770405,10.25004293,-1.876794062,5.770114341,-0.117944925,1.650022422,41.90013453,0.25,-0.33,2.884132762,1.942479564,0,5.783244946,0,0,4.794537184,0,0,13.8474744,0,12.84164325,0,4.794537184,5.783244946,0,0,0,0,0,5.783244946,4.794537184,0,26.68911765,0,0,17.07,0,4.794537184,0,18.62488819,0,0,0,13.8474744,0,0,0,0,0,0.342592593,0,1.381944444,3.761574074,0,0.8,0,1,0,0,0,0,0,1,1,2,1.3755,0,0,0,0,0,0,0,0,0,0,0,0,0,0,0,0,0,0,0,0,0,0,0,0,0,0,0,0,0,0,0,0,0,0,0,0,0,0,0,0,0,0,0,0,0,0,0,0,0,0,0,0,0,0,0,0,0,0,1,0,1,0,0,0,0,0,0,0,1,0,0,0,0,0,0,0,0,0,0,0,0,0,0,1,0,1,0,1,0,0,0,1,0,0,1,0
furfural,CCCCCCCC[n+]1csc2ccccc21.F[P-](F)(F)(F)(F)F,O=Cc1ccco1,0.33,,CCCCCCCC[n+]1csc2ccccc21.F[P-](F)(F)(F)(F)F,O=Cc1ccco1,-0.48148606,298.15,9.773842593,0.375,0.375,0.489695019,92.053,0.184800866,-0.461564813,0.184800866,1.714285714,2.857142857,16.33729149,10.50145704,-1.645911498,5.694580577,0.109579731,2.139132575,141.1235805,0.358319304,-1.05,1.598931215,0.681577074,4.417150937,0,12.04640794,0,4.794537184,0,0,0,12.13273414,0,6.263162996,9.211688121,6.286160523,0,0,0,0,0,6.286160523,0,0,10.5547846,22.81304807,0,30.21,0,4.794537184,0,12.04640794,0,6.263162996,12.13273414,0,4.417150937,0,4.614583333,0,0,0.375,3.274537037,2.128703704,0,0,0,0,2,0,0,1,0,0,2,2,1,1.0921,0,0,0,0,0,0,0,1,0,0,0,0,0,0,0,0,0,0,0,0,0,0,0,0,0,0,0,0,0,0,0,0,1,0,0,0,1,0,0,0,0,0,0,0,0,0,0,1,0,0,0,0,0,0,0,0,0,0,0,0,0,0,0,0,0,0,0,0,0,0,0,0,1,0,0,0,0,0,0,0,0,0,0,0,0,1,0,0,0,0,1,0,0,0,1,1
n-dodecane,C=C(C)[C@@H]1CC[C@]2(CO)CC[C@]3(C)[C@H](CC[C@@H]4[C@@]5(C)CC[C@H](O)C(C)(C)[C@@H]5CC[C@]43C)[C@@H]12,CCCCCCCCCCCC,1.50E-05,6.60E-05,C=C(C)[C@@H]1CC[C@]2(CO)CC[C@]3(C)[C@H](CC[C@@H]4[C@@]5(C)CC[C@H](O)C(C)(C)[C@@H]5CC[C@]43C)[C@@H]12,CCCCCCCCCCCC,-4.823908741,298.15,2.279016097,1.370867769,1.370867769,0.430464304,144.132,-0.053305974,-0.065382383,0.053305974,0.416666667,0.916666667,13.96040481,10.07005825,-1.796841751,4.452404811,0.562058249,2.098390961,56.4385619,1.560660172,0,11,10,0,0,0,0,0,0,0,78.05569063,0,0,0,0,0,0,0,0,0,0,0,0,0,78.05569063,0,0,0,0,0,0,0,0,64.20821623,0,0,13.8474744,0,0,0,0,0,0,14.44196781,4.558032194,0,1,0,0,0,0,0,0,0,0,0,9,4.9272,0,0,0,0,0,0,0,0,0,0,0,0,0,0,9,0,0,0,0,0,0,0,0,0,0,0,0,0,0,0,0,0,0,0,0,0,0,0,0,0,0,0,0,0,0,0,0,0,0,0,0,0,0,0,0,1,0,0,1,1,1,0,0,0,0,1,1,0,0,0,0,0,0,0,0,0,0,0,0,0,0,1,0,1,0,0,0,1,0,0,0,1,0,0,0,0
diethylene glycol,c1ccc2c(c1)sc1ccccc12,OCCOCCO,0.00027,,c1ccc2c(c1)sc1ccccc12,OCCOCCO,-3.568636236,298.15,8.08625,0.027777778,0.027777778,0.451248345,96.041,0.069837709,-0.393980325,0.069837709,1,1.714285714,16.49204816,10.72275867,-2.025674525,4.235162489,0.064974512,1.690933806,26.1158779,0.231161517,-0.12,5.88,5.88,14.94991774,0,0,0,0,0,0,0,0,0,26.42752786,14.94991774,0,0,0,0,0,0,36.64058265,4.736862954,0,0,0,0,49.69,0,0,13.21376393,13.21376393,0,0,0,0,4.736862954,10.21305479,4.631944444,16.1725,0,0,0,0,0.695555556,0,1,2,3,0,0,0,0,0,3,3,4,-1.0124,2,0,0,0,0,0,0,0,0,0,0,0,0,0,0,0,0,0,0,0,0,0,0,0,0,0,0,0,0,0,0,0,0,0,0,0,1,0,1,0,1,0,0,0,1,0,0,0,0,0,0,1,0,0,0,0,0,0,0,0,0,0,0,0,1,1,1,0,1,0,0,0,0,1,0,0,0,0,0,0,1,1,0,0,0,0,1,1,0,1,1,0,0,0,1,0
diisopropyl ether,O=[N+]([O-])c1cccc2ccccc12,CC(C)OC(C)C,0.1043,,O=[N+]([O-])c1cccc2ccccc12,CC(C)OC(C)C,-0.981715692,298.15,5.25,0.375,0.375,0.51644113,88.065,0.052185621,-0.376143676,0.052185621,0.857142857,1.142857143,16.49500987,10.40764754,-2.088649795,4.396943928,0.029985942,1.272905595,33.44467836,0.544331054,-0.04,3.026851632,5.96,4.736862954,0,0,0,0,0,0,0,27.6949488,0,12.20793278,4.736862954,0,0,0,0,0,0,12.20793278,4.736862954,0,27.6949488,0,0,9.23,0,0,0,12.20793278,0,0,0,27.6949488,0,4.736862954,5.25,0,0,0,0,0.75,8.166666667,0,1,0,1,0,0,0,0,0,1,1,2,1.8198,0,0,0,0,0,0,0,0,0,0,0,0,0,0,0,0,0,0,0,0,0,0,0,0,0,0,0,0,0,0,0,0,0,0,0,0,0,1,0,0,0,0,0,0,0,0,0,0,0,0,0,0,0,0,0,0,0,0,0,0,0,0,0,0,1,0,0,0,0,0,0,0,0,0,0,1,0,0,0,0,0,0,0,1,0,1,0,0,0,1,0,1,0,0,1,0
tert-amyl alcohol,c1ccc2cc3ccccc3cc2c1,CCC(C)(C)O,0.00079,,c1ccc2cc3ccccc3cc2c1,CCC(C)(C)O,-3.102372909,298.15,8.826388889,0.458333333,-0.458333333,0.509763466,76.054,0.058869861,-0.390482852,0.058869861,1.5,1.666666667,16.28087593,10.08956853,-2.149925586,4.5853349,0.076469817,1.351644115,33.69332843,0,-0.04,1.605659929,3.96,5.106527395,0,0,0,0,0,0,6.9237372,20.26829602,0,5.601050811,5.106527395,0,0,0,0,0,0,10.70757821,0,0,27.19203322,0,0,20.23,5.601050811,0,0,0,6.420821623,0,13.8474744,6.9237372,0,5.106527395,0,8.826388889,-0.458333333,0,0,0.826388889,5.555555556,0,1,1,1,0,0,0,0,0,1,1,1,1.1673,0,0,0,0,0,0,0,0,0,0,0,0,0,0,0,0,0,0,0,0,0,0,0,0,0,0,0,0,0,0,0,0,0,0,0,1,0,1,0,0,0,0,0,0,0,0,0,0,0,0,0,1,0,0,0,0,1,0,1,1,0,0,0,0,0,0,0,0,1,0,0,0,0,0,0,1,0,0,0,0,0,0,0,1,0,1,0,1,0,1,0,1,0,0,1,0
acetylacetone,CNC(=O)c1cc(Oc2ccc(N)cc2)ccn1,CC(=O)CC(C)=O,0.02023,,CNC(=O)c1cc(Oc2ccc(N)cc2)ccn1,CC(=O)CC(C)=O,-1.694004117,298.15,10.03333333,0.0625,-0.0625,0.474822003,92.053,0.136672069,-0.299537265,0.136672069,1.142857143,1.428571429,16.14747061,10.23593912,-1.970244924,5.960965661,-0.124125653,1.272905595,82.25327665,0.350577045,-0.66,2.502316273,5.34,0,11.56648989,0,0,9.589074368,0,0,0,13.8474744,0,6.420821623,9.589074368,11.56648989,0,0,0,0,0,11.56648989,9.589074368,0,20.26829602,0,0,34.14,0,9.589074368,17.98731152,0,0,13.8474744,0,0,0,0,0,0,0,-0.125,0,0.083333333,2.808333333,0,0.6,0,2,0,0,0,0,0,2,2,2,0.5545,0,0,0,0,0,0,0,0,0,0,0,0,0,0,0,0,0,0,0,0,0,0,0,0,0,0,0,0,0,0,0,0,0,0,0,0,0,0,0,0,0,0,1,0,0,0,0,0,0,0,0,0,0,0,0,0,0,0,0,1,0,0,0,0,0,0,0,0,1,0,0,1,0,0,0,0,0,0,0,0,0,0,0,1,0,1,0,1,0,0,1,1,0,0,1,0
n-hexadecane,O=[N+]([O-])c1cccc2ccccc12,CCCCCCCCCCCCCCCC,0.03945,,O=[N+]([O-])c1cccc2ccccc12,CCCCCCCCCCCCCCCC,-1.403952992,298.15,2.290220142,1.372777778,1.372777778,0.314904724,192.176,-0.053305973,-0.065382383,0.053305973,0.3125,0.6875,13.98776473,10.04601975,-1.820880253,4.479764729,0.538019747,2.306121219,92.60593782,2.267766953,0,15,14,0,0,0,0,0,0,0,103.7389771,0,0,0,0,0,0,0,0,0,0,0,0,0,103.7389771,0,0,0,0,0,0,0,0,89.89150272,0,0,13.8474744,0,0,0,0,0,0,20.41955972,4.580440283,0,1,0,0,0,0,0,0,0,0,0,13,6.4876,0,0,0,0,0,0,0,0,0,0,0,0,0,0,13,0,0,0,0,0,0,0,0,0,0,0,0,0,0,0,0,0,0,0,0,0,0,0,0,0,0,0,0,0,0,0,0,0,0,0,0,0,0,0,0,1,0,0,1,1,1,0,0,0,0,1,1,0,0,0,0,0,0,0,0,0,0,0,0,0,0,1,0,1,0,0,0,1,0,0,0,1,0,0,0,0
acetophenone,CCc1ccc2c(c1)C(=O)c1ccccc1C2=O,CC(=O)c1ccccc1,0.1384,,CCc1ccc2c(c1)C(=O)c1ccccc1C2=O,CC(=O)c1ccccc1,-0.85886391,298.15,10.64537037,0.120925926,0.120925926,0.517046754,112.087,0.159298497,-0.294512207,0.159298497,1.222222222,2.111111111,16.13739126,10.15436074,-1.881047752,5.933640771,0.101299191,1.900372628,201.0674371,0.672860901,-1.11,2.443752552,1.38925248,0,0,5.783244946,0,4.794537184,0,0,30.33183534,6.9237372,5.563451492,0,4.794537184,5.783244946,0,0,0,0,0,5.783244946,0,0,17.28172588,30.33183534,0,17.07,0,4.794537184,5.783244946,0,5.563451492,0,6.9237372,30.33183534,0,0,0,0,0.775462963,0.120925926,9.226759259,0,1.564814815,0,0.125,0,1,0,0,0,0,0,1,1,1,1.8892,0,0,0,0,0,0,0,0,0,0,0,0,0,0,0,0,0,0,0,0,0,0,0,0,0,0,0,0,0,0,0,0,0,0,0,0,0,0,0,0,0,0,0,0,0,0,0,0,0,0,0,0,0,0,0,0,0,0,0,0,0,0,0,0,0,0,0,0,0,0,0,0,0,0,0,0,0,0,0,0,0,0,0,0,0,1,0,0,0,0,0,1,0,1,1,1
methyl propionate,CC(C)(Oc1ccc(CCNC(=O)c2ccc(Cl)cc2)cc1)C(=O)O,CCC(=O)OC,0.0004276,,CC(C)(Oc1ccc(CCNC(=O)c2ccc(Cl)cc2)cc1)C(=O)O,CCC(=O)OC,-3.368962303,298.15,9.958333333,0.157407407,-0.157407407,0.437850878,80.042,0.304720731,-0.46900295,0.304720731,1.833333333,2.333333333,16.52286937,10.512118,-1.944516246,5.680312931,-0.139696163,1.650022422,43.509775,0.144337567,-0.53,2.693713647,1.758184438,4.736862954,0,0,0,4.794537184,0,0,6.9237372,0,6.420821623,7.109797541,9.531400138,5.969305288,0,0,0,0,0,13.07910283,9.531400138,0,13.34455882,0,0,26.3,0,4.794537184,5.969305288,6.420821623,0,7.109797541,6.9237372,0,4.736862954,0,4.260416667,0,0,-0.157407407,0,0.46875,1.755787037,1.380787037,0.75,0,2,0,0,0,0,0,2,2,1,0.5694,0,0,0,0,0,0,0,0,0,1,0,0,0,0,0,0,0,0,0,0,0,0,0,0,0,0,0,0,0,0,0,0,0,0,0,0,0,0,0,0,0,0,0,0,0,1,0,0,0,0,0,0,0,0,0,0,0,0,1,0,1,0,1,0,1,0,0,0,1,0,0,0,0,0,0,0,0,0,0,0,0,0,0,1,0,0,0,1,0,1,1,1,0,0,1,0
isopentyl acetate,O=C1OC(=O)[C@H]2[C@@H]1[C@H]1C=C[C@H]2C1,CC(=O)OCCC(C)C,0.04264,,O=C1OC(=O)[C@H]2[C@@H]1[C@H]1C=C[C@H]2C1,CC(=O)OCCC(C)C,-1.370182804,298.15,10.20301682,0.184583333,-0.184583333,0.542209591,116.075,0.302123037,-0.465866931,0.302123037,1.555555556,2.444444444,16.53148887,10.14784849,-2.023183302,5.653214888,-0.140737622,1.628673776,86.91694058,0.438356565,-0.53,4.358753835,7.47,4.736862954,0,0,0,4.794537184,0,0,13.8474744,12.33872767,6.9237372,6.606881965,9.531400138,5.969305288,0,5.917906046,0,0,0,12.57618725,9.531400138,5.917906046,27.19203322,0,0,26.3,0,4.794537184,5.969305288,12.52478801,6.420821623,6.9237372,0,0,13.8474744,4.736862954,4.71375,0,0,0.430555556,0,0.957916667,6.19476096,0,0.857142857,0,2,0,0,0,0,0,2,2,3,1.5956,0,0,0,0,0,0,0,0,0,0,0,0,0,0,0,0,0,0,0,0,0,0,0,0,0,0,0,0,0,0,0,0,0,0,0,0,0,1,0,0,0,0,0,0,0,0,0,0,0,0,0,0,0,0,0,1,0,0,0,1,1,0,1,0,1,0,0,0,1,0,0,0,0,0,0,1,0,0,0,0,0,1,0,1,0,0,1,1,0,1,1,1,0,0,1,0
trichloroethylene,CCCCCCCCCCCCCCCCCCCC(=O)OCCO,ClC=C(Cl)Cl,0.0428,,CCCCCCCCCCCCCCCCCCCC(=O)OCCO,ClC=C(Cl)Cl,-1.368556231,298.15,4.956790123,0.089506173,0.089506173,0.473775059,130.381,0.117603187,-0.090359084,0.090359084,1.4,1.6,35.53934101,11.24175916,-1.333974586,6.578145153,2.362563119,1.378783493,42.85475297,0,0.61,2.82691974,4.61,0,4.491468174,0,0,0,0,0,34.80281967,0,5.535201929,0,0,34.80281967,0,0,0,0,34.80281967,0,0,0,0,10.0266701,0,0,0,0,4.491468174,0,5.535201929,0,0,0,0,34.80281967,0.089506173,0,1.086419753,0,0,0,0,0,0,0,0,0,0,0,0,0,0,3,0,2.5017,0,0,0,0,0,0,0,0,0,0,0,0,0,0,0,0,0,0,1,0,0,0,0,0,0,0,0,0,0,0,0,0,0,0,0,0,0,0,0,0,0,0,0,0,0,0,0,0,0,1,0,0,0,0,1,0,0,0,0,0,0,0,0,0,0,0,0,0,0,0,0,0,0,0,0,0,0,0,0,0,0,0,0,0,0,0,0,0,0,0,0,0,0,0,0,0
n-nonanol,C=C(C)[C@@H]1CC[C@]2(CO)CC[C@]3(C)[C@H](CC[C@@H]4[C@@]5(C)CC[C@H](O)C(C)(C)[C@@H]5CC[C@]43C)[C@@H]12,CCCCCCCCCO,0.00217,0.012483509,C=C(C)[C@@H]1CC[C@]2(CO)CC[C@]3(C)[C@H](CC[C@@H]4[C@@]5(C)CC[C@H](O)C(C)(C)[C@@H]5CC[C@]43C)[C@@H]12,CCCCCCCCCO,-2.663540266,298.15,8.46895479,0.36882716,0.36882716,0.544619376,124.098,0.043052407,-0.396376569,0.043052407,0.8,1.8,16.24992522,10.10604694,-1.827220464,4.428013035,0.282028181,1.967154472,44.68995594,1.06891018,-0.04,8.96,7.96,5.106527395,0,0,0,0,0,0,45.44866694,6.420821623,6.606881965,0,5.106527395,0,0,0,0,0,0,11.71340936,0,0,51.86948856,0,0,20.23,0,0,0,6.606881965,6.420821623,38.52492974,0,0,6.9237372,5.106527395,0,8.46895479,0,0,0,8.932334184,2.598711026,0,1,1,1,0,0,0,0,0,1,1,7,2.7293,1,0,0,0,0,0,0,0,0,0,0,0,0,0,6,0,0,0,0,0,0,0,0,0,0,0,0,0,0,0,0,0,0,0,0,0,0,0,1,0,0,0,0,1,1,0,0,0,0,0,0,1,0,0,0,1,0,0,1,1,1,0,0,0,0,1,1,0,1,0,0,0,0,0,0,0,0,0,0,0,0,1,0,0,0,0,1,1,0,1,0,1,0,0,1,0
cyclohexanol,O=C(O)CCCCC(=O)O,OC1CCCCC1,0.0017,,O=C(O)CCCCC(=O)O,OC1CCCCC1,-2.769551079,298.15,8.909166667,0.03587963,0.03587963,0.486324884,88.065,0.053984775,-0.393131382,0.053984775,1,1.857142857,16.26580617,9.981987147,-2.094135332,4.611711079,0.130074353,1.685616163,46.14170945,1.081038718,-0.04,2.31410722,1.475062751,5.106527395,0,0,0,0,0,0,19.26246487,12.84164325,0,6.103966388,5.106527395,0,0,0,0,0,0,11.21049378,0,0,32.10410811,0,0,20.23,0,0,6.103966388,0,12.84164325,19.26246487,0,0,0,5.106527395,0,8.909166667,0,0,0,5.924166667,0,0,1,1,1,1,1,0,0,0,1,1,0,1.3114,1,0,0,0,0,0,0,0,0,0,0,0,0,0,0,0,0,0,0,0,0,0,0,0,0,0,0,0,0,0,0,0,0,0,0,0,0,0,0,0,0,0,0,1,1,0,0,0,0,0,0,1,0,0,0,0,0,0,0,0,0,0,0,0,0,1,1,0,1,0,0,0,0,0,0,0,0,1,0,0,0,1,0,0,0,1,0,0,0,1,0,0,0,1,1,1
benzyl alcohol,O=Cc1ccc(C=O)cc1,OCc1ccccc1,0.04339,,O=Cc1ccc(C=O)cc1,OCc1ccccc1,-1.36261035,298.15,8.537592593,0.139722222,0.139722222,0.572343612,100.076,0.06813694,-0.391680468,0.06813694,1.125,2.125,16.2502435,10.22648003,-1.772683675,5.124430983,0.281609266,1.903491193,145.7328145,0.583419827,-0.82,2.478228729,1.073981897,5.106527395,0,0,0,0,0,0,30.33183534,5.563451492,0,6.606881965,5.106527395,0,0,0,0,0,0,5.106527395,6.606881965,0,5.563451492,30.33183534,0,20.23,0,0,6.606881965,0,5.563451492,0,0,30.33183534,0,5.106527395,0,8.537592593,0.965277778,0,9.524074074,0,0.139722222,0,0.142857143,1,1,0,0,0,0,0,1,1,1,1.1789,1,0,0,0,0,0,0,0,0,0,0,0,0,0,0,0,0,0,0,0,0,0,0,0,0,0,0,0,0,0,0,0,0,0,0,0,0,0,1,0,0,0,0,0,0,0,0,0,0,0,0,0,0,0,0,0,0,0,0,0,0,0,0,0,0,0,0,0,0,0,0,0,0,0,0,0,0,0,0,0,0,0,0,0,0,0,1,1,0,1,0,0,0,1,1,1
2-ethylhexanol,O=[N+]([O-])c1cccc2ccccc12,CCCCC(CC)CO,0.04106,,O=[N+]([O-])c1cccc2ccccc12,CCCCC(CC)CO,-1.386581055,298.15,8.752651172,0.371527778,0.371527778,0.604543152,112.087,0.045866246,-0.396088351,0.045866246,1.333333333,2.333333333,16.25097618,10.00801711,-2.028692246,4.530245216,0.212200352,1.909923326,48.52932501,0.917309963,-0.04,6.085628141,4.462512563,5.106527395,0,0,0,0,0,0,33.10993927,12.33872767,6.606881965,0,5.106527395,0,0,5.917906046,0,0,0,11.71340936,0,5.917906046,39.53076089,0,0,20.23,0,0,0,12.52478801,6.420821623,19.26246487,0,0,13.8474744,5.106527395,0,8.752651172,0,0.560138889,0,4.828935185,4.691608088,0,1,1,1,0,0,0,1,0,1,1,5,2.1951,1,0,0,0,0,0,0,0,0,0,0,0,0,0,1,0,0,0,0,0,0,0,0,0,0,0,0,0,0,0,0,0,0,0,0,0,0,0,1,0,0,0,0,1,1,0,0,0,0,0,0,0,0,0,0,1,0,0,1,1,1,0,0,0,0,1,1,0,0,0,0,0,0,0,0,0,0,0,0,0,0,1,0,1,0,0,1,1,0,1,0,1,0,0,1,0
isooctanol,C[C@@H]1CC[C@@]2(OC1)O[C@H]1C[C@H]3[C@@H]4CC=C5C[C@@H](O)CC[C@]5(C)[C@H]4CC[C@]3(C)[C@H]1[C@@H]2C,CC(C)CCCCCO,0.0073014,,C[C@@H]1CC[C@@]2(OC1)O[C@H]1C[C@H]3[C@@H]4CC=C5C[C@@H](O)CC[C@]5(C)[C@H]4CC[C@]3(C)[C@H]1[C@@H]2C,CC(C)CCCCCO,-2.136593859,298.15,8.431488095,0.359221466,0.359221466,0.565526155,112.087,0.043052409,-0.396376569,0.043052409,1.111111111,2.222222222,16.24992475,10.05944511,-1.879232807,4.453946078,0.280986903,1.800576896,50.52932501,0.841165952,-0.04,6.085628141,7.96,5.106527395,0,0,0,0,0,0,33.10993927,12.33872767,6.606881965,0,5.106527395,0,0,5.917906046,0,0,0,11.71340936,0,5.917906046,39.53076089,0,0,20.23,0,0,0,6.606881965,12.33872767,19.26246487,0,0,13.8474744,5.106527395,0,8.431488095,0,0.822863757,0,4.74962963,4.829351852,0,1,1,1,0,0,0,0,0,1,1,5,2.1951,1,0,0,0,0,0,0,0,0,0,0,0,0,0,2,0,0,0,0,0,0,0,0,0,0,0,0,0,0,0,0,0,0,0,0,0,0,1,1,0,0,0,0,1,1,0,0,0,0,0,0,1,0,0,0,1,0,0,0,1,1,0,0,0,0,1,1,0,1,0,0,0,0,0,0,0,0,0,0,0,0,1,0,1,0,0,1,1,0,1,0,1,0,0,1,0
dipropyl ether,CC(C)COc1ccc(B(O)O)cc1,CCCOCCC,0.0352,,CC(C)COc1ccc(B(O)O)cc1,CCCOCCC,-1.453457337,298.15,5.131944444,0.924444444,0.924444444,0.491869888,88.065,0.04629007,-0.381474012,0.04629007,1,1.714285714,16.47275948,10.49070475,-1.917563926,4.247448375,0.135272616,1.690933806,23.3609904,0.390737207,-0.04,5.96,5.96,4.736862954,0,0,0,0,0,0,13.8474744,12.84164325,13.21376393,0,4.736862954,0,0,0,0,0,0,13.21376393,4.736862954,0,26.68911765,0,0,9.23,0,0,0,0,26.05540717,0,0,0,13.8474744,4.736862954,5.131944444,0,0,0,0,2.277777778,6.090277778,0,1,0,1,0,0,0,0,0,1,1,4,1.823,0,0,0,0,0,0,0,0,0,0,0,0,0,0,0,0,0,0,0,0,0,0,0,0,0,0,0,0,0,0,0,0,0,0,0,0,0,0,0,0,1,0,0,0,0,0,0,0,0,0,0,0,0,0,0,1,0,0,1,1,0,0,0,0,1,1,1,0,1,0,0,0,0,1,0,0,0,0,0,0,0,1,0,1,0,0,1,1,0,1,0,1,0,0,1,0
"1,2-dichlorobenzene",Cn1cc([N+](=O)[O-])cn1,Clc1ccccc1Cl,0.000121,,Cn1cc([N+](=O)[O-])cn1,Clc1ccccc1Cl,-3.91721463,298.15,5.576728395,0.605709877,0.605709877,0.528586339,142.972,0.059180344,-0.082713195,0.059180344,0.875,1.5,35.49826032,10.36538253,-1.618361442,6.414178176,1.708880921,1.768177215,162.6383389,0.439294576,-0.2,2.3818409,1.145679012,0,0,0,0,0,0,0,35.33461392,12.13273414,0,10.04526663,0,23.20187978,0,0,0,0,23.20187978,0,0,0,0,24.26546827,0,0,0,0,0,10.04526663,0,0,12.13273414,12.13273414,0,23.20187978,0,1.211419753,0,0,7.190679012,0,0,0,0,0,0,0,0,0,0,0,0,2,0,2.9934,0,0,0,0,0,0,0,0,0,0,0,0,0,0,0,0,0,0,0,0,0,0,0,0,0,0,0,0,0,0,0,0,0,0,0,0,0,0,0,0,0,1,0,0,0,0,0,0,0,0,0,0,0,0,1,0,0,0,0,0,0,0,0,0,0,0,0,0,0,0,0,0,0,0,0,0,0,0,1,0,0,0,0,0,0,0,0,0,0,0,0,0,0,1,0,1
ethyl lactate,c1ccc(-n2c3ccccc3c3ccccc32)cc1,CCOC(=O)C(C)O,0.03358,,c1ccc(-n2c3ccccc3c3ccccc32)cc1,CCOC(=O)C(C)O,-1.473919308,298.15,10.27060185,0.323148148,-0.990787037,0.516128884,108.052,0.334147689,-0.464078219,0.334147689,1.875,2.5,16.54475181,10.42206441,-2.182683143,5.731709792,-0.151419867,1.670925436,77.74296763,0.262860031,-0.57,3.43425868,2.577420843,9.843390349,6.103966388,0,0,0,4.794537184,0,0,13.8474744,0,6.606881965,14.63792753,5.969305288,0,0,0,0,0,23.78668104,9.531400138,0,13.8474744,0,0,46.53,12.07327168,4.794537184,0,6.606881965,0,6.9237372,6.9237372,0,4.736862954,5.106527395,4.414351852,8.477453704,0,-0.5625,0,-0.990787037,3.39087963,0,0.8,1,3,0,0,0,1,0,3,3,2,-0.0697,1,0,0,0,0,0,0,0,0,0,0,0,0,0,0,0,0,0,0,0,0,0,0,0,0,0,0,0,0,0,0,0,0,0,0,0,1,0,0,0,0,0,0,0,1,0,0,0,0,0,0,0,0,0,0,1,0,0,1,0,0,0,1,0,1,0,0,0,0,0,0,0,0,0,0,0,0,0,0,0,1,0,0,1,0,1,1,1,0,1,1,1,0,0,1,0
propylene carbonate,O=C(O)c1cccc([N+](=O)[O-])c1,CC1COC(=O)O1,0.0834,,O=C(O)c1cccc([N+](=O)[O-])c1,CC1COC(=O)O1,-1.078833949,298.15,10.00902778,0.048611111,-0.548611111,0.418614149,96.041,0.508289939,-0.430345716,0.430345716,1.857142857,2.714285714,16.7642831,10.45762829,-2.006603554,5.611716388,0.121287554,1.866819311,88.93569697,0.417703214,-0.73,1.404932135,0.823939078,9.473725908,12.71084835,0,0,0,4.794537184,0,0,6.9237372,0,0,14.26826309,6.15536563,0,0,0,4.794537184,0,18.86621398,9.473725908,0,6.9237372,0,0,35.53,6.15536563,4.794537184,6.103966388,6.606881965,0,0,6.9237372,0,9.473725908,0,8.903935185,0,0,0,0,-0.597222222,2.184259259,0,0.75,0,3,0,1,0,1,0,3,3,0,0.5417,0,0,0,0,0,0,0,0,2,0,0,0,0,0,0,1,0,0,0,0,0,0,0,0,0,0,0,0,0,0,0,0,1,0,0,0,1,0,0,0,0,0,0,0,0,0,0,1,0,0,0,0,0,1,0,0,0,0,0,1,0,0,1,0,0,0,0,0,1,0,0,0,1,0,0,0,0,1,0,0,1,0,0,0,0,1,1,0,0,1,1,1,0,0,1,1
n-methylformamide,Cc1cnc(NC(=O)C2=C(O)c3ccccc3S(=O)(=O)N2C)s1,CNC=O,0.001494,,Cc1cnc(NC(=O)C2=C(O)c3ccccc3S(=O)(=O)N2C)s1,CNC=O,-2.825649403,298.15,9.0625,0.625,0.625,0.399916757,54.028,0.206363899,-0.36175235,0.206363899,2,2.25,16.13824179,11.234357,-1.975599813,5.444107679,-0.108629497,1.370950594,20,0,-0.53,2.47,1.47,5.316788604,0,0,0,4.794537184,0,0,0,0,7.047671983,0,4.794537184,6.410095306,5.316788604,0,5.316788604,0,0,13.45776729,4.794537184,0,0,0,0,29.1,0,0,0,6.410095306,0,0,7.047671983,0,5.316788604,4.794537184,0,2.25,0,0,0,0.625,0,1.5625,0.5,1,2,0,0,0,0,0,1,2,1,-0.6378,0,0,0,1,0,0,0,0,0,0,0,0,0,0,0,0,0,0,0,0,0,0,0,0,0,0,0,0,0,0,0,0,0,0,0,0,0,0,0,0,0,0,0,0,0,1,0,0,0,0,0,0,0,0,0,0,0,0,0,0,0,0,0,0,0,0,0,0,0,0,0,0,0,0,0,0,0,0,0,0,0,0,0,0,1,0,0,0,0,0,0,1,1,0,1,0
2-pentanol,O=[N+]([O-])c1cccc2ccccc12,CCCC(C)O,0.03244,,O=[N+]([O-])c1cccc2ccccc12,CCCC(C)O,-1.488919154,298.15,8.552361111,0.101851852,-0.101851852,0.536831757,76.054,0.05115656,-0.393419452,0.05115656,1.666666667,2.166666667,16.26465424,10.23251166,-1.954541118,4.400152443,0.183327368,1.348587896,25.11941548,0.417774579,-0.04,3.161612903,3.96,5.106527395,0,0,0,0,0,0,13.34455882,13.34455882,0,6.103966388,5.106527395,0,0,0,0,0,0,11.21049378,0,0,26.68911765,0,0,20.23,0,0,6.103966388,0,12.84164325,0,0,6.9237372,6.9237372,5.106527395,0,8.552361111,0,0,0,1.909722222,3.87125,0,1,1,1,0,0,0,1,0,1,1,2,1.1673,1,0,0,0,0,0,0,0,0,0,0,0,0,0,0,0,0,0,0,0,0,0,0,0,0,0,0,0,0,0,0,0,0,0,0,0,0,0,0,0,0,0,0,1,0,0,0,0,0,0,0,1,0,0,0,0,0,0,1,1,1,0,0,0,0,0,0,0,1,0,0,0,0,0,0,0,0,0,0,0,0,1,0,1,0,1,0,1,0,1,0,1,0,0,1,0
n-pentane,CN1c2ccccc2C(=O)N2CCc3c([nH]c4ccccc34)[C@H]21,CCCCC,1.59E-06,1.40E-05,CN1c2ccccc2C(=O)N2CCc3c([nH]c4ccccc34)[C@H]21,CCCCC,-5.798602876,298.15,2.211805556,1.34375,1.34375,0.46878551,60.055,-0.053831315,-0.065382555,0.053831315,1,1.4,13.74496242,10.27970514,-1.587194861,4.236962415,0.771705139,1.405639062,7.509775004,0.353553391,0,4,4,0,0,0,0,0,0,0,33.10993927,0,0,0,0,0,0,0,0,0,0,0,0,0,33.10993927,0,0,0,0,0,0,0,0,19.26246487,0,0,13.8474744,0,0,0,0,0,0,4.076388889,4.423611111,0,1,0,0,0,0,0,0,0,0,0,2,2.1965,0,0,0,0,0,0,0,0,0,0,0,0,0,0,2,0,0,0,0,0,0,0,0,0,0,0,0,0,0,0,0,0,0,0,0,0,0,0,0,0,0,0,0,0,0,0,0,0,0,0,0,0,0,0,0,0,0,0,1,1,1,0,0,0,0,0,0,0,0,0,0,0,0,0,0,0,0,0,0,0,0,1,0,1,0,0,0,1,0,0,0,1,0,0,0,0
1-propoxy-2-propanol,O=P(NCc1cccc(CNP(=O)(Oc2ccccc2)Oc2ccccc2)c1)(Oc1ccccc1)Oc1ccccc1,CCCOCC(C)O,0.0005083,,O=P(NCc1cccc(CNP(=O)(Oc2ccccc2)Oc2ccccc2)c1)(Oc1ccccc1)Oc1ccccc1,CCCOCC(C)O,-3.29387989,298.15,8.653993764,0.318009259,-0.318009259,0.552991093,104.064,0.074512711,-0.391019024,0.074512711,1.625,2.625,16.48518994,10.43276446,-2.097986899,4.392534937,0.046617512,1.664672795,43.7931939,0.398226658,-0.08,5.064508671,5.92,9.843390349,0,0,0,0,0,0,6.9237372,13.34455882,6.606881965,12.71084835,9.843390349,0,0,0,0,0,0,24.42425771,4.736862954,0,20.26829602,0,0,29.46,0,0,6.103966388,6.606881965,13.02770359,0,6.9237372,6.9237372,0,9.843390349,4.994212963,8.653993764,0,0,0,0.702546296,4.98258031,0,1,1,2,0,0,0,1,0,2,2,4,0.7938,1,0,0,0,0,0,0,0,0,0,0,0,0,0,0,0,0,0,0,0,0,0,0,0,0,0,0,0,0,0,0,0,0,0,0,0,1,0,0,0,1,0,0,0,1,0,0,0,0,0,0,1,0,0,0,1,0,0,1,1,0,0,0,0,1,0,1,0,1,0,0,0,0,1,0,0,0,0,0,0,0,1,0,1,0,1,1,1,0,1,1,1,0,0,1,0
1-methoxy-2-propyl acetate,O=P(NCc1cccc(CNP(=O)(Oc2ccccc2)Oc2ccccc2)c1)(Oc1ccccc1)Oc1ccccc1,COCC(C)OC(C)=O,0.0031898,,O=P(NCc1cccc(CNP(=O)(Oc2ccccc2)Oc2ccccc2)c1)(Oc1ccccc1)Oc1ccccc1,COCC(C)OC(C)=O,-2.496236546,298.15,10.25120748,0.131944444,-0.264305556,0.526902469,120.063,0.302473896,-0.460402961,0.302473896,1.666666667,2.555555556,16.56249988,10.42891958,-2.168112883,5.656012766,-0.147194711,1.630324222,90.30376252,0.552046416,-0.57,4.322705119,5.298665785,9.473725908,6.103966388,0,0,4.794537184,0,0,0,6.9237372,14.03353474,6.606881965,14.26826309,5.969305288,0,0,0,0,0,25.78995118,14.26826309,0,13.8474744,0,0,35.53,0,4.794537184,12.07327168,6.606881965,0,6.9237372,14.03353474,0,0,9.473725908,9.453935185,0,0,-0.264305556,0,-0.131944444,3.621666667,1.569440665,0.833333333,0,3,0,0,0,1,0,3,3,3,0.5844,0,0,0,0,0,0,0,0,0,1,0,0,0,0,0,0,0,0,0,0,0,0,0,0,0,0,0,0,0,0,0,0,0,0,0,0,1,0,0,0,1,0,0,0,0,1,0,0,0,0,0,0,0,0,0,1,0,0,0,1,0,0,1,0,1,0,0,0,1,0,0,0,0,0,0,1,0,0,0,0,1,0,0,1,0,1,1,1,0,1,1,1,0,0,1,0
2-(2-methoxypropoxy) propanol,O=P(NCc1cccc(CNP(=O)(Oc2ccccc2)Oc2ccccc2)c1)(Oc1ccccc1)Oc1ccccc1,COC(C)COC(C)COC(C)CO,0.0026741,,O=P(NCc1cccc(CNP(=O)(Oc2ccccc2)Oc2ccccc2)c1)(Oc1ccccc1)Oc1ccccc1,COC(C)COC(C)COC(C)CO,-2.572822356,298.15,8.718034729,0.029259259,-0.124167953,0.638599057,184.106,0.078142396,-0.393689782,0.078142396,0.928571429,1.928571429,16.5561113,10.35978192,-2.251515477,4.532666096,-0.06772004,2.215636169,115.2904058,0.768408895,-0.16,8.173359973,7.263368639,19.31711626,0,0,0,0,0,0,0,20.7712116,7.109797541,38.13254506,19.31711626,0,0,0,0,0,0,50.34886999,14.21058886,0,20.7712116,0,0,47.92,0,0,24.91878113,13.21376393,0,0,7.109797541,20.7712116,0,19.31711626,15.80245449,8.718034729,0,0,0,0.009457305,6.814271699,1.655781776,1,1,4,0,0,0,3,0,4,4,8,0.8238,1,0,0,0,0,0,0,0,0,1,0,0,0,0,0,0,0,0,0,0,0,0,0,0,0,0,0,0,0,0,0,0,0,0,0,0,1,0,1,0,0,0,0,0,1,1,0,0,0,0,0,0,0,0,0,0,0,0,0,1,1,0,0,0,1,0,1,0,1,0,0,0,0,1,1,1,0,0,0,0,1,0,0,1,0,1,1,1,0,1,1,1,0,0,1,0
mesitylene,CC(C)(C)c1ccc2c(c1)C(=O)c1ccccc1C2=O,Cc1cc(C)cc(C)c1,0.2823,,CC(C)(C)c1ccc2c(c1)C(=O)c1ccccc1C2=O,Cc1cc(C)cc(C)c1,-0.549289122,298.15,2.1875,1.354166667,1.354166667,0.493392712,108.099,-0.039754683,-0.056365285,0.039754683,0.666666667,1.111111111,13.93108972,10.09758413,-1.776682552,5.266192905,1.322148357,1.588091448,160.8005151,1.202350269,-0.78,2.218872017,1.562760731,0,0,0,0,0,0,0,34.88945568,20.7712116,0,0,0,0,0,0,0,0,0,0,0,20.7712116,16.69035448,18.19910121,0,0,0,0,0,0,0,16.69035448,0,0,38.9703128,0,0,0,4.0625,0,6.5625,0,6.375,0,0.333333333,0,0,0,0,0,0,0,0,0,0,2.61186,0,0,0,0,0,0,3,0,0,0,0,0,0,0,0,0,0,0,0,0,0,0,0,0,0,0,0,0,0,0,0,0,0,0,0,0,0,0,0,0,0,0,0,0,0,0,0,0,0,0,0,0,0,0,0,0,0,0,0,0,0,0,0,0,0,0,0,0,0,0,0,0,0,0,0,1,0,0,0,0,0,0,0,1,0,0,0,0,0,0,0,1,0,1,0,1
ε-caprolactone,O=C(O)CCC(=O)O,O=C1CCCCCO1,0.01126,,O=C(O)CCC(=O)O,O=C1CCCCCO1,-1.948461609,298.15,10.46083333,0.025462963,-0.025462963,0.440706329,104.064,0.305277534,-0.465675003,0.305277534,1.25,3,16.53263976,10.20484462,-1.996584833,5.688901399,-0.142184485,1.940878457,78.52932501,0.806349353,-0.53,2.698435941,1.523475772,4.736862954,0,0,0,4.794537184,0,0,0,19.26246487,6.420821623,6.606881965,9.531400138,5.969305288,0,0,0,0,0,12.57618725,9.531400138,0,25.68328649,0,0,26.3,0,4.794537184,5.969305288,13.02770359,19.26246487,0,0,0,0,4.736862954,4.763888889,0,0,-0.025462963,0,3.829675926,0.637731481,0,0.833333333,0,2,0,1,0,0,0,2,2,0,1.1036,0,0,0,0,0,0,0,0,1,0,0,0,0,0,0,0,1,0,0,0,0,0,0,0,0,0,0,0,0,0,0,0,1,0,0,0,0,0,0,0,0,0,0,0,0,0,0,0,0,0,0,0,0,0,0,0,0,0,0,0,0,0,1,0,0,1,1,0,1,0,0,0,1,0,0,0,0,1,0,0,0,1,0,0,0,0,1,0,0,1,1,0,0,0,1,1
p-cymene,CC1(C)[C@@H]2CC[C@@]1(C)[C@@H](O)C2,Cc1ccc(C(C)C)cc1,0.1547,,CC1(C)[C@@H]2CC[C@@]1(C)[C@@H](O)C2,Cc1ccc(C(C)C)cc1,-0.810509686,298.15,2.212962963,0.653333333,0.653333333,0.553258492,120.11,-0.021882053,-0.059041992,0.021882053,1,1.9,14.0042386,10.02448253,-1.848672205,5.228177045,0.86584421,1.884505361,193.7832245,0.951353092,-0.78,2.869483956,1.598288066,0,0,0,0,0,0,0,43.67639416,18.40509474,0,0,0,0,0,0,0,0,0,0,0,6.9237372,30.89228343,24.26546827,0,0,0,0,0,5.917906046,0,11.12690298,0,0,45.03667987,0,0,0,2.759259259,0.653333333,8.712962963,0,6.541111111,0,0.4,0,0,0,0,0,0,0,0,0,1,3.11842,0,0,0,0,0,0,1,0,0,0,0,0,0,0,0,0,0,0,0,0,0,0,0,0,0,0,0,0,0,0,0,0,0,0,0,0,0,1,0,0,0,0,0,0,0,0,0,0,0,0,0,0,0,0,0,0,0,0,0,0,0,0,0,0,0,0,0,0,0,0,0,0,0,0,0,1,0,0,0,0,0,0,0,1,0,0,0,0,0,0,0,1,0,1,0,1
epichlorohydrin,O=[N+]([O-])c1cc([N+](=O)[O-])c(-c2c([N+](=O)[O-])cc([N+](=O)[O-])c(-c3c([N+](=O)[O-])cc([N+](=O)[O-])cc3[N+](=O)[O-])c2[N+](=O)[O-])c([N+](=O)[O-])c1,ClCC1CO1,0.00159,,O=[N+]([O-])c1cc([N+](=O)[O-])c(-c2c([N+](=O)[O-])cc([N+](=O)[O-])c(-c3c([N+](=O)[O-])cc([N+](=O)[O-])cc3[N+](=O)[O-])c2[N+](=O)[O-])c([N+](=O)[O-])c1,ClCC1CO1,-2.798602876,298.15,5.273919753,0.399691358,0.399691358,0.341366549,87.485,0.094437047,-0.371834437,0.094437047,2,2.6,35.49566284,10.57743413,-1.796812845,6.179151142,0.42493151,2.120952031,33.87430298,0.157128462,0.25,1.1492,0.780612245,4.736862954,0,0,0,0,0,11.60093989,0,0,0,18.5908518,4.736862954,11.60093989,0,0,0,0,11.60093989,18.5908518,4.736862954,0,0,0,0,12.53,0,0,0,11.98396983,6.606881965,0,0,0,0,16.33780284,4.725694444,0,0,0.666666667,0,0.399691358,0.878472222,0,1,0,1,0,1,0,1,0,1,2,1,0.624,0,0,0,0,0,0,0,0,0,0,0,0,0,0,0,0,0,0,0,1,0,0,0,0,0,0,0,0,0,0,0,0,1,0,0,0,0,0,0,0,0,0,0,0,0,0,0,0,0,0,0,0,0,0,0,0,0,0,0,0,0,0,0,0,0,0,1,0,1,0,0,0,1,1,0,0,0,0,0,0,0,0,0,0,0,1,1,1,0,1,0,0,0,0,1,1
"1,1,1-trichloroethane",CCCCCCCCCCCCCCCCCC(=O)OCCO,CC(Cl)(Cl)Cl,0.0097,,CCCCCCCCCCCCCCCCCC(=O)OCCO,CC(Cl)(Cl)Cl,-2.013228266,298.15,5.06095679,1.083333333,-1.083333333,0.445170557,130.381,0.187382185,-0.084013451,0.084013451,1.2,1.2,35.5825127,10.94804361,-1.870955352,6.667091449,1.268177792,0.721928095,20.36452798,0,0.87,1.545387578,52.99736161,0,0,3.792535936,0,0,0,0,34.80281967,6.9237372,0,0,0,34.80281967,0,0,0,0,34.80281967,3.792535936,0,0,6.9237372,0,0,0,3.792535936,0,0,0,0,6.9237372,0,0,0,34.80281967,-1.083333333,0,0,0,0,0,1.483796296,0,1,0,0,0,0,0,0,0,0,3,0,2.3765,0,0,0,0,0,0,0,0,0,0,0,0,0,0,0,0,0,0,0,0,0,0,0,0,0,0,0,0,0,0,0,0,0,0,0,0,0,0,0,0,0,0,0,0,0,0,0,0,0,0,0,0,0,1,1,0,1,0,0,0,0,0,0,0,0,0,0,0,0,0,0,0,0,0,0,0,0,0,0,0,0,0,0,0,0,0,0,0,0,0,0,1,0,0,0,0
2-aminoethanol,C[C@]12CC[C@@H]3c4ccc(O)cc4CC[C@H]3[C@@H]1CCC2=O,NCCO,0.000419,,C[C@]12CC[C@@H]3c4ccc(O)cc4CC[C@H]3[C@@H]1CCC2=O,NCCO,-3.377785977,298.15,7.75,0.097222222,0.097222222,0.405578416,54.028,0.055324581,-0.395062739,0.055324581,1.75,2,16.25070839,10.7602813,-2.015888677,4.171488089,0.306130165,1.370950594,8,0,-0.08,2.92,1.92,10.84019487,0,0,0,0,0,0,0,0,6.544756406,6.606881965,5.106527395,0,0,5.733667477,5.733667477,0,0,18.25816577,0,0,0,0,0,46.25,0,0,6.606881965,6.544756406,0,0,0,0,0,10.84019487,0,7.75,4.777777778,0,0,0,0.472222222,0,1,3,2,0,0,0,0,0,2,2,1,-1.0626,1,0,0,0,0,0,0,0,0,0,0,0,0,0,0,0,0,0,0,0,0,0,0,0,0,0,0,0,0,0,0,1,0,0,0,0,0,0,1,1,0,0,0,0,0,0,1,0,0,0,0,1,0,0,0,0,0,0,0,0,0,0,0,0,0,0,0,0,1,0,0,0,0,1,0,0,0,0,0,0,0,1,0,0,1,0,1,1,0,1,0,0,1,0,1,0
morpholine-4-carbaldehyde,C[C@]12CC[C@@H]3c4ccc(O)cc4CC[C@H]3[C@@H]1CCC2=O,O=CN1CCOCC1,0.0203,,C[C@]12CC[C@@H]3c4ccc(O)cc4CC[C@H]3[C@@H]1CCC2=O,O=CN1CCOCC1,-1.692503962,298.15,10.03027778,0.693194444,0.693194444,0.430034913,106.06,0.209363331,-0.377774583,0.209363331,1.375,2.375,16.47771274,10.46651539,-2.343670035,5.464466293,-0.1213804,1.903491193,78.49785514,0.682882872,-0.57,2.667813604,1.198350597,9.636772685,0,0,0,4.794537184,0,0,0,0,13.08951281,13.21376393,9.531400138,6.410095306,4.899909731,0,0,0,0,37.61328178,9.531400138,0,0,0,0,29.54,0,4.794537184,0,13.21376393,19.49960812,0,4.899909731,0,0,4.736862954,5.000972222,0,0,0,0,0.863611111,2.893333333,0,0.8,0,3,0,1,0,0,0,2,3,1,-0.525,0,0,0,0,0,0,0,0,0,0,1,0,0,0,0,0,0,0,0,0,0,0,0,0,0,0,0,0,0,0,0,0,1,0,0,0,0,0,0,0,1,0,0,0,0,0,1,0,1,0,0,0,0,0,0,0,0,0,0,0,0,0,0,0,0,1,1,0,1,0,0,0,1,1,0,0,0,0,0,0,0,1,1,0,0,0,1,0,0,1,1,0,1,1,1,1
sulfolane,c1ccc2c(c1)sc1ccccc12,O=S1(=O)CCCC1,0.0541,,c1ccc2c(c1)sc1ccccc12,O=S1(=O)CCCC1,-1.266802735,298.15,10.43055556,0.423611111,-2.546296296,0.457203817,112.109,0.149819495,-0.228840387,0.149819495,1,1.571428571,32.2278393,10.39358405,-1.979979525,7.911261388,0.601980148,1.840725771,133.07273,0.746012623,-0.05,1.472587813,1.158951031,0,9.837253136,0,0,0,8.417796984,0,0,12.84164325,0,11.50570721,8.417796984,9.837253136,0,0,0,0,0,19.9235042,9.837253136,0,12.84164325,0,0,34.14,9.837253136,8.417796984,0,11.50570721,12.84164325,0,0,0,0,0,20.86111111,0,0,0.847222222,0,1.75462963,0,-2.546296296,1,0,2,0,1,0,0,0,2,3,0,0.195,0,0,0,0,0,0,0,0,0,0,0,0,0,0,0,0,0,0,0,0,0,0,0,1,0,0,0,0,0,0,0,0,0,1,0,0,0,0,0,0,1,0,0,0,0,0,0,1,0,0,0,0,0,0,0,0,1,0,0,0,0,0,0,1,0,0,1,1,1,0,0,1,1,1,0,0,0,1,0,0,0,1,1,0,0,0,1,0,0,0,1,0,0,0,1,1
"2,2,4-trimethylpentane",c1cc2ccc3cccc4ccc(c1)c2c34,CCC(C)(C)C(C)C,0.0072,,c1cc2ccc3cccc4ccc(c1)c2c34,CCC(C)(C)C(C)C,-2.142667504,298.15,2.31712963,0.541666667,0.541666667,0.517234096,96.088,-0.033377097,-0.064863327,0.033377097,1.25,1.625,14.23602865,9.790669788,-2.165368076,4.686056226,0.239800876,1.666812727,60.4385619,0.40824829,0,2.52,1.851851852,0,0,0,0,0,0,0,41.03950762,11.33289652,0,0,0,0,0,11.33289652,0,0,0,0,0,11.33289652,41.03950762,0,0,0,0,0,0,5.414990469,5.917906046,6.420821623,0,0,34.618686,0,0,0,0.541666667,0.8125,0,1.282407407,11.44675926,0,1,0,0,0,0,0,0,0,0,0,2,3.0786,0,0,0,0,0,0,0,0,0,0,0,0,0,0,0,0,0,0,0,0,0,0,0,0,0,0,0,0,0,0,0,0,0,0,0,1,0,1,0,0,0,0,0,0,0,0,0,0,0,0,0,0,0,0,0,0,1,0,1,1,1,0,0,0,0,0,0,0,0,0,0,0,0,0,0,1,0,0,0,0,0,0,0,1,0,0,0,1,0,0,0,1,0,0,0,0
2-methyltetrahydrofuran,CC(C)(C)NC[C@H](O)COc1nsnc1N1CCOCC1.O=C(O)/C=C\C(=O)O,CC1CCCO1,0.0001,,CC(C)(C)NC[C@H](O)COc1nsnc1N1CCOCC1.O=C(O)/C=C\C(=O)O,CC1CCCO1,-4,298.15,5.152777778,0.546296296,0.546296296,0.429917278,76.054,0.054739049,-0.37850742,0.054739049,1.666666667,2.666666667,16.49016843,10.26861067,-1.938276555,4.558095295,0.125223042,1.86382639,37.20310344,0.738641942,-0.04,1.605659929,0.716242568,4.736862954,0,0,0,0,0,0,0,19.76538045,6.606881965,6.103966388,4.736862954,0,0,0,0,0,0,12.71084835,4.736862954,0,19.76538045,0,0,9.23,0,0,0,6.103966388,6.606881965,12.84164325,0,0,6.9237372,4.736862954,5.152777778,0,0,0,0,3.075231481,3.105324074,0,1,0,1,0,1,0,1,0,1,1,0,1.1853,0,0,0,0,0,0,0,0,0,0,0,0,0,0,0,0,0,0,0,0,0,0,0,0,0,0,0,0,0,0,0,0,1,0,0,0,0,0,0,0,0,0,0,0,0,0,0,1,0,0,0,0,0,0,0,1,0,0,0,1,1,0,0,0,0,0,1,0,1,0,0,0,1,0,0,0,0,0,0,0,0,1,0,0,0,1,1,0,0,1,0,1,0,0,1,1
n-hexyl acetate,CCCCCCCCCCCCCCCCCC(=O)OCCO,CCCCCCOC(C)=O,0.0267,,CCCCCCCCCCCCCCCCCC(=O)OCCO,CCCCCCOC(C)=O,-1.573488739,298.15,10.25421635,0.169908825,-0.169908825,0.436173811,128.086,0.302122868,-0.465877687,0.302122868,1.3,2.5,16.53145373,10.1972484,-1.993184743,5.653177753,-0.140571491,1.870988955,89.25838097,0.744736291,-0.53,6.588063754,7.47,4.736862954,0,0,0,4.794537184,0,0,26.18620207,6.420821623,6.9237372,6.606881965,9.531400138,5.969305288,0,0,0,0,0,12.57618725,9.531400138,0,39.53076089,0,0,26.3,0,4.794537184,5.969305288,6.606881965,6.420821623,26.18620207,0,0,6.9237372,4.736862954,4.749501134,0,0,-0.169908825,0,4.637436697,4.195421312,0,0.875,0,2,0,0,0,0,0,2,2,5,2.1298,0,0,0,0,0,0,0,0,0,0,0,0,0,0,3,0,0,0,0,0,0,0,0,0,0,0,0,0,0,0,0,0,0,0,0,0,0,0,0,0,0,0,0,0,0,0,0,0,0,0,0,0,0,0,0,1,0,0,1,1,1,0,1,0,1,1,1,0,1,0,0,0,0,0,0,0,0,0,0,0,0,1,0,1,0,0,1,1,0,1,1,1,0,0,1,0
isooctane,O=[N+]([O-])c1cccc2ccccc12,CC(C)CC(C)(C)C,0.01631,,O=[N+]([O-])c1cccc2ccccc12,CC(C)CC(C)(C)C,-1.787546039,298.15,2.284722222,0.521990741,0.521990741,0.491153963,96.088,-0.038018218,-0.062753722,0.038018218,1.125,1.5,14.16363839,9.863629649,-2.076585448,4.620951579,0.32031651,1.210810026,54.92878689,1.224744871,0,2.52,6,0,0,0,0,0,0,0,34.618686,17.75371814,0,0,0,0,0,11.33289652,0,0,0,0,0,11.33289652,41.03950762,0,0,0,0,0,0,5.414990469,5.917906046,6.420821623,0,0,34.618686,0,0,0,0.521990741,0.842592593,0,1.326388889,11.39236111,0,1,0,0,0,0,0,0,0,0,0,1,3.0786,0,0,0,0,0,0,0,0,0,0,0,0,0,0,0,0,0,0,0,0,0,0,0,0,0,0,0,0,0,0,0,0,0,0,0,1,0,1,0,0,0,0,0,0,0,0,0,0,0,0,0,0,0,0,0,0,1,0,0,1,0,0,0,0,0,0,0,0,0,0,0,0,0,0,0,1,0,0,0,0,0,0,0,1,0,0,0,1,0,0,0,1,0,0,0,0
2-(2-butoxyethoxy)ethanol,c1ccc2c(c1)sc1ccccc12,CCCCOCCOCCO,0.063,,c1ccc2c(c1)sc1ccccc12,CCCCOCCOCCO,-1.200659451,298.15,8.341196315,0.092222222,0.092222222,0.536750009,144.085,0.070112057,-0.393980325,0.070112057,1,2.181818182,16.52502132,10.3594642,-2.071349248,4.330353526,0.032388967,2.033930993,58.35751033,0.632924638,-0.12,9.88,9.88,14.5802533,0,0,0,0,0,0,13.34455882,6.420821623,6.606881965,26.42752786,14.5802533,0,0,0,0,0,0,38.14093722,9.473725908,0,19.76538045,0,0,38.69,0,0,6.606881965,19.82064589,19.44852521,0,0,0,6.9237372,14.5802533,10.20198342,8.341196315,0,0,0,2.275294785,4.681525482,0,1,1,3,0,0,0,0,0,3,3,8,0.812,1,0,0,0,0,0,0,0,0,0,0,0,0,0,1,0,0,0,0,0,0,0,0,0,0,0,0,0,0,0,0,0,0,0,0,0,1,0,1,0,1,0,0,0,1,0,0,0,0,0,0,1,0,0,0,0,0,0,1,1,1,0,0,0,1,1,1,0,1,0,0,0,0,1,0,0,0,0,0,0,1,1,0,0,0,0,1,1,0,1,1,1,0,0,1,0
sec-butyl acetate,CCC(C)(C)C(=O)O[C@H]1C[C@@H](C)C=C2C=C[C@H](C)[C@H](CC[C@@H]3C[C@@H](O)CC(=O)O3)[C@H]21,CCC(C)OC(C)=O,0.02016,,CCC(C)(C)C(=O)O[C@H]1C[C@@H](C)C=C2C=C[C@H](C)[C@H](CC[C@@H]3C[C@@H](O)CC(=O)O3)[C@H]21,CCC(C)OC(C)=O,-1.695509472,298.15,10.19083333,0.076388889,-0.195046296,0.508859154,104.064,0.302389049,-0.46287245,0.302389049,1.75,2.375,16.54123532,10.31179294,-2.094276686,5.655775764,-0.145027161,1.6478689,78.59772061,0.36665101,-0.53,3.469267037,3.652815356,4.736862954,0,0,0,4.794537184,0,0,6.9237372,13.34455882,6.9237372,6.103966388,9.531400138,5.969305288,0,0,0,0,0,12.07327168,9.531400138,0,27.19203322,0,0,26.3,0,4.794537184,12.07327168,0,6.420821623,6.9237372,0,13.8474744,0,4.736862954,4.760416667,0,0,-0.195046296,0,0.964861111,5.278935185,0,0.833333333,0,2,0,0,0,1,0,2,2,2,1.348,0,0,0,0,0,0,0,0,0,0,0,0,0,0,0,0,0,0,0,0,0,0,0,0,0,0,0,0,0,0,0,0,0,0,0,0,0,0,0,0,0,0,0,0,0,0,0,0,0,0,0,0,0,0,0,1,0,0,1,1,0,0,1,0,1,0,0,0,1,0,0,0,0,0,0,1,0,0,0,0,0,0,0,1,0,1,0,1,0,1,1,1,0,0,1,0
tert-butyl acetate,CCC(C)(C)C(=O)O[C@H]1C[C@@H](C)C=C2C=C[C@H](C)[C@H](CC[C@@H]3C[C@@H](O)CC(=O)O3)[C@H]21,CC(=O)OC(C)(C)C,0.01636,,CCC(C)(C)C(=O)O[C@H]1C[C@@H](C)C=C2C=C[C@H](C)[C@H](CC[C@@H]3C[C@@H](O)CC(=O)O3)[C@H]21,CC(=O)OC(C)(C)C,-1.786216701,298.15,10.23715278,0.224537037,-0.327546296,0.446385432,104.064,0.302646116,-0.46015067,0.302646116,1.375,1.75,16.55147841,10.17713724,-2.212515096,5.65907278,-0.151403807,1.210810026,89.19188266,0.431186218,-0.53,2.158633812,5.47,4.736862954,5.601050811,0,0,4.794537184,0,0,0,20.7712116,6.9237372,0,9.531400138,5.969305288,0,0,0,0,0,11.5703561,9.531400138,0,27.6949488,0,0,26.3,0,4.794537184,11.5703561,0,0,6.9237372,0,20.7712116,0,4.736862954,4.798611111,0,-0.327546296,-0.224537037,0,0,6.932986111,0,0.833333333,0,2,0,0,0,0,0,2,2,0,1.348,0,0,0,0,0,0,0,0,0,0,0,0,0,0,0,0,0,0,0,0,0,0,0,0,0,0,0,0,0,0,0,0,0,0,0,1,0,1,0,0,0,0,0,0,0,0,0,0,0,0,0,0,0,0,0,0,1,0,0,0,0,0,1,0,1,0,0,0,0,0,0,0,0,0,0,1,0,0,0,0,0,0,0,1,0,1,0,0,0,1,1,1,0,0,1,0
decalin,c1ccc2c(c1)sc1ccccc12,C1CCC2CCCCC2C1,0.0408,,c1ccc2c(c1)sc1ccccc12,C1CCC2CCCCC2C1,-1.389339837,298.15,1.560185185,1.155092593,1.155092593,0.481193197,120.11,-0.038584578,-0.053021666,0.038584578,0.5,1.1,14.31976687,9.709527138,-2.221595083,4.782737938,0.171046854,2.050414481,80.60593782,2.857589235,0,2.93877551,1.209876543,0,0,0,0,0,0,0,51.36657298,11.83581209,0,0,0,0,0,11.83581209,0,0,0,0,0,11.83581209,51.36657298,0,0,0,0,0,0,0,11.83581209,25.68328649,25.68328649,0,0,0,0,0,0,2.310185185,0,12.35648148,0,0,1,0,0,2,2,0,0,0,0,0,0,3.3668,0,0,0,0,0,0,0,0,0,0,0,0,0,0,0,0,0,0,0,0,0,0,0,0,0,0,0,0,0,0,0,0,0,0,0,0,0,0,0,0,0,0,0,0,0,0,0,0,0,0,1,0,1,0,0,0,0,0,0,0,0,0,0,0,0,1,1,0,0,0,0,0,0,0,0,0,0,0,0,1,0,1,0,0,0,0,0,0,0,0,0,0,0,1,0,1
glycerin,O=C(NC(Cc1cc(=O)[nH]c2ccccc12)C(=O)O)c1ccc(Cl)cc1,OCC(O)CO,2.97E-06,,O=C(NC(Cc1cc(=O)[nH]c2ccccc12)C(=O)O)c1ccc(Cl)cc1,OCC(O)CO,-5.527243551,298.15,8.166666667,0.364583333,-0.953703704,0.381494432,84.03,0.100047026,-0.393593316,0.100047026,1.166666667,1.5,16.34480321,10.41839259,-2.153670382,4.434895881,0.045021493,1.650022422,25.21928095,0.057735027,-0.12,3.084918033,2.137731959,15.31958218,6.103966388,0,0,0,0,0,0,0,0,13.21376393,15.31958218,0,0,0,0,0,0,34.6373125,0,0,0,0,0,60.69,6.103966388,0,13.21376393,0,0,0,0,0,0,15.31958218,0,24.0162037,0,0,0,-0.953703704,-0.729166667,0,1,3,3,0,0,0,0,0,3,3,2,-1.6681,3,0,0,0,0,0,0,0,0,0,0,0,0,0,0,0,0,0,0,0,0,0,0,0,0,0,0,0,0,0,1,1,0,0,0,0,1,0,1,0,0,0,1,1,0,0,0,0,0,0,0,1,0,0,0,0,0,0,0,0,0,0,0,0,0,0,0,0,1,0,0,0,0,1,0,0,0,0,0,0,1,0,0,0,0,1,1,1,0,1,1,0,0,0,1,0
diglyme,CCc1ccc2c(c1)C(=O)c1ccccc1C2=O,COCCOCCOC,0.1645,,CCc1ccc2c(c1)C(=O)c1ccccc1C2=O,COCCOCCOC,-0.783834098,298.15,5.064444444,0.652638889,0.652638889,0.488753519,120.063,0.070097235,-0.382297726,0.070097235,0.777777778,1.555555556,16.53536634,10.70889936,-2.060474443,4.275772195,0.038520036,1.885234836,41.56763142,0.386579869,-0.12,7.88,7.88,14.21058886,0,0,0,0,0,0,0,0,14.21959508,26.42752786,14.21058886,0,0,0,0,0,0,40.64712294,14.21058886,0,0,0,0,27.69,0,0,0,26.42752786,0,0,14.21959508,0,0,14.21058886,14.576875,0,0,0,0,0,2.618202948,3.304922052,1,0,3,0,0,0,0,0,3,3,6,0.2958,0,0,0,0,0,0,0,0,0,2,0,0,0,0,0,0,0,0,0,0,0,0,0,0,0,0,0,0,0,0,0,0,0,0,0,0,1,0,0,0,1,0,0,0,0,1,0,0,0,0,0,0,0,0,0,0,0,0,0,1,1,0,0,0,1,1,1,0,1,0,0,0,0,1,0,0,0,0,0,0,1,1,0,1,0,0,1,1,0,1,1,1,0,0,1,0
acrylic acid,Nc1nc(N)nc(NC2CC2)n1,C=CC(=O)O,0.0341,,Nc1nc(N)nc(NC2CC2)n1,C=CC(=O)O,-1.467245621,298.15,9.25,0.833333333,-0.981481481,0.45085806,68.031,0.327198112,-0.478089149,0.327198112,2,2.2,16.36447321,10.68151441,-1.815186809,5.783563706,-0.130903173,1.378783493,55.913403,0,-0.79,1.52152648,3.21,5.106527395,0,0,0,0,4.794537184,0,6.578935684,0,6.076020107,0,9.901064579,5.969305288,0,0,0,0,0,11.07583268,4.794537184,0,0,12.65495579,0,37.3,5.969305288,4.794537184,0,0,6.076020107,0,0,0,6.578935684,5.106527395,0,7.604166667,0,-0.981481481,0,0.833333333,2.960648148,0,0,1,2,0,0,0,0,0,1,2,1,0.257,0,0,1,0,0,0,0,0,0,0,0,0,0,0,0,0,0,0,0,0,0,0,1,0,0,0,0,0,0,0,0,0,0,0,0,0,0,0,0,0,0,0,0,0,0,0,0,0,0,1,0,0,0,0,0,0,0,0,0,0,0,0,1,0,0,0,0,0,0,0,0,0,0,0,0,0,0,0,0,0,0,0,0,0,0,0,0,0,0,1,1,0,0,0,1,0
isopropyl myristate,C=CC(=O)Nc1cc(Nc2nccc(-c3cn(C)c4ccccc34)n2)c(OC)cc1N(C)CCN(C)C,CCCCCCCCCCCCCCC(=O)OC(C)C,0.000794,,C=CC(=O)Nc1cc(Nc2nccc(-c3cn(C)c4ccccc34)n2)c(OC)cc1N(C)CCN(C)C,CCCCCCCCCCCCCCC(=O)OC(C)C,-3.100179498,298.15,11.3133417,0.027616921,-0.035111805,0.287418604,248.196,0.305533724,-0.462953308,0.305533724,0.75,1.55,16.54156238,10.0485538,-2.102448682,5.688947956,-0.147013207,2.389318312,211.4637619,2.432145102,-0.53,14.87033671,15.52724098,4.736862954,0,0,0,4.794537184,0,0,77.55277505,20.26829602,6.420821623,6.103966388,9.531400138,5.969305288,0,0,0,0,0,12.07327168,9.531400138,0,104.2418927,0,0,26.3,0,4.794537184,12.07327168,6.420821623,6.420821623,70.62903785,0,13.8474744,6.9237372,4.736862954,5.111184386,0,0,-0.035111805,0,16.53832784,6.072257878,0,0.944444444,0,2,0,0,0,0,0,2,2,14,6.0292,0,0,0,0,0,0,0,0,0,0,0,0,0,0,11,0,0,0,0,0,0,0,0,0,0,0,0,0,0,0,0,0,0,0,0,0,0,1,0,0,0,0,0,0,0,0,0,0,0,0,0,0,0,0,0,1,0,0,1,1,1,0,1,0,1,1,1,0,1,0,0,0,0,0,0,1,0,0,0,0,0,1,0,1,0,1,0,1,0,1,1,1,0,0,1,0
n-butyric acid,O=c1[nH]cc(F)c(=O)[nH]1,CCCC(=O)O,0.000247,0.002713515,O=c1[nH]cc(F)c(=O)[nH]1,CCCC(=O)O,-3.607303047,298.15,9.599305556,0.291666667,-0.710648148,0.543440747,80.042,0.302828937,-0.481230516,0.302828937,1.833333333,2.333333333,16.36510567,10.35073867,-1.898623074,5.659492541,-0.136528827,1.348587896,49.509775,0.213865471,-0.53,2.693713647,3.47,5.106527395,0,0,0,4.794537184,0,0,6.9237372,6.420821623,6.420821623,0,9.901064579,5.969305288,0,0,0,0,0,11.07583268,4.794537184,0,19.76538045,0,0,37.3,5.969305288,4.794537184,0,6.420821623,6.420821623,0,0,6.9237372,0,5.106527395,0,7.913472222,0,-0.710648148,0,1.023148148,1.841388889,0,0.75,1,2,0,0,0,0,0,1,2,2,0.8711,0,0,1,0,0,0,0,0,0,0,0,0,0,0,0,0,0,0,0,0,0,0,0,0,0,0,0,0,0,0,0,0,0,0,0,0,0,0,0,0,0,0,0,1,0,0,0,0,0,0,0,1,0,0,0,0,0,0,1,1,0,0,1,0,0,0,0,0,1,0,0,0,0,0,0,0,0,0,0,0,0,1,0,0,0,0,0,1,0,1,1,1,0,0,1,0
acetyl acetate,CC1(C)C2CCC1(CS(=O)(=O)O)C(=O)C2,CC(=O)OC(C)=O,0.099,,CC1(C)C2CCC1(CS(=O)(=O)O)C(=O)C2,CC(=O)OC(C)=O,-1.004364805,298.15,9.811111111,0.5625,-0.5625,0.321469624,96.041,0.30976819,-0.393561673,0.30976819,1.142857143,1.428571429,16.57639836,10.74570245,-2.025774575,5.819357406,-0.15580579,1.272905595,83.10802962,0.202405751,-0.86,2.336829675,5.14,4.736862954,0,0,0,9.589074368,0,0,0,0,13.8474744,0,14.32593732,11.93861058,0,0,0,0,0,11.93861058,14.32593732,0,13.8474744,0,0,43.37,11.93861058,9.589074368,0,0,0,13.8474744,0,0,4.736862954,0,3.972222222,0,0,-1.125,0,0,2.363888889,0,0.5,0,3,0,0,0,0,0,3,3,0,0.096,0,0,0,0,0,0,0,0,0,0,0,0,0,0,0,0,0,0,0,0,0,0,0,0,0,0,0,0,0,0,0,0,0,0,0,0,0,0,0,0,0,0,1,0,0,0,0,0,0,0,0,0,0,0,0,0,0,0,0,0,0,0,1,0,1,0,0,0,0,0,0,1,0,0,0,0,0,0,0,0,1,0,0,1,0,0,0,0,0,1,1,1,0,0,1,0
di(2-ethylhexyl) phthalate,COC(=O)Nc1ccc(C)c(N)c1,CCCC(CC)COC(=O)c1ccccc1C(=O)OCC(CC)CC,0.032,,COC(=O)Nc1ccc(C)c(N)c1,CCCC(CC)COC(=O)c1ccccc1C(=O)OCC(CC)CC,-1.494850022,298.15,12.41506456,0.279626034,-0.458287299,0.511675133,316.227,0.338516129,-0.461783095,0.338516129,0.8,1.64,16.53980337,10.01937752,-2.186880681,6.026309364,0.038420532,2.649707157,534.4525163,2.719628932,-1.84,11.6687959,6.888013157,9.473725908,0,0,0,0,9.589074368,0,65.51096943,30.38936785,0,24.34066691,19.06280028,11.93861058,0,11.83581209,0,0,0,25.1523745,9.473725908,11.83581209,80.51503426,24.26546827,0,52.6,11.93861058,9.589074368,11.12690298,25.04957602,32.10410811,0,24.26546827,0,27.6949488,9.473725908,10.84716978,0,0.560550543,-0.19904053,6.708366166,4.990798811,9.137366207,0,0.619047619,0,4,0,0,0,1,0,4,4,11,5.2627,0,0,0,0,0,0,0,0,0,0,0,0,0,0,0,0,0,0,0,0,0,0,0,0,0,0,0,0,0,0,0,0,0,0,0,0,0,0,0,0,0,0,0,0,0,0,0,0,0,0,0,0,0,0,0,1,0,0,1,1,1,0,1,0,1,0,1,0,0,0,0,1,0,1,1,1,0,0,1,0,1,1,0,1,0,0,1,1,0,1,1,1,0,1,1,1
ethyl propionate,Nc1ccc(S(=O)(=O)c2ccc(N)cc2)cc1,CCOC(=O)CC,0.006534,,Nc1ccc(S(=O)(=O)c2ccc(N)cc2)cc1,CCOC(=O)CC,-2.18482087,298.15,10.18958333,0.122685185,-0.122685185,0.485245074,92.053,0.30498632,-0.465976731,0.30498632,1.571428571,2.285714286,16.53172313,10.50412883,-1.996397858,5.682319353,-0.142179402,1.679822907,59.10049401,0.26304971,-0.53,3.652815356,3.296334149,4.736862954,0,0,0,4.794537184,0,0,6.9237372,6.9237372,6.420821623,6.606881965,9.531400138,5.969305288,0,0,0,0,0,12.57618725,9.531400138,0,20.26829602,0,0,26.3,0,4.794537184,5.969305288,13.02770359,0,0,13.8474744,0,4.736862954,0,4.552083333,0,0,-0.122685185,0,0.48,4.067685185,0,0.8,0,2,0,0,0,0,0,2,2,2,0.9595,0,0,0,0,0,0,0,0,0,0,0,0,0,0,0,0,0,0,0,0,0,0,0,0,0,0,0,0,0,0,0,0,0,0,0,0,0,0,0,0,0,0,0,0,0,0,0,0,0,0,0,0,0,0,0,1,0,0,1,0,0,0,1,0,1,0,1,0,1,0,0,0,0,0,0,0,0,0,0,0,0,0,0,1,0,0,1,1,0,1,1,1,0,0,1,0
nitromethane,Cn1nc([N+](=O)[O-])c([N+](=O)[O-])c1[N+](=O)[O-],C[N+](=O)[O-],0.008408,,Cn1nc([N+](=O)[O-])c([N+](=O)[O-])c1[N+](=O)[O-],C[N+](=O)[O-],-2.075307297,298.15,8.805555556,0.5,-0.5,0.289538441,58.016,0.193997324,-0.264837326,0.193997324,2,2,16.62493833,11.541636,-1.790492131,3.908169585,-0.445343521,0.811278124,29.01955001,0,-0.6,0.816666667,0.622222222,0,0,7.047671983,0,10.11431827,0,0,0,0,4.923311049,0,4.923311049,0,0,0,0,0,0,11.97098303,0,10.11431827,0,0,0,43.14,4.923311049,0,0,0,7.047671983,0,0,0,0,10.11431827,0,8.805555556,0,0,0,0,0,0.888888889,1,0,3,0,0,0,0,0,2,3,0,-0.1071,0,0,0,0,0,0,0,0,0,0,0,0,0,0,0,0,0,0,0,0,0,0,0,0,0,0,0,0,0,0,0,0,0,0,0,0,0,0,0,0,0,0,0,0,0,1,0,0,0,0,0,0,0,0,0,0,0,0,0,0,0,1,0,1,0,0,0,1,0,0,0,0,0,0,0,0,0,0,0,0,0,0,1,0,0,0,0,0,0,0,1,1,1,0,1,0
"1,2-diethoxyethane",O=C(O)c1ccc(C(=O)O)cc1,CCOCCOCC,0.0002137,,O=C(O)c1ccc(C(=O)O)cc1,CCOCCOCC,-3.670195478,298.15,5.010555556,0.726527778,0.726527778,0.502413698,104.064,0.069979294,-0.379346719,0.069979294,0.875,1.5,16.51990008,10.71544151,-2.022761351,4.2433468,0.058363994,1.808812125,31.509775,0.406526265,-0.08,6.92,5.92,9.473725908,0,0,0,0,0,0,0,13.8474744,13.21376393,13.21376393,9.473725908,0,0,0,0,0,0,26.42752786,9.473725908,0,13.8474744,0,0,18.46,0,0,0,0,26.42752786,0,0,13.8474744,0,9.473725908,10.02111111,0,0,0,0,0,6.978888889,0,1,0,2,0,0,0,0,0,2,2,5,1.0594,0,0,0,0,0,0,0,0,0,0,0,0,0,0,0,0,0,0,0,0,0,0,0,0,0,0,0,0,0,0,0,0,0,0,0,0,1,0,0,0,1,0,0,0,0,0,0,0,0,0,0,0,0,0,0,1,0,0,1,0,1,0,0,0,1,0,1,0,1,0,0,0,0,1,0,0,0,0,0,0,0,1,0,1,0,0,1,1,0,1,1,1,0,0,1,0
benzonitrile,O=[N+]([O-])n1cccn1,N#Cc1ccccc1,0.170722,,O=[N+]([O-])n1cccn1,N#Cc1ccccc1,-0.76771051,298.15,8.287592593,0.715277778,0.715277778,0.48844457,98.084,0.099108837,-0.192437051,0.099108837,1.125,2.125,14.2257197,10.2358634,-1.657459606,5.267807767,1.485586806,1.903491193,195.3768526,0.512688452,-1.29,2.130929916,0.854540039,0,0,0,0,0,0,0,18.19910121,12.13273414,0,11.6326728,0,0,0,0,0,0,0,0,0,11.33111287,5.563451492,30.33183534,0,23.79,0,0,0,5.563451492,0,0,12.13273414,24.26832252,0,5.261891555,0,8.287592593,0.715277778,0,11.1637963,0,0,0,0,0,1,0,0,0,0,0,1,1,0,1.55828,0,0,0,0,0,0,0,0,0,0,0,0,0,0,0,0,0,0,0,0,0,0,0,0,0,1,0,0,0,0,0,0,0,0,0,0,0,0,0,0,0,0,0,0,0,0,0,0,0,0,0,0,0,0,0,0,0,0,0,0,0,0,0,0,0,0,0,0,0,0,0,0,0,0,0,0,0,0,0,0,0,0,0,0,0,0,0,0,0,0,0,0,1,1,0,1
trioctyl phosphate,CC(C)(C)c1ccc2c(c1)C(=O)c1ccccc1C2=O,CCCCCCCCOP(=O)(OCCCCCCCC)OCCCCCCCC,0.169,,CC(C)(C)c1ccc2c(c1)C(=O)c1ccccc1C2=O,CCCCCCCCOP(=O)(OCCCCCCCC)OCCCCCCCC,-0.772113295,298.15,12.95207895,0.468653549,-3.403404995,0.112110687,383.234,0.474277756,-0.286876577,0.286876577,0.413793103,0.931034483,31.20492615,10.12725395,-2.042002747,7.480210096,0.108271184,2.717765179,310.4860595,3.288039238,0.11,22.78758857,21.1374736,0,0,0,0,13.57124149,4.565048285,0,117.0835359,19.26246487,0,19.82064589,18.13628977,7.822697123,0,0,0,0,7.822697123,19.82064589,18.13628977,0,136.3460008,0,0,44.76,7.822697123,4.565048285,0,19.82064589,38.52492974,77.04985948,0,0,20.7712116,13.57124149,29.86459309,0,0,0,0,21.26676016,8.077607297,-3.403404995,1,0,4,0,0,0,0,0,4,5,24,9.2258,0,0,0,0,0,0,0,0,0,0,0,0,0,0,15,0,0,0,0,0,0,1,0,0,0,0,0,0,1,0,0,0,0,0,0,0,0,0,0,0,0,0,0,0,0,0,0,0,0,0,0,0,0,1,0,1,1,0,1,1,1,0,0,1,1,1,1,1,1,0,0,0,0,1,1,1,0,0,0,0,1,1,1,1,0,0,1,1,0,1,1,1,0,0,1,0
1-bromopropane,CCCCCCCCCCCC(=O)O,CCCBr,0.0756,,CCCCCCCCCCCC(=O)O,CCCBr,-1.121478204,298.15,3.248263889,1.131944444,1.131944444,0.465988151,115.937,0.002862797,-0.09281865,0.002862797,1.75,2,79.91872953,10.59366058,-1.539329899,9.08886046,1.118197151,1.370950594,5.245112498,0,0.48,3.48,2.48,0,0,0,0,0,0,0,22.8536811,6.420821623,5.330089647,0,0,15.9299439,0,0,0,0,15.9299439,5.330089647,0,0,13.34455882,0,0,0,0,0,0,0,5.330089647,6.420821623,0,0,22.8536811,0,0,1.131944444,0,0,0,1.236111111,2.133680556,0,1,0,0,0,0,0,0,0,0,1,1,1.7913,0,0,0,0,0,0,0,0,0,0,0,0,0,0,0,0,0,0,0,0,0,0,0,0,0,0,0,1,0,0,0,0,0,0,0,0,0,0,0,0,0,0,0,0,0,0,0,0,0,0,0,0,0,0,0,0,0,0,1,1,0,0,0,0,0,0,0,0,0,0,0,0,0,0,0,0,0,0,0,0,0,1,0,0,0,0,1,1,0,0,0,1,0,0,0,0
gamma-valerolactone,CC(CO)(CO)C(=O)O,O=C1CCCOC1,0.00643,,CC(CO)(CO)C(=O)O,O=C1CCCOC1,-2.191789027,298.15,10.33805556,0.241898148,0.241898148,0.439195003,92.053,0.158054766,-0.373676933,0.158054766,1.571428571,2.714285714,16.47887002,10.1913989,-2.151173263,5.795200682,-0.126473807,1.685616163,70.14933959,0.629572658,-0.37,2.073105009,1.274302599,4.736862954,6.606881965,5.783244946,0,4.794537184,0,0,0,6.420821623,13.02770359,0,9.531400138,5.783244946,0,0,0,0,0,18.99700888,9.531400138,0,12.84164325,0,0,26.3,0,4.794537184,5.783244946,6.606881965,19.44852521,0,0,0,0,4.736862954,4.832175926,0,0,0.241898148,0,1.637731481,1.116805556,0,0.8,0,2,0,1,0,0,0,2,2,0,0.3659,0,0,0,0,0,0,0,0,0,0,0,0,0,0,0,0,0,0,0,0,0,0,0,0,0,0,0,0,0,0,0,0,1,0,0,0,1,0,0,0,1,0,0,0,0,0,0,0,1,0,0,0,0,0,0,0,0,0,0,0,0,0,0,0,0,1,1,0,1,0,0,0,1,1,0,0,0,1,0,0,0,1,0,0,0,1,1,0,0,1,1,0,0,1,1,1
n-decanol,O=[N+]([O-])c1cccc2ccccc12,CCCCCCCCCCO,0.06657,0.372499756,O=[N+]([O-])c1cccc2ccccc12,CCCCCCCCCCO,-1.176721443,298.15,8.507012641,0.37,0.37,0.53804028,136.109,0.043052407,-0.396376569,0.043052407,0.727272727,1.636363636,16.24992598,10.0901004,-1.831827006,4.441733181,0.282004874,2.033930993,53.89311688,1.245686875,-0.04,9.96,9.96,5.106527395,0,0,0,0,0,0,51.86948856,6.420821623,6.606881965,0,5.106527395,0,0,0,0,0,0,11.71340936,0,0,58.29031018,0,0,20.23,0,0,0,6.606881965,6.420821623,44.94575136,0,0,6.9237372,5.106527395,0,8.507012641,0,0,0,10.38116134,2.611826014,0,1,1,1,0,0,0,0,0,1,1,8,3.1194,1,0,0,0,0,0,0,0,0,0,0,0,0,0,7,0,0,0,0,0,0,0,0,0,0,0,0,0,0,0,0,0,0,0,0,0,0,0,1,0,0,0,0,1,1,0,0,0,0,0,0,1,0,0,0,1,0,0,1,1,1,0,0,0,0,1,1,0,1,0,0,0,0,0,0,0,0,0,0,0,0,1,0,0,0,0,1,1,0,1,0,1,0,0,1,0
triethyl phosphate,O=[N+]([O-])N1CN([N+](=O)[O-])CN([N+](=O)[O-])CN([N+](=O)[O-])C1,CCOP(=O)(OCC)OCC,0.0609,,O=[N+]([O-])N1CN([N+](=O)[O-])CN([N+](=O)[O-])CN([N+](=O)[O-])C1,CCOP(=O)(OCC)OCC,-1.215382707,298.15,11.34652778,0.330632716,-3.219328704,0.590472291,167.036,0.474248048,-0.287168355,0.287168355,0.909090909,1.363636364,31.20492444,10.90497916,-1.987872475,7.480140002,0.12608232,1.881388984,112.7695353,0.586145048,0.11,5.721364583,4.534240771,0,0,0,0,13.57124149,4.565048285,0,0,20.7712116,0,19.82064589,18.13628977,7.822697123,0,0,0,0,7.822697123,19.82064589,18.13628977,0,20.7712116,0,0,44.76,7.822697123,4.565048285,0,19.82064589,0,0,20.7712116,0,0,13.57124149,25.81069444,0,0,0,0,0,6.214189815,-3.219328704,1,0,4,0,0,0,0,0,4,5,6,2.204,0,0,0,0,0,0,0,0,0,0,0,0,0,0,0,0,0,0,0,0,0,1,0,0,0,0,0,0,1,0,0,0,0,0,0,0,0,0,0,0,0,0,0,0,0,0,0,0,0,0,0,0,0,1,0,0,1,0,1,0,0,0,0,1,1,1,0,1,0,0,0,0,0,1,1,1,0,0,0,0,1,0,1,1,0,0,1,1,0,1,1,1,0,0,1,0
4-methyl-2-pentanol,O=C(C(=O)c1ccccc1)c1ccccc1,CC(C)CC(C)O,0.01282,,O=C(C(=O)c1ccccc1)c1ccccc1,CC(C)CC(C)O,-1.892111975,298.15,8.722777778,0.125,-0.125,0.558630557,88.065,0.051410236,-0.393408743,0.051410236,1.285714286,1.714285714,16.2647329,10.08384063,-2.027056542,4.488279837,0.167663649,1.272905595,33.44467836,0.682223031,-0.04,3.026851632,5.96,5.106527395,0,0,0,0,0,0,13.8474744,19.26246487,0,6.103966388,5.106527395,0,0,5.917906046,0,0,0,11.21049378,0,5.917906046,27.19203322,0,0,20.23,0,0,6.103966388,5.917906046,6.420821623,0,0,6.9237372,13.8474744,5.106527395,0,8.722777778,0,0.625,0,0.791666667,6.027222222,0,1,1,1,0,0,0,1,0,1,1,2,1.4133,1,0,0,0,0,0,0,0,0,0,0,0,0,0,0,0,0,0,0,0,0,0,0,0,0,0,0,0,0,0,0,0,0,0,0,0,0,1,0,0,0,0,0,0,0,0,0,0,0,0,0,1,0,0,0,0,0,0,0,1,0,0,0,0,0,0,0,0,1,0,0,0,0,0,0,1,0,0,0,0,0,0,0,1,0,1,0,1,0,1,0,1,0,0,1,0
propionitrile,O=[N+]([O-])c1cccc2ccccc12,CCC#N,0.3704,,O=[N+]([O-])c1cccc2ccccc12,CCC#N,-0.431329022,298.15,7.625,0.625,0.625,0.40381422,50.04,0.061834241,-0.198358406,0.061834241,2,2.25,14.2122964,10.57200269,-1.382454097,4.614724475,1.223013209,1.370950594,33.0383064,0,-0.51,2.49,1.49,0,0,0,0,0,0,0,6.9237372,0,6.420821623,6.069221313,0,0,0,0,0,0,0,0,0,11.33111287,13.34455882,0,0,23.79,0,0,0,6.420821623,0,0,0,12.99295851,0,5.261891555,0,7.625,0,0,1.930555556,0.625,1.819444444,0,0.666666667,0,1,0,0,0,0,0,1,1,0,0.91998,0,0,0,0,0,0,0,0,0,0,0,0,0,0,0,0,0,0,0,0,0,0,0,0,0,1,0,0,0,0,0,0,0,0,0,0,0,0,0,0,0,0,0,0,0,0,0,0,0,0,0,0,0,0,0,0,0,0,1,0,0,0,0,0,0,0,0,0,0,0,0,0,0,0,0,0,0,0,0,0,0,0,0,0,0,0,0,1,0,0,0,1,1,0,0,0
vinylene carbonate,CCN(CC)CC.Cl,O=C1OC=CCO1,0.030677,,CCN(CC)CC.Cl,O=C1OC=CCO1,-1.513187114,298.15,9.967361111,0.332175926,-0.622685185,0.419431607,96.041,0.513059137,-0.429635667,0.429635667,1.714285714,2.857142857,16.72584316,10.64859709,-2.069156815,5.610050754,0.083470611,1.685616163,105.5025348,0.293126383,-0.99,1.639420779,0.923707949,9.473725908,6.606881965,0,0,0,4.794537184,0,0,6.076020107,0,6.262080448,14.26826309,6.15536563,0,0,0,4.794537184,0,12.76224759,9.473725908,0,0,12.33810056,0,35.53,6.15536563,4.794537184,0,6.606881965,0,6.262080448,6.076020107,0,9.473725908,0,8.565972222,0,0,0,0,2.301157407,0.332175926,0,0.25,0,3,0,1,0,0,0,3,3,0,0.6669,0,0,0,0,0,0,0,0,2,0,0,0,0,0,0,1,0,0,0,0,0,0,0,0,0,0,0,0,0,0,0,0,1,0,0,0,0,0,0,0,0,0,1,0,0,0,0,0,1,1,0,0,0,1,0,0,0,0,0,0,0,0,1,0,0,0,0,0,0,0,0,0,1,0,0,0,0,1,0,0,1,0,0,0,0,0,1,0,0,1,1,0,0,1,1,1
"1,1,2-trichlorotrifluoroethane",CCCCCCCCCCCCCCCCCC(=O)OCCO,FC(F)(Cl)C(F)(Cl)Cl,0.0013,,CCCCCCCCCCCCCCCCCC(=O)OCCO,FC(F)(Cl)C(F)(Cl)Cl,-2.886056648,298.15,11.54475309,3.68595679,-4.226080247,0.553756284,187.375,0.382975648,-0.199489488,0.199489488,0.875,1,35.53978294,10.76762854,-2.268486715,6.509766303,0.024088518,1.253297578,67.509775,0,0.66,2.119872869,2.286403302,0,0,0,0,0,0,0,23.20187978,11.60093989,0,0,13.17124514,34.80281967,0,0,0,13.17124514,34.80281967,9.968834453,0,0,0,0,0,0,9.968834453,13.17124514,0,0,0,0,0,0,34.80281967,0,30.57021605,-4.226080247,0,0,0,0,0,0,1,0,0,0,0,0,0,0,0,6,1,2.9189,0,0,0,0,0,0,0,0,0,0,0,0,0,0,0,0,0,0,0,0,0,0,0,0,0,0,1,0,0,0,0,0,0,0,0,0,0,0,0,0,0,0,0,0,0,0,0,0,0,0,0,0,0,1,1,0,1,0,0,0,0,0,0,0,0,0,0,0,0,0,0,0,0,0,0,0,0,0,0,0,0,0,0,0,0,0,0,0,0,0,0,0,0,0,0,0
DMS,COC(=O)C1CC(=O)C(C(=O)OC)CC1=O,COC(=O)CCC(=O)OC,0.007344,,COC(=O)C1CC(=O)C(C(=O)OC)CC1=O,COC(=O)CCC(=O)OC,-2.134067332,298.15,10.40217971,0.086481481,-0.397777778,0.530197419,136.062,0.305594853,-0.468983972,0.305594853,1,1.5,16.52958033,10.30773945,-2.058624519,5.768723915,-0.146706199,1.988615512,113.7095059,0.40824829,-1.06,4.78480679,3.884108522,9.473725908,0,0,0,9.589074368,0,0,0,0,0,27.06123833,19.06280028,11.93861058,0,0,0,0,0,26.15820566,19.06280028,0,12.84164325,0,0,52.6,11.93861058,9.589074368,12.84164325,0,0,14.21959508,0,0,9.473725908,0,8.596780045,0,0,-0.795555556,0,0.172962963,0,2.55478647,0.666666667,0,4,0,0,0,0,0,4,4,3,0.1126,0,0,0,0,0,0,0,0,0,2,0,0,0,0,0,0,0,0,0,0,0,0,0,0,0,0,0,0,0,0,0,0,0,0,0,0,0,0,0,0,0,0,0,0,0,1,0,0,0,0,0,0,0,0,0,1,0,0,0,0,1,0,1,0,1,0,0,0,1,0,0,1,0,0,1,0,0,0,0,0,1,1,0,1,0,0,0,1,0,1,1,1,0,0,1,0
cumene,Cc1nc2n(c(=O)c1CCN1CCC(c3noc4cc(F)ccc34)CC1)CCCC2,CC(C)c1ccccc1,0.00122,,Cc1nc2n(c(=O)c1CCN1CCC(c3noc4cc(F)ccc34)CC1)CCCC2,CC(C)c1ccccc1,-2.913640169,298.15,2.203703704,0.658518519,0.658518519,0.534261738,108.099,-0.021882386,-0.062248395,0.021882386,1,1.888888889,13.98379891,10.04379619,-1.829334461,5.170386828,0.866630375,1.900372628,162.6530014,0.837939098,-0.78,2.674337261,1.562760731,0,0,0,0,0,0,0,44.17930974,11.48135754,0,0,0,0,0,0,0,0,0,0,0,0,25.32883194,30.33183534,0,0,0,0,0,5.917906046,0,5.563451492,0,6.066367068,38.11294267,0,0,0,1.414351852,0.658518519,10.51972222,0,4.407407407,0,0.333333333,0,0,0,0,0,0,0,0,0,1,2.81,0,0,0,0,0,0,0,0,0,0,0,0,0,0,0,0,0,0,0,0,0,0,0,0,0,0,0,0,0,0,0,0,0,0,0,0,0,1,0,0,0,0,0,0,0,0,0,0,0,0,0,0,0,0,0,0,0,0,0,0,0,0,0,0,0,0,0,0,0,0,0,0,0,0,0,0,0,0,0,0,0,0,0,1,0,0,0,0,0,0,0,1,0,1,0,1
2-octanol,CCCCCOC(=O)Nc1nc(=O)n([C@@H]2O[C@H](C)[C@@H](O)[C@H]2O)cc1F,CCCCCCC(C)O,0.001,,CCCCCOC(=O)Nc1nc(=O)n([C@@H]2O[C@H](C)[C@@H](O)[C@H]2O)cc1F,CCCCCCC(C)O,-3,298.15,8.851697846,0.09550359,-0.09550359,0.566224735,112.087,0.051166683,-0.393419269,0.051166683,1.222222222,2.333333333,16.26466478,10.11393815,-1.973515423,4.467355978,0.180098573,1.800576896,50.52932501,0.866525501,-0.04,6.085628141,7.96,5.106527395,0,0,0,0,0,0,32.60702369,13.34455882,0,6.103966388,5.106527395,0,0,0,0,0,0,11.21049378,0,0,45.95158251,0,0,20.23,0,0,6.103966388,0,6.420821623,25.68328649,0,6.9237372,6.9237372,5.106527395,0,8.851697846,0,0,0,5.931714853,4.049920635,0,1,1,1,0,0,0,1,0,1,1,5,2.3376,1,0,0,0,0,0,0,0,0,0,0,0,0,0,3,0,0,0,0,0,0,0,0,0,0,0,0,0,0,0,0,0,0,0,0,0,0,0,0,0,0,0,0,1,1,0,0,0,0,0,0,1,0,0,0,1,0,0,1,1,1,0,0,0,0,1,1,0,1,0,0,0,0,0,0,0,0,0,0,0,0,1,0,1,0,1,0,1,0,1,0,1,0,0,1,0
2-hexanone,O=C(NC[C@H]1CN(c2ccc(N3CCOCC3=O)cc2)C(=O)O1)c1ccc(Cl)s1,CCCCC(C)=O,1.78E-05,,O=C(NC[C@H]1CN(c2ccc(N3CCOCC3=O)cc2)C(=O)O1)c1ccc(Cl)s1,CCCCC(C)=O,-4.749579998,298.15,10.20263889,0.307268519,0.307268519,0.527852924,88.065,0.129339773,-0.300031025,0.129339773,1.571428571,2.285714286,16.13716731,10.19393893,-1.861067763,5.747844212,-0.116612303,1.612197223,57.20035948,0.425722174,-0.33,3.846366843,5.67,4.794537184,5.783244946,0,0,0,0,0,13.34455882,13.34455882,6.420821623,0,4.794537184,5.783244946,0,0,0,0,0,5.783244946,4.794537184,0,33.10993927,0,0,17.07,0,4.794537184,0,5.783244946,19.26246487,0,6.9237372,0,6.9237372,0,0,0,0,0.307268519,0,2.935925926,3.720833333,0,0.833333333,0,1,0,0,0,0,0,1,1,3,1.7656,0,0,0,0,0,0,0,0,0,0,0,0,0,0,1,0,0,0,0,0,0,0,0,0,0,0,0,0,0,0,0,0,0,0,0,0,0,0,0,0,0,0,0,0,0,0,0,0,0,0,0,0,0,0,0,1,0,0,1,1,1,0,0,0,0,0,0,0,1,0,0,0,0,0,0,0,0,0,0,0,0,1,0,1,0,1,0,1,0,0,0,1,0,0,1,0
octyl acetate,O=C1OC(=O)[C@H]2[C@@H]1[C@H]1C=C[C@H]2C1,CCCCCCCCCOC(C)=O,0.03027,,O=C1OC(=O)[C@H]2[C@@H]1[C@H]1C=C[C@H]2C1,CCCCCCCCCOC(C)=O,-1.518987579,298.15,10.39556596,0.161126866,-0.161126866,0.429220803,164.119,0.302122868,-0.465877687,0.302122868,1,2.076923077,16.53145782,10.10538148,-1.994846909,5.653186489,-0.140574092,2.090791705,121.2586864,1.275066377,-0.53,9.557183958,11.47,4.736862954,0,0,0,4.794537184,0,0,45.44866694,6.420821623,6.9237372,6.606881965,9.531400138,5.969305288,0,0,0,0,0,12.57618725,9.531400138,0,58.79322576,0,0,26.3,0,4.794537184,5.969305288,6.606881965,6.420821623,45.44866694,0,0,6.9237372,4.736862954,4.830646573,0,0,-0.161126866,0,8.818784244,4.282796759,0,0.909090909,0,2,0,0,0,0,0,2,2,8,3.3001,0,0,0,0,0,0,0,0,0,0,0,0,0,0,6,0,0,0,0,0,0,0,0,0,0,0,0,0,0,0,0,0,0,0,0,0,0,0,0,0,0,0,0,0,0,0,0,0,0,0,0,0,0,0,0,1,0,0,1,1,1,0,1,0,1,1,1,0,1,0,0,0,0,0,0,0,0,0,0,0,0,1,0,1,0,0,1,1,0,1,1,1,0,0,1,0
limonene,CO[C@H]1/C=C/O[C@@]2(C)Oc3c(C)c(O)c4c(O)c(c(/C=N/N5CCN(C)CC5)c(O)c4c3C2=O)NC(=O)/C(C)=C\C=C\[C@H](C)[C@H](O)[C@@H](C)[C@@H](O)[C@@H](C)[C@H](OC(C)=O)[C@@H]1C,C=C(C)C1CC=C(C)CC1,0.0023,,CO[C@H]1/C=C/O[C@@]2(C)Oc3c(C)c(O)c4c(O)c(c(/C=N/N5CCN(C)CC5)c(O)c4c3C2=O)NC(=O)/C(C)=C\C=C\[C@H](C)[C@H](O)[C@@H](C)[C@@H](O)[C@@H](C)[C@H](OC(C)=O)[C@@H]1C,C=C(C)C1CC=C(C)CC1,-2.638272164,298.15,3.97457483,0.767314815,0.767314815,0.485034492,120.11,-0.017096319,-0.099849371,0.017096319,1.7,2.8,14.16772644,9.860904676,-2.043086249,5.092421184,0.540328057,1.884505361,162.8771238,1.412842425,-0.52,3.046280408,1.728509717,0,0,0,0,0,0,0,23.80116485,39.02784531,0,0,0,0,0,5.917906046,0,0,0,0,0,5.917906046,33.10993927,23.80116485,0,0,0,0,0,0,5.917906046,24.8355694,5.57310453,0,26.50243019,0,0,0,2.903935185,0.767314815,0,6.16587963,8.329537037,0,0.6,0,0,1,1,0,1,0,0,0,1,3.3089,0,0,0,0,0,3,0,0,0,0,0,0,0,0,0,0,0,0,0,0,0,0,1,0,0,0,0,0,0,1,0,0,0,0,0,0,0,0,0,0,0,0,0,0,0,0,0,0,0,1,0,0,0,0,0,1,0,0,0,1,1,0,0,0,0,1,1,0,0,0,0,0,0,0,0,0,0,0,0,0,0,1,0,1,0,0,0,0,0,0,0,1,0,1,0,1
"1,2-dimethoxyethane",O=C(O)c1ccc(C(=O)O)o1,COCCOC,0.003443,,O=C(O)c1ccc(C(=O)O)o1,COCCOC,-2.463062977,298.15,4.657222222,0.690972222,0.690972222,0.463261116,80.042,0.069601968,-0.382298018,0.069601968,1,1.5,16.50945958,10.78416581,-1.959066526,4.174615629,0.102605346,1.614330835,17.509775,0.166666667,-0.08,4.92,3.92,9.473725908,0,0,0,0,0,0,0,0,14.21959508,13.21376393,9.473725908,0,0,0,0,0,0,27.43335901,9.473725908,0,0,0,0,18.46,0,0,0,13.21376393,0,0,14.21959508,0,9.473725908,0,9.314444444,0,0,0,0,0,1.381944444,3.303611111,1,0,2,0,0,0,0,0,2,2,3,0.2792,0,0,0,0,0,0,0,0,0,2,0,0,0,0,0,0,0,0,0,0,0,0,0,0,0,0,0,0,0,0,0,0,0,0,0,0,1,0,0,0,1,0,0,0,0,1,0,0,0,0,0,0,0,0,0,0,0,0,0,1,1,0,0,0,1,0,0,0,1,0,0,0,0,1,0,0,0,0,0,0,0,1,0,1,0,0,1,1,0,1,1,1,0,0,1,0
ethyl orthosilicate,CC(C(=O)O)c1ccc(CC2CCCC2=O)cc1,CCO[Si](OCC)(OCC)OCC,0.02466,,CC(C(=O)O)c1ccc(CC2CCCC2=O)cc1,CCO[Si](OCC)(OCC)OCC,-1.608006928,298.15,5.423055556,0.547839506,-2.795524691,0.567362716,188.17,0.679184503,-0.351483597,0.351483597,0.615384615,1,28.41002385,10.90314141,-2.48831882,6.530308223,-0.024659427,2.057940178,91.20187915,0.957106781,0.056883117,7.459718181,4.729762832,17.7040201,0,0,0,0,0,0,0,27.6949488,26.42752786,0,17.7040201,9.047956109,0,0,0,0,0,35.47548397,17.7040201,0,27.6949488,0,0,36.92,9.047956109,0,0,26.42752786,0,0,0,27.6949488,0,17.7040201,21.69222222,0,0,0,0,0,9.797746914,-2.795524691,1,0,4,0,0,0,0,0,4,5,8,1.568,0,0,0,0,0,0,0,0,0,0,0,0,0,0,0,0,0,1,0,0,0,0,0,0,0,0,0,0,1,0,0,0,0,0,0,0,0,0,0,0,0,0,0,0,0,0,0,0,0,0,0,0,0,1,0,0,1,0,1,0,0,0,0,1,1,1,0,1,0,0,0,0,0,1,1,1,0,0,0,0,1,0,1,1,0,0,1,1,0,1,1,1,0,0,1,0
tributyl phosphate,O=C(O)c1ccccc1,CCCCOP(=O)(OCCCC)OCCCC,0.492,,O=C(O)c1ccccc1,CCCCOP(=O)(OCCCC)OCCCC,-0.308034897,298.15,12.17098356,0.436535494,-3.308449074,0.383904286,239.102,0.474277752,-0.286876761,0.286876761,0.705882353,1.235294118,31.20492506,10.36562853,-2.034237154,7.480197941,0.10968018,2.302070195,175.398097,1.073875465,0.11,11.21469763,9.779410294,0,0,0,0,13.57124149,4.565048285,0,40.03367647,19.26246487,0,19.82064589,18.13628977,7.822697123,0,0,0,0,7.822697123,19.82064589,18.13628977,0,59.29614134,0,0,44.76,7.822697123,4.565048285,0,19.82064589,38.52492974,0,0,0,20.7712116,13.57124149,27.9938237,0,0,0,0,5.63150463,7.488676304,-3.308449074,1,0,4,0,0,0,0,0,4,5,12,4.5446,0,0,0,0,0,0,0,0,0,0,0,0,0,0,3,0,0,0,0,0,0,1,0,0,0,0,0,0,1,0,0,0,0,0,0,0,0,0,0,0,0,0,0,0,0,0,0,0,0,0,0,0,0,1,0,0,1,0,1,1,1,0,0,1,1,1,0,1,1,0,0,0,0,1,1,1,0,0,0,0,1,1,1,1,0,0,1,1,0,1,1,1,0,0,1,0
diacetone alcohol,O=C(O)c1ccccc1,CC(=O)CC(C)(C)O,0.234,,O=C(O)c1ccccc1,CC(=O)CC(C)(C)O,-0.630784143,298.15,10.299375,0.025462963,-0.827546296,0.577301111,104.064,0.132180991,-0.390012103,0.132180991,1.625,2,16.28216083,10.0359038,-2.210713415,5.758957724,-0.12020809,1.210810026,89.19188266,0.609222761,-0.37,2.266093076,5.63,5.106527395,5.783244946,0,0,4.794537184,0,0,0,20.7712116,6.420821623,5.601050811,9.901064579,5.783244946,0,0,0,0,0,16.49082315,4.794537184,0,27.19203322,0,0,37.3,5.601050811,4.794537184,12.20406657,0,0,6.9237372,13.8474744,0,0,5.106527395,0,8.967222222,-0.827546296,0.025462963,0,0.243055556,4.709097222,0,0.833333333,1,2,0,0,0,0,0,2,2,2,0.7364,0,0,0,0,0,0,0,0,0,0,0,0,0,0,0,0,0,0,0,0,0,0,0,0,0,0,0,0,0,0,0,0,0,0,0,1,0,1,0,0,0,0,1,0,0,0,0,0,0,0,0,1,0,0,0,0,1,0,0,1,0,0,0,0,0,0,0,0,1,0,0,0,0,0,0,1,0,0,0,0,0,0,0,1,0,1,0,1,0,1,1,1,0,0,1,0
"N,N-dimethylaniline",Oc1c(Br)cc(Br)c2cccnc12,CN(C)c1ccccc1,0.005887,,Oc1c(Br)cc(Br)c2cccnc12,CN(C)c1ccccc1,-2.230105964,298.15,2.083333333,1.247685185,1.247685185,0.546827449,110.095,0.036048726,-0.377661479,0.036048726,1,1.888888889,15.05549977,10.29563143,-2.070589506,5.432787598,1.131950392,1.900372628,167.1823264,0.726136501,-0.98,2.533930223,1.456737692,4.899909731,0,0,0,0,0,0,18.19910121,12.13273414,19.78273024,0,0,5.687386275,0,0,4.899909731,5.687386275,0,14.09534397,0,0,0,30.33183534,0,3.24,0,0,0,0,0,5.687386275,0,32.29444517,17.03264387,0,0,0,1.247685185,0,10.26157407,0,0,4.074074074,0.25,0,1,0,0,0,0,0,1,1,1,1.7526,0,0,0,0,0,0,0,0,0,0,0,1,0,0,0,0,0,0,0,0,0,0,0,0,0,0,0,0,0,0,0,0,0,0,0,0,0,1,0,0,1,0,0,0,0,1,0,0,0,0,0,0,0,0,0,0,0,0,0,0,0,0,0,0,0,0,0,0,0,1,1,0,0,0,0,0,0,0,0,0,0,0,1,1,0,0,0,0,1,0,0,1,1,1,0,1
acrylonitrile,CC(=O)NC1(C)CCC2CC1C(C)=NC2(C)C,C=CC#N,0.004423,,CC(=O)NC1(C)CCC2CC1C(C)=NC2(C)C,C=CC#N,-2.354283061,298.15,7.506944444,1.180555556,1.180555556,0.372551159,50.04,0.090531375,-0.193121261,0.090531375,2,2.25,14.20524381,10.75121127,-1.234585666,4.931486984,1.537023475,1.370950594,48.79398752,0,-0.77,2.23,1.23,0,0,0,0,0,0,0,6.578935684,0,6.076020107,6.069221313,0,0,0,0,0,0,0,0,0,11.33111287,0,12.65495579,0,23.79,0,0,0,0,0,6.076020107,6.069221313,0,6.578935684,5.261891555,0,7.506944444,0,0,1.694444444,1.180555556,3.118055556,0,0,0,1,0,0,0,0,0,1,1,0,0.69598,0,0,0,0,0,1,0,0,0,0,0,0,0,0,0,0,0,0,0,0,0,0,1,0,0,1,0,0,0,0,0,0,0,0,0,0,0,0,0,0,0,0,0,0,0,0,0,0,0,1,0,0,0,0,0,0,0,0,0,0,0,0,0,0,0,0,0,0,0,0,0,0,0,0,0,0,0,0,0,0,0,0,0,0,0,0,0,0,0,0,0,0,1,0,0,0
aniline,Nc1cccnn1,Nc1ccccc1,0.0231,,Nc1cccnn1,Nc1ccccc1,-1.63638802,298.15,5.357777778,0.821759259,0.821759259,0.480075463,86.073,0.031347593,-0.398728829,0.031347593,1,1.857142857,14.53191101,10.32560544,-1.788344189,5.353844402,1.688654594,1.685616163,134.1073697,0.453038919,-0.98,1.646196216,0.92905918,5.733667477,0,0,0,0,0,0,18.19910121,12.13273414,5.687386275,0,0,5.687386275,0,0,5.733667477,5.687386275,0,0,0,0,0,30.33183534,0,26.02,0,0,0,0,5.687386275,0,0,30.33183534,0,5.733667477,0,0,6.179537037,0,9.48712963,0,0,0,0,2,1,0,0,0,0,0,1,1,0,1.2688,0,1,0,0,0,0,0,0,0,0,0,1,0,0,0,0,0,0,0,0,0,0,0,0,0,0,0,0,0,0,0,0,0,0,0,0,0,0,0,1,0,0,0,0,0,0,0,0,0,0,0,0,0,0,0,0,0,0,0,0,0,0,0,0,0,0,0,0,0,1,1,0,0,0,0,0,0,0,0,0,0,0,0,0,1,0,0,0,1,0,0,0,1,1,0,1
"1,3-propanediol",NCCCC(=O)O,OCCCO,0.00564,,NCCCC(=O)O,OCCCO,-2.248720896,298.15,7.90625,0.09375,0.09375,0.459049307,68.031,0.045238237,-0.396286473,0.045238237,1,1.4,16.26511965,10.50349217,-1.847796256,4.21696275,0.220996731,1.405639062,12.36452798,0.070710678,-0.08,3.92,3.92,10.21305479,0,0,0,0,0,0,0,6.420821623,13.21376393,0,10.21305479,0,0,0,0,0,0,23.42681872,0,0,6.420821623,0,0,40.46,0,0,13.21376393,6.420821623,0,0,0,0,0,10.21305479,0,15.8125,0,0,0,0.5,0.1875,0,1,2,2,0,0,0,0,0,2,2,2,-0.6389,2,0,0,0,0,0,0,0,0,0,0,0,0,0,0,0,0,0,0,0,0,0,0,0,0,0,0,0,0,0,1,0,0,0,0,0,0,0,1,0,0,0,1,1,0,0,0,0,0,0,0,1,0,0,0,0,0,0,0,0,0,0,0,0,0,0,0,0,1,0,0,0,0,1,0,0,0,0,0,0,0,1,0,0,0,0,1,1,0,1,1,0,0,0,1,0
bromobenzene,O=[N+]([O-])N1C2C3N([N+](=O)[O-])C1C1N([N+](=O)[O-])C(C(N1[N+](=O)[O-])N3[N+](=O)[O-])N2[N+](=O)[O-],Brc1ccccc1,0.000262,,O=[N+]([O-])N1C2C3N([N+](=O)[O-])C1C1N([N+](=O)[O-])C(C(N1[N+](=O)[O-])N3[N+](=O)[O-])N2[N+](=O)[O-],Brc1ccccc1,-3.581698709,298.15,3.31125,1.134259259,1.134259259,0.542045009,151.97,0.017475283,-0.062189991,0.017475283,1,1.857142857,79.91873092,10.37659388,-1.553126264,9.102988209,1.65608286,1.685616163,134.1073697,0.414667104,-0.3,2.123680216,1.316124136,0,0,0,0,0,0,0,34.1290451,12.13273414,4.472719516,0,0,15.9299439,0,0,0,0,15.9299439,0,0,0,0,34.80455486,0,0,0,0,0,0,4.472719516,0,0,30.33183534,15.9299439,0,1.134259259,0,0,0,9.971157407,0,0,0,0,0,0,0,0,0,0,0,0,1,0,2.4491,0,0,0,0,0,0,0,0,0,0,0,0,0,0,0,0,0,0,0,0,0,0,0,0,0,0,0,1,0,0,0,0,0,0,0,0,0,0,0,0,0,1,0,0,0,0,0,0,0,0,0,0,0,0,1,0,0,0,0,0,0,0,0,0,0,0,0,0,0,0,0,0,0,0,0,0,0,0,0,0,0,0,0,0,0,0,0,0,0,0,0,0,0,1,0,1
dibromomethane,O=[N+]([O-])N1C2C3N([N+](=O)[O-])C1C1N([N+](=O)[O-])C(C(N1[N+](=O)[O-])N3[N+](=O)[O-])N2[N+](=O)[O-],BrCBr,0.000172,,O=[N+]([O-])N1C2C3N([N+](=O)[O-])C1C1N([N+](=O)[O-])C(C(N1[N+](=O)[O-])N3[N+](=O)[O-])N2[N+](=O)[O-],BrCBr,-3.764471553,298.15,3.0625,0.875,0.875,0.490092179,171.819,0.058788888,-0.080248651,0.058788888,1.333333333,1.333333333,79.93444491,11.98155509,-1.186984886,9.23647648,2.44452352,0.918295834,2.754887502,0,0.96,2.96,2.96,0,0,0,0,0,0,0,31.8598878,0,0,4.239357671,0,31.8598878,0,0,0,0,31.8598878,4.239357671,0,0,0,0,0,0,0,0,0,0,4.239357671,0,0,0,31.8598878,0,0.875,0,0,0,0,0,0,0,1,0,0,0,0,0,0,0,0,2,0,1.7337,0,0,0,0,0,0,0,0,0,0,0,0,0,0,0,0,0,0,0,0,1,0,0,0,0,0,0,1,0,0,0,0,0,0,0,0,0,0,0,0,0,0,0,0,0,0,0,0,0,0,0,0,0,0,0,0,0,0,0,0,0,0,0,0,0,0,0,0,0,0,0,0,0,0,0,0,0,0,0,0,0,0,0,0,0,0,1,1,0,0,0,0,0,0,0,0
"1,1,2,2-tetrachloroethane",O=[N+]([O-])N1C2C3N([N+](=O)[O-])C1C1N([N+](=O)[O-])C(C(N1[N+](=O)[O-])N3[N+](=O)[O-])N2[N+](=O)[O-],ClC(Cl)C(Cl)Cl,9.20E-05,,O=[N+]([O-])N1C2C3N([N+](=O)[O-])C1C1N([N+](=O)[O-])C(C(N1[N+](=O)[O-])N3[N+](=O)[O-])N2[N+](=O)[O-],ClC(Cl)C(Cl)Cl,-4.036212173,298.15,5.114197531,0.672839506,-0.672839506,0.527311688,165.834,0.137343613,-0.10236499,0.10236499,0.666666667,0.833333333,35.54493263,10.92960493,-1.959015214,6.563502331,1.293168107,1.360964047,26.52932501,0,1.16,3.199293405,3.35379845,0,9.672539381,0,0,0,0,46.40375956,0,0,0,0,0,46.40375956,0,0,0,0,46.40375956,9.672539381,0,0,0,0,0,0,9.672539381,0,0,0,0,0,0,0,0,46.40375956,0,0,0,0,0,0,0,0,1,0,0,0,0,0,0,0,0,4,1,2.5938,0,0,0,0,0,0,0,0,0,0,0,0,0,0,0,0,0,0,0,0,0,0,0,0,0,0,0,0,0,0,0,0,0,0,0,0,0,0,0,0,0,0,0,0,0,0,0,0,0,0,0,0,0,0,1,0,0,0,0,0,0,0,0,0,0,0,0,0,0,0,0,0,0,0,0,0,0,0,0,0,0,0,0,0,0,0,0,0,0,0,0,0,0,0,0,0
2-methyl-cyclohexyl acetate,CCc1ccc2c(c1)C(=O)c1ccccc1C2=O,CC(=O)OC1CCCCC1C,0.0752,,CCc1ccc2c(c1)C(=O)c1ccccc1C2=O,CC(=O)OC1CCCCC1C,-1.123782159,298.15,10.63530045,0.135416667,-0.135416667,0.543492893,140.097,0.302409377,-0.462281474,0.302409377,1.363636364,2.545454545,16.54260304,9.878584503,-2.266615441,5.656915848,-0.149888987,1.9281578,142.4981594,1.670497835,-0.53,3.744394582,2.52379526,4.736862954,6.103966388,0,0,4.794537184,0,0,13.34455882,25.18037091,6.9237372,0,9.531400138,5.969305288,0,5.917906046,0,0,0,12.07327168,9.531400138,5.917906046,39.53076089,0,0,26.3,0,4.794537184,12.07327168,5.917906046,6.420821623,26.18620207,0,0,6.9237372,4.736862954,5.164490741,0,0,0.427222222,0,4.959402872,3.646917045,0,0.888888889,0,2,1,1,0,2,0,2,2,1,2.1282,0,0,0,0,0,0,0,0,0,0,0,0,0,0,0,0,0,0,0,0,0,0,0,0,0,0,0,0,0,0,0,0,0,0,0,0,0,0,0,0,0,0,0,0,0,0,0,0,0,0,0,0,0,0,0,1,0,0,0,1,1,0,1,0,1,1,1,0,1,0,0,0,0,0,0,0,0,1,0,0,0,1,0,1,0,1,0,0,0,1,1,1,0,1,1,1
tetrabutyl urea,CCc1ccc2c(c1)C(=O)c1ccccc1C2=O,CCCCN(CCCC)C(=O)N(CCCC)CCCC,0.0531,,CCc1ccc2c(c1)C(=O)c1ccccc1C2=O,CCCCN(CCCC)C(=O)N(CCCC)CCCC,-1.274905479,298.15,12.71871882,0.272037037,0.272037037,0.499215162,248.2,0.319497234,-0.324658631,0.319497234,0.6,1.05,16.16990601,10.22247532,-2.445311707,5.739755616,0.149433816,2.467988022,193.0298936,2.202077877,-0.73,13.26220465,8.44257013,9.799819462,0,0,0,0,4.794537184,0,53.37823529,25.68328649,26.17902562,0,4.794537184,6.031114512,9.799819462,0,0,4.794537184,0,42.0099596,0,0,79.06152178,0,0,23.55,0,4.794537184,6.031114512,0,77.54559861,0,0,0,37.49476826,0,0,0,0,0,0.272037037,9.074106513,12.43847096,0,0.941176471,0,3,0,0,0,0,0,1,3,12,4.9108,0,0,0,0,0,0,0,0,0,0,0,0,0,0,4,0,0,0,0,0,0,0,0,0,0,0,0,0,0,0,0,0,0,0,0,0,0,0,0,0,1,0,0,0,0,0,0,0,0,0,0,0,0,1,0,0,0,0,1,1,1,0,0,0,0,1,1,0,0,0,0,0,0,1,0,1,1,0,0,0,0,1,1,1,0,0,1,1,1,0,0,1,1,0,1,0
diisobutyl methanol,CCc1ccc2c(c1)C(=O)c1ccccc1C2=O,C(C(C)C)C(O)CC(C)C,0.0441,,CCc1ccc2c(c1)C(=O)c1ccccc1C2=O,CC(C)CC(O)CC(C)C,-1.355561411,298.15,9.39,0.083333333,-0.083333333,0.642218096,124.098,0.054471811,-0.393110307,0.054471811,0.9,1.4,16.26583055,9.982180035,-2.120486548,4.595978715,0.125159155,1.577633571,66.79745155,1.184528733,-0.04,4.72621024,6.085628141,5.106527395,0,0,0,0,0,0,27.6949488,24.67745534,0,6.103966388,5.106527395,0,0,11.83581209,0,0,0,11.21049378,0,11.83581209,40.53659204,0,0,20.23,0,5.106527395,6.103966388,11.83581209,12.84164325,0,0,0,27.6949488,0,0,9.39,0,1.238425926,0,1.801944444,8.56962963,0,1,1,1,0,0,0,0,0,1,1,4,2.4395,1,0,0,0,0,0,0,0,0,0,0,0,0,0,0,0,0,0,0,0,0,0,0,0,0,0,0,0,0,0,0,0,0,0,0,0,0,1,0,0,0,0,0,0,0,0,0,0,0,0,0,1,0,0,0,1,0,0,0,1,0,0,0,0,0,0,0,0,1,0,0,0,0,0,0,1,0,0,0,0,0,0,0,1,0,1,0,1,0,1,0,1,0,0,1,0
2-phenylethanol,CCc1ccc2c(c1)C(=O)c1ccccc1C2=O,OCCc1ccccc1,0.1072,,CCc1ccc2c(c1)C(=O)c1ccccc1C2=O,OCCc1ccccc1,-0.969805215,298.15,8.519688209,0.240092593,0.240092593,0.62497527,112.087,0.047094487,-0.396031315,0.047094487,1.111111111,2.333333333,16.24995051,10.16038661,-1.87584696,5.13881235,0.299402315,1.910086009,157.4784208,0.773776683,-0.82,3.253988637,1.859038602,5.106527395,0,0,0,0,0,0,30.33183534,11.98427311,6.606881965,0,5.106527395,0,0,0,0,0,0,11.71340936,6.420821623,0,5.563451492,30.33183534,0,20.23,0,0,6.606881965,0,6.420821623,5.563451492,0,30.33183534,0,5.106527395,0,8.519688209,1.194444444,0,9.947719199,0.764722222,0.240092593,0,0.25,1,1,0,0,0,0,0,1,1,2,1.2214,1,0,0,0,0,0,0,0,0,0,0,0,0,0,0,0,0,0,0,0,0,0,0,0,0,0,0,0,0,0,0,0,0,0,0,0,0,0,1,0,0,0,0,0,0,0,0,0,0,0,0,1,0,0,0,0,0,0,0,0,0,0,0,0,0,0,0,0,1,0,0,0,0,0,0,0,0,0,0,0,0,1,0,0,0,0,1,1,0,1,0,0,0,1,1,1
styrene,CCc1ccc2c(c1)C(=O)c1ccccc1C2=O,C=Cc1ccccc1,0.0944,,CCc1ccc2c(c1)C(=O)c1ccccc1C2=O,C=Cc1ccccc1,-1.025028006,298.15,3.630925926,1.173611111,1.173611111,0.512605938,96.088,-0.026255789,-0.09847005,0.026255789,1.125,2.125,13.81386693,10.21337852,-1.63323054,5.452095615,1.666574467,1.903491193,162.6530014,0.589121682,-1.04,2.31410722,0.968848852,0,0,0,0,0,0,0,42.98679113,5.563451492,0,0,0,6.076020107,0,0,0,0,0,0,0,0,5.563451492,36.91077103,6.076020107,0,0,0,0,0,0,5.563451492,0,36.40785545,6.578935684,0,0,0,1.173611111,0,10.0287963,1.833333333,3.630925926,0,0,0,0,0,0,0,0,0,0,0,1,2.3296,0,0,0,0,0,0,0,0,0,0,0,0,0,0,0,0,0,0,0,0,0,0,1,0,0,0,0,0,0,0,0,0,0,0,0,0,0,0,0,0,0,0,0,0,0,0,0,0,0,1,0,0,0,0,0,0,0,0,0,0,0,0,0,0,0,0,0,0,0,0,0,0,0,0,0,0,0,0,0,0,0,0,0,0,0,0,0,0,0,0,0,0,0,1,0,1
dioctyl adipate,CCc1ccc2c(c1)C(=O)c1ccccc1C2=O,CCCCCCCCOC(=O)CCCCC(=O)OCCCCCCCC,0.0657,,CCc1ccc2c(c1)C(=O)c1ccccc1C2=O,CCCCCCCCOC(=O)CCCCC(=O)OCCCCCCCC,-1.18243463,298.15,11.60345739,0.13981038,-0.13981038,0.196152592,328.238,0.305277747,-0.465675003,0.305277747,0.5,1.230769231,16.535916,10.1240207,-2.076890737,5.70107582,-0.145627339,2.635107417,296.1039371,2.819805487,-1.06,20.25433902,19.26718946,9.473725908,0,0,0,9.589074368,0,0,78.05569063,25.68328649,12.84164325,13.21376393,19.06280028,11.93861058,0,0,0,0,0,25.1523745,19.06280028,0,116.5806204,0,0,52.6,0,9.589074368,11.93861058,38.89705042,25.68328649,51.36657298,0,0,13.8474744,9.473725908,10.4404163,0,0,-0.27962076,0,16.48878114,5.47684187,0,0.909090909,0,4,0,0,0,0,0,4,4,19,6.3542,0,0,0,0,0,0,0,0,0,0,0,0,0,0,11,0,0,0,0,0,0,0,0,0,0,0,0,0,0,0,0,0,0,0,0,0,0,0,0,0,0,0,0,0,0,0,0,0,0,0,0,0,0,0,0,1,0,0,1,1,1,0,1,0,1,1,1,0,1,0,0,1,0,1,1,0,0,0,0,0,1,1,0,1,0,0,1,1,0,1,1,1,0,0,1,0
dimethyl sulfate,Cn1nc([N+](=O)[O-])c([N+](=O)[O-])c1[N+](=O)[O-],COS(=O)(=O)OC,0.002153,,Cn1nc([N+](=O)[O-])c([N+](=O)[O-])c1[N+](=O)[O-],COS(=O)(=O)OC,-2.66695597,298.15,9.923611111,1.02662037,-3.657407407,0.501308312,120.085,0.398816484,-0.251550189,0.251550189,1.142857143,1.428571429,32.25200351,11.7694693,-2.019903317,7.813703901,0.285670858,1.677421284,112.6252211,0.068041382,-0.13,2.247742509,2.551431005,0,0,0,0,8.366170865,0,0,0,0,0,14.21959508,16.78396785,10.39900058,0,0,0,0,0,22.63739207,18.76517145,0,0,0,0,52.6,10.39900058,8.417796984,0,0,14.21959508,0,0,0,8.366170865,0,27.52083333,0,0,0,0,0,0,-1.604166667,1,0,4,0,0,0,0,0,4,5,2,-0.476,0,0,0,0,0,0,0,0,0,0,0,0,0,0,0,0,0,0,0,0,0,0,0,0,1,0,0,0,1,0,0,0,0,1,0,0,0,0,0,0,0,0,0,0,0,1,0,0,0,0,0,0,0,1,0,0,1,0,0,0,0,0,0,1,1,0,0,1,0,0,0,1,0,0,1,0,0,0,0,0,1,0,1,1,0,0,0,0,0,1,1,1,0,0,1,0
ethyl butyrate,O=C1CCCC(=O)C1,CCCC(=O)OCC,0.008295,,O=C1CCCC(=O)C1,CCCC(=O)OCC,-2.08118361,298.15,10.42083333,0.087962963,-0.087962963,0.520098668,104.064,0.305256806,-0.465969335,0.305256806,1.5,2.5,16.53178075,10.34407358,-2.013585663,5.685956047,-0.142615289,1.675075484,60.92878689,0.437280567,-0.53,4.624559505,3.652815356,4.736862954,0,0,0,4.794537184,0,0,6.9237372,13.34455882,6.420821623,6.606881965,9.531400138,5.969305288,0,0,0,0,0,12.57618725,9.531400138,0,26.68911765,0,0,26.3,0,4.794537184,5.969305288,13.02770359,6.420821623,0,0,13.8474744,4.736862954,0,4.643333333,0,0,-0.087962963,0,1.423287037,4.267175926,0,0.833333333,0,2,0,0,0,0,0,2,2,3,1.3496,0,0,0,0,0,0,0,0,0,0,0,0,0,0,0,0,0,0,0,0,0,0,0,0,0,0,0,0,0,0,0,0,0,0,0,0,0,0,0,0,0,0,0,0,0,0,0,0,0,0,0,0,0,0,0,1,0,0,1,1,0,0,1,0,1,1,1,0,1,0,0,0,0,0,0,0,0,0,0,0,0,1,0,1,0,0,1,1,0,1,1,1,0,0,1,0
methyl lactate,O=[N+]([O-])N1C2C3N([N+](=O)[O-])C1C1N([N+](=O)[O-])C(C(N1[N+](=O)[O-])N3[N+](=O)[O-])N2[N+](=O)[O-],COC(=O)C(C)O,0.059481,,O=[N+]([O-])N1C2C3N([N+](=O)[O-])C1C1N([N+](=O)[O-])C(C(N1[N+](=O)[O-])N3[N+](=O)[O-])N2[N+](=O)[O-],COC(=O)C(C)O,-1.225621739,298.15,10.03935185,0.597222222,-0.99537037,0.45774238,96.041,0.333882322,-0.467104465,0.333882322,1.857142857,2.285714286,16.53649197,10.42740863,-2.163391933,5.72991471,-0.148809192,1.64571137,67.33515885,0.170555758,-0.57,2.577420843,2.16664825,9.843390349,6.103966388,0,0,0,4.794537184,0,0,6.9237372,0,7.109797541,14.63792753,5.969305288,0,0,0,0,0,24.28959661,9.531400138,0,6.9237372,0,0,46.53,12.07327168,4.794537184,0,0,0,14.03353474,0,0,4.736862954,5.106527395,4.122685185,8.346342593,0,-0.597222222,0,-0.99537037,1.353009259,1.231203704,0.75,1,3,0,0,0,1,0,3,3,1,-0.4598,1,0,0,0,0,0,0,0,0,1,0,0,0,0,0,0,0,0,0,0,0,0,0,0,0,0,0,0,0,0,0,0,0,0,0,0,1,0,0,0,0,0,0,0,0,1,0,0,0,0,0,0,0,0,0,0,0,0,0,0,0,0,1,0,1,0,0,0,0,0,0,0,0,0,0,0,0,0,0,0,1,0,0,1,0,1,0,0,0,1,1,1,0,0,1,0
butyl lactate,O=[N+]([O-])N1C2C3N([N+](=O)[O-])C1C1N([N+](=O)[O-])C(C(N1[N+](=O)[O-])N3[N+](=O)[O-])N2[N+](=O)[O-],CCCCOC(=O)C(C)O,0.050892,,O=[N+]([O-])N1C2C3N([N+](=O)[O-])C1C1N([N+](=O)[O-])C(C(N1[N+](=O)[O-])N3[N+](=O)[O-])N2[N+](=O)[O-],CCCCOC(=O)C(C)O,-1.293350481,298.15,10.54542045,0.416898148,-0.989022109,0.469053749,132.074,0.334157775,-0.463784203,0.334157775,1.7,2.7,16.54527534,10.34598009,-2.19085305,5.732002743,-0.152102115,1.880413032,99.02434166,0.437699716,-0.57,5.233374533,4.322705119,9.843390349,6.103966388,0,0,0,4.794537184,0,13.34455882,13.34455882,0,6.606881965,14.63792753,5.969305288,0,0,0,0,0,23.78668104,9.531400138,0,26.68911765,0,0,46.53,12.07327168,4.794537184,0,6.606881965,12.84164325,6.9237372,0,6.9237372,4.736862954,5.106527395,4.654907407,8.645679327,0,-0.533842593,0,0.863705593,3.824129819,0,0.857142857,1,3,0,0,0,1,0,3,3,4,0.7105,1,0,0,0,0,0,0,0,0,0,0,0,0,0,1,0,0,0,0,0,0,0,0,0,0,0,0,0,0,0,0,0,0,0,0,0,1,0,0,0,0,0,0,0,1,0,0,0,0,0,0,0,0,0,0,1,0,0,1,1,1,0,1,0,1,0,0,0,1,0,0,0,0,0,0,0,0,0,0,0,1,1,0,1,0,1,1,1,0,1,1,1,0,0,1,0
diethyl carbonate,O=[N+]([O-])N1C2C3N([N+](=O)[O-])C1C1N([N+](=O)[O-])C(C(N1[N+](=O)[O-])N3[N+](=O)[O-])N2[N+](=O)[O-],CCOC(=O)OCC,0.032856,,O=[N+]([O-])N1C2C3N([N+](=O)[O-])C1C1N([N+](=O)[O-])C(C(N1[N+](=O)[O-])N3[N+](=O)[O-])N2[N+](=O)[O-],CCOC(=O)OCC,-1.48338531,298.15,10.19861111,0.373842593,-0.587962963,0.51053611,108.052,0.507735822,-0.43458785,0.43458785,1.25,1.875,16.72206668,10.84726048,-2.052160082,5.590973707,0.063026979,1.675075484,62.07403392,0.277368927,-0.73,4.429489633,3.459753321,9.473725908,0,0,0,0,4.794537184,0,0,13.8474744,0,13.21376393,14.26826309,6.15536563,0,0,0,4.794537184,0,19.36912956,9.473725908,0,13.8474744,0,0,35.53,6.15536563,4.794537184,0,13.21376393,0,0,13.8474744,0,9.473725908,0,8.842222222,0,0,0,0,-0.587962963,4.213796296,0,0.8,0,3,0,0,0,0,0,3,3,2,1.1794,0,0,0,0,0,0,0,0,0,0,0,0,0,0,0,1,0,0,0,0,0,0,0,0,0,0,0,0,0,0,0,0,0,0,0,0,0,0,0,0,0,0,0,0,0,0,0,0,0,0,0,0,0,1,0,0,0,0,1,0,0,0,1,0,1,1,0,0,0,0,0,0,0,1,0,0,0,0,0,0,1,0,0,1,0,0,1,1,0,1,1,1,0,0,1,0
propanediol butyl ether,O=[N+]([O-])N1C2C3N([N+](=O)[O-])C1C1N([N+](=O)[O-])C(C(N1[N+](=O)[O-])N3[N+](=O)[O-])N2[N+](=O)[O-],CCCCOCC(O)CO,0.003038,,O=[N+]([O-])N1C2C3N([N+](=O)[O-])C1C1N([N+](=O)[O-])C(C(N1[N+](=O)[O-])N3[N+](=O)[O-])N2[N+](=O)[O-],CCCCOCC(O)CO,-2.51741223,298.15,8.782253401,0.216145833,-0.711244331,0.527302867,132.074,0.100320836,-0.393593141,0.100320836,1.5,2.7,16.48797981,10.34535288,-2.190511312,4.476468859,0.005573679,1.975517618,65.87155902,0.518475562,-0.12,6.992612613,6.006903553,14.94991774,6.103966388,0,0,0,0,0,13.34455882,6.420821623,6.606881965,13.21376393,14.94991774,0,0,0,0,0,0,36.13766707,4.736862954,0,19.76538045,0,0,49.69,6.103966388,0,13.21376393,6.606881965,12.84164325,0,0,0,6.9237372,14.94991774,5.016712963,17.14355387,0,0,0,1.393288218,2.779778282,0,1,2,3,0,0,0,1,0,3,3,6,0.1563,2,0,0,0,0,0,0,0,0,0,0,0,0,0,1,0,0,0,0,0,0,0,0,0,0,0,0,0,0,0,0,1,0,0,0,0,1,0,1,0,1,0,1,1,1,0,0,0,0,0,0,1,0,0,0,0,0,0,1,1,1,0,0,0,1,1,1,0,1,0,0,0,0,1,0,0,0,0,0,0,1,1,0,0,0,1,1,1,0,1,1,1,0,0,1,0
triethyl orthoformate,O=[N+]([O-])N1C2C3N([N+](=O)[O-])C1C1N([N+](=O)[O-])C(C(N1[N+](=O)[O-])N3[N+](=O)[O-])N2[N+](=O)[O-],CCOC(OCC)OCC,0.062026,,O=[N+]([O-])N1C2C3N([N+](=O)[O-])C1C1N([N+](=O)[O-])C(C(N1[N+](=O)[O-])N3[N+](=O)[O-])N2[N+](=O)[O-],CCOC(OCC)OCC,-1.207426225,298.15,5.078333333,0.472222222,-0.472222222,0.53246298,132.074,0.271088726,-0.330237425,0.271088726,0.8,1.3,16.84017766,10.80894815,-2.203037014,4.228453588,-0.282326404,1.896259415,51.60689651,0.552585858,-0.12,6.992612613,4.730174499,14.21058886,0,0,6.476087071,0,0,0,0,20.7712116,19.82064589,0,14.21058886,0,0,0,0,0,0,26.29673296,14.21058886,0,20.7712116,0,0,27.69,6.476087071,0,0,19.82064589,0,0,0,20.7712116,0,14.21058886,15.235,0,0,0,0,0,7.098333333,0,1,0,3,0,0,0,0,0,3,3,6,1.3795,0,0,0,0,0,0,0,0,0,0,0,0,0,0,0,1,0,0,0,0,0,0,0,0,0,0,0,0,0,0,0,0,0,0,0,0,0,0,0,0,0,0,0,0,0,0,0,0,0,0,0,0,0,1,0,0,0,0,1,0,0,0,1,0,1,1,0,0,0,0,0,0,0,1,0,1,0,0,0,0,1,0,0,1,0,0,1,1,0,1,1,1,0,0,1,0
p-tert-butyltoluene,CC(C)(C)c1ccc(C(=O)O)cc1,Cc1ccc(C(C)(C)C)cc1,0.0183,,CC(C)(C)c1ccc(C(=O)O)cc1,Cc1ccc(C(C)(C)C)cc1,-1.73754891,298.15,2.233796296,0.285416667,0.285416667,0.529304845,132.121,-0.013185089,-0.059031594,0.013185089,0.909090909,1.727272727,14.16141072,9.867012994,-2.098329178,5.259574607,0.589906175,1.860763872,223.2103774,1.053561201,-0.78,2.689337151,2.074798911,0,0,0,0,0,0,0,50.60013136,17.90217916,0,0,0,0,0,0,0,0,0,0,5.414990469,6.9237372,31.89811458,24.26546827,0,0,0,0,5.414990469,0,0,11.12690298,0,0,51.96041707,0,0,0,3.022546296,0,8.741898148,0,8.818888889,0,0.454545455,0,0,0,0,0,0,0,0,0,0,3.29252,0,0,0,0,0,0,1,0,0,0,0,0,0,0,0,0,0,0,0,0,0,0,0,0,0,0,0,0,0,0,0,0,0,0,0,1,0,1,0,0,0,0,0,0,0,0,0,0,0,0,0,0,0,0,0,0,1,0,0,0,0,0,0,0,0,0,0,0,0,0,0,0,0,0,0,1,0,0,0,0,0,0,0,1,0,0,0,0,0,0,0,1,0,1,0,1
methyl 4-tert-butylbenzoate,CC(C)(C)c1ccc(C(=O)O)cc1,COC(=O)c1ccc(C(C)(C)C)cc1,0.056,,CC(C)(C)c1ccc(C(=O)O)cc1,COC(=O)c1ccc(C(C)(C)C)cc1,-1.251811973,298.15,11.1521849,0.11969187,-0.286611867,0.639413232,176.13,0.337341772,-0.465417521,0.337341772,1.142857143,2,16.5232625,9.865800664,-2.110265591,5.88778491,0.060043405,2.154136621,317.1701203,1.224161761,-1.31,3.824294411,2.344791753,4.736862954,0,0,0,0,4.794537184,0,32.90394574,23.1111761,0,12.67324903,9.531400138,5.969305288,0,0,0,0,0,13.07910283,10.15185342,0,36.69265177,24.26546827,0,26.3,0,4.794537184,11.38429576,5.563451492,0,12.67324903,12.13273414,12.13273414,25.50807455,0,4.622804941,0,1.930481741,-0.286611867,7.525138889,0,6.417109552,1.388891841,0.416666667,0,2,0,0,0,0,0,2,2,1,2.7707,0,0,0,0,0,0,0,0,0,1,0,0,0,0,0,0,0,0,0,0,0,0,0,0,0,0,0,0,0,0,0,0,0,0,0,1,0,1,0,0,0,0,0,0,0,1,0,0,0,0,0,0,0,0,0,0,1,0,0,0,0,0,1,0,1,0,0,0,0,0,0,0,0,0,0,1,0,0,0,0,0,0,0,1,0,0,0,0,0,1,1,1,0,1,1,1
morpholine,COc1ccc(CC(=O)O)cc1,C1COCCN1,0.0094,,COc1ccc(CC(=O)O)cc1,C1COCCN1,-2.026872146,298.15,5.006944444,0.888888889,0.888888889,0.434057455,78.05,0.059108072,-0.378812514,0.059108072,1.166666667,2,16.47668664,10.53527205,-2.296928753,4.491105719,0.109106739,1.719973094,23.01955001,0.515737207,-0.08,2.157216947,0.953692476,10.05365156,0,0,0,0,0,0,0,0,13.08951281,13.21376393,4.736862954,0,5.316788604,0,5.316788604,0,0,26.30327674,4.736862954,0,0,0,0,21.26,0,0,0,0,26.30327674,0,0,0,5.316788604,4.736862954,5.006944444,3.159722222,0,0,0,0,3.833333333,0,1,1,2,0,1,0,0,0,2,2,0,-0.3938,0,0,0,1,0,0,0,0,0,0,1,0,0,0,0,0,0,0,0,0,0,0,0,0,0,0,0,0,0,0,0,0,1,0,0,0,0,0,1,0,1,0,0,0,1,0,1,0,1,0,0,1,0,0,0,0,0,0,0,0,0,0,0,0,0,1,1,0,1,0,0,0,1,1,0,0,0,0,0,0,0,1,0,0,1,0,1,0,0,1,0,0,1,1,1,1
tert-butylamine,CC(C)(C)NSc1nc2ccccc2s1,CC(C)(C)N,0.0952,,CC(C)(C)NSc1nc2ccccc2s1,CC(C)(C)N,-1.021363052,298.15,5.354166667,0,0,0.449469808,62.051,0.006857357,-0.325816088,0.006857357,1.2,1.2,14.66511263,10.14598723,-2.258026974,4.595679201,0.579944103,0.721928095,19.11941548,0,-0.04,0.976756002,9507.96,5.733667477,0,0,0,0,0,0,0,20.7712116,5.538925252,0,0,0,0,5.733667477,5.733667477,0,0,5.538925252,0,0,20.7712116,0,0,26.02,0,0,5.538925252,0,0,0,0,20.7712116,0,5.733667477,0,0,5.354166667,0,0,0,5.895833333,0,1,2,1,0,0,0,0,0,1,1,0,0.7436,0,0,0,0,0,0,0,0,0,0,0,0,0,0,0,0,0,0,0,0,0,0,0,0,0,0,0,0,0,0,0,0,0,0,0,1,0,1,0,1,0,0,0,0,0,0,0,0,0,0,0,0,0,0,0,0,1,0,0,0,0,0,0,0,0,0,0,0,0,0,0,0,0,0,0,1,0,0,0,0,0,0,0,1,1,0,0,0,1,0,0,1,1,0,0,0
n-dodecanol,O=C[C@H](O)[C@@H](O)[C@H](O)[C@H](O)CO,CCCCCCCCCCCCO,0.000762,,O=C[C@H](O)[C@@H](O)[C@H](O)[C@H](O)CO,CCCCCCCCCCCCO,-3.118045029,298.15,8.566063512,0.371527778,0.371527778,0.512982181,160.131,0.043052407,-0.396376569,0.043052407,0.615384615,1.384615385,16.24992748,10.06832557,-1.838100565,4.461354261,0.281989912,2.155710272,71.19366194,1.599240266,-0.04,11.96,11.96,5.106527395,0,0,0,0,0,0,64.71113181,6.420821623,6.606881965,0,5.106527395,0,0,0,0,0,0,11.71340936,0,0,71.13195343,0,0,20.23,0,0,0,6.606881965,6.420821623,57.78739461,0,0,6.9237372,5.106527395,0,8.566063512,0,0,0,13.30358903,2.630347458,0,1,1,1,0,0,0,0,0,1,1,10,3.8996,1,0,0,0,0,0,0,0,0,0,0,0,0,0,9,0,0,0,0,0,0,0,0,0,0,0,0,0,0,0,0,0,0,0,0,0,0,0,1,0,0,0,0,1,1,0,0,0,0,0,0,1,0,0,0,1,0,0,1,1,1,0,0,0,0,1,1,0,1,0,0,0,0,0,0,0,0,0,0,0,0,1,0,0,0,0,1,1,0,1,0,1,0,0,1,0
dimethoxymethane,C1OCOCO1,COCOC,0.3197,,C1OCOCO1,COCOC,-0.495257364,298.15,4.46875,0.388888889,0.388888889,0.438396252,68.031,0.145448324,-0.358682481,0.145448324,1.2,1.6,16.64767929,11.36498708,-1.868548165,3.843382423,-0.002714377,1.405639062,12.36452798,0.11785113,-0.08,3.92,3.92,9.473725908,6.792942306,0,0,0,0,0,0,0,14.21959508,0,9.473725908,0,0,0,0,0,0,21.01253739,9.473725908,0,0,0,0,18.46,0,0,0,6.792942306,0,0,14.21959508,0,9.473725908,0,8.9375,0,0,0,0,0,0.388888889,3.173611111,1,0,2,0,0,0,0,0,2,2,2,0.2367,0,0,0,0,0,0,0,0,0,2,0,0,0,0,0,0,0,0,0,0,1,0,0,0,0,0,0,0,0,0,0,0,0,0,0,0,0,0,0,0,1,0,0,0,0,1,0,0,0,0,0,0,0,0,0,0,0,0,0,1,0,0,1,0,1,0,0,0,0,0,0,0,0,0,0,0,0,0,0,0,0,0,0,1,0,0,1,1,0,1,1,1,0,0,1,0
ethylene carbonate,CCN(CC)CC.Cl,O=C1OCCCO1,0.026948,,CCN(CC)CC.Cl,O=C1OCCCO1,-1.569473461,298.15,10.01861111,0.512731481,-0.53587963,0.418651799,96.041,0.507760428,-0.434155777,0.434155777,1.285714286,2.142857143,16.73055111,10.47184774,-2.161941447,5.5971104,0.019220018,1.685616163,71.00409256,0.411596466,-0.73,1.818015341,1.066196614,9.473725908,0,0,0,0,4.794537184,0,0,0,6.420821623,13.21376393,14.26826309,6.15536563,0,0,0,4.794537184,0,19.36912956,9.473725908,0,6.420821623,0,0,35.53,6.15536563,4.794537184,0,13.21376393,6.420821623,0,0,0,9.473725908,0,8.833333333,0,0,0,0,0.289259259,1.025462963,0,0.75,0,3,0,1,0,0,0,3,3,0,0.5433,0,0,0,0,0,0,0,0,2,0,0,0,0,0,0,1,0,0,0,0,0,0,0,0,0,0,0,0,0,0,0,0,1,0,0,0,0,0,0,0,0,0,1,0,0,0,0,0,1,0,0,0,0,1,0,0,0,0,0,0,0,0,1,0,0,1,0,0,1,0,0,0,1,1,0,0,0,1,0,0,1,1,0,0,0,0,1,0,0,1,1,0,0,1,1,1
cyrene,CC(C)(C)NC[C@H](O)COc1nsnc1N1CCOCC1.O=C(O)/C=C\C(=O)O,O=C1C2CCOC1C(CO)C2,0.00047,,CC(C)(C)NC[C@H](O)COc1nsnc1N1CCOCC1.O=C(O)/C=C\C(=O)O,O=C1C2CCOC1C(CO)C2,-3.327902142,298.15,11.32078704,0.078703704,-0.278935185,0.579707139,144.085,0.164588822,-0.395970226,0.164588822,1.636363636,3.090909091,16.49470268,10.01716861,-2.323279611,5.880611151,-0.137399882,2.226267921,178.1759841,2.055683956,-0.41,2.57105971,0.992764587,9.843390349,6.103966388,5.783244946,0,4.794537184,0,0,0,12.84164325,25.04957602,0,14.63792753,5.783244946,0,11.83581209,0,0,0,30.20750266,9.531400138,11.83581209,12.84164325,0,0,46.53,0,4.794537184,30.32990539,6.606881965,12.84164325,0,0,0,0,9.843390349,5.275,8.898657407,0,0.482592593,0,1.407407407,0.782222222,0,0.875,1,3,1,2,0,3,2,3,3,1,-0.0272,1,0,0,0,0,0,0,0,0,0,0,0,0,0,0,0,1,0,0,0,0,0,0,0,0,0,0,0,0,0,0,0,1,0,0,0,1,0,1,0,0,0,1,1,0,0,0,1,1,0,0,0,1,0,0,0,0,0,0,0,0,0,0,0,0,1,1,0,1,0,0,0,1,1,0,0,0,1,0,0,1,1,0,0,0,1,1,1,0,1,1,0,0,1,1,1
2-ethoxyethyl acetate,O=c1[nH]c2cc(Cl)ccc2o1,CCOCCOC(C)=O,0.04374,,O=c1[nH]c2cc(Cl)ccc2o1,CCOCCOC(C)=O,-1.359121221,298.15,10.1291199,0.254904573,-0.254904573,0.414478983,120.063,0.302207301,-0.463422548,0.302207301,1.444444444,2.555555556,16.55493135,10.70369009,-2.064108205,5.653298351,-0.141940102,1.800576896,80.37215812,0.388658538,-0.57,5.564589502,7.43,9.473725908,6.606881965,0,0,4.794537184,0,0,0,6.9237372,13.53061916,6.606881965,14.26826309,5.969305288,0,0,0,0,0,25.78995118,14.26826309,0,13.8474744,0,0,35.53,0,4.794537184,5.969305288,19.82064589,0,6.9237372,0,6.9237372,4.736862954,4.736862954,9.486666667,0,0,-0.254904573,0,0,4.805784675,0,0.833333333,0,3,0,0,0,0,0,3,3,4,0.586,0,0,0,0,0,0,0,0,0,0,0,0,0,0,0,0,0,0,0,0,0,0,0,0,0,0,0,0,0,0,0,0,0,0,0,0,1,0,0,0,1,0,0,0,0,0,0,0,0,0,0,0,0,0,0,1,0,0,1,0,1,0,1,0,1,0,1,0,1,0,0,0,0,1,0,0,0,0,0,0,1,1,0,1,0,0,1,1,0,1,1,1,0,0,1,0
2-ethylhexyl acetate,O=[N+]([O-])c1cc[nH]n1,CCC(CC)COC(C)=O,0.00998,,O=[N+]([O-])c1cc[nH]n1,CCC(CC)COC(C)=O,-2.000869459,298.15,10.35783163,0.174166667,-0.174166667,0.563854207,128.086,0.302133026,-0.465582582,0.302133026,1.4,2.2,16.53206912,10.05786207,-2.09763141,5.653548676,-0.141887513,1.896979928,95.43071362,0.759582549,-0.53,5.270170382,4.358753835,4.736862954,0,0,0,4.794537184,0,0,26.68911765,5.917906046,6.9237372,6.606881965,9.531400138,5.969305288,0,5.917906046,0,0,0,12.57618725,9.531400138,5.917906046,33.61285484,0,0,26.3,0,4.794537184,5.969305288,12.52478801,12.84164325,6.9237372,0,0,13.8474744,4.736862954,4.846851852,0,0,0.371111111,0,2.174166667,6.250038738,0,0.875,0,2,0,0,0,0,0,2,2,4,1.9857,0,0,0,0,0,0,0,0,0,0,0,0,0,0,0,0,0,0,0,0,0,0,0,0,0,0,0,0,0,0,0,0,0,0,0,0,0,0,0,0,0,0,0,0,0,0,0,0,0,0,0,0,0,0,0,0,0,0,1,0,1,0,1,0,1,0,0,0,0,0,0,0,0,0,0,1,0,0,0,0,0,0,0,1,0,0,1,1,0,1,1,1,0,0,1,0
"1,2,4-trichlorobenzene",ON(Cc1ccccc1)Cc1ccccc1,Clc1ccc(Cl)c(Cl)c1,0.007038,,ON(Cc1ccccc1)Cc1ccccc1,Clc1ccc(Cl)c(Cl)c1,-2.152550738,298.15,5.597561728,0.489969136,0.489969136,0.536102155,178.425,0.060661305,-0.084287094,0.060661305,0.888888889,2,35.49901419,10.35889204,-1.659379504,6.426358862,1.704596868,1.796567574,219.5429995,0.47049985,0.09,2.782200282,1.751071235,0,0,0,0,0,0,0,34.80281967,18.19910121,5.022633314,10.04526663,0,34.80281967,0,0,0,0,34.80281967,0,0,0,0,18.19910121,0,0,0,0,0,15.06789994,0,0,18.19910121,0,0,34.80281967,0,1.620030864,0,0,4.951820988,0,0,0,0,0,0,0,0,0,0,0,0,3,0,3.6468,0,0,0,0,0,0,0,0,0,0,0,0,0,0,0,0,0,0,0,0,0,0,0,0,0,0,0,0,0,0,0,0,0,0,0,0,0,0,0,0,0,1,0,0,0,0,0,0,0,0,0,0,0,0,1,0,0,0,0,0,0,0,0,0,0,0,0,0,0,0,0,0,0,0,0,0,0,0,1,0,0,0,0,0,0,0,0,0,0,0,0,0,0,1,0,1
4-methylpyridine,O=C(O)c1ccncc1,Cc1ccncc1,0.02326,,O=C(O)c1ccncc1,Cc1ccncc1,-1.63339029,298.15,3.845555556,1.259259259,1.259259259,0.471998368,86.073,0.026993005,-0.264716634,0.026993005,1.285714286,2.142857143,14.60038551,10.31306447,-1.681303539,5.051606335,1.286707191,1.685616163,134.1073697,0.426449747,-0.85,1.73496748,0.999576996,0,0,0,0,4.983978521,0,0,0,24.61992283,12.39368714,0,0,0,4.983978521,0,0,0,0,4.983978521,0,6.9237372,5.563451492,24.52642128,0,12.89,0,0,0,0,0,5.563451492,12.39368714,19.05647134,4.983978521,0,0,0,1.259259259,0,3.944444444,3.574074074,2.043333333,0,0.166666667,0,1,0,0,1,0,0,1,1,0,1.39002,0,0,0,0,0,0,1,0,0,0,0,0,0,0,0,0,0,0,0,0,0,0,0,0,0,0,0,0,0,0,0,0,0,0,1,0,0,0,0,0,0,0,0,0,0,0,0,0,1,0,0,0,0,0,0,0,0,0,0,0,0,0,0,0,0,0,0,0,0,0,0,0,1,0,0,0,0,0,0,0,0,0,0,0,0,0,0,0,0,0,0,1,1,1,0,1
dibutyl ether,c1ccc2c(c1)[nH]c1ccccc12,CCCCOCCCC,0.00501,,c1ccc2c(c1)[nH]c1ccccc12,CCCCOCCCC,-2.300162274,298.15,5.314444444,0.954861111,0.954861111,0.5020749,112.087,0.046543272,-0.381452815,0.046543272,0.888888889,1.666666667,16.47284916,10.33341206,-1.946512817,4.333957112,0.12823475,1.885234836,37.83229392,0.594861352,-0.04,7.96,7.96,4.736862954,0,0,0,0,0,0,26.68911765,12.84164325,13.21376393,0,4.736862954,0,0,0,0,0,0,13.21376393,4.736862954,0,39.53076089,0,0,9.23,0,0,0,0,13.21376393,25.68328649,0,0,13.8474744,4.736862954,5.314444444,0,0,0,0,4.908411281,6.277144274,0,1,0,1,0,0,0,0,0,1,1,6,2.6032,0,0,0,0,0,0,0,0,0,0,0,0,0,0,2,0,0,0,0,0,0,0,0,0,0,0,0,0,0,0,0,0,0,0,0,0,0,0,0,0,1,0,0,0,0,0,0,0,0,0,0,0,0,0,0,0,0,0,1,1,1,0,0,0,1,1,1,0,1,0,0,0,0,1,0,0,0,0,0,0,0,1,0,1,0,0,1,1,0,1,0,1,0,0,1,0
DEF,NC(N)=C([N+](=O)[O-])[N+](=O)[O-],CCN(C=O)CC,0.0702,,NC(N)=C([N+](=O)[O-])[N+](=O)[O-],CCN(C=O)CC,-1.153662888,298.15,9.893055556,0.819444444,0.819444444,0.47349572,90.061,0.209183224,-0.345821946,0.209183224,1.428571429,1.857142857,16.14175334,10.57343705,-2.194266009,5.459908954,-0.117279237,1.719973094,50.04184398,0.372677996,-0.53,3.652815356,2.201261426,4.899909731,0,0,0,4.794537184,0,0,0,13.8474744,13.08951281,0,4.794537184,6.410095306,4.899909731,0,0,0,0,24.39951785,4.794537184,0,13.8474744,0,0,20.31,0,4.794537184,0,0,19.49960812,0,4.899909731,13.8474744,0,0,0,0,0,0,0,0.861111111,5.551388889,0,0.8,0,2,0,0,0,0,0,1,2,3,0.4846,0,0,0,0,0,0,0,0,0,0,0,0,0,0,0,0,0,0,0,0,0,0,0,0,0,0,0,0,0,0,0,0,0,0,0,0,0,0,0,0,1,0,0,0,0,0,0,0,0,0,0,0,0,0,0,0,0,0,1,0,1,0,0,0,0,0,0,0,0,0,0,0,0,1,0,0,0,0,0,0,0,0,1,1,0,0,1,1,0,0,0,1,1,0,1,0
dimethyl isosorbide,CC(C)(C)NC[C@H](O)COc1nsnc1N1CCOCC1.O=C(O)/C=C\C(=O)O,COCC1OC2OCCC2C1OC,0.00022,,CC(C)(C)NC[C@H](O)COc1nsnc1N1CCOCC1.O=C(O)/C=C\C(=O)O,COCC1OC2OCCC2C1OC,-3.657577319,298.15,5.657037037,0.032685185,-0.064722222,0.642485377,172.095,0.163144696,-0.381885991,0.163144696,1.384615385,2.923076923,16.71023625,9.99237313,-2.314700676,4.89923899,-0.133037908,2.637639817,172.9976368,2.189678783,-0.16,3.919660658,1.591390922,18.94745182,6.103966388,6.290026729,0,0,0,0,0,6.420821623,20.13750113,19.31773032,18.94745182,0,0,5.917906046,0,0,0,45.93131852,18.94745182,5.917906046,6.420821623,0,0,36.92,0,0,18.4979595,12.52478801,13.02770359,0,14.21959508,0,0,18.94745182,21.55253968,0,0,0.393657407,0,1.130999622,1.364843396,3.391293226,1,0,4,0,2,0,4,0,4,4,3,0.4092,0,0,0,0,0,0,0,0,0,2,0,0,0,0,0,0,0,0,0,0,0,0,0,0,0,0,0,0,0,0,0,0,1,0,0,0,1,0,0,0,1,0,1,0,0,1,0,1,0,0,1,0,1,0,0,1,0,0,0,1,0,0,1,0,1,1,0,0,1,0,0,0,1,1,1,0,0,1,0,0,1,1,0,1,0,1,1,1,0,1,1,1,0,0,1,1
tetrachloroethylene,CCCCCCCCCCCCCCCCCCCCCC(=O)OCCO,ClC(Cl)=C(Cl)Cl,0.0002,,CCCCCCCCCCCCCCCCCCCCCC(=O)OCCO,ClC(Cl)=C(Cl)Cl,-3.698970004,298.15,4.99382716,0.098765432,-0.098765432,0.517976402,165.834,0.136441793,-0.068220897,0.068220897,0.666666667,0.833333333,35.5437959,11.22151756,-1.474710379,6.672996404,2.25152185,1.360964047,55.61727061,0,0.9,2.975404327,3.104081633,0,8.982936348,0,0,0,0,0,46.40375956,0,0,0,0,46.40375956,0,0,0,0,46.40375956,0,0,0,0,8.982936348,0,0,0,0,8.982936348,0,0,0,0,0,0,46.40375956,-0.197530864,0,0,0,0,0,0,0,0,0,0,0,0,0,0,0,0,4,0,3.0682,0,0,0,0,0,0,0,0,0,0,0,0,0,0,0,0,0,0,1,0,0,0,0,0,0,0,0,0,0,0,0,0,0,0,0,0,0,0,0,0,0,0,0,0,0,0,0,0,0,1,0,0,0,0,1,0,0,0,0,0,0,0,0,0,0,0,0,0,0,0,0,0,0,0,0,0,0,0,0,0,0,0,0,0,0,0,0,0,0,0,0,0,0,0,0,0
eugenol,CO[C@H]1/C=C/O[C@@]2(C)Oc3c(C)c(O)c4c(O)c(c(/C=N/N5CCN(C)CC5)c(O)c4c3C2=O)NC(=O)/C(C)=C\C=C\[C@H](C)[C@H](O)[C@@H](C)[C@@H](O)[C@@H](C)[C@H](OC(C)=O)[C@@H]1C,C=CCc1ccc(O)c(OC)c1,0.00028,,CO[C@H]1/C=C/O[C@@]2(C)Oc3c(C)c(O)c4c(O)c(c(/C=N/N5CCN(C)CC5)c(O)c4c3C2=O)NC(=O)/C(C)=C\C=C\[C@H](C)[C@H](O)[C@@H](C)[C@@H](O)[C@@H](C)[C@H](OC(C)=O)[C@@H]1C,C=CCc1ccc(O)c(OC)c1,-3.552841969,298.15,9.252350246,0.171585412,0.171585412,0.693279663,152.108,0.160260306,-0.504254602,0.160260306,1.583333333,2.916666667,16.47399455,10.12891397,-1.860752741,5.416095017,0.372814803,2.086591983,279.1671103,1.015673168,-1.44,3.809658461,1.784007561,9.843390349,0,11.49902367,0,0,0,6.578935684,12.14238718,24.11700725,0,7.109797541,9.843390349,0,0,0,4.736862954,0,0,12.21632494,6.420821623,0,5.563451492,30.854057,0,29.46,0,5.106527395,5.749511833,5.749511833,11.98427311,7.109797541,12.13273414,12.14238718,6.578935684,4.736862954,4.947657785,9.252350246,1.083009259,0.680242819,5.272037037,2.599663643,3.630571618,1.534467593,0.2,1,2,0,0,0,0,0,2,2,3,2.1293,0,0,0,0,0,1,0,0,0,1,0,0,1,0,0,0,0,0,0,0,0,0,1,0,0,0,0,0,0,0,0,0,0,0,0,0,1,0,0,0,0,0,0,0,0,1,0,0,0,1,0,0,0,0,0,0,0,1,0,0,0,0,0,0,1,0,0,0,0,0,0,0,0,0,0,0,0,1,1,0,0,0,0,0,0,1,0,1,0,1,1,1,0,1,1,1
triacetin,CO[C@H]1/C=C/O[C@@]2(C)Oc3c(C)c(O)c4c(O)c(c(/C=N/N5CCN(C)CC5)c(O)c4c3C2=O)NC(=O)/C(C)=C\C=C\[C@H](C)[C@H](O)[C@@H](C)[C@@H](O)[C@@H](C)[C@H](OC(C)=O)[C@@H]1C,CC(=O)OCC(COC(C)=O)OC(C)=O,0.00049,,CO[C@H]1/C=C/O[C@@]2(C)Oc3c(C)c(O)c4c(O)c(c(/C=N/N5CCN(C)CC5)c(O)c4c3C2=O)NC(=O)/C(C)=C\C=C\[C@H](C)[C@H](O)[C@@H](C)[C@@H](O)[C@@H](C)[C@H](OC(C)=O)[C@@H]1C,CC(=O)OCC(COC(C)=O)OC(C)=O,-3.30980392,298.15,10.64032596,0.122824074,-0.754351852,0.478698161,204.093,0.302652557,-0.461782581,0.302652557,0.866666667,1.533333333,16.6041148,10.37788261,-2.288637873,5.672702954,-0.163380331,2.083094562,228.9871243,0.771462513,-1.59,6.803584654,8.732320709,14.21058886,13.21376393,6.103966388,0,14.38361155,0,0,0,0,20.7712116,0,28.59420041,17.90791586,0,0,0,0,0,37.22564618,28.59420041,0,20.7712116,0,0,78.9,24.01188225,14.38361155,13.21376393,0,0,20.7712116,0,0,9.473725908,4.736862954,14.01725624,0,0,-1.509946145,0,-0.754351852,3.436742567,0,0.666666667,0,6,0,0,0,0,0,6,6,5,0.0443,0,0,0,0,0,0,0,0,0,0,0,0,0,0,0,0,0,0,0,0,0,0,0,0,0,0,0,0,0,0,0,0,0,0,0,0,1,0,0,0,0,0,1,0,0,0,0,0,0,0,0,0,0,0,0,1,0,0,0,0,1,0,1,0,1,0,0,0,1,0,0,1,0,1,1,1,0,0,0,0,1,0,0,1,0,1,1,1,0,1,1,1,0,0,1,0
span 80,CO[C@H]1/C=C/O[C@@]2(C)Oc3c(C)c(O)c4c(O)c(c(/C=N/N5CCN(C)CC5)c(O)c4c3C2=O)NC(=O)/C(C)=C\C=C\[C@H](C)[C@H](O)[C@@H](C)[C@@H](O)[C@@H](C)[C@H](OC(C)=O)[C@@H]1C,CCCCCCCC=CCCCCCCCC(=O)O[C@@H]1[C@H](O)[C@H](CO)OC[C@H]1O,0.00058,,CO[C@H]1/C=C/O[C@@]2(C)Oc3c(C)c(O)c4c(O)c(c(/C=N/N5CCN(C)CC5)c(O)c4c3C2=O)NC(=O)/C(C)=C\C=C\[C@H](C)[C@H](O)[C@@H](C)[C@@H](O)[C@@H](C)[C@H](OC(C)=O)[C@@H]1C,CCCCCCCC=CCCCCCCCC(=O)O[C@@H]1[C@H](O)[C@H](CO)OC[C@H]1O,-3.236572006,298.15,11.95899838,0.061967461,-1.211022824,0.202615555,372.247,0.305748939,-0.456608513,0.305748939,0.965517241,2.172413793,16.58443866,10.00027847,-2.553353779,5.691673203,-0.212686628,2.711735013,439.0839965,3.537742723,-0.95,16.80504954,11.72393515,24.79330809,18.31189916,6.103966388,0,4.794537184,0,0,64.02152877,32.10410811,6.420821623,13.21376393,29.58784528,5.969305288,0,0,0,0,0,58.91851695,14.26826309,0,90.3944183,12.15204021,0,96.22,30.38517084,15.00759197,19.63458555,0,32.10410811,44.94575136,0,0,19.07577741,14.5802533,10.32611988,28.99386244,0,-0.422629787,0,14.84516407,1.798485024,0,0.869565217,3,6,0,1,0,4,0,6,6,16,3.6585,3,0,0,0,0,2,0,0,0,0,0,0,0,0,10,0,0,0,0,0,0,0,0,0,0,0,0,0,0,0,1,0,1,0,0,0,1,0,1,0,0,0,1,1,1,0,0,0,1,1,0,1,0,0,0,1,0,0,1,1,1,0,1,0,1,1,1,0,1,0,0,0,1,1,1,0,0,1,0,0,1,1,0,0,0,1,1,1,0,1,1,1,0,1,1,1
"1,4-butanediol",Cn1c([N+](=O)[O-])cnc1N1CCN(S(C)(=O)=O)C1=O,OCCCCO,0.0009391,,Cn1c([N+](=O)[O-])cnc1N1CCN(S(C)(=O)=O)C1=O,OCCCCO,-3.027288159,298.15,8.08625,0.195,0.195,0.469062812,80.042,0.043137008,-0.396375038,0.043137008,0.833333333,1.333333333,16.25500966,10.34192939,-1.849294283,4.300373468,0.242052885,1.614330835,17.509775,0.223606798,-0.08,4.92,3.92,10.21305479,0,0,0,0,0,0,0,12.84164325,13.21376393,0,10.21305479,0,0,0,0,0,0,23.42681872,0,0,12.84164325,0,0,40.46,0,0,13.21376393,0,12.84164325,0,0,0,0,10.21305479,0,16.1725,0,0,0,1.4375,0.39,0,1,2,2,0,0,0,0,0,2,2,3,-0.2488,2,0,0,0,0,0,0,0,0,0,0,0,0,0,1,0,0,0,0,0,0,0,0,0,0,0,0,0,0,0,0,0,0,0,0,0,0,0,1,0,0,0,0,1,1,0,0,0,0,0,0,1,0,0,0,0,0,0,0,0,0,0,0,0,0,0,1,0,1,0,0,0,0,1,0,0,0,0,0,0,0,1,0,0,0,0,1,1,0,1,1,0,0,0,1,0
"1,1-dichloroethane",O=[N+]([O-])N1CN2CN(C1)CN([N+](=O)[O-])C2,CC(Cl)Cl,7.05E-09,,O=[N+]([O-])N1CN2CN(C1)CN([N+](=O)[O-])C2,CC(Cl)Cl,-8.151810883,298.15,5.040123457,0.222222222,-0.222222222,0.40598289,94.928,0.104589173,-0.105706289,0.104589173,1.5,1.5,35.53916566,10.96940588,-1.629809484,6.434202771,1.387534367,0.811278124,8.754887502,0,0.58,1.859329609,19.14599287,0,4.83626969,0,0,0,0,23.20187978,0,6.9237372,0,0,0,23.20187978,0,0,0,0,23.20187978,4.83626969,0,0,6.9237372,0,0,0,0,0,4.83626969,0,0,0,6.9237372,0,0,23.20187978,0,0,0,0,0,0,1.697530864,0,1,0,0,0,0,0,0,0,0,2,0,1.81,0,0,0,0,0,0,0,0,0,0,0,0,0,0,0,0,0,0,0,0,0,0,0,0,0,0,0,0,0,0,0,0,0,0,0,0,0,0,0,0,0,0,0,0,0,0,0,0,0,0,0,0,0,0,1,0,0,0,0,0,0,0,0,0,0,0,0,0,0,0,0,0,0,0,0,0,0,0,0,0,0,0,0,0,0,0,0,0,0,0,0,1,0,0,0,0
2-methyl-1-pentanol,O=[N+]([O-])c1cccc2ccccc12,CCC(C)CCO,0.03667,,O=[N+]([O-])c1cccc2ccccc12,CCC(C)CCO,-1.43568909,298.15,8.367777778,0.342268519,0.342268519,0.570967752,88.065,0.043306309,-0.396365896,0.043306309,1.571428571,2.285714286,16.249994,10.07023923,-1.937966647,4.452373881,0.260488507,1.679822907,35.16125946,0.424510683,-0.04,4.127785235,3.79903486,5.106527395,0,0,0,0,0,0,20.26829602,12.33872767,6.606881965,0,5.106527395,0,0,5.917906046,0,0,0,11.71340936,0,5.917906046,26.68911765,0,0,20.23,0,0,0,12.52478801,6.420821623,6.420821623,0,0,13.8474744,5.106527395,0,8.367777778,0,0.699074074,0,2.135972222,4.630509259,0,1,1,1,0,0,0,1,0,1,1,3,1.4149,1,0,0,0,0,0,0,0,0,0,0,0,0,0,0,0,0,0,0,0,0,0,0,0,0,0,0,0,0,0,0,0,0,0,0,0,0,0,1,0,0,0,0,0,1,0,0,0,0,0,0,1,0,0,0,1,0,0,1,1,1,0,0,0,0,0,1,0,1,0,0,0,0,0,0,0,0,0,0,0,0,1,0,1,0,0,1,1,0,1,0,1,0,0,1,0
methyl formate,C=C(C)[C@@H]1CC[C@]2(CO)CC[C@]3(C)[C@H](CC[C@@H]4[C@@]5(C)CC[C@H](O)C(C)(C)[C@@H]5CC[C@]43C)[C@@H]12,COC=O,0.000187,,C=C(C)[C@@H]1CC[C@]2(CO)CC[C@]3(C)[C@H](CC[C@@H]4[C@@]5(C)CC[C@H](O)C(C)(C)[C@@H]5CC[C@]43C)[C@@H]12,COC=O,-3.728158393,298.15,8.951388889,0.375,0.375,0.391225825,56.02,0.292299261,-0.471221447,0.292299261,2,2.25,16.5072156,11.50444199,-1.677984532,5.35776014,-0.125525981,1.370950594,18,0,-0.53,2.47,1.47,4.736862954,0,0,6.472220865,4.794537184,0,0,0,0,0,7.109797541,9.531400138,6.472220865,0,0,0,0,0,13.58201841,9.531400138,0,0,0,0,26.3,0,0,0,6.472220865,0,7.109797541,0,0,4.736862954,4.794537184,3.861111111,0,0,0,0,0,0.375,1.3125,0.5,0,2,0,0,0,0,0,2,2,1,-0.2108,0,0,0,0,0,0,0,0,0,1,0,0,0,0,0,0,0,0,0,0,0,0,0,0,0,0,0,0,0,0,0,0,0,0,0,0,0,0,0,0,0,0,0,0,0,1,0,0,0,0,0,0,0,0,0,0,0,0,0,0,0,0,1,0,1,0,0,0,0,0,0,0,0,0,0,0,0,0,0,0,0,0,0,0,0,0,0,0,0,1,1,1,0,0,1,0
2-methyl-1-butanol,O=[N+]([O-])c1cccc2ccccc12,CCC(C)CO,0.02974,,O=[N+]([O-])c1cccc2ccccc12,CCC(C)CO,-1.526659036,298.15,8.334768519,0.329861111,0.329861111,0.534088523,76.054,0.045602329,-0.396099195,0.045602329,1.666666667,2.166666667,16.25089413,10.14102838,-1.956420095,4.410641437,0.234083479,1.650022422,23.11941548,0.129099445,-0.04,3.161612903,2.212525253,5.106527395,0,0,0,0,0,0,20.26829602,5.917906046,6.606881965,0,5.106527395,0,0,5.917906046,0,0,0,11.71340936,0,5.917906046,20.26829602,0,0,20.23,0,0,0,12.52478801,6.420821623,0,0,6.9237372,6.9237372,5.106527395,0,8.334768519,0,0.490740741,0,1.079861111,4.427962963,0,1,1,1,0,0,0,1,0,1,1,2,1.0248,1,0,0,0,0,0,0,0,0,0,0,0,0,0,0,0,0,0,0,0,0,0,0,0,0,0,0,0,0,0,0,0,0,0,0,0,0,0,1,0,0,0,0,1,0,0,0,0,0,0,0,0,0,0,0,0,0,0,1,1,1,0,0,0,0,0,0,0,0,0,0,0,0,0,0,0,0,0,0,0,0,0,0,1,0,0,1,1,0,1,0,1,0,0,1,0
n-decane,O=[N+]([O-])c1cccc2ccccc12,CCCCCCCCCC,0.02739,,O=[N+]([O-])c1cccc2ccccc12,CCCCCCCCCC,-1.562407968,298.15,2.269883866,1.36882716,1.36882716,0.468408928,120.11,-0.053306146,-0.065382383,0.053306146,0.5,1.1,13.93587628,10.09293304,-1.773966961,4.427876277,0.584933039,1.967154472,40,1.207106781,0,9,8,0,0,0,0,0,0,0,65.21404738,0,0,0,0,0,0,0,0,0,0,0,0,0,65.21404738,0,0,0,0,0,0,0,0,51.36657298,0,0,13.8474744,0,0,0,0,0,0,11.46023227,4.539767731,0,1,0,0,0,0,0,0,0,0,0,7,4.147,0,0,0,0,0,0,0,0,0,0,0,0,0,0,7,0,0,0,0,0,0,0,0,0,0,0,0,0,0,0,0,0,0,0,0,0,0,0,0,0,0,0,0,0,0,0,0,0,0,0,0,0,0,0,0,1,0,0,1,1,1,0,0,0,0,1,1,0,0,0,0,0,0,0,0,0,0,0,0,0,0,1,0,1,0,0,0,1,0,0,0,1,0,0,0,0
butyronitrile,O=[N+]([O-])c1cccc2ccccc12,CCCC#N,0.3828,,O=[N+]([O-])c1cccc2ccccc12,CCCC#N,-0.417028071,298.15,7.81625,0.694444444,0.694444444,0.45506988,62.051,0.062113743,-0.198347574,0.062113743,1.8,2.4,14.2170185,10.38023897,-1.534432243,4.648804674,0.968670505,1.405639062,42.09986547,0.111803399,-0.51,3.49,3.49,0,0,0,0,0,0,0,6.9237372,6.420821623,6.420821623,6.069221313,0,0,0,0,0,0,0,0,0,11.33111287,19.76538045,0,0,23.79,0,0,0,6.420821623,6.420821623,0,0,12.99295851,0,5.261891555,0,7.81625,0,0,2.017361111,1.677083333,1.989305556,0,0.75,0,1,0,0,0,0,0,1,1,1,1.31008,0,0,0,0,0,0,0,0,0,0,0,0,0,0,1,0,0,0,0,0,0,0,0,0,0,1,0,0,0,0,0,0,0,0,0,0,0,0,0,0,0,0,0,0,0,0,0,0,0,0,0,0,0,0,0,0,0,0,1,1,0,0,0,0,0,0,0,0,0,0,0,0,0,0,0,0,0,0,0,0,0,1,0,0,0,0,0,1,0,0,0,1,1,0,0,0
"3,7-dimethyl-1-octanol",O=C(C(=O)c1ccccc1)c1ccccc1,CC(C)CCCC(C)CCO,0.0173,,O=C(C(=O)c1ccccc1)c1ccccc1,CC(C)CCCC(C)CCO,-1.761953897,298.15,8.6451855,0.350044879,0.350044879,0.629923869,136.109,0.043306484,-0.396365895,0.043306484,1,2.090909091,16.24999853,9.976472576,-1.984656968,4.536199744,0.255456335,1.868762034,78.94196247,1.239285238,-0.04,6.656627418,7.860849011,5.106527395,0,0,0,0,0,0,40.03367647,18.25663372,6.606881965,0,5.106527395,0,0,11.83581209,0,0,0,11.71340936,0,11.83581209,46.45449809,0,0,20.23,0,0,0,12.52478801,12.33872767,19.26246487,0,0,20.7712116,5.106527395,0,8.6451855,0,1.537107899,0,4.89428288,7.090090388,0,1,1,1,0,0,0,1,0,1,1,6,2.8312,1,0,0,0,0,0,0,0,0,0,0,0,0,0,0,0,0,0,0,0,0,0,0,0,0,0,0,0,0,0,0,0,0,0,0,0,0,1,1,0,0,0,0,0,1,0,0,0,0,0,0,1,0,0,0,1,0,0,0,1,1,0,0,0,0,1,1,0,1,0,0,0,0,0,0,1,0,0,0,0,0,1,0,1,0,0,1,1,0,1,0,1,0,0,1,0
1-chlorooctane,c1ccc2c(c1)[nH]c1ccccc12,CCCCCCCCCl,0.00242,,c1ccc2c(c1)[nH]c1ccccc12,CCCCCCCCCl,-2.616184634,298.15,5.514331792,0.839409722,0.839409722,0.399115086,131.541,0.022295574,-0.12671697,0.022295574,0.888888889,2,35.49566262,10.13143696,-1.778351289,6.173404852,0.625961855,1.885234836,37.83229392,0.874821204,0.29,8.29,8.29,0,0,0,0,0,0,11.60093989,39.02784531,6.420821623,5.880003445,0,0,11.60093989,0,0,0,0,11.60093989,5.880003445,0,0,45.44866694,0,0,0,0,0,0,0,5.880003445,38.52492974,0,0,6.9237372,11.60093989,0,0,0,0.839409722,0,8.019721671,2.237647926,0,1,0,0,0,0,0,0,0,0,1,6,3.5857,0,0,0,0,0,0,0,0,0,0,0,0,0,0,5,0,0,0,0,0,0,0,0,0,0,0,0,0,0,0,0,0,0,0,0,0,0,0,0,0,0,0,0,0,0,0,0,0,0,0,0,0,0,0,0,1,0,0,1,1,1,0,0,0,0,1,1,0,0,0,0,0,0,0,0,0,0,0,0,0,0,1,0,0,0,0,1,1,0,0,0,1,0,0,0,0
1-chlorotetradecane,c1ccc2c(c1)[nH]c1ccccc12,CCCCCCCCCCCCCCl,0.0024,,c1ccc2c(c1)[nH]c1ccccc12,CCCCCCCCCCCCCCl,-2.619788758,298.15,5.612549226,0.844263642,0.844263642,0.315779565,191.596,0.022295574,-0.12671697,0.022295574,0.571428571,1.285714286,35.49566288,10.06180779,-1.819038676,6.173410687,0.554508247,2.209692219,79.23635259,1.758704681,0.29,13.29,12.29,0,0,0,0,0,0,11.60093989,71.13195343,6.420821623,5.880003445,0,0,11.60093989,0,0,0,0,11.60093989,5.880003445,0,0,77.55277505,0,0,0,0,0,0,0,5.880003445,70.62903785,0,0,6.9237372,11.60093989,0,0,0,0.844263642,0,15.37962232,2.274675924,0,1,0,0,0,0,0,0,0,0,1,11,5.5362,0,0,0,0,0,0,0,0,0,0,0,0,0,0,10,0,0,0,0,0,0,0,0,0,0,0,0,0,0,0,0,0,0,0,0,0,0,0,0,0,0,0,0,0,0,0,0,0,0,0,0,0,0,0,0,1,0,0,1,1,1,0,0,0,0,1,1,0,0,0,0,0,0,0,0,0,0,0,0,0,0,1,0,0,0,0,1,1,0,0,0,1,0,0,0,0
n-nonane,O=[N+]([O-])c1cccc2ccccc12,CCCCCCCCC,0.02516,,O=[N+]([O-])c1cccc2ccccc12,CCCCCCCCC,-1.599289363,298.15,2.263711026,1.3671875,1.3671875,0.47772438,108.099,-0.053306317,-0.065382383,0.053306317,0.555555556,1.222222222,13.91819297,10.10979408,-1.757105915,4.410192973,0.601794085,1.885234836,33.30296891,1.030330086,0,8,8,0,0,0,0,0,0,0,58.79322576,0,0,0,0,0,0,0,0,0,0,0,0,0,58.79322576,0,0,0,0,0,0,0,0,44.94575136,0,0,13.8474744,0,0,0,0,0,0,9.972577948,4.527422052,0,1,0,0,0,0,0,0,0,0,0,6,3.7569,0,0,0,0,0,0,0,0,0,0,0,0,0,0,6,0,0,0,0,0,0,0,0,0,0,0,0,0,0,0,0,0,0,0,0,0,0,0,0,0,0,0,0,0,0,0,0,0,0,0,0,0,0,0,0,1,0,0,1,1,1,0,0,0,0,1,1,0,0,0,0,0,0,0,0,0,0,0,0,0,0,1,0,1,0,0,0,1,0,0,0,1,0,0,0,0
undecane,O=[N+]([O-])c1cccc2ccccc12,CCCCCCCCCCC,0.02934,,O=[N+]([O-])c1cccc2ccccc12,CCCCCCCCCCC,-1.53253989,298.15,2.274883866,1.37,1.37,0.452617751,132.121,-0.053305976,-0.065382383,0.053305976,0.454545455,1,13.94955588,10.08008308,-1.786816921,4.441555876,0.572083079,2.033930993,49.05865003,1.383883476,0,10,10,0,0,0,0,0,0,0,71.63486901,0,0,0,0,0,0,0,0,0,0,0,0,0,71.63486901,0,0,0,0,0,0,0,0,57.78739461,0,0,13.8474744,0,0,0,0,0,0,12.95023227,4.549767731,0,1,0,0,0,0,0,0,0,0,0,8,4.5371,0,0,0,0,0,0,0,0,0,0,0,0,0,0,8,0,0,0,0,0,0,0,0,0,0,0,0,0,0,0,0,0,0,0,0,0,0,0,0,0,0,0,0,0,0,0,0,0,0,0,0,0,0,0,0,1,0,0,1,1,1,0,0,0,0,1,1,0,0,0,0,0,0,0,0,0,0,0,0,0,0,1,0,1,0,0,0,1,0,0,0,1,0,0,0,0
tert-butylcyclohexane,O=[N+]([O-])c1cccc2ccccc12,CC(C)(C)C1CCCCC1,0.03031,,O=[N+]([O-])c1cccc2ccccc12,CC(C)(C)C1CCCCC1,-1.518414064,298.15,2.377962963,0.569861111,0.569861111,0.481899174,120.11,-0.035428261,-0.059908611,0.035428261,0.9,1.7,14.3047122,9.724119973,-2.219758179,4.761830385,0.179517395,1.882242378,91.09616281,1.968614081,0,2.93877551,2,0,0,0,0,0,0,0,40.03367647,24.17453976,0,0,0,0,0,11.33289652,0,0,0,0,0,11.33289652,52.87531971,0,0,0,0,0,0,5.414990469,5.917906046,32.10410811,0,0,20.7712116,0,0,0,0.569861111,1.001157407,0,7.378425926,7.133888889,0,1,0,0,1,1,0,0,0,0,0,0,3.6128,0,0,0,0,0,0,0,0,0,0,0,0,0,0,0,0,0,0,0,0,0,0,0,0,0,0,0,0,0,0,0,0,0,0,0,1,0,1,0,0,0,0,0,0,0,0,0,0,0,0,0,0,0,0,0,1,1,0,0,0,1,0,0,0,0,1,1,0,0,0,0,0,0,0,0,1,0,0,0,0,0,1,0,1,0,0,0,0,0,0,0,1,0,1,0,1
cyclooctane,O=[N+]([O-])c1cccc2ccccc12,C1CCCCCCC1,0.03602,,O=[N+]([O-])c1cccc2ccccc12,C1CCCCCCC1,-1.443456292,298.15,1.5,1.5,1.5,0.451375525,96.088,-0.053305973,-0.053305973,0.053305973,0.25,0.5,14.016,10.012,-1.8549,4.508,0.504,1.61544061,24,1.414213562,0,3.9375,2.34375,0,0,0,0,0,0,0,51.36657298,0,0,0,0,0,0,0,0,0,0,0,0,0,51.36657298,0,0,0,0,0,0,0,0,51.36657298,0,0,0,0,0,0,0,0,0,12,0,0,1,0,0,1,1,0,0,0,0,0,0,3.1208,0,0,0,0,0,0,0,0,0,0,0,0,0,0,0,0,0,0,0,0,0,0,0,0,0,0,0,0,0,0,0,0,0,0,0,0,0,0,0,0,0,0,0,0,0,0,0,0,0,0,1,0,0,0,0,0,0,0,0,0,0,0,0,0,0,1,1,0,0,0,0,0,0,0,0,0,0,0,0,0,0,1,0,0,0,0,0,0,0,0,0,0,0,0,0,1
cyclopentanol,O=[N+]([O-])c1cccc2ccccc12,OC1CCCC1,0.05988,,O=[N+]([O-])c1cccc2ccccc12,OC1CCCC1,-1.222718208,298.15,8.729166667,0.046296296,0.046296296,0.464489932,76.054,0.053984801,-0.393131382,0.053984801,1.166666667,1.833333333,16.26616102,10.32034998,-1.942632149,4.625676708,0.182926738,1.86382639,37.20310344,0.904262022,-0.04,1.605659929,0.716242568,5.106527395,0,0,0,0,0,0,12.84164325,12.84164325,0,6.103966388,5.106527395,0,0,0,0,0,0,11.21049378,0,0,25.68328649,0,0,20.23,0,0,6.103966388,0,12.84164325,12.84164325,0,0,0,5.106527395,0,8.729166667,0,0,0,4.604166667,0,0,1,1,1,1,1,0,0,0,1,1,0,0.9213,1,0,0,0,0,0,0,0,0,0,0,0,0,0,0,0,0,0,0,0,0,0,0,0,0,0,0,0,0,0,0,0,0,0,0,0,0,0,0,0,0,0,0,1,1,0,0,1,0,0,0,1,0,0,0,0,0,0,0,0,0,0,0,0,0,0,1,0,1,0,0,0,0,0,0,0,0,1,0,0,0,1,0,0,0,1,0,0,0,1,0,0,0,0,1,1
tetrahydropyran,c1ccc2cc3ccccc3cc2c1,C1CCOCC1,0.01024,,c1ccc2cc3ccccc3cc2c1,C1CCOCC1,-1.989700043,298.15,5.069444444,1,1,0.429940022,76.054,0.046554855,-0.381452424,0.046554855,0.833333333,1.666666667,16.47409737,10.21250309,-2.025069148,4.447718102,0.096825599,1.719973094,19.40990953,0.687087058,-0.04,2.189674339,0.976756002,4.736862954,0,0,0,0,0,0,0,19.26246487,13.21376393,0,4.736862954,0,0,0,0,0,0,13.21376393,4.736862954,0,19.26246487,0,0,9.23,0,0,0,0,13.21376393,19.26246487,0,0,0,4.736862954,5.069444444,0,0,0,0,3.930555556,2,0,1,0,1,0,1,0,0,0,1,1,0,1.1869,0,0,0,0,0,0,0,0,0,0,0,0,0,0,0,0,0,0,0,0,0,0,0,0,0,0,0,0,0,0,0,0,1,0,0,0,0,0,0,0,1,0,0,0,0,0,0,0,1,0,0,0,0,0,0,0,0,0,0,0,0,0,0,0,0,1,1,0,1,0,0,0,1,1,0,0,0,0,0,0,0,1,0,0,0,0,1,0,0,1,0,0,0,1,1,1
tert-amyl methyl ether,CC1=C(/C=C/C(C)=C/C=C/C(C)=C/C=C/C=C(C)/C=C/C=C(C)/C=C/C2=C(C)CCCC2(C)C)C(C)(C)CCC1,CCC(C)(C)OC,0.00018,,CC1=C(/C=C/C(C)=C/C=C/C(C)=C/C=C/C=C(C)/C=C/C=C(C)/C=C/C2=C(C)CCCC2(C)C)C(C)(C)CCC1,CCC(C)(C)OC,-3.744727495,298.15,5.086805556,0.083333333,0.083333333,0.516454974,88.065,0.061968292,-0.378826817,0.061968292,1.428571429,1.857142857,16.48665725,10.08220597,-2.195552617,4.621048033,0.019642751,1.677421284,42.14170945,0.144337567,-0.04,2.31410722,2.63114094,4.736862954,0,0,0,0,0,0,6.9237372,20.26829602,7.109797541,5.601050811,4.736862954,0,0,0,0,0,0,12.71084835,4.736862954,0,27.19203322,0,0,9.23,0,0,5.601050811,0,6.420821623,0,7.109797541,0,20.7712116,4.736862954,5.086805556,0,0.083333333,0,0,1.072916667,6.267361111,1.739583333,1,0,1,0,0,0,0,0,1,1,2,1.8214,0,0,0,0,0,0,0,0,0,1,0,0,0,0,0,0,0,0,0,0,0,0,0,0,0,0,0,0,0,0,0,0,0,0,0,1,0,1,0,0,0,0,0,0,0,1,0,0,0,0,0,0,0,0,0,0,1,0,1,1,1,0,0,0,1,0,0,0,1,0,0,0,0,0,0,1,0,0,0,0,0,0,0,1,0,1,0,1,0,1,0,1,0,0,1,0
"2,5,8-trioxanonane",CC1=C(/C=C/C(C)=C/C=C/C(C)=C/C=C/C=C(C)/C=C/C=C(C)/C=C/C2=C(C)CCCC2(C)C)C(C)(C)CCC1,COCCOCCOCCOC,9.60E-05,,CC1=C(/C=C/C(C)=C/C=C/C(C)=C/C=C/C=C(C)/C=C/C=C(C)/C=C/C2=C(C)CCCC2(C)C)C(C)(C)CCC1,COCCOCCOCCOC,-4.017728767,298.15,5.1634375,0.618129252,0.618129252,0.476181702,160.084,0.070114392,-0.382297726,0.070114392,0.583333333,1.25,16.54848729,10.67966781,-2.100526137,4.316125829,0.01060465,2.098390961,67.45811191,0.606493072,-0.16,10.84,9.84,18.94745182,0,0,0,0,0,0,0,0,14.21959508,39.64129179,18.94745182,0,0,0,0,0,0,53.86088687,18.94745182,0,0,0,0,36.92,0,0,0,39.64129179,0,0,14.21959508,0,0,18.94745182,19.92910666,0,0,0,0,0,3.768418997,3.302474343,1,0,4,0,0,0,0,0,4,4,9,0.3124,0,0,0,0,0,0,0,0,0,2,0,0,0,0,0,0,0,0,0,0,0,0,0,0,0,0,0,0,0,0,0,0,0,0,0,0,1,0,0,0,1,0,0,0,0,1,0,0,0,0,0,0,0,0,0,0,0,0,0,1,1,0,0,0,1,1,1,0,1,0,0,0,0,1,1,0,0,0,0,0,1,1,0,1,0,0,1,1,0,1,1,1,0,0,1,0
1-hexene,CC1=C(/C=C/C(C)=C/C=C/C(C)=C/C=C/C=C(C)/C=C/C=C(C)/C=C/C2=C(C)CCCC2(C)C)C(C)(C)CCC1,C=CCCCC,0.000187,,CC1=C(/C=C/C(C)=C/C=C/C(C)=C/C=C/C=C(C)/C=C/C=C(C)/C=C/C2=C(C)CCCC2(C)C)C(C)(C)CCC1,C=CCCCC,-3.728158393,298.15,3.598194444,1.177083333,1.177083333,0.363505574,72.066,-0.035351361,-0.10308298,0.035351361,1.666666667,2.5,13.7743341,10.25090099,-1.614472586,4.636931837,0.815753308,1.614330835,29.01955001,0.348461713,-0.26,4.74,3.74,0,0,0,0,0,0,6.578935684,25.84140055,6.420821623,0,0,0,0,0,0,0,0,0,0,0,0,26.18620207,12.65495579,0,0,0,0,0,0,0,19.26246487,0,6.076020107,13.50267288,0,0,0,0,0,0,5.717777778,5.782222222,0,0.666666667,0,0,0,0,0,0,0,0,0,3,2.3626,0,0,0,0,0,1,0,0,0,0,0,0,0,0,2,0,0,0,0,0,0,0,1,0,0,0,0,0,0,0,0,0,0,0,0,0,0,0,0,0,0,0,0,0,0,0,0,0,0,1,0,0,0,0,0,0,0,0,1,1,1,0,0,0,0,0,0,0,0,0,0,0,0,0,0,0,0,0,0,0,0,1,0,0,0,0,0,1,0,0,0,1,0,0,0,0
2-isopropoxyethanol,O=C(c1ccccc1)c1ccc(O)cc1O,CC(C)OCCO,0.0333,,O=C(c1ccccc1)c1ccc(O)cc1O,CC(C)OCCO,-1.477555766,298.15,8.190138889,0.123194444,0.123194444,0.561386808,92.053,0.070068905,-0.393980072,0.070068905,1.571428571,2.285714286,16.49343586,10.47562002,-2.056076552,4.331426912,0.049424154,1.612197223,35.06139399,0.288406888,-0.08,4.088918919,5.92,9.843390349,0,0,0,0,0,0,0,13.8474744,0,19.31773032,9.843390349,0,0,0,0,0,0,24.42425771,4.736862954,0,13.8474744,0,0,29.46,0,0,12.71084835,6.606881965,0,0,0,13.8474744,0,9.843390349,4.940972222,8.190138889,0,0,0,0.242731481,4.459490741,0,1,1,2,0,0,0,0,0,2,2,3,0.4037,1,0,0,0,0,0,0,0,0,0,0,0,0,0,0,0,0,0,0,0,0,0,0,0,0,0,0,0,0,0,0,0,0,0,0,0,1,1,1,0,0,0,0,0,0,0,0,0,0,0,0,1,0,0,0,1,0,0,0,0,1,0,0,0,1,0,0,0,1,0,0,0,0,1,0,0,0,0,0,0,0,1,0,1,0,1,1,1,0,1,1,1,0,0,1,0
"2,2,2-trifluoroethanol",O=C(C(=O)c1ccccc1)c1ccccc1,OC(F)(F)F,0.0352,,O=C(C(=O)c1ccccc1)c1ccccc1,OC(F)(F)F,-1.453457337,298.15,9.909722222,5,-5,0.454694375,85.004,0.519407667,-0.307637656,0.307637656,1.2,1.2,19.42168339,11.39908674,-2.014494705,4.058322148,-0.294769054,0.721928095,22.36452798,0,-0.25,0.857750473,183.75,5.106527395,0,0,0,0,0,13.17124514,0,0,0,0,18.27777254,0,0,0,0,13.17124514,0,11.46888625,0,0,0,0,0,20.23,6.362358859,13.17124514,0,0,0,0,0,0,0,5.106527395,29.72916667,6.520833333,0,0,0,-5,0,0,1,1,1,0,0,0,0,0,1,4,0,0.4985,0,0,0,0,0,0,0,0,0,0,0,0,0,0,0,0,0,0,0,0,0,0,0,0,0,0,1,0,0,0,0,0,0,0,0,0,0,0,0,0,0,0,0,0,0,0,0,0,0,0,0,0,0,1,1,0,1,0,0,0,0,0,0,0,0,0,0,0,0,0,0,0,0,0,0,0,0,0,0,0,0,0,0,0,0,0,0,0,0,1,0,0,0,0,1,0
methyl butyrate,CC(=O)Oc1ccccc1C(=O)O,CCCC(=O)OC,0.0297,,CC(=O)Oc1ccccc1C(=O)O,CCCC(=O)OC,-1.527243551,298.15,10.18958333,0.122685185,-0.122685185,0.485245074,92.053,0.304991219,-0.468995554,0.304991219,1.714285714,2.428571429,16.5229278,10.34677301,-1.967764941,5.683969138,-0.140125006,1.679822907,59.10049401,0.306186218,-0.53,3.652815356,3.296334149,4.736862954,0,0,0,4.794537184,0,0,6.9237372,6.420821623,6.420821623,7.109797541,9.531400138,5.969305288,0,0,0,0,0,13.07910283,9.531400138,0,19.76538045,0,0,26.3,0,4.794537184,5.969305288,6.420821623,6.420821623,7.109797541,0,6.9237372,4.736862954,0,4.351666667,0,0,-0.122685185,0,1.405925926,1.941388889,1.400787037,0.8,0,2,0,0,0,0,0,2,2,2,0.9595,0,0,0,0,0,0,0,0,0,1,0,0,0,0,0,0,0,0,0,0,0,0,0,0,0,0,0,0,0,0,0,0,0,0,0,0,0,0,0,0,0,0,0,0,0,1,0,0,0,0,0,0,0,0,0,1,0,0,1,1,1,0,1,0,1,0,0,0,1,0,0,0,0,0,0,0,0,0,0,0,0,1,0,1,0,0,0,1,0,1,1,1,0,0,1,0