target,drug_ratio,Polymer_ratio,The 3rd component_ratio,Technique,tech_temp,Temperature/,RH/%,Time/d,MinAbsEStateIndex,MinPartialCharge,MaxAbsPartialCharge,BalabanJ,Kappa3,PEOE_VSA1,PEOE_VSA10,PEOE_VSA12,PEOE_VSA2,PEOE_VSA4,PEOE_VSA7,PEOE_VSA8,SMR_VSA1,SMR_VSA10,SMR_VSA3,SMR_VSA4,SMR_VSA5,SMR_VSA9,SlogP_VSA12,SlogP_VSA2,SlogP_VSA3,TPSA,EState_VSA10,EState_VSA2,EState_VSA3,EState_VSA6,EState_VSA8,EState_VSA9,VSA_EState3,VSA_EState8,VSA_EState9,FractionCSP3,NumAtomStereoCenters,NumHDonors,NumHeteroatoms,NumSaturatedHeterocycles,NumSaturatedRings,NumSpiroAtoms,NumUnspecifiedAtomStereoCenters,MolLogP,fr_ArN,fr_Ndealkylation2,fr_Nhpyrrole,fr_alkyl_carbamate,fr_alkyl_halide,fr_bicyclic,fr_halogen,fr_nitro_arom,fr_oxazole,fr_para_hydroxylation,fr_phenol_noOrthoHbond,fr_piperdine,fr_priamide,fr_tetrazole,fr_urea,Tg_polymer,MaxEStateIndex_polymer,MinAbsEStateIndex_polymer,MinEStateIndex_polymer,MaxAbsPartialCharge_polymer,MinAbsPartialCharge_polymer,BCUT2D_MWLOW_polymer,BCUT2D_MRHI_polymer,BCUT2D_MRLOW_polymer,PEOE_VSA14_polymer,PEOE_VSA3_polymer,EState_VSA10_polymer,EState_VSA7_polymer,VSA_EState4_polymer,VSA_EState8_polymer,fr_Ndealkylation1_polymer,fr_unbrch_alkane_polymer,PEOE_VSA14_3com,EState_VSA6_3com
0,20,80,0,2,50,40,75,147,0.049759779,-0.331977324,0.331977324,1.567618876,2.642452325,9.799819462,0,11.81435946,9.589074368,0,30.38936785,19.00741886,9.589074368,11.81435946,9.799819462,5.917906046,44.56677057,0,0,41.24844814,16.00989599,40.62,9.589074368,30.31886274,6.544756406,0,18.19910121,0,0,1.72029691,0,0.578947368,1,0,4,1,2,0,1,2.5349,0,0,0,0,0,3,0,0,0,0,0,0,0,0,0,113,12.82572922,0.055981771,-1.569986372,0.481218929,0.306221438,9.948783081,5.761521085,-0.387893507,23.87722115,0,34.49773092,0,0,3.011681888,0,0,14.3633553,0.701292676
1,20,80,0,2,50,40,75,161,0.049759779,-0.331977324,0.331977324,1.567618876,2.642452325,9.799819462,0,11.81435946,9.589074368,0,30.38936785,19.00741886,9.589074368,11.81435946,9.799819462,5.917906046,44.56677057,0,0,41.24844814,16.00989599,40.62,9.589074368,30.31886274,6.544756406,0,18.19910121,0,0,1.72029691,0,0.578947368,1,0,4,1,2,0,1,2.5349,0,0,0,0,0,3,0,0,0,0,0,0,0,0,0,175,11.81012813,0.083477036,-1.522275551,0.391019003,0.186995304,9.95116606,4.984256863,-0.388090575,0,0,30.63916437,0,0,1.173571586,0,0,14.3633553,0.701292676
1,40,60,0,3,65,25,57,720,0.127592593,-0.465580031,0.465580031,2.803490088,3.232043294,14.79051451,0,0,10.11431827,0,13.8474744,23.02389719,23.98611132,17.62599685,5.316788604,0,19.76538045,0,0,31.08151671,19.06280028,107.77,19.70339264,22.39704683,11.39407863,19.91384147,5.316788604,9.473725908,14.39104041,3.288860544,2.420777746,0.294117647,0,1,8,0,0,0,0,2.1756,0,0,0,0,0,0,0,1,0,1,0,0,0,0,0,106,14.01328809,0.007241923,-1.023293127,0.465728013,0.302404013,9.877673342,5.81236855,-0.15901027,29.84652644,0,52.73990902,24.49954865,0,9.649848996,0,0,14.3633553,0.701292676
0,40,60,0,3,65,40,75,720,0.127592593,-0.465580031,0.465580031,2.803490088,3.232043294,14.79051451,0,0,10.11431827,0,13.8474744,23.02389719,23.98611132,17.62599685,5.316788604,0,19.76538045,0,0,31.08151671,19.06280028,107.77,19.70339264,22.39704683,11.39407863,19.91384147,5.316788604,9.473725908,14.39104041,3.288860544,2.420777746,0.294117647,0,1,8,0,0,0,0,2.1756,0,0,0,0,0,0,0,1,0,1,0,0,0,0,0,106,14.01328809,0.007241923,-1.023293127,0.465728013,0.302404013,9.877673342,5.81236855,-0.15901027,29.84652644,0,52.73990902,24.49954865,0,9.649848996,0,0,14.3633553,0.701292676
0,40,60,0,3,65,25,75,720,0.127592593,-0.465580031,0.465580031,2.803490088,3.232043294,14.79051451,0,0,10.11431827,0,13.8474744,23.02389719,23.98611132,17.62599685,5.316788604,0,19.76538045,0,0,31.08151671,19.06280028,107.77,19.70339264,22.39704683,11.39407863,19.91384147,5.316788604,9.473725908,14.39104041,3.288860544,2.420777746,0.294117647,0,1,8,0,0,0,0,2.1756,0,0,0,0,0,0,0,1,0,1,0,0,0,0,0,106,14.01328809,0.007241923,-1.023293127,0.465728013,0.302404013,9.877673342,5.81236855,-0.15901027,29.84652644,0,52.73990902,24.49954865,0,9.649848996,0,0,14.3633553,0.701292676
0,40,60,0,3,65,25,93,720,0.127592593,-0.465580031,0.465580031,2.803490088,3.232043294,14.79051451,0,0,10.11431827,0,13.8474744,23.02389719,23.98611132,17.62599685,5.316788604,0,19.76538045,0,0,31.08151671,19.06280028,107.77,19.70339264,22.39704683,11.39407863,19.91384147,5.316788604,9.473725908,14.39104041,3.288860544,2.420777746,0.294117647,0,1,8,0,0,0,0,2.1756,0,0,0,0,0,0,0,1,0,1,0,0,0,0,0,106,14.01328809,0.007241923,-1.023293127,0.465728013,0.302404013,9.877673342,5.81236855,-0.15901027,29.84652644,0,52.73990902,24.49954865,0,9.649848996,0,0,14.3633553,0.701292676
0,40,60,0,3,65,40,53,720,0.127592593,-0.465580031,0.465580031,2.803490088,3.232043294,14.79051451,0,0,10.11431827,0,13.8474744,23.02389719,23.98611132,17.62599685,5.316788604,0,19.76538045,0,0,31.08151671,19.06280028,107.77,19.70339264,22.39704683,11.39407863,19.91384147,5.316788604,9.473725908,14.39104041,3.288860544,2.420777746,0.294117647,0,1,8,0,0,0,0,2.1756,0,0,0,0,0,0,0,1,0,1,0,0,0,0,0,106,14.01328809,0.007241923,-1.023293127,0.465728013,0.302404013,9.877673342,5.81236855,-0.15901027,29.84652644,0,52.73990902,24.49954865,0,9.649848996,0,0,14.3633553,0.701292676
0,40,60,0,3,65,40,89,720,0.127592593,-0.465580031,0.465580031,2.803490088,3.232043294,14.79051451,0,0,10.11431827,0,13.8474744,23.02389719,23.98611132,17.62599685,5.316788604,0,19.76538045,0,0,31.08151671,19.06280028,107.77,19.70339264,22.39704683,11.39407863,19.91384147,5.316788604,9.473725908,14.39104041,3.288860544,2.420777746,0.294117647,0,1,8,0,0,0,0,2.1756,0,0,0,0,0,0,0,1,0,1,0,0,0,0,0,106,14.01328809,0.007241923,-1.023293127,0.465728013,0.302404013,9.877673342,5.81236855,-0.15901027,29.84652644,0,52.73990902,24.49954865,0,9.649848996,0,0,14.3633553,0.701292676
1,60,40,0,3,65,25,57,720,0.127592593,-0.465580031,0.465580031,2.803490088,3.232043294,14.79051451,0,0,10.11431827,0,13.8474744,23.02389719,23.98611132,17.62599685,5.316788604,0,19.76538045,0,0,31.08151671,19.06280028,107.77,19.70339264,22.39704683,11.39407863,19.91384147,5.316788604,9.473725908,14.39104041,3.288860544,2.420777746,0.294117647,0,1,8,0,0,0,0,2.1756,0,0,0,0,0,0,0,1,0,1,0,0,0,0,0,106,14.01328809,0.007241923,-1.023293127,0.465728013,0.302404013,9.877673342,5.81236855,-0.15901027,29.84652644,0,52.73990902,24.49954865,0,9.649848996,0,0,14.3633553,0.701292676
1,60,40,0,3,65,40,75,7,0.127592593,-0.465580031,0.465580031,2.803490088,3.232043294,14.79051451,0,0,10.11431827,0,13.8474744,23.02389719,23.98611132,17.62599685,5.316788604,0,19.76538045,0,0,31.08151671,19.06280028,107.77,19.70339264,22.39704683,11.39407863,19.91384147,5.316788604,9.473725908,14.39104041,3.288860544,2.420777746,0.294117647,0,1,8,0,0,0,0,2.1756,0,0,0,0,0,0,0,1,0,1,0,0,0,0,0,106,14.01328809,0.007241923,-1.023293127,0.465728013,0.302404013,9.877673342,5.81236855,-0.15901027,29.84652644,0,52.73990902,24.49954865,0,9.649848996,0,0,14.3633553,0.701292676
0,60,40,0,3,65,40,75,30,0.127592593,-0.465580031,0.465580031,2.803490088,3.232043294,14.79051451,0,0,10.11431827,0,13.8474744,23.02389719,23.98611132,17.62599685,5.316788604,0,19.76538045,0,0,31.08151671,19.06280028,107.77,19.70339264,22.39704683,11.39407863,19.91384147,5.316788604,9.473725908,14.39104041,3.288860544,2.420777746,0.294117647,0,1,8,0,0,0,0,2.1756,0,0,0,0,0,0,0,1,0,1,0,0,0,0,0,106,14.01328809,0.007241923,-1.023293127,0.465728013,0.302404013,9.877673342,5.81236855,-0.15901027,29.84652644,0,52.73990902,24.49954865,0,9.649848996,0,0,14.3633553,0.701292676
0,60,40,0,3,65,25,75,720,0.127592593,-0.465580031,0.465580031,2.803490088,3.232043294,14.79051451,0,0,10.11431827,0,13.8474744,23.02389719,23.98611132,17.62599685,5.316788604,0,19.76538045,0,0,31.08151671,19.06280028,107.77,19.70339264,22.39704683,11.39407863,19.91384147,5.316788604,9.473725908,14.39104041,3.288860544,2.420777746,0.294117647,0,1,8,0,0,0,0,2.1756,0,0,0,0,0,0,0,1,0,1,0,0,0,0,0,106,14.01328809,0.007241923,-1.023293127,0.465728013,0.302404013,9.877673342,5.81236855,-0.15901027,29.84652644,0,52.73990902,24.49954865,0,9.649848996,0,0,14.3633553,0.701292676
0,60,40,0,3,65,25,93,720,0.127592593,-0.465580031,0.465580031,2.803490088,3.232043294,14.79051451,0,0,10.11431827,0,13.8474744,23.02389719,23.98611132,17.62599685,5.316788604,0,19.76538045,0,0,31.08151671,19.06280028,107.77,19.70339264,22.39704683,11.39407863,19.91384147,5.316788604,9.473725908,14.39104041,3.288860544,2.420777746,0.294117647,0,1,8,0,0,0,0,2.1756,0,0,0,0,0,0,0,1,0,1,0,0,0,0,0,106,14.01328809,0.007241923,-1.023293127,0.465728013,0.302404013,9.877673342,5.81236855,-0.15901027,29.84652644,0,52.73990902,24.49954865,0,9.649848996,0,0,14.3633553,0.701292676
0,60,40,0,3,65,40,53,720,0.127592593,-0.465580031,0.465580031,2.803490088,3.232043294,14.79051451,0,0,10.11431827,0,13.8474744,23.02389719,23.98611132,17.62599685,5.316788604,0,19.76538045,0,0,31.08151671,19.06280028,107.77,19.70339264,22.39704683,11.39407863,19.91384147,5.316788604,9.473725908,14.39104041,3.288860544,2.420777746,0.294117647,0,1,8,0,0,0,0,2.1756,0,0,0,0,0,0,0,1,0,1,0,0,0,0,0,106,14.01328809,0.007241923,-1.023293127,0.465728013,0.302404013,9.877673342,5.81236855,-0.15901027,29.84652644,0,52.73990902,24.49954865,0,9.649848996,0,0,14.3633553,0.701292676
0,60,40,0,3,65,40,89,720,0.127592593,-0.465580031,0.465580031,2.803490088,3.232043294,14.79051451,0,0,10.11431827,0,13.8474744,23.02389719,23.98611132,17.62599685,5.316788604,0,19.76538045,0,0,31.08151671,19.06280028,107.77,19.70339264,22.39704683,11.39407863,19.91384147,5.316788604,9.473725908,14.39104041,3.288860544,2.420777746,0.294117647,0,1,8,0,0,0,0,2.1756,0,0,0,0,0,0,0,1,0,1,0,0,0,0,0,106,14.01328809,0.007241923,-1.023293127,0.465728013,0.302404013,9.877673342,5.81236855,-0.15901027,29.84652644,0,52.73990902,24.49954865,0,9.649848996,0,0,14.3633553,0.701292676
1,40,60,0,3,65,25,57,720,0.127592593,-0.465580031,0.465580031,2.803490088,3.232043294,14.79051451,0,0,10.11431827,0,13.8474744,23.02389719,23.98611132,17.62599685,5.316788604,0,19.76538045,0,0,31.08151671,19.06280028,107.77,19.70339264,22.39704683,11.39407863,19.91384147,5.316788604,9.473725908,14.39104041,3.288860544,2.420777746,0.294117647,0,1,8,0,0,0,0,2.1756,0,0,0,0,0,0,0,1,0,1,0,0,0,0,0,113,13.53318651,0.064496908,-1.520255775,0.481218929,0.306344056,9.946621456,5.768653535,-0.389026959,35.81583173,0,38.98027789,0,0,2.854589199,0,0,14.3633553,0.701292676
0,40,60,0,3,65,40,75,720,0.127592593,-0.465580031,0.465580031,2.803490088,3.232043294,14.79051451,0,0,10.11431827,0,13.8474744,23.02389719,23.98611132,17.62599685,5.316788604,0,19.76538045,0,0,31.08151671,19.06280028,107.77,19.70339264,22.39704683,11.39407863,19.91384147,5.316788604,9.473725908,14.39104041,3.288860544,2.420777746,0.294117647,0,1,8,0,0,0,0,2.1756,0,0,0,0,0,0,0,1,0,1,0,0,0,0,0,113,13.53318651,0.064496908,-1.520255775,0.481218929,0.306344056,9.946621456,5.768653535,-0.389026959,35.81583173,0,38.98027789,0,0,2.854589199,0,0,14.3633553,0.701292676
0,40,60,0,3,65,25,75,720,0.127592593,-0.465580031,0.465580031,2.803490088,3.232043294,14.79051451,0,0,10.11431827,0,13.8474744,23.02389719,23.98611132,17.62599685,5.316788604,0,19.76538045,0,0,31.08151671,19.06280028,107.77,19.70339264,22.39704683,11.39407863,19.91384147,5.316788604,9.473725908,14.39104041,3.288860544,2.420777746,0.294117647,0,1,8,0,0,0,0,2.1756,0,0,0,0,0,0,0,1,0,1,0,0,0,0,0,113,13.53318651,0.064496908,-1.520255775,0.481218929,0.306344056,9.946621456,5.768653535,-0.389026959,35.81583173,0,38.98027789,0,0,2.854589199,0,0,14.3633553,0.701292676
0,40,60,0,3,65,25,93,720,0.127592593,-0.465580031,0.465580031,2.803490088,3.232043294,14.79051451,0,0,10.11431827,0,13.8474744,23.02389719,23.98611132,17.62599685,5.316788604,0,19.76538045,0,0,31.08151671,19.06280028,107.77,19.70339264,22.39704683,11.39407863,19.91384147,5.316788604,9.473725908,14.39104041,3.288860544,2.420777746,0.294117647,0,1,8,0,0,0,0,2.1756,0,0,0,0,0,0,0,1,0,1,0,0,0,0,0,113,13.53318651,0.064496908,-1.520255775,0.481218929,0.306344056,9.946621456,5.768653535,-0.389026959,35.81583173,0,38.98027789,0,0,2.854589199,0,0,14.3633553,0.701292676
0,40,60,0,3,65,40,53,720,0.127592593,-0.465580031,0.465580031,2.803490088,3.232043294,14.79051451,0,0,10.11431827,0,13.8474744,23.02389719,23.98611132,17.62599685,5.316788604,0,19.76538045,0,0,31.08151671,19.06280028,107.77,19.70339264,22.39704683,11.39407863,19.91384147,5.316788604,9.473725908,14.39104041,3.288860544,2.420777746,0.294117647,0,1,8,0,0,0,0,2.1756,0,0,0,0,0,0,0,1,0,1,0,0,0,0,0,113,13.53318651,0.064496908,-1.520255775,0.481218929,0.306344056,9.946621456,5.768653535,-0.389026959,35.81583173,0,38.98027789,0,0,2.854589199,0,0,14.3633553,0.701292676
0,40,60,0,3,65,40,89,720,0.127592593,-0.465580031,0.465580031,2.803490088,3.232043294,14.79051451,0,0,10.11431827,0,13.8474744,23.02389719,23.98611132,17.62599685,5.316788604,0,19.76538045,0,0,31.08151671,19.06280028,107.77,19.70339264,22.39704683,11.39407863,19.91384147,5.316788604,9.473725908,14.39104041,3.288860544,2.420777746,0.294117647,0,1,8,0,0,0,0,2.1756,0,0,0,0,0,0,0,1,0,1,0,0,0,0,0,113,13.53318651,0.064496908,-1.520255775,0.481218929,0.306344056,9.946621456,5.768653535,-0.389026959,35.81583173,0,38.98027789,0,0,2.854589199,0,0,14.3633553,0.701292676
0,60,40,0,3,65,25,57,720,0.127592593,-0.465580031,0.465580031,2.803490088,3.232043294,14.79051451,0,0,10.11431827,0,13.8474744,23.02389719,23.98611132,17.62599685,5.316788604,0,19.76538045,0,0,31.08151671,19.06280028,107.77,19.70339264,22.39704683,11.39407863,19.91384147,5.316788604,9.473725908,14.39104041,3.288860544,2.420777746,0.294117647,0,1,8,0,0,0,0,2.1756,0,0,0,0,0,0,0,1,0,1,0,0,0,0,0,113,13.53318651,0.064496908,-1.520255775,0.481218929,0.306344056,9.946621456,5.768653535,-0.389026959,35.81583173,0,38.98027789,0,0,2.854589199,0,0,14.3633553,0.701292676
0,60,40,0,3,65,40,75,720,0.127592593,-0.465580031,0.465580031,2.803490088,3.232043294,14.79051451,0,0,10.11431827,0,13.8474744,23.02389719,23.98611132,17.62599685,5.316788604,0,19.76538045,0,0,31.08151671,19.06280028,107.77,19.70339264,22.39704683,11.39407863,19.91384147,5.316788604,9.473725908,14.39104041,3.288860544,2.420777746,0.294117647,0,1,8,0,0,0,0,2.1756,0,0,0,0,0,0,0,1,0,1,0,0,0,0,0,113,13.53318651,0.064496908,-1.520255775,0.481218929,0.306344056,9.946621456,5.768653535,-0.389026959,35.81583173,0,38.98027789,0,0,2.854589199,0,0,14.3633553,0.701292676
0,60,40,0,3,65,25,75,720,0.127592593,-0.465580031,0.465580031,2.803490088,3.232043294,14.79051451,0,0,10.11431827,0,13.8474744,23.02389719,23.98611132,17.62599685,5.316788604,0,19.76538045,0,0,31.08151671,19.06280028,107.77,19.70339264,22.39704683,11.39407863,19.91384147,5.316788604,9.473725908,14.39104041,3.288860544,2.420777746,0.294117647,0,1,8,0,0,0,0,2.1756,0,0,0,0,0,0,0,1,0,1,0,0,0,0,0,113,13.53318651,0.064496908,-1.520255775,0.481218929,0.306344056,9.946621456,5.768653535,-0.389026959,35.81583173,0,38.98027789,0,0,2.854589199,0,0,14.3633553,0.701292676
0,60,40,0,3,65,25,93,720,0.127592593,-0.465580031,0.465580031,2.803490088,3.232043294,14.79051451,0,0,10.11431827,0,13.8474744,23.02389719,23.98611132,17.62599685,5.316788604,0,19.76538045,0,0,31.08151671,19.06280028,107.77,19.70339264,22.39704683,11.39407863,19.91384147,5.316788604,9.473725908,14.39104041,3.288860544,2.420777746,0.294117647,0,1,8,0,0,0,0,2.1756,0,0,0,0,0,0,0,1,0,1,0,0,0,0,0,113,13.53318651,0.064496908,-1.520255775,0.481218929,0.306344056,9.946621456,5.768653535,-0.389026959,35.81583173,0,38.98027789,0,0,2.854589199,0,0,14.3633553,0.701292676
0,60,40,0,3,65,40,53,720,0.127592593,-0.465580031,0.465580031,2.803490088,3.232043294,14.79051451,0,0,10.11431827,0,13.8474744,23.02389719,23.98611132,17.62599685,5.316788604,0,19.76538045,0,0,31.08151671,19.06280028,107.77,19.70339264,22.39704683,11.39407863,19.91384147,5.316788604,9.473725908,14.39104041,3.288860544,2.420777746,0.294117647,0,1,8,0,0,0,0,2.1756,0,0,0,0,0,0,0,1,0,1,0,0,0,0,0,113,13.53318651,0.064496908,-1.520255775,0.481218929,0.306344056,9.946621456,5.768653535,-0.389026959,35.81583173,0,38.98027789,0,0,2.854589199,0,0,14.3633553,0.701292676
0,60,40,0,3,65,40,89,7,0.127592593,-0.465580031,0.465580031,2.803490088,3.232043294,14.79051451,0,0,10.11431827,0,13.8474744,23.02389719,23.98611132,17.62599685,5.316788604,0,19.76538045,0,0,31.08151671,19.06280028,107.77,19.70339264,22.39704683,11.39407863,19.91384147,5.316788604,9.473725908,14.39104041,3.288860544,2.420777746,0.294117647,0,1,8,0,0,0,0,2.1756,0,0,0,0,0,0,0,1,0,1,0,0,0,0,0,113,13.53318651,0.064496908,-1.520255775,0.481218929,0.306344056,9.946621456,5.768653535,-0.389026959,35.81583173,0,38.98027789,0,0,2.854589199,0,0,14.3633553,0.701292676
1,40,60,0,3,65,25,57,500,0.137651035,-0.232504849,0.434698535,2.160670373,3.630382562,0,0,10.02329115,0,18.26992695,37.25557254,5.563451492,21.58904213,10.02329115,9.780484743,5.138973738,17.99551919,16.94476576,0,18.19828173,16.19958967,77.98,21.58904213,16.27679775,5.563451492,24.26546827,5.098681808,5.138973738,8.69620625,1.869248904,-3.896523405,0.117647059,0,1,9,0,0,0,0,3.51392,0,0,0,0,3,0,3,0,0,0,0,0,0,0,0,106,14.01328809,0.007241923,-1.023293127,0.465728013,0.302404013,9.877673342,5.81236855,-0.15901027,29.84652644,0,52.73990902,24.49954865,0,9.649848996,0,0,14.3633553,0.701292676
1,40,60,0,3,65,25,0,500,0.137651035,-0.232504849,0.434698535,2.160670373,3.630382562,0,0,10.02329115,0,18.26992695,37.25557254,5.563451492,21.58904213,10.02329115,9.780484743,5.138973738,17.99551919,16.94476576,0,18.19828173,16.19958967,77.98,21.58904213,16.27679775,5.563451492,24.26546827,5.098681808,5.138973738,8.69620625,1.869248904,-3.896523405,0.117647059,0,1,9,0,0,0,0,3.51392,0,0,0,0,3,0,3,0,0,0,0,0,0,0,0,106,14.01328809,0.007241923,-1.023293127,0.465728013,0.302404013,9.877673342,5.81236855,-0.15901027,29.84652644,0,52.73990902,24.49954865,0,9.649848996,0,0,14.3633553,0.701292676
1,40,60,0,3,65,25,75,500,0.137651035,-0.232504849,0.434698535,2.160670373,3.630382562,0,0,10.02329115,0,18.26992695,37.25557254,5.563451492,21.58904213,10.02329115,9.780484743,5.138973738,17.99551919,16.94476576,0,18.19828173,16.19958967,77.98,21.58904213,16.27679775,5.563451492,24.26546827,5.098681808,5.138973738,8.69620625,1.869248904,-3.896523405,0.117647059,0,1,9,0,0,0,0,3.51392,0,0,0,0,3,0,3,0,0,0,0,0,0,0,0,106,14.01328809,0.007241923,-1.023293127,0.465728013,0.302404013,9.877673342,5.81236855,-0.15901027,29.84652644,0,52.73990902,24.49954865,0,9.649848996,0,0,14.3633553,0.701292676
1,40,60,0,3,65,40,53,500,0.137651035,-0.232504849,0.434698535,2.160670373,3.630382562,0,0,10.02329115,0,18.26992695,37.25557254,5.563451492,21.58904213,10.02329115,9.780484743,5.138973738,17.99551919,16.94476576,0,18.19828173,16.19958967,77.98,21.58904213,16.27679775,5.563451492,24.26546827,5.098681808,5.138973738,8.69620625,1.869248904,-3.896523405,0.117647059,0,1,9,0,0,0,0,3.51392,0,0,0,0,3,0,3,0,0,0,0,0,0,0,0,106,14.01328809,0.007241923,-1.023293127,0.465728013,0.302404013,9.877673342,5.81236855,-0.15901027,29.84652644,0,52.73990902,24.49954865,0,9.649848996,0,0,14.3633553,0.701292676
1,40,60,0,3,65,40,75,500,0.137651035,-0.232504849,0.434698535,2.160670373,3.630382562,0,0,10.02329115,0,18.26992695,37.25557254,5.563451492,21.58904213,10.02329115,9.780484743,5.138973738,17.99551919,16.94476576,0,18.19828173,16.19958967,77.98,21.58904213,16.27679775,5.563451492,24.26546827,5.098681808,5.138973738,8.69620625,1.869248904,-3.896523405,0.117647059,0,1,9,0,0,0,0,3.51392,0,0,0,0,3,0,3,0,0,0,0,0,0,0,0,106,14.01328809,0.007241923,-1.023293127,0.465728013,0.302404013,9.877673342,5.81236855,-0.15901027,29.84652644,0,52.73990902,24.49954865,0,9.649848996,0,0,14.3633553,0.701292676
1,60,40,0,3,65,25,57,500,0.137651035,-0.232504849,0.434698535,2.160670373,3.630382562,0,0,10.02329115,0,18.26992695,37.25557254,5.563451492,21.58904213,10.02329115,9.780484743,5.138973738,17.99551919,16.94476576,0,18.19828173,16.19958967,77.98,21.58904213,16.27679775,5.563451492,24.26546827,5.098681808,5.138973738,8.69620625,1.869248904,-3.896523405,0.117647059,0,1,9,0,0,0,0,3.51392,0,0,0,0,3,0,3,0,0,0,0,0,0,0,0,106,14.01328809,0.007241923,-1.023293127,0.465728013,0.302404013,9.877673342,5.81236855,-0.15901027,29.84652644,0,52.73990902,24.49954865,0,9.649848996,0,0,14.3633553,0.701292676
1,60,40,0,3,65,25,0,500,0.137651035,-0.232504849,0.434698535,2.160670373,3.630382562,0,0,10.02329115,0,18.26992695,37.25557254,5.563451492,21.58904213,10.02329115,9.780484743,5.138973738,17.99551919,16.94476576,0,18.19828173,16.19958967,77.98,21.58904213,16.27679775,5.563451492,24.26546827,5.098681808,5.138973738,8.69620625,1.869248904,-3.896523405,0.117647059,0,1,9,0,0,0,0,3.51392,0,0,0,0,3,0,3,0,0,0,0,0,0,0,0,106,14.01328809,0.007241923,-1.023293127,0.465728013,0.302404013,9.877673342,5.81236855,-0.15901027,29.84652644,0,52.73990902,24.49954865,0,9.649848996,0,0,14.3633553,0.701292676
1,60,40,0,3,65,25,75,500,0.137651035,-0.232504849,0.434698535,2.160670373,3.630382562,0,0,10.02329115,0,18.26992695,37.25557254,5.563451492,21.58904213,10.02329115,9.780484743,5.138973738,17.99551919,16.94476576,0,18.19828173,16.19958967,77.98,21.58904213,16.27679775,5.563451492,24.26546827,5.098681808,5.138973738,8.69620625,1.869248904,-3.896523405,0.117647059,0,1,9,0,0,0,0,3.51392,0,0,0,0,3,0,3,0,0,0,0,0,0,0,0,106,14.01328809,0.007241923,-1.023293127,0.465728013,0.302404013,9.877673342,5.81236855,-0.15901027,29.84652644,0,52.73990902,24.49954865,0,9.649848996,0,0,14.3633553,0.701292676
1,60,40,0,3,65,40,53,500,0.137651035,-0.232504849,0.434698535,2.160670373,3.630382562,0,0,10.02329115,0,18.26992695,37.25557254,5.563451492,21.58904213,10.02329115,9.780484743,5.138973738,17.99551919,16.94476576,0,18.19828173,16.19958967,77.98,21.58904213,16.27679775,5.563451492,24.26546827,5.098681808,5.138973738,8.69620625,1.869248904,-3.896523405,0.117647059,0,1,9,0,0,0,0,3.51392,0,0,0,0,3,0,3,0,0,0,0,0,0,0,0,106,14.01328809,0.007241923,-1.023293127,0.465728013,0.302404013,9.877673342,5.81236855,-0.15901027,29.84652644,0,52.73990902,24.49954865,0,9.649848996,0,0,14.3633553,0.701292676
0,60,40,0,3,65,40,75,500,0.137651035,-0.232504849,0.434698535,2.160670373,3.630382562,0,0,10.02329115,0,18.26992695,37.25557254,5.563451492,21.58904213,10.02329115,9.780484743,5.138973738,17.99551919,16.94476576,0,18.19828173,16.19958967,77.98,21.58904213,16.27679775,5.563451492,24.26546827,5.098681808,5.138973738,8.69620625,1.869248904,-3.896523405,0.117647059,0,1,9,0,0,0,0,3.51392,0,0,0,0,3,0,3,0,0,0,0,0,0,0,0,106,14.01328809,0.007241923,-1.023293127,0.465728013,0.302404013,9.877673342,5.81236855,-0.15901027,29.84652644,0,52.73990902,24.49954865,0,9.649848996,0,0,14.3633553,0.701292676
1,40,60,0,3,65,25,57,500,0.137651035,-0.232504849,0.434698535,2.160670373,3.630382562,0,0,10.02329115,0,18.26992695,37.25557254,5.563451492,21.58904213,10.02329115,9.780484743,5.138973738,17.99551919,16.94476576,0,18.19828173,16.19958967,77.98,21.58904213,16.27679775,5.563451492,24.26546827,5.098681808,5.138973738,8.69620625,1.869248904,-3.896523405,0.117647059,0,1,9,0,0,0,0,3.51392,0,0,0,0,3,0,3,0,0,0,0,0,0,0,0,113,13.53318651,0.064496908,-1.520255775,0.481218929,0.306344056,9.946621456,5.768653535,-0.389026959,35.81583173,0,38.98027789,0,0,2.854589199,0,0,14.3633553,0.701292676
1,40,60,0,3,65,25,0,500,0.137651035,-0.232504849,0.434698535,2.160670373,3.630382562,0,0,10.02329115,0,18.26992695,37.25557254,5.563451492,21.58904213,10.02329115,9.780484743,5.138973738,17.99551919,16.94476576,0,18.19828173,16.19958967,77.98,21.58904213,16.27679775,5.563451492,24.26546827,5.098681808,5.138973738,8.69620625,1.869248904,-3.896523405,0.117647059,0,1,9,0,0,0,0,3.51392,0,0,0,0,3,0,3,0,0,0,0,0,0,0,0,113,13.53318651,0.064496908,-1.520255775,0.481218929,0.306344056,9.946621456,5.768653535,-0.389026959,35.81583173,0,38.98027789,0,0,2.854589199,0,0,14.3633553,0.701292676
1,40,60,0,3,65,25,75,500,0.137651035,-0.232504849,0.434698535,2.160670373,3.630382562,0,0,10.02329115,0,18.26992695,37.25557254,5.563451492,21.58904213,10.02329115,9.780484743,5.138973738,17.99551919,16.94476576,0,18.19828173,16.19958967,77.98,21.58904213,16.27679775,5.563451492,24.26546827,5.098681808,5.138973738,8.69620625,1.869248904,-3.896523405,0.117647059,0,1,9,0,0,0,0,3.51392,0,0,0,0,3,0,3,0,0,0,0,0,0,0,0,113,13.53318651,0.064496908,-1.520255775,0.481218929,0.306344056,9.946621456,5.768653535,-0.389026959,35.81583173,0,38.98027789,0,0,2.854589199,0,0,14.3633553,0.701292676
1,40,60,0,3,65,40,53,500,0.137651035,-0.232504849,0.434698535,2.160670373,3.630382562,0,0,10.02329115,0,18.26992695,37.25557254,5.563451492,21.58904213,10.02329115,9.780484743,5.138973738,17.99551919,16.94476576,0,18.19828173,16.19958967,77.98,21.58904213,16.27679775,5.563451492,24.26546827,5.098681808,5.138973738,8.69620625,1.869248904,-3.896523405,0.117647059,0,1,9,0,0,0,0,3.51392,0,0,0,0,3,0,3,0,0,0,0,0,0,0,0,113,13.53318651,0.064496908,-1.520255775,0.481218929,0.306344056,9.946621456,5.768653535,-0.389026959,35.81583173,0,38.98027789,0,0,2.854589199,0,0,14.3633553,0.701292676
0,40,60,0,3,65,40,75,500,0.137651035,-0.232504849,0.434698535,2.160670373,3.630382562,0,0,10.02329115,0,18.26992695,37.25557254,5.563451492,21.58904213,10.02329115,9.780484743,5.138973738,17.99551919,16.94476576,0,18.19828173,16.19958967,77.98,21.58904213,16.27679775,5.563451492,24.26546827,5.098681808,5.138973738,8.69620625,1.869248904,-3.896523405,0.117647059,0,1,9,0,0,0,0,3.51392,0,0,0,0,3,0,3,0,0,0,0,0,0,0,0,113,13.53318651,0.064496908,-1.520255775,0.481218929,0.306344056,9.946621456,5.768653535,-0.389026959,35.81583173,0,38.98027789,0,0,2.854589199,0,0,14.3633553,0.701292676
1,60,40,0,3,65,25,57,500,0.137651035,-0.232504849,0.434698535,2.160670373,3.630382562,0,0,10.02329115,0,18.26992695,37.25557254,5.563451492,21.58904213,10.02329115,9.780484743,5.138973738,17.99551919,16.94476576,0,18.19828173,16.19958967,77.98,21.58904213,16.27679775,5.563451492,24.26546827,5.098681808,5.138973738,8.69620625,1.869248904,-3.896523405,0.117647059,0,1,9,0,0,0,0,3.51392,0,0,0,0,3,0,3,0,0,0,0,0,0,0,0,113,13.53318651,0.064496908,-1.520255775,0.481218929,0.306344056,9.946621456,5.768653535,-0.389026959,35.81583173,0,38.98027789,0,0,2.854589199,0,0,14.3633553,0.701292676
1,60,40,0,3,65,25,0,500,0.137651035,-0.232504849,0.434698535,2.160670373,3.630382562,0,0,10.02329115,0,18.26992695,37.25557254,5.563451492,21.58904213,10.02329115,9.780484743,5.138973738,17.99551919,16.94476576,0,18.19828173,16.19958967,77.98,21.58904213,16.27679775,5.563451492,24.26546827,5.098681808,5.138973738,8.69620625,1.869248904,-3.896523405,0.117647059,0,1,9,0,0,0,0,3.51392,0,0,0,0,3,0,3,0,0,0,0,0,0,0,0,113,13.53318651,0.064496908,-1.520255775,0.481218929,0.306344056,9.946621456,5.768653535,-0.389026959,35.81583173,0,38.98027789,0,0,2.854589199,0,0,14.3633553,0.701292676
1,60,40,0,3,65,25,75,500,0.137651035,-0.232504849,0.434698535,2.160670373,3.630382562,0,0,10.02329115,0,18.26992695,37.25557254,5.563451492,21.58904213,10.02329115,9.780484743,5.138973738,17.99551919,16.94476576,0,18.19828173,16.19958967,77.98,21.58904213,16.27679775,5.563451492,24.26546827,5.098681808,5.138973738,8.69620625,1.869248904,-3.896523405,0.117647059,0,1,9,0,0,0,0,3.51392,0,0,0,0,3,0,3,0,0,0,0,0,0,0,0,113,13.53318651,0.064496908,-1.520255775,0.481218929,0.306344056,9.946621456,5.768653535,-0.389026959,35.81583173,0,38.98027789,0,0,2.854589199,0,0,14.3633553,0.701292676
1,60,40,0,3,65,40,53,500,0.137651035,-0.232504849,0.434698535,2.160670373,3.630382562,0,0,10.02329115,0,18.26992695,37.25557254,5.563451492,21.58904213,10.02329115,9.780484743,5.138973738,17.99551919,16.94476576,0,18.19828173,16.19958967,77.98,21.58904213,16.27679775,5.563451492,24.26546827,5.098681808,5.138973738,8.69620625,1.869248904,-3.896523405,0.117647059,0,1,9,0,0,0,0,3.51392,0,0,0,0,3,0,3,0,0,0,0,0,0,0,0,113,13.53318651,0.064496908,-1.520255775,0.481218929,0.306344056,9.946621456,5.768653535,-0.389026959,35.81583173,0,38.98027789,0,0,2.854589199,0,0,14.3633553,0.701292676
0,60,40,0,3,65,40,75,500,0.137651035,-0.232504849,0.434698535,2.160670373,3.630382562,0,0,10.02329115,0,18.26992695,37.25557254,5.563451492,21.58904213,10.02329115,9.780484743,5.138973738,17.99551919,16.94476576,0,18.19828173,16.19958967,77.98,21.58904213,16.27679775,5.563451492,24.26546827,5.098681808,5.138973738,8.69620625,1.869248904,-3.896523405,0.117647059,0,1,9,0,0,0,0,3.51392,0,0,0,0,3,0,3,0,0,0,0,0,0,0,0,113,13.53318651,0.064496908,-1.520255775,0.481218929,0.306344056,9.946621456,5.768653535,-0.389026959,35.81583173,0,38.98027789,0,0,2.854589199,0,0,14.3633553,0.701292676
1,10,90,0,1,180,25,60,360,0.005660024,-0.45738383,0.45738383,1.500767607,4.025546245,15.37044016,29.33813451,5.907179729,4.794537184,5.098681808,55.31586576,18.6529643,9.531400138,22.75844394,24.64835152,0,18.88348407,22.75640315,0,43.64504406,4.794537184,99.16,4.794537184,11.94902056,35.63470502,4.899909731,16.54689273,15.56921224,5.616525798,4.877407003,0,0.2,1,1,8,1,1,0,0,4.2173,1,1,0,0,0,1,0,0,0,1,0,1,0,0,0,70,14.23961392,0.00186207,-0.80801985,0.462332233,0.302403316,9.888116957,5.785271702,-0.156117715,11.93861058,0,33.8737505,19.59963892,0,7.43289591,0,0,14.3633553,0.701292676
1,10,90,0,1,180,40,75,180,0.005660024,-0.45738383,0.45738383,1.500767607,4.025546245,15.37044016,29.33813451,5.907179729,4.794537184,5.098681808,55.31586576,18.6529643,9.531400138,22.75844394,24.64835152,0,18.88348407,22.75640315,0,43.64504406,4.794537184,99.16,4.794537184,11.94902056,35.63470502,4.899909731,16.54689273,15.56921224,5.616525798,4.877407003,0,0.2,1,1,8,1,1,0,0,4.2173,1,1,0,0,0,1,0,0,0,1,0,1,0,0,0,70,14.23961392,0.00186207,-0.80801985,0.462332233,0.302403316,9.888116957,5.785271702,-0.156117715,11.93861058,0,33.8737505,19.59963892,0,7.43289591,0,0,14.3633553,0.701292676
1,30,70,0,1,180,25,60,360,0.005660024,-0.45738383,0.45738383,1.500767607,4.025546245,15.37044016,29.33813451,5.907179729,4.794537184,5.098681808,55.31586576,18.6529643,9.531400138,22.75844394,24.64835152,0,18.88348407,22.75640315,0,43.64504406,4.794537184,99.16,4.794537184,11.94902056,35.63470502,4.899909731,16.54689273,15.56921224,5.616525798,4.877407003,0,0.2,1,1,8,1,1,0,0,4.2173,1,1,0,0,0,1,0,0,0,1,0,1,0,0,0,70,14.23961392,0.00186207,-0.80801985,0.462332233,0.302403316,9.888116957,5.785271702,-0.156117715,11.93861058,0,33.8737505,19.59963892,0,7.43289591,0,0,14.3633553,0.701292676
1,30,70,0,1,180,40,75,180,0.005660024,-0.45738383,0.45738383,1.500767607,4.025546245,15.37044016,29.33813451,5.907179729,4.794537184,5.098681808,55.31586576,18.6529643,9.531400138,22.75844394,24.64835152,0,18.88348407,22.75640315,0,43.64504406,4.794537184,99.16,4.794537184,11.94902056,35.63470502,4.899909731,16.54689273,15.56921224,5.616525798,4.877407003,0,0.2,1,1,8,1,1,0,0,4.2173,1,1,0,0,0,1,0,0,0,1,0,1,0,0,0,70,14.23961392,0.00186207,-0.80801985,0.462332233,0.302403316,9.888116957,5.785271702,-0.156117715,11.93861058,0,33.8737505,19.59963892,0,7.43289591,0,0,14.3633553,0.701292676
1,50,50,0,1,180,25,60,360,0.005660024,-0.45738383,0.45738383,1.500767607,4.025546245,15.37044016,29.33813451,5.907179729,4.794537184,5.098681808,55.31586576,18.6529643,9.531400138,22.75844394,24.64835152,0,18.88348407,22.75640315,0,43.64504406,4.794537184,99.16,4.794537184,11.94902056,35.63470502,4.899909731,16.54689273,15.56921224,5.616525798,4.877407003,0,0.2,1,1,8,1,1,0,0,4.2173,1,1,0,0,0,1,0,0,0,1,0,1,0,0,0,70,14.23961392,0.00186207,-0.80801985,0.462332233,0.302403316,9.888116957,5.785271702,-0.156117715,11.93861058,0,33.8737505,19.59963892,0,7.43289591,0,0,14.3633553,0.701292676
1,50,50,0,1,180,40,75,180,0.005660024,-0.45738383,0.45738383,1.500767607,4.025546245,15.37044016,29.33813451,5.907179729,4.794537184,5.098681808,55.31586576,18.6529643,9.531400138,22.75844394,24.64835152,0,18.88348407,22.75640315,0,43.64504406,4.794537184,99.16,4.794537184,11.94902056,35.63470502,4.899909731,16.54689273,15.56921224,5.616525798,4.877407003,0,0.2,1,1,8,1,1,0,0,4.2173,1,1,0,0,0,1,0,0,0,1,0,1,0,0,0,70,14.23961392,0.00186207,-0.80801985,0.462332233,0.302403316,9.888116957,5.785271702,-0.156117715,11.93861058,0,33.8737505,19.59963892,0,7.43289591,0,0,14.3633553,0.701292676
1,10,90,0,3,100,40,75,90,0.064479397,-0.490790806,0.490790806,0.92529827,7.044519489,24.01040832,43.98707682,5.787111153,0,10.19736362,74.00822951,48.13988298,14.21058886,34.57665233,29.11204766,0,44.7459708,11.43689811,23.20187978,74.6088036,21.80559347,104.7,4.794537184,24.38030702,28.82248205,34.03627687,49.24662987,37.41246864,9.504828284,8.480846895,0,0.371428571,3,0,14,2,2,0,1,5.5773,0,0,0,0,0,0,2,0,0,0,0,0,0,0,0,119,13.53318651,0.064496908,-1.520255775,0.481218929,0.306344056,9.946621456,5.768653535,-0.389026959,35.81583173,0,38.98027789,0,0,2.854589199,0,0,14.3633553,0.701292676
1,30,70,0,3,100,40,75,90,0.064479397,-0.490790806,0.490790806,0.92529827,7.044519489,24.01040832,43.98707682,5.787111153,0,10.19736362,74.00822951,48.13988298,14.21058886,34.57665233,29.11204766,0,44.7459708,11.43689811,23.20187978,74.6088036,21.80559347,104.7,4.794537184,24.38030702,28.82248205,34.03627687,49.24662987,37.41246864,9.504828284,8.480846895,0,0.371428571,3,0,14,2,2,0,1,5.5773,0,0,0,0,0,0,2,0,0,0,0,0,0,0,0,119,13.53318651,0.064496908,-1.520255775,0.481218929,0.306344056,9.946621456,5.768653535,-0.389026959,35.81583173,0,38.98027789,0,0,2.854589199,0,0,14.3633553,0.701292676
1,50,50,0,3,100,40,75,90,0.064479397,-0.490790806,0.490790806,0.92529827,7.044519489,24.01040832,43.98707682,5.787111153,0,10.19736362,74.00822951,48.13988298,14.21058886,34.57665233,29.11204766,0,44.7459708,11.43689811,23.20187978,74.6088036,21.80559347,104.7,4.794537184,24.38030702,28.82248205,34.03627687,49.24662987,37.41246864,9.504828284,8.480846895,0,0.371428571,3,0,14,2,2,0,1,5.5773,0,0,0,0,0,0,2,0,0,0,0,0,0,0,0,119,13.53318651,0.064496908,-1.520255775,0.481218929,0.306344056,9.946621456,5.768653535,-0.389026959,35.81583173,0,38.98027789,0,0,2.854589199,0,0,14.3633553,0.701292676
1,10,90,0,3,100,40,75,90,0.064479397,-0.490790806,0.490790806,0.92529827,7.044519489,24.01040832,43.98707682,5.787111153,0,10.19736362,74.00822951,48.13988298,14.21058886,34.57665233,29.11204766,0,44.7459708,11.43689811,23.20187978,74.6088036,21.80559347,104.7,4.794537184,24.38030702,28.82248205,34.03627687,49.24662987,37.41246864,9.504828284,8.480846895,0,0.371428571,3,0,14,2,2,0,1,5.5773,0,0,0,0,0,0,2,0,0,0,0,0,0,0,0,163,10.66,0.208333333,0.208333333,0.319671229,0.226055117,10.38004459,5.784446402,-0.124969213,0,0,4.794537184,0,0,4.36162037,0,0,14.3633553,0.701292676
0,30,70,0,3,100,40,75,14,0.064479397,-0.490790806,0.490790806,0.92529827,7.044519489,24.01040832,43.98707682,5.787111153,0,10.19736362,74.00822951,48.13988298,14.21058886,34.57665233,29.11204766,0,44.7459708,11.43689811,23.20187978,74.6088036,21.80559347,104.7,4.794537184,24.38030702,28.82248205,34.03627687,49.24662987,37.41246864,9.504828284,8.480846895,0,0.371428571,3,0,14,2,2,0,1,5.5773,0,0,0,0,0,0,2,0,0,0,0,0,0,0,0,163,10.66,0.208333333,0.208333333,0.319671229,0.226055117,10.38004459,5.784446402,-0.124969213,0,0,4.794537184,0,0,4.36162037,0,0,14.3633553,0.701292676
0,50,50,0,3,100,40,75,14,0.064479397,-0.490790806,0.490790806,0.92529827,7.044519489,24.01040832,43.98707682,5.787111153,0,10.19736362,74.00822951,48.13988298,14.21058886,34.57665233,29.11204766,0,44.7459708,11.43689811,23.20187978,74.6088036,21.80559347,104.7,4.794537184,24.38030702,28.82248205,34.03627687,49.24662987,37.41246864,9.504828284,8.480846895,0,0.371428571,3,0,14,2,2,0,1,5.5773,0,0,0,0,0,0,2,0,0,0,0,0,0,0,0,163,10.66,0.208333333,0.208333333,0.319671229,0.226055117,10.38004459,5.784446402,-0.124969213,0,0,4.794537184,0,0,4.36162037,0,0,14.3633553,0.701292676
1,10,90,0,3,100,40,75,90,0.170239303,-0.49674296,0.49674296,2.232371733,3.104666499,9.843390349,5.749511833,0,14.15617402,0,54.95175817,21.66623701,19.43246472,34.38034984,4.567099648,0,13.34455882,5.749511833,11.60093989,28.6599096,11.21535881,68.53,14.69560176,12.32800135,38.49590106,56.49810422,0,16.33780284,10.47200719,1.748579285,1.542411112,0.157894737,0,1,6,0,0,0,0,3.92732,0,0,0,0,0,1,1,0,0,0,0,0,0,0,0,119,13.53318651,0.064496908,-1.520255775,0.481218929,0.306344056,9.946621456,5.768653535,-0.389026959,35.81583173,0,38.98027789,0,0,2.854589199,0,0,14.3633553,0.701292676
1,30,70,0,3,100,40,75,90,0.170239303,-0.49674296,0.49674296,2.232371733,3.104666499,9.843390349,5.749511833,0,14.15617402,0,54.95175817,21.66623701,19.43246472,34.38034984,4.567099648,0,13.34455882,5.749511833,11.60093989,28.6599096,11.21535881,68.53,14.69560176,12.32800135,38.49590106,56.49810422,0,16.33780284,10.47200719,1.748579285,1.542411112,0.157894737,0,1,6,0,0,0,0,3.92732,0,0,0,0,0,1,1,0,0,0,0,0,0,0,0,119,13.53318651,0.064496908,-1.520255775,0.481218929,0.306344056,9.946621456,5.768653535,-0.389026959,35.81583173,0,38.98027789,0,0,2.854589199,0,0,14.3633553,0.701292676
1,50,50,0,3,100,40,75,90,0.170239303,-0.49674296,0.49674296,2.232371733,3.104666499,9.843390349,5.749511833,0,14.15617402,0,54.95175817,21.66623701,19.43246472,34.38034984,4.567099648,0,13.34455882,5.749511833,11.60093989,28.6599096,11.21535881,68.53,14.69560176,12.32800135,38.49590106,56.49810422,0,16.33780284,10.47200719,1.748579285,1.542411112,0.157894737,0,1,6,0,0,0,0,3.92732,0,0,0,0,0,1,1,0,0,0,0,0,0,0,0,119,13.53318651,0.064496908,-1.520255775,0.481218929,0.306344056,9.946621456,5.768653535,-0.389026959,35.81583173,0,38.98027789,0,0,2.854589199,0,0,14.3633553,0.701292676
1,10,90,0,3,100,40,75,90,0.170239303,-0.49674296,0.49674296,2.232371733,3.104666499,9.843390349,5.749511833,0,14.15617402,0,54.95175817,21.66623701,19.43246472,34.38034984,4.567099648,0,13.34455882,5.749511833,11.60093989,28.6599096,11.21535881,68.53,14.69560176,12.32800135,38.49590106,56.49810422,0,16.33780284,10.47200719,1.748579285,1.542411112,0.157894737,0,1,6,0,0,0,0,3.92732,0,0,0,0,0,1,1,0,0,0,0,0,0,0,0,163,10.66,0.208333333,0.208333333,0.319671229,0.226055117,10.38004459,5.784446402,-0.124969213,0,0,4.794537184,0,0,4.36162037,0,0,14.3633553,0.701292676
1,30,70,0,3,100,40,75,90,0.170239303,-0.49674296,0.49674296,2.232371733,3.104666499,9.843390349,5.749511833,0,14.15617402,0,54.95175817,21.66623701,19.43246472,34.38034984,4.567099648,0,13.34455882,5.749511833,11.60093989,28.6599096,11.21535881,68.53,14.69560176,12.32800135,38.49590106,56.49810422,0,16.33780284,10.47200719,1.748579285,1.542411112,0.157894737,0,1,6,0,0,0,0,3.92732,0,0,0,0,0,1,1,0,0,0,0,0,0,0,0,163,10.66,0.208333333,0.208333333,0.319671229,0.226055117,10.38004459,5.784446402,-0.124969213,0,0,4.794537184,0,0,4.36162037,0,0,14.3633553,0.701292676
1,50,50,0,3,100,40,75,90,0.170239303,-0.49674296,0.49674296,2.232371733,3.104666499,9.843390349,5.749511833,0,14.15617402,0,54.95175817,21.66623701,19.43246472,34.38034984,4.567099648,0,13.34455882,5.749511833,11.60093989,28.6599096,11.21535881,68.53,14.69560176,12.32800135,38.49590106,56.49810422,0,16.33780284,10.47200719,1.748579285,1.542411112,0.157894737,0,1,6,0,0,0,0,3.92732,0,0,0,0,0,1,1,0,0,0,0,0,0,0,0,163,10.66,0.208333333,0.208333333,0.319671229,0.226055117,10.38004459,5.784446402,-0.124969213,0,0,4.794537184,0,0,4.36162037,0,0,14.3633553,0.701292676
0,80,20,0,3,70,25,60,134,0.117617027,-0.496167518,0.496167518,2.258173171,2.02158699,18.94745182,22.08510847,11.38429576,9.589074368,0,0,24.48111484,28.53652618,23.16742978,0,5.917906046,18.94560963,17.2485355,11.60093989,38.49693333,9.531400138,71.06,9.589074368,40.08207303,11.49902367,6.9237372,0,30.54839171,0.178775983,1.769159817,4.307594578,0.411764706,2,0,7,0,0,1,0,2.8103,0,0,0,0,0,1,1,0,0,0,0,0,0,0,0,106,14.01328809,0.007241923,-1.023293127,0.465728013,0.302404013,9.877673342,5.81236855,-0.15901027,29.84652644,0,52.73990902,24.49954865,0,9.649848996,0,0,14.3633553,0.701292676
0,60,40,0,3,70,25,60,152,0.117617027,-0.496167518,0.496167518,2.258173171,2.02158699,18.94745182,22.08510847,11.38429576,9.589074368,0,0,24.48111484,28.53652618,23.16742978,0,5.917906046,18.94560963,17.2485355,11.60093989,38.49693333,9.531400138,71.06,9.589074368,40.08207303,11.49902367,6.9237372,0,30.54839171,0.178775983,1.769159817,4.307594578,0.411764706,2,0,7,0,0,1,0,2.8103,0,0,0,0,0,1,1,0,0,0,0,0,0,0,0,106,14.01328809,0.007241923,-1.023293127,0.465728013,0.302404013,9.877673342,5.81236855,-0.15901027,29.84652644,0,52.73990902,24.49954865,0,9.649848996,0,0,14.3633553,0.701292676
0,40,60,0,3,70,25,60,432,0.117617027,-0.496167518,0.496167518,2.258173171,2.02158699,18.94745182,22.08510847,11.38429576,9.589074368,0,0,24.48111484,28.53652618,23.16742978,0,5.917906046,18.94560963,17.2485355,11.60093989,38.49693333,9.531400138,71.06,9.589074368,40.08207303,11.49902367,6.9237372,0,30.54839171,0.178775983,1.769159817,4.307594578,0.411764706,2,0,7,0,0,1,0,2.8103,0,0,0,0,0,1,1,0,0,0,0,0,0,0,0,106,14.01328809,0.007241923,-1.023293127,0.465728013,0.302404013,9.877673342,5.81236855,-0.15901027,29.84652644,0,52.73990902,24.49954865,0,9.649848996,0,0,14.3633553,0.701292676
0,20,80,0,3,70,25,60,432,0.117617027,-0.496167518,0.496167518,2.258173171,2.02158699,18.94745182,22.08510847,11.38429576,9.589074368,0,0,24.48111484,28.53652618,23.16742978,0,5.917906046,18.94560963,17.2485355,11.60093989,38.49693333,9.531400138,71.06,9.589074368,40.08207303,11.49902367,6.9237372,0,30.54839171,0.178775983,1.769159817,4.307594578,0.411764706,2,0,7,0,0,1,0,2.8103,0,0,0,0,0,1,1,0,0,0,0,0,0,0,0,106,14.01328809,0.007241923,-1.023293127,0.465728013,0.302404013,9.877673342,5.81236855,-0.15901027,29.84652644,0,52.73990902,24.49954865,0,9.649848996,0,0,14.3633553,0.701292676
0,80,20,0,3,70,25,10,440,0.117617027,-0.496167518,0.496167518,2.258173171,2.02158699,18.94745182,22.08510847,11.38429576,9.589074368,0,0,24.48111484,28.53652618,23.16742978,0,5.917906046,18.94560963,17.2485355,11.60093989,38.49693333,9.531400138,71.06,9.589074368,40.08207303,11.49902367,6.9237372,0,30.54839171,0.178775983,1.769159817,4.307594578,0.411764706,2,0,7,0,0,1,0,2.8103,0,0,0,0,0,1,1,0,0,0,0,0,0,0,0,106,14.01328809,0.007241923,-1.023293127,0.465728013,0.302404013,9.877673342,5.81236855,-0.15901027,29.84652644,0,52.73990902,24.49954865,0,9.649848996,0,0,14.3633553,0.701292676
0,60,40,0,3,70,25,10,639,0.117617027,-0.496167518,0.496167518,2.258173171,2.02158699,18.94745182,22.08510847,11.38429576,9.589074368,0,0,24.48111484,28.53652618,23.16742978,0,5.917906046,18.94560963,17.2485355,11.60093989,38.49693333,9.531400138,71.06,9.589074368,40.08207303,11.49902367,6.9237372,0,30.54839171,0.178775983,1.769159817,4.307594578,0.411764706,2,0,7,0,0,1,0,2.8103,0,0,0,0,0,1,1,0,0,0,0,0,0,0,0,106,14.01328809,0.007241923,-1.023293127,0.465728013,0.302404013,9.877673342,5.81236855,-0.15901027,29.84652644,0,52.73990902,24.49954865,0,9.649848996,0,0,14.3633553,0.701292676
1,40,60,0,3,70,25,10,720,0.117617027,-0.496167518,0.496167518,2.258173171,2.02158699,18.94745182,22.08510847,11.38429576,9.589074368,0,0,24.48111484,28.53652618,23.16742978,0,5.917906046,18.94560963,17.2485355,11.60093989,38.49693333,9.531400138,71.06,9.589074368,40.08207303,11.49902367,6.9237372,0,30.54839171,0.178775983,1.769159817,4.307594578,0.411764706,2,0,7,0,0,1,0,2.8103,0,0,0,0,0,1,1,0,0,0,0,0,0,0,0,106,14.01328809,0.007241923,-1.023293127,0.465728013,0.302404013,9.877673342,5.81236855,-0.15901027,29.84652644,0,52.73990902,24.49954865,0,9.649848996,0,0,14.3633553,0.701292676
1,20,80,0,3,70,25,10,720,0.117617027,-0.496167518,0.496167518,2.258173171,2.02158699,18.94745182,22.08510847,11.38429576,9.589074368,0,0,24.48111484,28.53652618,23.16742978,0,5.917906046,18.94560963,17.2485355,11.60093989,38.49693333,9.531400138,71.06,9.589074368,40.08207303,11.49902367,6.9237372,0,30.54839171,0.178775983,1.769159817,4.307594578,0.411764706,2,0,7,0,0,1,0,2.8103,0,0,0,0,0,1,1,0,0,0,0,0,0,0,0,106,14.01328809,0.007241923,-1.023293127,0.465728013,0.302404013,9.877673342,5.81236855,-0.15901027,29.84652644,0,52.73990902,24.49954865,0,9.649848996,0,0,14.3633553,0.701292676
0,40,60,0,3,70,25,60,54,0.117617027,-0.496167518,0.496167518,2.258173171,2.02158699,18.94745182,22.08510847,11.38429576,9.589074368,0,0,24.48111484,28.53652618,23.16742978,0,5.917906046,18.94560963,17.2485355,11.60093989,38.49693333,9.531400138,71.06,9.589074368,40.08207303,11.49902367,6.9237372,0,30.54839171,0.178775983,1.769159817,4.307594578,0.411764706,2,0,7,0,0,1,0,2.8103,0,0,0,0,0,1,1,0,0,0,0,0,0,0,0,70,14.23961392,0.00186207,-0.80801985,0.462332233,0.302403316,9.888116957,5.785271702,-0.156117715,11.93861058,0,33.8737505,19.59963892,0,7.43289591,0,0,14.3633553,0.701292676
0,20,80,0,3,70,25,60,116,0.117617027,-0.496167518,0.496167518,2.258173171,2.02158699,18.94745182,22.08510847,11.38429576,9.589074368,0,0,24.48111484,28.53652618,23.16742978,0,5.917906046,18.94560963,17.2485355,11.60093989,38.49693333,9.531400138,71.06,9.589074368,40.08207303,11.49902367,6.9237372,0,30.54839171,0.178775983,1.769159817,4.307594578,0.411764706,2,0,7,0,0,1,0,2.8103,0,0,0,0,0,1,1,0,0,0,0,0,0,0,0,70,14.23961392,0.00186207,-0.80801985,0.462332233,0.302403316,9.888116957,5.785271702,-0.156117715,11.93861058,0,33.8737505,19.59963892,0,7.43289591,0,0,14.3633553,0.701292676
0,80,20,0,3,70,25,10,411,0.117617027,-0.496167518,0.496167518,2.258173171,2.02158699,18.94745182,22.08510847,11.38429576,9.589074368,0,0,24.48111484,28.53652618,23.16742978,0,5.917906046,18.94560963,17.2485355,11.60093989,38.49693333,9.531400138,71.06,9.589074368,40.08207303,11.49902367,6.9237372,0,30.54839171,0.178775983,1.769159817,4.307594578,0.411764706,2,0,7,0,0,1,0,2.8103,0,0,0,0,0,1,1,0,0,0,0,0,0,0,0,70,14.23961392,0.00186207,-0.80801985,0.462332233,0.302403316,9.888116957,5.785271702,-0.156117715,11.93861058,0,33.8737505,19.59963892,0,7.43289591,0,0,14.3633553,0.701292676
1,60,40,0,3,70,25,10,720,0.117617027,-0.496167518,0.496167518,2.258173171,2.02158699,18.94745182,22.08510847,11.38429576,9.589074368,0,0,24.48111484,28.53652618,23.16742978,0,5.917906046,18.94560963,17.2485355,11.60093989,38.49693333,9.531400138,71.06,9.589074368,40.08207303,11.49902367,6.9237372,0,30.54839171,0.178775983,1.769159817,4.307594578,0.411764706,2,0,7,0,0,1,0,2.8103,0,0,0,0,0,1,1,0,0,0,0,0,0,0,0,70,14.23961392,0.00186207,-0.80801985,0.462332233,0.302403316,9.888116957,5.785271702,-0.156117715,11.93861058,0,33.8737505,19.59963892,0,7.43289591,0,0,14.3633553,0.701292676
1,40,60,0,3,70,25,10,720,0.117617027,-0.496167518,0.496167518,2.258173171,2.02158699,18.94745182,22.08510847,11.38429576,9.589074368,0,0,24.48111484,28.53652618,23.16742978,0,5.917906046,18.94560963,17.2485355,11.60093989,38.49693333,9.531400138,71.06,9.589074368,40.08207303,11.49902367,6.9237372,0,30.54839171,0.178775983,1.769159817,4.307594578,0.411764706,2,0,7,0,0,1,0,2.8103,0,0,0,0,0,1,1,0,0,0,0,0,0,0,0,70,14.23961392,0.00186207,-0.80801985,0.462332233,0.302403316,9.888116957,5.785271702,-0.156117715,11.93861058,0,33.8737505,19.59963892,0,7.43289591,0,0,14.3633553,0.701292676
1,20,80,0,3,70,25,10,720,0.117617027,-0.496167518,0.496167518,2.258173171,2.02158699,18.94745182,22.08510847,11.38429576,9.589074368,0,0,24.48111484,28.53652618,23.16742978,0,5.917906046,18.94560963,17.2485355,11.60093989,38.49693333,9.531400138,71.06,9.589074368,40.08207303,11.49902367,6.9237372,0,30.54839171,0.178775983,1.769159817,4.307594578,0.411764706,2,0,7,0,0,1,0,2.8103,0,0,0,0,0,1,1,0,0,0,0,0,0,0,0,70,14.23961392,0.00186207,-0.80801985,0.462332233,0.302403316,9.888116957,5.785271702,-0.156117715,11.93861058,0,33.8737505,19.59963892,0,7.43289591,0,0,14.3633553,0.701292676
1,15,85,0,3,80,25,60,90,0.109542249,-0.476165913,0.476165913,2.099929247,5.068964928,9.473725908,5.749511833,0,4.794537184,0,76.22588535,16.1495363,19.06280028,23.35349012,0,0,39.399966,5.749511833,11.60093989,23.45756743,9.531400138,52.6,9.589074368,11.88721133,21.89904813,76.22588535,0,21.0746658,0.579456527,6.852452755,0,0.3,0,0,5,0,0,0,0,4.68,0,0,0,0,0,0,1,0,0,0,0,0,0,0,0,106,14.01328809,0.007241923,-1.023293127,0.465728013,0.302404013,9.877673342,5.81236855,-0.15901027,29.84652644,0,52.73990902,24.49954865,0,9.649848996,0,0,14.3633553,0.701292676
0,60,40,0,3,90,40,75,14,0.392174356,-0.48726952,0.48726952,1.956916735,5.347720173,24.26424042,25.35894678,0,0,0,24.26546827,36.92302413,18.94745182,22.40817398,9.967957042,0,0,23.84280788,0,50.61507998,9.473725908,74.73,0,0,43.7444143,14.21959508,21.20517996,25.37080171,4.096557302,1.725694845,3.250033739,0.272727273,0,1,7,0,0,0,0,3.4051,0,0,0,0,0,1,0,0,0,0,0,0,0,0,0,113,12.82572922,0.055981771,-1.569986372,0.481218929,0.306221438,9.948783081,5.761521085,-0.387893507,23.87722115,0,34.49773092,0,0,3.011681888,0,0,14.3633553,0.701292676
1,60,40,0,3,90,40,43,28,0.392174356,-0.48726952,0.48726952,1.956916735,5.347720173,24.26424042,25.35894678,0,0,0,24.26546827,36.92302413,18.94745182,22.40817398,9.967957042,0,0,23.84280788,0,50.61507998,9.473725908,74.73,0,0,43.7444143,14.21959508,21.20517996,25.37080171,4.096557302,1.725694845,3.250033739,0.272727273,0,1,7,0,0,0,0,3.4051,0,0,0,0,0,1,0,0,0,0,0,0,0,0,0,113,12.82572922,0.055981771,-1.569986372,0.481218929,0.306221438,9.948783081,5.761521085,-0.387893507,23.87722115,0,34.49773092,0,0,3.011681888,0,0,14.3633553,0.701292676
0,60,40,0,3,90,40,43,56,0.392174356,-0.48726952,0.48726952,1.956916735,5.347720173,24.26424042,25.35894678,0,0,0,24.26546827,36.92302413,18.94745182,22.40817398,9.967957042,0,0,23.84280788,0,50.61507998,9.473725908,74.73,0,0,43.7444143,14.21959508,21.20517996,25.37080171,4.096557302,1.725694845,3.250033739,0.272727273,0,1,7,0,0,0,0,3.4051,0,0,0,0,0,1,0,0,0,0,0,0,0,0,0,113,12.82572922,0.055981771,-1.569986372,0.481218929,0.306221438,9.948783081,5.761521085,-0.387893507,23.87722115,0,34.49773092,0,0,3.011681888,0,0,14.3633553,0.701292676
0,50,50,0,3,105,40,43,28,0.392174356,-0.48726952,0.48726952,1.956916735,5.347720173,24.26424042,25.35894678,0,0,0,24.26546827,36.92302413,18.94745182,22.40817398,9.967957042,0,0,23.84280788,0,50.61507998,9.473725908,74.73,0,0,43.7444143,14.21959508,21.20517996,25.37080171,4.096557302,1.725694845,3.250033739,0.272727273,0,1,7,0,0,0,0,3.4051,0,0,0,0,0,1,0,0,0,0,0,0,0,0,0,106,14.01328809,0.007241923,-1.023293127,0.465728013,0.302404013,9.877673342,5.81236855,-0.15901027,29.84652644,0,52.73990902,24.49954865,0,9.649848996,0,0,14.3633553,0.701292676
0,10,90,0,1,160,40,75,28,0.484720674,-0.496745104,0.496745104,2.478964439,2.228492727,9.843390349,5.749511833,0,4.794537184,0,35.39237126,0,14.63792753,16.74175372,0,0,12.84164325,5.749511833,0,18.18563022,4.794537184,46.53,4.794537184,0,0,14.03353474,0,9.843390349,11.04105787,1.687523148,1.627021584,0.214285714,1,1,3,0,0,0,0,3.0365,0,0,0,0,0,1,0,0,0,0,0,0,0,0,0,113,12.82572922,0.055981771,-1.569986372,0.481218929,0.306221438,9.948783081,5.761521085,-0.387893507,23.87722115,0,34.49773092,0,0,3.011681888,0,0,14.3633553,0.701292676
1,40,60,0,3,95,40,43,28,0.589223479,-0.387049101,0.387049101,1.790468244,6.128589623,10.00643713,0,0,0,0,107.3591921,21.61265635,5.106527395,46.45194431,4.899909731,0,45.63472728,11.12690298,34.80281967,29.64070634,0,23.47,5.106527395,0,21.61265635,0,30.88977131,34.80281967,13.50072176,6.976364571,0,0.333333333,1,1,5,0,0,0,1,9.1517,0,0,0,0,0,3,3,0,0,0,0,0,0,0,0,106,14.01328809,0.007241923,-1.023293127,0.465728013,0.302404013,9.877673342,5.81236855,-0.15901027,29.84652644,0,52.73990902,24.49954865,0,9.649848996,0,0,14.3633553,0.701292676
0,40,60,0,3,95,40,43,56,0.589223479,-0.387049101,0.387049101,1.790468244,6.128589623,10.00643713,0,0,0,0,107.3591921,21.61265635,5.106527395,46.45194431,4.899909731,0,45.63472728,11.12690298,34.80281967,29.64070634,0,23.47,5.106527395,0,21.61265635,0,30.88977131,34.80281967,13.50072176,6.976364571,0,0.333333333,1,1,5,0,0,0,1,9.1517,0,0,0,0,0,3,3,0,0,0,0,0,0,0,0,106,14.01328809,0.007241923,-1.023293127,0.465728013,0.302404013,9.877673342,5.81236855,-0.15901027,29.84652644,0,52.73990902,24.49954865,0,9.649848996,0,0,14.3633553,0.701292676
1,40,60,0,3,95,40,31,84,0.589223479,-0.387049101,0.387049101,1.790468244,6.128589623,10.00643713,0,0,0,0,107.3591921,21.61265635,5.106527395,46.45194431,4.899909731,0,45.63472728,11.12690298,34.80281967,29.64070634,0,23.47,5.106527395,0,21.61265635,0,30.88977131,34.80281967,13.50072176,6.976364571,0,0.333333333,1,1,5,0,0,0,1,9.1517,0,0,0,0,0,3,3,0,0,0,0,0,0,0,0,106,14.01328809,0.007241923,-1.023293127,0.465728013,0.302404013,9.877673342,5.81236855,-0.15901027,29.84652644,0,52.73990902,24.49954865,0,9.649848996,0,0,14.3633553,0.701292676
0,40,60,0,3,95,40,31,168,0.589223479,-0.387049101,0.387049101,1.790468244,6.128589623,10.00643713,0,0,0,0,107.3591921,21.61265635,5.106527395,46.45194431,4.899909731,0,45.63472728,11.12690298,34.80281967,29.64070634,0,23.47,5.106527395,0,21.61265635,0,30.88977131,34.80281967,13.50072176,6.976364571,0,0.333333333,1,1,5,0,0,0,1,9.1517,0,0,0,0,0,3,3,0,0,0,0,0,0,0,0,106,14.01328809,0.007241923,-1.023293127,0.465728013,0.302404013,9.877673342,5.81236855,-0.15901027,29.84652644,0,52.73990902,24.49954865,0,9.649848996,0,0,14.3633553,0.701292676
1,40,60,0,1,150,40,31,336,0.589223479,-0.387049101,0.387049101,1.790468244,6.128589623,10.00643713,0,0,0,0,107.3591921,21.61265635,5.106527395,46.45194431,4.899909731,0,45.63472728,11.12690298,34.80281967,29.64070634,0,23.47,5.106527395,0,21.61265635,0,30.88977131,34.80281967,13.50072176,6.976364571,0,0.333333333,1,1,5,0,0,0,1,9.1517,0,0,0,0,0,3,3,0,0,0,0,0,0,0,0,106,14.01328809,0.007241923,-1.023293127,0.465728013,0.302404013,9.877673342,5.81236855,-0.15901027,29.84652644,0,52.73990902,24.49954865,0,9.649848996,0,0,14.3633553,0.701292676
1,20,80,0,2,60,25,60,14,0.201510886,-0.293990636,0.293990636,1.383608879,3.720410566,0,11.37454504,5.824404498,14.68685165,5.213385096,41.16620444,11.98427311,4.794537184,11.74279952,25.52404354,4.992404733,63.95317022,22.51475897,0,42.80576831,11.33929359,87.13,4.794537184,5.907179729,12.3691609,0,57.87970635,4.992404733,14.46606202,2.757987809,0,0.4,0,1,7,0,1,1,0,4.7774,0,0,1,0,0,0,0,0,0,0,0,0,0,1,0,163,10.66,0.208333333,0.208333333,0.319671229,0.226055117,10.38004459,5.784446402,-0.124969213,0,0,4.794537184,0,0,4.36162037,0,0,14.3633553,0.701292676
1,40,60,0,2,60,25,60,14,0.201510886,-0.293990636,0.293990636,1.383608879,3.720410566,0,11.37454504,5.824404498,14.68685165,5.213385096,41.16620444,11.98427311,4.794537184,11.74279952,25.52404354,4.992404733,63.95317022,22.51475897,0,42.80576831,11.33929359,87.13,4.794537184,5.907179729,12.3691609,0,57.87970635,4.992404733,14.46606202,2.757987809,0,0.4,0,1,7,0,1,1,0,4.7774,0,0,1,0,0,0,0,0,0,0,0,0,0,1,0,163,10.66,0.208333333,0.208333333,0.319671229,0.226055117,10.38004459,5.784446402,-0.124969213,0,0,4.794537184,0,0,4.36162037,0,0,14.3633553,0.701292676
0,60,40,0,2,60,25,60,14,0.201510886,-0.293990636,0.293990636,1.383608879,3.720410566,0,11.37454504,5.824404498,14.68685165,5.213385096,41.16620444,11.98427311,4.794537184,11.74279952,25.52404354,4.992404733,63.95317022,22.51475897,0,42.80576831,11.33929359,87.13,4.794537184,5.907179729,12.3691609,0,57.87970635,4.992404733,14.46606202,2.757987809,0,0.4,0,1,7,0,1,1,0,4.7774,0,0,1,0,0,0,0,0,0,0,0,0,0,1,0,163,10.66,0.208333333,0.208333333,0.319671229,0.226055117,10.38004459,5.784446402,-0.124969213,0,0,4.794537184,0,0,4.36162037,0,0,14.3633553,0.701292676
0,40,60,0,2,60,40,75,90,0.201510886,-0.293990636,0.293990636,1.383608879,3.720410566,0,11.37454504,5.824404498,14.68685165,5.213385096,41.16620444,11.98427311,4.794537184,11.74279952,25.52404354,4.992404733,63.95317022,22.51475897,0,42.80576831,11.33929359,87.13,4.794537184,5.907179729,12.3691609,0,57.87970635,4.992404733,14.46606202,2.757987809,0,0.4,0,1,7,0,1,1,0,4.7774,0,0,1,0,0,0,0,0,0,0,0,0,0,1,0,163,10.66,0.208333333,0.208333333,0.319671229,0.226055117,10.38004459,5.784446402,-0.124969213,0,0,4.794537184,0,0,4.36162037,0,0,14.3633553,0.701292676
0,20,80,0,2,60,40,75,90,0.201510886,-0.293990636,0.293990636,1.383608879,3.720410566,0,11.37454504,5.824404498,14.68685165,5.213385096,41.16620444,11.98427311,4.794537184,11.74279952,25.52404354,4.992404733,63.95317022,22.51475897,0,42.80576831,11.33929359,87.13,4.794537184,5.907179729,12.3691609,0,57.87970635,4.992404733,14.46606202,2.757987809,0,0.4,0,1,7,0,1,1,0,4.7774,0,0,1,0,0,0,0,0,0,0,0,0,0,1,0,163,10.66,0.208333333,0.208333333,0.319671229,0.226055117,10.38004459,5.784446402,-0.124969213,0,0,4.794537184,0,0,4.36162037,0,0,14.3633553,0.701292676
0,60,40,0,2,60,40,75,90,0.201510886,-0.293990636,0.293990636,1.383608879,3.720410566,0,11.37454504,5.824404498,14.68685165,5.213385096,41.16620444,11.98427311,4.794537184,11.74279952,25.52404354,4.992404733,63.95317022,22.51475897,0,42.80576831,11.33929359,87.13,4.794537184,5.907179729,12.3691609,0,57.87970635,4.992404733,14.46606202,2.757987809,0,0.4,0,1,7,0,1,1,0,4.7774,0,0,1,0,0,0,0,0,0,0,0,0,0,1,0,163,10.66,0.208333333,0.208333333,0.319671229,0.226055117,10.38004459,5.784446402,-0.124969213,0,0,4.794537184,0,0,4.36162037,0,0,14.3633553,0.701292676
1,20,80,0,2,60,25,60,14,0.002949106,-0.481219742,0.481219742,2.043125912,3.061456207,9.523678332,5.693927995,0,4.794537184,0,0,17.54772461,14.31821552,5.969305288,4.983978521,0,12.84164325,22.5810784,0,16.0598112,11.21535881,63.33,4.794537184,12.84164325,11.65097134,0,4.983978521,9.523678332,8.815517315,0,0,0.111111111,0,1,4,0,0,0,0,4.0258,0,0,0,0,0,0,0,0,1,0,0,0,0,0,0,163,10.66,0.208333333,0.208333333,0.319671229,0.226055117,10.38004459,5.784446402,-0.124969213,0,0,4.794537184,0,0,4.36162037,0,0,14.3633553,0.701292676
1,40,60,0,2,60,25,60,14,0.002949106,-0.481219742,0.481219742,2.043125912,3.061456207,9.523678332,5.693927995,0,4.794537184,0,0,17.54772461,14.31821552,5.969305288,4.983978521,0,12.84164325,22.5810784,0,16.0598112,11.21535881,63.33,4.794537184,12.84164325,11.65097134,0,4.983978521,9.523678332,8.815517315,0,0,0.111111111,0,1,4,0,0,0,0,4.0258,0,0,0,0,0,0,0,0,1,0,0,0,0,0,0,163,10.66,0.208333333,0.208333333,0.319671229,0.226055117,10.38004459,5.784446402,-0.124969213,0,0,4.794537184,0,0,4.36162037,0,0,14.3633553,0.701292676
0,60,40,0,2,60,25,60,14,0.002949106,-0.481219742,0.481219742,2.043125912,3.061456207,9.523678332,5.693927995,0,4.794537184,0,0,17.54772461,14.31821552,5.969305288,4.983978521,0,12.84164325,22.5810784,0,16.0598112,11.21535881,63.33,4.794537184,12.84164325,11.65097134,0,4.983978521,9.523678332,8.815517315,0,0,0.111111111,0,1,4,0,0,0,0,4.0258,0,0,0,0,0,0,0,0,1,0,0,0,0,0,0,163,10.66,0.208333333,0.208333333,0.319671229,0.226055117,10.38004459,5.784446402,-0.124969213,0,0,4.794537184,0,0,4.36162037,0,0,14.3633553,0.701292676
0,40,60,0,2,60,40,75,90,0.002949106,-0.481219742,0.481219742,2.043125912,3.061456207,9.523678332,5.693927995,0,4.794537184,0,0,17.54772461,14.31821552,5.969305288,4.983978521,0,12.84164325,22.5810784,0,16.0598112,11.21535881,63.33,4.794537184,12.84164325,11.65097134,0,4.983978521,9.523678332,8.815517315,0,0,0.111111111,0,1,4,0,0,0,0,4.0258,0,0,0,0,0,0,0,0,1,0,0,0,0,0,0,163,10.66,0.208333333,0.208333333,0.319671229,0.226055117,10.38004459,5.784446402,-0.124969213,0,0,4.794537184,0,0,4.36162037,0,0,14.3633553,0.701292676
0,20,80,0,2,60,40,75,90,0.002949106,-0.481219742,0.481219742,2.043125912,3.061456207,9.523678332,5.693927995,0,4.794537184,0,0,17.54772461,14.31821552,5.969305288,4.983978521,0,12.84164325,22.5810784,0,16.0598112,11.21535881,63.33,4.794537184,12.84164325,11.65097134,0,4.983978521,9.523678332,8.815517315,0,0,0.111111111,0,1,4,0,0,0,0,4.0258,0,0,0,0,0,0,0,0,1,0,0,0,0,0,0,163,10.66,0.208333333,0.208333333,0.319671229,0.226055117,10.38004459,5.784446402,-0.124969213,0,0,4.794537184,0,0,4.36162037,0,0,14.3633553,0.701292676
0,60,40,0,2,60,40,75,90,0.002949106,-0.481219742,0.481219742,2.043125912,3.061456207,9.523678332,5.693927995,0,4.794537184,0,0,17.54772461,14.31821552,5.969305288,4.983978521,0,12.84164325,22.5810784,0,16.0598112,11.21535881,63.33,4.794537184,12.84164325,11.65097134,0,4.983978521,9.523678332,8.815517315,0,0,0.111111111,0,1,4,0,0,0,0,4.0258,0,0,0,0,0,0,0,0,1,0,0,0,0,0,0,163,10.66,0.208333333,0.208333333,0.319671229,0.226055117,10.38004459,5.784446402,-0.124969213,0,0,4.794537184,0,0,4.36162037,0,0,14.3633553,0.701292676
0,40,60,0,2,60,25,90,14,0.201510886,-0.293990636,0.293990636,1.383608879,3.720410566,0,11.37454504,5.824404498,14.68685165,5.213385096,41.16620444,11.98427311,4.794537184,11.74279952,25.52404354,4.992404733,63.95317022,22.51475897,0,42.80576831,11.33929359,87.13,4.794537184,5.907179729,12.3691609,0,57.87970635,4.992404733,14.46606202,2.757987809,0,0.4,0,1,7,0,1,1,0,4.7774,0,0,1,0,0,0,0,0,0,0,0,0,0,1,0,163,10.66,0.208333333,0.208333333,0.319671229,0.226055117,10.38004459,5.784446402,-0.124969213,0,0,4.794537184,0,0,4.36162037,0,0,14.3633553,0.701292676
0,20,80,0,2,60,25,90,14,0.201510886,-0.293990636,0.293990636,1.383608879,3.720410566,0,11.37454504,5.824404498,14.68685165,5.213385096,41.16620444,11.98427311,4.794537184,11.74279952,25.52404354,4.992404733,63.95317022,22.51475897,0,42.80576831,11.33929359,87.13,4.794537184,5.907179729,12.3691609,0,57.87970635,4.992404733,14.46606202,2.757987809,0,0.4,0,1,7,0,1,1,0,4.7774,0,0,1,0,0,0,0,0,0,0,0,0,0,1,0,163,10.66,0.208333333,0.208333333,0.319671229,0.226055117,10.38004459,5.784446402,-0.124969213,0,0,4.794537184,0,0,4.36162037,0,0,14.3633553,0.701292676
0,60,40,0,2,60,25,90,14,0.201510886,-0.293990636,0.293990636,1.383608879,3.720410566,0,11.37454504,5.824404498,14.68685165,5.213385096,41.16620444,11.98427311,4.794537184,11.74279952,25.52404354,4.992404733,63.95317022,22.51475897,0,42.80576831,11.33929359,87.13,4.794537184,5.907179729,12.3691609,0,57.87970635,4.992404733,14.46606202,2.757987809,0,0.4,0,1,7,0,1,1,0,4.7774,0,0,1,0,0,0,0,0,0,0,0,0,0,1,0,163,10.66,0.208333333,0.208333333,0.319671229,0.226055117,10.38004459,5.784446402,-0.124969213,0,0,4.794537184,0,0,4.36162037,0,0,14.3633553,0.701292676
0,40,60,0,2,60,25,90,14,0.002949106,-0.481219742,0.481219742,2.043125912,3.061456207,9.523678332,5.693927995,0,4.794537184,0,0,17.54772461,14.31821552,5.969305288,4.983978521,0,12.84164325,22.5810784,0,16.0598112,11.21535881,63.33,4.794537184,12.84164325,11.65097134,0,4.983978521,9.523678332,8.815517315,0,0,0.111111111,0,1,4,0,0,0,0,4.0258,0,0,0,0,0,0,0,0,1,0,0,0,0,0,0,163,10.66,0.208333333,0.208333333,0.319671229,0.226055117,10.38004459,5.784446402,-0.124969213,0,0,4.794537184,0,0,4.36162037,0,0,14.3633553,0.701292676
0,20,80,0,2,60,25,90,14,0.002949106,-0.481219742,0.481219742,2.043125912,3.061456207,9.523678332,5.693927995,0,4.794537184,0,0,17.54772461,14.31821552,5.969305288,4.983978521,0,12.84164325,22.5810784,0,16.0598112,11.21535881,63.33,4.794537184,12.84164325,11.65097134,0,4.983978521,9.523678332,8.815517315,0,0,0.111111111,0,1,4,0,0,0,0,4.0258,0,0,0,0,0,0,0,0,1,0,0,0,0,0,0,163,10.66,0.208333333,0.208333333,0.319671229,0.226055117,10.38004459,5.784446402,-0.124969213,0,0,4.794537184,0,0,4.36162037,0,0,14.3633553,0.701292676
0,60,40,0,2,60,25,90,14,0.002949106,-0.481219742,0.481219742,2.043125912,3.061456207,9.523678332,5.693927995,0,4.794537184,0,0,17.54772461,14.31821552,5.969305288,4.983978521,0,12.84164325,22.5810784,0,16.0598112,11.21535881,63.33,4.794537184,12.84164325,11.65097134,0,4.983978521,9.523678332,8.815517315,0,0,0.111111111,0,1,4,0,0,0,0,4.0258,0,0,0,0,0,0,0,0,1,0,0,0,0,0,0,163,10.66,0.208333333,0.208333333,0.319671229,0.226055117,10.38004459,5.784446402,-0.124969213,0,0,4.794537184,0,0,4.36162037,0,0,14.3633553,0.701292676
0,30,70,0,3,100,40,75,14,0.109542249,-0.476165913,0.476165913,2.099929247,5.068964928,9.473725908,5.749511833,0,4.794537184,0,76.22588535,16.1495363,19.06280028,23.35349012,0,0,39.399966,5.749511833,11.60093989,23.45756743,9.531400138,52.6,9.589074368,11.88721133,21.89904813,76.22588535,0,21.0746658,0.579456527,6.852452755,0,0.3,0,0,5,0,0,0,0,4.68,0,0,0,0,0,0,1,0,0,0,0,0,0,0,0,177,10.66,0.208333333,0.208333333,0.319671229,0.226055117,10.38004459,5.784446402,-0.124969213,0,0,4.794537184,0,0,4.36162037,0,0,14.3633553,0.701292676
0,25,75,0,2,40,40,75,30,0.392174356,-0.48726952,0.48726952,1.956916735,5.347720173,24.26424042,25.35894678,0,0,0,24.26546827,36.92302413,18.94745182,22.40817398,9.967957042,0,0,23.84280788,0,50.61507998,9.473725908,74.73,0,0,43.7444143,14.21959508,21.20517996,25.37080171,4.096557302,1.725694845,3.250033739,0.272727273,0,1,7,0,0,0,0,3.4051,0,0,0,0,0,1,0,0,0,0,0,0,0,0,0,70,14.23961392,0.00186207,-0.80801985,0.462332233,0.302403316,9.888116957,5.785271702,-0.156117715,11.93861058,0,33.8737505,19.59963892,0,7.43289591,0,0,14.3633553,0.701292676
0,20,80,0,3,70,40,75,2,0.117617027,-0.496167518,0.496167518,2.258173171,2.02158699,18.94745182,22.08510847,11.38429576,9.589074368,0,0,24.48111484,28.53652618,23.16742978,0,5.917906046,18.94560963,17.2485355,11.60093989,38.49693333,9.531400138,71.06,9.589074368,40.08207303,11.49902367,6.9237372,0,30.54839171,0.178775983,1.769159817,4.307594578,0.411764706,2,0,7,0,0,1,0,2.8103,0,0,0,0,0,1,1,0,0,0,0,0,0,0,0,70,14.23961392,0.00186207,-0.80801985,0.462332233,0.302403316,9.888116957,5.785271702,-0.156117715,11.93861058,0,33.8737505,19.59963892,0,7.43289591,0,0,14.3633553,0.701292676
0,40,60,0,3,60,40,75,1,0.064479397,-0.490790806,0.490790806,0.92529827,7.044519489,24.01040832,43.98707682,5.787111153,0,10.19736362,74.00822951,48.13988298,14.21058886,34.57665233,29.11204766,0,44.7459708,11.43689811,23.20187978,74.6088036,21.80559347,104.7,4.794537184,24.38030702,28.82248205,34.03627687,49.24662987,37.41246864,9.504828284,8.480846895,0,0.371428571,3,0,14,2,2,0,1,5.5773,0,0,0,0,0,0,2,0,0,0,0,0,0,0,0,70,14.23961392,0.00186207,-0.80801985,0.462332233,0.302403316,9.888116957,5.785271702,-0.156117715,11.93861058,0,33.8737505,19.59963892,0,7.43289591,0,0,14.3633553,0.701292676
1,20,60,20,1,150,40,75,90,0.276301965,-0.477583341,0.477583341,2.402484301,2.348382974,10.423316,0,0,0,0,43.17347859,5.687386275,9.901064579,17.34407784,0,0,13.8474744,0,0,11.07583268,0,49.33,4.794537184,5.563451492,5.687386275,18.19910121,5.316788604,5.106527395,12.30968994,4.046290627,0,0.133333333,0,2,3,0,0,0,0,3.74524,0,0,0,0,0,0,0,0,0,1,0,0,0,0,0,122,13.13269316,0.036771796,-1.473910328,0.481218929,0.306221438,9.935517184,5.761778668,-0.390218134,29.84652644,0,23.97268592,0,0,6.25076104,0,0,0,0
0,35,50,15,1,150,40,75,90,0.276301965,-0.477583341,0.477583341,2.402484301,2.348382974,10.423316,0,0,0,0,43.17347859,5.687386275,9.901064579,17.34407784,0,0,13.8474744,0,0,11.07583268,0,49.33,4.794537184,5.563451492,5.687386275,18.19910121,5.316788604,5.106527395,12.30968994,4.046290627,0,0.133333333,0,2,3,0,0,0,0,3.74524,0,0,0,0,0,0,0,0,0,1,0,0,0,0,0,122,13.13269316,0.036771796,-1.473910328,0.481218929,0.306221438,9.935517184,5.761778668,-0.390218134,29.84652644,0,23.97268592,0,0,6.25076104,0,0,0,0
0,40,55,5,1,150,40,75,90,0.276301965,-0.477583341,0.477583341,2.402484301,2.348382974,10.423316,0,0,0,0,43.17347859,5.687386275,9.901064579,17.34407784,0,0,13.8474744,0,0,11.07583268,0,49.33,4.794537184,5.563451492,5.687386275,18.19910121,5.316788604,5.106527395,12.30968994,4.046290627,0,0.133333333,0,2,3,0,0,0,0,3.74524,0,0,0,0,0,0,0,0,0,1,0,0,0,0,0,122,13.13269316,0.036771796,-1.473910328,0.481218929,0.306221438,9.935517184,5.761778668,-0.390218134,29.84652644,0,23.97268592,0,0,6.25076104,0,0,0,0
0,40,50,10,1,150,40,75,90,0.276301965,-0.477583341,0.477583341,2.402484301,2.348382974,10.423316,0,0,0,0,43.17347859,5.687386275,9.901064579,17.34407784,0,0,13.8474744,0,0,11.07583268,0,49.33,4.794537184,5.563451492,5.687386275,18.19910121,5.316788604,5.106527395,12.30968994,4.046290627,0,0.133333333,0,2,3,0,0,0,0,3.74524,0,0,0,0,0,0,0,0,0,1,0,0,0,0,0,122,13.13269316,0.036771796,-1.473910328,0.481218929,0.306221438,9.935517184,5.761778668,-0.390218134,29.84652644,0,23.97268592,0,0,6.25076104,0,0,0,0
1,20,80,0,1,125,25,20,120,0.1354042,-0.465580056,0.465580056,2.699284684,3.58425342,14.79051451,0,0,10.11431827,0,26.33466309,23.52681276,23.98611132,17.62599685,5.316788604,0,26.68911765,0,0,30.57860113,19.06280028,107.77,19.70339264,23.4404773,16.95753012,26.83757867,5.316788604,9.473725908,14.13474997,5.206797586,1.238424115,0.333333333,1,1,8,0,0,0,1,2.5657,0,0,0,0,0,0,0,1,0,0,0,0,0,0,0,106,14.01328809,0.007241923,-1.023293127,0.465728013,0.302404013,9.877673342,5.81236855,-0.15901027,29.84652644,0,52.73990902,24.49954865,0,9.649848996,0,0,14.3633553,0.701292676
1,20,80,0,2,40,25,20,120,0.1354042,-0.465580056,0.465580056,2.699284684,3.58425342,14.79051451,0,0,10.11431827,0,26.33466309,23.52681276,23.98611132,17.62599685,5.316788604,0,26.68911765,0,0,30.57860113,19.06280028,107.77,19.70339264,23.4404773,16.95753012,26.83757867,5.316788604,9.473725908,14.13474997,5.206797586,1.238424115,0.333333333,1,1,8,0,0,0,1,2.5657,0,0,0,0,0,0,0,1,0,0,0,0,0,0,0,106,14.01328809,0.007241923,-1.023293127,0.465728013,0.302404013,9.877673342,5.81236855,-0.15901027,29.84652644,0,52.73990902,24.49954865,0,9.649848996,0,0,14.3633553,0.701292676
0,14.3,85.7,0,2,25,40,75,90,0.023477891,-0.507966251,0.507966251,2.222508972,3.014068593,15.31958218,17.2485355,0,0,0,35.39237126,6.066367068,15.31958218,12.15204021,0,0,0,17.2485355,0,15.31958218,0,60.69,10.21305479,17.2485355,5.563451492,42.47422252,0,5.106527395,27.72556588,0,0,0,0,3,3,0,0,0,0,2.9738,0,0,0,0,0,0,0,0,0,0,3,0,0,0,0,59,7.625,0.125,-0.125,0.393990542,0.06622664,10.81832367,4.062481069,0.185938562,0,0,0,0,0,-0.25,0,0,14.3633553,0.701292676
1,14.3,85.7,0,2,25,40,75,180,0.023477891,-0.507966251,0.507966251,2.222508972,3.014068593,15.31958218,17.2485355,0,0,0,35.39237126,6.066367068,15.31958218,12.15204021,0,0,0,17.2485355,0,15.31958218,0,60.69,10.21305479,17.2485355,5.563451492,42.47422252,0,5.106527395,27.72556588,0,0,0,0,3,3,0,0,0,0,2.9738,0,0,0,0,0,0,0,0,0,0,3,0,0,0,0,163,10.66,0.208333333,0.208333333,0.319671229,0.226055117,10.38004459,5.784446402,-0.124969213,0,0,4.794537184,0,0,4.36162037,0,0,14.3633553,0.701292676
1,14.3,85.7,0,2,25,40,75,180,0.023477891,-0.507966251,0.507966251,2.222508972,3.014068593,15.31958218,17.2485355,0,0,0,35.39237126,6.066367068,15.31958218,12.15204021,0,0,0,17.2485355,0,15.31958218,0,60.69,10.21305479,17.2485355,5.563451492,42.47422252,0,5.106527395,27.72556588,0,0,0,0,3,3,0,0,0,0,2.9738,0,0,0,0,0,0,0,0,0,0,3,0,0,0,0,70,14.23961392,0.00186207,-0.80801985,0.462332233,0.302403316,9.888116957,5.785271702,-0.156117715,11.93861058,0,33.8737505,19.59963892,0,7.43289591,0,0,14.3633553,0.701292676
0,75,25,0,1,220,40,75,180,0.130199338,-0.353710269,0.353710269,1.803450331,4.449718008,9.883888252,0,0,4.992404733,0,86.64387922,27.46188001,0,45.61005377,9.551078169,4.992404733,19.88931523,17.07524226,23.20187978,15.592919,0,42.21,0,6.041840829,10.04526663,0,41.93046386,33.17826303,5.759117324,4.143170778,0,0.111111111,0,1,6,0,0,0,0,7.4898,0,0,0,0,0,2,2,0,0,2,0,0,0,0,0,106,14.01328809,0.007241923,-1.023293127,0.465728013,0.302404013,9.877673342,5.81236855,-0.15901027,29.84652644,0,52.73990902,24.49954865,0,9.649848996,0,0,14.3633553,0.701292676
0,75,25,0,1,220,40,75,180,0.130199338,-0.353710269,0.353710269,1.803450331,4.449718008,9.883888252,0,0,4.992404733,0,86.64387922,27.46188001,0,45.61005377,9.551078169,4.992404733,19.88931523,17.07524226,23.20187978,15.592919,0,42.21,0,6.041840829,10.04526663,0,41.93046386,33.17826303,5.759117324,4.143170778,0,0.111111111,0,1,6,0,0,0,0,7.4898,0,0,0,0,0,2,2,0,0,2,0,0,0,0,0,130,10.66,0.208333333,0.208333333,0.319671229,0.226055117,10.38004459,5.784446402,-0.124969213,0,0,4.794537184,0,0,4.36162037,0,0,14.3633553,0.701292676
1,16.7,83.3,0,2,40,40,75,60,0.040145319,-0.504861547,0.504861547,2.08682722,2.47091526,5.106527395,0,0,14.41654178,0,19.05647134,23.68511424,18.31886156,38.15798011,9.289194512,0,11.81922068,0,11.33678588,35.7683706,14.81782834,99.6,18.31886156,21.91513915,5.13155848,18.32957771,10.30076712,0,13.2104189,1.830855012,-2.671617352,0.142857143,0,2,9,0,0,0,0,1.95092,0,0,0,0,0,1,0,0,0,0,0,0,0,0,0,163,10.66,0.208333333,0.208333333,0.319671229,0.226055117,10.38004459,5.784446402,-0.124969213,0,0,4.794537184,0,0,4.36162037,0,0,14.3633553,0.701292676
0,16.7,83.3,0,2,40,40,75,90,0.040145319,-0.504861547,0.504861547,2.08682722,2.47091526,5.106527395,0,0,14.41654178,0,19.05647134,23.68511424,18.31886156,38.15798011,9.289194512,0,11.81922068,0,11.33678588,35.7683706,14.81782834,99.6,18.31886156,21.91513915,5.13155848,18.32957771,10.30076712,0,13.2104189,1.830855012,-2.671617352,0.142857143,0,2,9,0,0,0,0,1.95092,0,0,0,0,0,1,0,0,0,0,0,0,0,0,0,163,10.66,0.208333333,0.208333333,0.319671229,0.226055117,10.38004459,5.784446402,-0.124969213,0,0,4.794537184,0,0,4.36162037,0,0,14.3633553,0.701292676
0,16.7,83.3,0,2,40,40,75,60,0.040145319,-0.504861547,0.504861547,2.08682722,2.47091526,5.106527395,0,0,14.41654178,0,19.05647134,23.68511424,18.31886156,38.15798011,9.289194512,0,11.81922068,0,11.33678588,35.7683706,14.81782834,99.6,18.31886156,21.91513915,5.13155848,18.32957771,10.30076712,0,13.2104189,1.830855012,-2.671617352,0.142857143,0,2,9,0,0,0,0,1.95092,0,0,0,0,0,1,0,0,0,0,0,0,0,0,0,70,14.23961392,0.00186207,-0.80801985,0.462332233,0.302403316,9.888116957,5.785271702,-0.156117715,11.93861058,0,33.8737505,19.59963892,0,7.43289591,0,0,14.3633553,0.701292676
1,30,70,0,1,150,40,75,90,0.089778638,-0.47807075,0.47807075,1.76E-07,13.72982034,39.69965495,11.67123957,0,9.799819462,0,36.39820241,108.3084412,39.48890986,58.5083926,19.59963892,9.984809465,19.5819339,0,23.5237699,168.7244545,19.06280028,171.2,9.589074368,13.21376393,38.57956807,23.5237699,116.661512,39.88464495,33.21416089,12.02380289,0,0.347826087,0,4,16,2,2,0,0,5.4238,0,0,0,0,0,4,0,0,0,2,0,0,0,0,0,106,14.01328809,0.007241923,-1.023293127,0.465728013,0.302404013,9.877673342,5.81236855,-0.15901027,29.84652644,0,52.73990902,24.49954865,0,9.649848996,0,0,14.3633553,0.701292676
1,40,60,0,2,25,40,75,90,0.589223479,-0.387049101,0.387049101,1.790468244,6.128589623,10.00643713,0,0,0,0,107.3591921,21.61265635,5.106527395,46.45194431,4.899909731,0,45.63472728,11.12690298,34.80281967,29.64070634,0,23.47,5.106527395,0,21.61265635,0,30.88977131,34.80281967,13.50072176,6.976364571,0,0.333333333,1,1,5,0,0,0,1,9.1517,0,0,0,0,0,3,3,0,0,0,0,0,0,0,0,113,12.82572922,0.055981771,-1.569986372,0.481218929,0.306221438,9.948783081,5.761521085,-0.387893507,23.87722115,0,34.49773092,0,0,3.011681888,0,0,14.3633553,0.701292676
1,30,70,0,2,25,40,75,90,0.589223479,-0.387049101,0.387049101,1.790468244,6.128589623,10.00643713,0,0,0,0,107.3591921,21.61265635,5.106527395,46.45194431,4.899909731,0,45.63472728,11.12690298,34.80281967,29.64070634,0,23.47,5.106527395,0,21.61265635,0,30.88977131,34.80281967,13.50072176,6.976364571,0,0.333333333,1,1,5,0,0,0,1,9.1517,0,0,0,0,0,3,3,0,0,0,0,0,0,0,0,113,12.82572922,0.055981771,-1.569986372,0.481218929,0.306221438,9.948783081,5.761521085,-0.387893507,23.87722115,0,34.49773092,0,0,3.011681888,0,0,14.3633553,0.701292676
1,20,80,0,2,25,40,75,90,0.589223479,-0.387049101,0.387049101,1.790468244,6.128589623,10.00643713,0,0,0,0,107.3591921,21.61265635,5.106527395,46.45194431,4.899909731,0,45.63472728,11.12690298,34.80281967,29.64070634,0,23.47,5.106527395,0,21.61265635,0,30.88977131,34.80281967,13.50072176,6.976364571,0,0.333333333,1,1,5,0,0,0,1,9.1517,0,0,0,0,0,3,3,0,0,0,0,0,0,0,0,113,12.82572922,0.055981771,-1.569986372,0.481218929,0.306221438,9.948783081,5.761521085,-0.387893507,23.87722115,0,34.49773092,0,0,3.011681888,0,0,14.3633553,0.701292676
1,20,80,0,2,25,30,65,30,0.067062433,-0.443765204,0.443765204,1.463767069,12.21811937,30.69366589,12.64872279,5.907179729,9.778515705,0,36.3072739,30.5843252,24.2270019,40.70510607,30.81823258,5.917906046,90.25644696,0,22.67357176,69.28308934,35.52468175,145.78,19.49013895,30.88390388,25.3043057,30.09184071,39.76579725,4.736862954,23.49062768,8.282283762,1.676380035,0.432432432,4,4,13,0,0,0,0,5.9052,0,0,0,1,0,0,0,0,0,0,0,0,0,0,1,106,14.01328809,0.007241923,-1.023293127,0.465728013,0.302404013,9.877673342,5.81236855,-0.15901027,29.84652644,0,52.73990902,24.49954865,0,9.649848996,0,0,14.3633553,0.701292676
1,20,70,10,2,25,30,65,30,0.067062433,-0.443765204,0.443765204,1.463767069,12.21811937,30.69366589,12.64872279,5.907179729,9.778515705,0,36.3072739,30.5843252,24.2270019,40.70510607,30.81823258,5.917906046,90.25644696,0,22.67357176,69.28308934,35.52468175,145.78,19.49013895,30.88390388,25.3043057,30.09184071,39.76579725,4.736862954,23.49062768,8.282283762,1.676380035,0.432432432,4,4,13,0,0,0,0,5.9052,0,0,0,1,0,0,0,0,0,0,0,0,0,0,1,106,14.01328809,0.007241923,-1.023293127,0.465728013,0.302404013,9.877673342,5.81236855,-0.15901027,29.84652644,0,52.73990902,24.49954865,0,9.649848996,0,0,0,0
1,20,80,0,2,25,25,60,30,0.067062433,-0.443765204,0.443765204,1.463767069,12.21811937,30.69366589,12.64872279,5.907179729,9.778515705,0,36.3072739,30.5843252,24.2270019,40.70510607,30.81823258,5.917906046,90.25644696,0,22.67357176,69.28308934,35.52468175,145.78,19.49013895,30.88390388,25.3043057,30.09184071,39.76579725,4.736862954,23.49062768,8.282283762,1.676380035,0.432432432,4,4,13,0,0,0,0,5.9052,0,0,0,1,0,0,0,0,0,0,0,0,0,0,1,106,14.01328809,0.007241923,-1.023293127,0.465728013,0.302404013,9.877673342,5.81236855,-0.15901027,29.84652644,0,52.73990902,24.49954865,0,9.649848996,0,0,14.3633553,0.701292676
1,20,70,10,2,25,25,60,30,0.067062433,-0.443765204,0.443765204,1.463767069,12.21811937,30.69366589,12.64872279,5.907179729,9.778515705,0,36.3072739,30.5843252,24.2270019,40.70510607,30.81823258,5.917906046,90.25644696,0,22.67357176,69.28308934,35.52468175,145.78,19.49013895,30.88390388,25.3043057,30.09184071,39.76579725,4.736862954,23.49062768,8.282283762,1.676380035,0.432432432,4,4,13,0,0,0,0,5.9052,0,0,0,1,0,0,0,0,0,0,0,0,0,0,1,106,14.01328809,0.007241923,-1.023293127,0.465728013,0.302404013,9.877673342,5.81236855,-0.15901027,29.84652644,0,52.73990902,24.49954865,0,9.649848996,0,0,0,0
1,20,80,0,1,130,40,75,30,0.067062433,-0.443765204,0.443765204,1.463767069,12.21811937,30.69366589,12.64872279,5.907179729,9.778515705,0,36.3072739,30.5843252,24.2270019,40.70510607,30.81823258,5.917906046,90.25644696,0,22.67357176,69.28308934,35.52468175,145.78,19.49013895,30.88390388,25.3043057,30.09184071,39.76579725,4.736862954,23.49062768,8.282283762,1.676380035,0.432432432,4,4,13,0,0,0,0,5.9052,0,0,0,1,0,0,0,0,0,0,0,0,0,0,1,106,14.01328809,0.007241923,-1.023293127,0.465728013,0.302404013,9.877673342,5.81236855,-0.15901027,29.84652644,0,52.73990902,24.49954865,0,9.649848996,0,0,14.3633553,0.701292676
1,20,70,10,1,130,40,75,30,0.067062433,-0.443765204,0.443765204,1.463767069,12.21811937,30.69366589,12.64872279,5.907179729,9.778515705,0,36.3072739,30.5843252,24.2270019,40.70510607,30.81823258,5.917906046,90.25644696,0,22.67357176,69.28308934,35.52468175,145.78,19.49013895,30.88390388,25.3043057,30.09184071,39.76579725,4.736862954,23.49062768,8.282283762,1.676380035,0.432432432,4,4,13,0,0,0,0,5.9052,0,0,0,1,0,0,0,0,0,0,0,0,0,0,1,106,14.01328809,0.007241923,-1.023293127,0.465728013,0.302404013,9.877673342,5.81236855,-0.15901027,29.84652644,0,52.73990902,24.49954865,0,9.649848996,0,0,0,0
1,20,80,0,1,130,25,60,360,0.067062433,-0.443765204,0.443765204,1.463767069,12.21811937,30.69366589,12.64872279,5.907179729,9.778515705,0,36.3072739,30.5843252,24.2270019,40.70510607,30.81823258,5.917906046,90.25644696,0,22.67357176,69.28308934,35.52468175,145.78,19.49013895,30.88390388,25.3043057,30.09184071,39.76579725,4.736862954,23.49062768,8.282283762,1.676380035,0.432432432,4,4,13,0,0,0,0,5.9052,0,0,0,1,0,0,0,0,0,0,0,0,0,0,1,106,14.01328809,0.007241923,-1.023293127,0.465728013,0.302404013,9.877673342,5.81236855,-0.15901027,29.84652644,0,52.73990902,24.49954865,0,9.649848996,0,0,14.3633553,0.701292676
1,20,70,10,1,130,25,60,360,0.067062433,-0.443765204,0.443765204,1.463767069,12.21811937,30.69366589,12.64872279,5.907179729,9.778515705,0,36.3072739,30.5843252,24.2270019,40.70510607,30.81823258,5.917906046,90.25644696,0,22.67357176,69.28308934,35.52468175,145.78,19.49013895,30.88390388,25.3043057,30.09184071,39.76579725,4.736862954,23.49062768,8.282283762,1.676380035,0.432432432,4,4,13,0,0,0,0,5.9052,0,0,0,1,0,0,0,0,0,0,0,0,0,0,1,106,14.01328809,0.007241923,-1.023293127,0.465728013,0.302404013,9.877673342,5.81236855,-0.15901027,29.84652644,0,52.73990902,24.49954865,0,9.649848996,0,0,0,0
1,20,80,0,2,25,40,75,30,0.067062433,-0.443765204,0.443765204,1.463767069,12.21811937,30.69366589,12.64872279,5.907179729,9.778515705,0,36.3072739,30.5843252,24.2270019,40.70510607,30.81823258,5.917906046,90.25644696,0,22.67357176,69.28308934,35.52468175,145.78,19.49013895,30.88390388,25.3043057,30.09184071,39.76579725,4.736862954,23.49062768,8.282283762,1.676380035,0.432432432,4,4,13,0,0,0,0,5.9052,0,0,0,1,0,0,0,0,0,0,0,0,0,0,1,106,14.01328809,0.007241923,-1.023293127,0.465728013,0.302404013,9.877673342,5.81236855,-0.15901027,29.84652644,0,52.73990902,24.49954865,0,9.649848996,0,0,14.3633553,0.701292676
1,20,70,10,2,25,40,75,30,0.067062433,-0.443765204,0.443765204,1.463767069,12.21811937,30.69366589,12.64872279,5.907179729,9.778515705,0,36.3072739,30.5843252,24.2270019,40.70510607,30.81823258,5.917906046,90.25644696,0,22.67357176,69.28308934,35.52468175,145.78,19.49013895,30.88390388,25.3043057,30.09184071,39.76579725,4.736862954,23.49062768,8.282283762,1.676380035,0.432432432,4,4,13,0,0,0,0,5.9052,0,0,0,1,0,0,0,0,0,0,0,0,0,0,1,106,14.01328809,0.007241923,-1.023293127,0.465728013,0.302404013,9.877673342,5.81236855,-0.15901027,29.84652644,0,52.73990902,24.49954865,0,9.649848996,0,0,0,0
0,20,80,0,3,90,22,93,30,0.473518519,-0.350883837,0.350883837,2.30525079,1.569155278,5.733667477,0,0,4.899909731,0,23.25963712,0,4.794537184,29.55792728,0,5.733667477,0,0,0,6.031114512,0,46.33,4.794537184,0,0,4.899909731,0,5.733667477,0,0,0,0,0,1,3,0,0,0,0,3.3872,0,0,0,0,0,2,0,0,0,2,0,0,1,0,1,165,10.66,0.208333333,0.208333333,0.319671229,0.226055117,10.38004459,5.784446402,-0.124969213,0,0,4.794537184,0,0,4.36162037,0,0,14.3633553,0.701292676
0,50,50,0,3,90,22,93,30,0.473518519,-0.350883837,0.350883837,2.30525079,1.569155278,5.733667477,0,0,4.899909731,0,23.25963712,0,4.794537184,29.55792728,0,5.733667477,0,0,0,6.031114512,0,46.33,4.794537184,0,0,4.899909731,0,5.733667477,0,0,0,0,0,1,3,0,0,0,0,3.3872,0,0,0,0,0,2,0,0,0,2,0,0,1,0,1,165,10.66,0.208333333,0.208333333,0.319671229,0.226055117,10.38004459,5.784446402,-0.124969213,0,0,4.794537184,0,0,4.36162037,0,0,14.3633553,0.701292676
0,70,30,0,3,90,22,93,30,0.473518519,-0.350883837,0.350883837,2.30525079,1.569155278,5.733667477,0,0,4.899909731,0,23.25963712,0,4.794537184,29.55792728,0,5.733667477,0,0,0,6.031114512,0,46.33,4.794537184,0,0,4.899909731,0,5.733667477,0,0,0,0,0,1,3,0,0,0,0,3.3872,0,0,0,0,0,2,0,0,0,2,0,0,1,0,1,165,10.66,0.208333333,0.208333333,0.319671229,0.226055117,10.38004459,5.784446402,-0.124969213,0,0,4.794537184,0,0,4.36162037,0,0,14.3633553,0.701292676
0,90,10,0,3,90,22,93,30,0.473518519,-0.350883837,0.350883837,2.30525079,1.569155278,5.733667477,0,0,4.899909731,0,23.25963712,0,4.794537184,29.55792728,0,5.733667477,0,0,0,6.031114512,0,46.33,4.794537184,0,0,4.899909731,0,5.733667477,0,0,0,0,0,1,3,0,0,0,0,3.3872,0,0,0,0,0,2,0,0,0,2,0,0,1,0,1,165,10.66,0.208333333,0.208333333,0.319671229,0.226055117,10.38004459,5.784446402,-0.124969213,0,0,4.794537184,0,0,4.36162037,0,0,14.3633553,0.701292676
0,95,5,0,3,90,22,93,30,0.473518519,-0.350883837,0.350883837,2.30525079,1.569155278,5.733667477,0,0,4.899909731,0,23.25963712,0,4.794537184,29.55792728,0,5.733667477,0,0,0,6.031114512,0,46.33,4.794537184,0,0,4.899909731,0,5.733667477,0,0,0,0,0,1,3,0,0,0,0,3.3872,0,0,0,0,0,2,0,0,0,2,0,0,1,0,1,165,10.66,0.208333333,0.208333333,0.319671229,0.226055117,10.38004459,5.784446402,-0.124969213,0,0,4.794537184,0,0,4.36162037,0,0,14.3633553,0.701292676
0,20,80,0,3,85,22,93,30,0.351296296,-0.338721321,0.338721321,3.211853813,0.850794084,4.983978521,5.516700718,0,13.92873648,0,0,14.09534397,0,11.16387794,19.10215634,14.09534397,0,0,0,19.10215634,14.09534397,72.68,9.589074368,11.24901029,11.16387794,7.047671983,9.967957042,0,0,0,3.009814815,0.285714286,0,1,6,0,0,0,0,-1.0397,0,0,1,0,0,1,0,0,0,0,0,0,0,0,0,165,10.66,0.208333333,0.208333333,0.319671229,0.226055117,10.38004459,5.784446402,-0.124969213,0,0,4.794537184,0,0,4.36162037,0,0,14.3633553,0.701292676
0,50,50,0,3,85,22,93,30,0.351296296,-0.338721321,0.338721321,3.211853813,0.850794084,4.983978521,5.516700718,0,13.92873648,0,0,14.09534397,0,11.16387794,19.10215634,14.09534397,0,0,0,19.10215634,14.09534397,72.68,9.589074368,11.24901029,11.16387794,7.047671983,9.967957042,0,0,0,3.009814815,0.285714286,0,1,6,0,0,0,0,-1.0397,0,0,1,0,0,1,0,0,0,0,0,0,0,0,0,165,10.66,0.208333333,0.208333333,0.319671229,0.226055117,10.38004459,5.784446402,-0.124969213,0,0,4.794537184,0,0,4.36162037,0,0,14.3633553,0.701292676
0,70,30,0,3,85,22,93,30,0.351296296,-0.338721321,0.338721321,3.211853813,0.850794084,4.983978521,5.516700718,0,13.92873648,0,0,14.09534397,0,11.16387794,19.10215634,14.09534397,0,0,0,19.10215634,14.09534397,72.68,9.589074368,11.24901029,11.16387794,7.047671983,9.967957042,0,0,0,3.009814815,0.285714286,0,1,6,0,0,0,0,-1.0397,0,0,1,0,0,1,0,0,0,0,0,0,0,0,0,165,10.66,0.208333333,0.208333333,0.319671229,0.226055117,10.38004459,5.784446402,-0.124969213,0,0,4.794537184,0,0,4.36162037,0,0,14.3633553,0.701292676
0,90,10,0,3,85,22,93,30,0.351296296,-0.338721321,0.338721321,3.211853813,0.850794084,4.983978521,5.516700718,0,13.92873648,0,0,14.09534397,0,11.16387794,19.10215634,14.09534397,0,0,0,19.10215634,14.09534397,72.68,9.589074368,11.24901029,11.16387794,7.047671983,9.967957042,0,0,0,3.009814815,0.285714286,0,1,6,0,0,0,0,-1.0397,0,0,1,0,0,1,0,0,0,0,0,0,0,0,0,165,10.66,0.208333333,0.208333333,0.319671229,0.226055117,10.38004459,5.784446402,-0.124969213,0,0,4.794537184,0,0,4.36162037,0,0,14.3633553,0.701292676
0,95,5,0,3,85,22,93,30,0.351296296,-0.338721321,0.338721321,3.211853813,0.850794084,4.983978521,5.516700718,0,13.92873648,0,0,14.09534397,0,11.16387794,19.10215634,14.09534397,0,0,0,19.10215634,14.09534397,72.68,9.589074368,11.24901029,11.16387794,7.047671983,9.967957042,0,0,0,3.009814815,0.285714286,0,1,6,0,0,0,0,-1.0397,0,0,1,0,0,1,0,0,0,0,0,0,0,0,0,165,10.66,0.208333333,0.208333333,0.319671229,0.226055117,10.38004459,5.784446402,-0.124969213,0,0,4.794537184,0,0,4.36162037,0,0,14.3633553,0.701292676
1,20,80,0,3,85,22,93,90,0.473518519,-0.350883837,0.350883837,2.30525079,1.569155278,5.733667477,0,0,4.899909731,0,23.25963712,0,4.794537184,29.55792728,0,5.733667477,0,0,0,6.031114512,0,46.33,4.794537184,0,0,4.899909731,0,5.733667477,0,0,0,0,0,1,3,0,0,0,0,3.3872,0,0,0,0,0,2,0,0,0,2,0,0,1,0,1,125.8,13.13269316,0.036771796,-1.473910328,0.481218929,0.306221438,9.935517184,5.761778668,-0.390218134,29.84652644,0,23.97268592,0,0,6.25076104,0,0,14.3633553,0.701292676
0,20,80,0,3,85,22,93,180,0.473518519,-0.350883837,0.350883837,2.30525079,1.569155278,5.733667477,0,0,4.899909731,0,23.25963712,0,4.794537184,29.55792728,0,5.733667477,0,0,0,6.031114512,0,46.33,4.794537184,0,0,4.899909731,0,5.733667477,0,0,0,0,0,1,3,0,0,0,0,3.3872,0,0,0,0,0,2,0,0,0,2,0,0,1,0,1,125.8,13.13269316,0.036771796,-1.473910328,0.481218929,0.306221438,9.935517184,5.761778668,-0.390218134,29.84652644,0,23.97268592,0,0,6.25076104,0,0,14.3633553,0.701292676
0,50,50,0,3,85,22,93,30,0.473518519,-0.350883837,0.350883837,2.30525079,1.569155278,5.733667477,0,0,4.899909731,0,23.25963712,0,4.794537184,29.55792728,0,5.733667477,0,0,0,6.031114512,0,46.33,4.794537184,0,0,4.899909731,0,5.733667477,0,0,0,0,0,1,3,0,0,0,0,3.3872,0,0,0,0,0,2,0,0,0,2,0,0,1,0,1,125.8,13.13269316,0.036771796,-1.473910328,0.481218929,0.306221438,9.935517184,5.761778668,-0.390218134,29.84652644,0,23.97268592,0,0,6.25076104,0,0,14.3633553,0.701292676
0,70,30,0,3,85,22,93,30,0.473518519,-0.350883837,0.350883837,2.30525079,1.569155278,5.733667477,0,0,4.899909731,0,23.25963712,0,4.794537184,29.55792728,0,5.733667477,0,0,0,6.031114512,0,46.33,4.794537184,0,0,4.899909731,0,5.733667477,0,0,0,0,0,1,3,0,0,0,0,3.3872,0,0,0,0,0,2,0,0,0,2,0,0,1,0,1,125.8,13.13269316,0.036771796,-1.473910328,0.481218929,0.306221438,9.935517184,5.761778668,-0.390218134,29.84652644,0,23.97268592,0,0,6.25076104,0,0,14.3633553,0.701292676
0,90,10,0,3,85,22,93,30,0.473518519,-0.350883837,0.350883837,2.30525079,1.569155278,5.733667477,0,0,4.899909731,0,23.25963712,0,4.794537184,29.55792728,0,5.733667477,0,0,0,6.031114512,0,46.33,4.794537184,0,0,4.899909731,0,5.733667477,0,0,0,0,0,1,3,0,0,0,0,3.3872,0,0,0,0,0,2,0,0,0,2,0,0,1,0,1,125.8,13.13269316,0.036771796,-1.473910328,0.481218929,0.306221438,9.935517184,5.761778668,-0.390218134,29.84652644,0,23.97268592,0,0,6.25076104,0,0,14.3633553,0.701292676
0,95,5,0,3,85,22,93,30,0.473518519,-0.350883837,0.350883837,2.30525079,1.569155278,5.733667477,0,0,4.899909731,0,23.25963712,0,4.794537184,29.55792728,0,5.733667477,0,0,0,6.031114512,0,46.33,4.794537184,0,0,4.899909731,0,5.733667477,0,0,0,0,0,1,3,0,0,0,0,3.3872,0,0,0,0,0,2,0,0,0,2,0,0,1,0,1,125.8,13.13269316,0.036771796,-1.473910328,0.481218929,0.306221438,9.935517184,5.761778668,-0.390218134,29.84652644,0,23.97268592,0,0,6.25076104,0,0,14.3633553,0.701292676
0,20,80,0,3,90,22,86,30,0.473518519,-0.350883837,0.350883837,2.30525079,1.569155278,5.733667477,0,0,4.899909731,0,23.25963712,0,4.794537184,29.55792728,0,5.733667477,0,0,0,6.031114512,0,46.33,4.794537184,0,0,4.899909731,0,5.733667477,0,0,0,0,0,1,3,0,0,0,0,3.3872,0,0,0,0,0,2,0,0,0,2,0,0,1,0,1,165,10.66,0.208333333,0.208333333,0.319671229,0.226055117,10.38004459,5.784446402,-0.124969213,0,0,4.794537184,0,0,4.36162037,0,0,14.3633553,0.701292676
0,50,50,0,3,90,22,86,30,0.473518519,-0.350883837,0.350883837,2.30525079,1.569155278,5.733667477,0,0,4.899909731,0,23.25963712,0,4.794537184,29.55792728,0,5.733667477,0,0,0,6.031114512,0,46.33,4.794537184,0,0,4.899909731,0,5.733667477,0,0,0,0,0,1,3,0,0,0,0,3.3872,0,0,0,0,0,2,0,0,0,2,0,0,1,0,1,165,10.66,0.208333333,0.208333333,0.319671229,0.226055117,10.38004459,5.784446402,-0.124969213,0,0,4.794537184,0,0,4.36162037,0,0,14.3633553,0.701292676
0,70,30,0,3,90,22,86,30,0.473518519,-0.350883837,0.350883837,2.30525079,1.569155278,5.733667477,0,0,4.899909731,0,23.25963712,0,4.794537184,29.55792728,0,5.733667477,0,0,0,6.031114512,0,46.33,4.794537184,0,0,4.899909731,0,5.733667477,0,0,0,0,0,1,3,0,0,0,0,3.3872,0,0,0,0,0,2,0,0,0,2,0,0,1,0,1,165,10.66,0.208333333,0.208333333,0.319671229,0.226055117,10.38004459,5.784446402,-0.124969213,0,0,4.794537184,0,0,4.36162037,0,0,14.3633553,0.701292676
0,90,10,0,3,90,22,86,30,0.473518519,-0.350883837,0.350883837,2.30525079,1.569155278,5.733667477,0,0,4.899909731,0,23.25963712,0,4.794537184,29.55792728,0,5.733667477,0,0,0,6.031114512,0,46.33,4.794537184,0,0,4.899909731,0,5.733667477,0,0,0,0,0,1,3,0,0,0,0,3.3872,0,0,0,0,0,2,0,0,0,2,0,0,1,0,1,165,10.66,0.208333333,0.208333333,0.319671229,0.226055117,10.38004459,5.784446402,-0.124969213,0,0,4.794537184,0,0,4.36162037,0,0,14.3633553,0.701292676
0,95,5,0,3,90,22,86,30,0.473518519,-0.350883837,0.350883837,2.30525079,1.569155278,5.733667477,0,0,4.899909731,0,23.25963712,0,4.794537184,29.55792728,0,5.733667477,0,0,0,6.031114512,0,46.33,4.794537184,0,0,4.899909731,0,5.733667477,0,0,0,0,0,1,3,0,0,0,0,3.3872,0,0,0,0,0,2,0,0,0,2,0,0,1,0,1,165,10.66,0.208333333,0.208333333,0.319671229,0.226055117,10.38004459,5.784446402,-0.124969213,0,0,4.794537184,0,0,4.36162037,0,0,14.3633553,0.701292676
0,20,80,0,3,85,22,86,30,0.351296296,-0.338721321,0.338721321,3.211853813,0.850794084,4.983978521,5.516700718,0,13.92873648,0,0,14.09534397,0,11.16387794,19.10215634,14.09534397,0,0,0,19.10215634,14.09534397,72.68,9.589074368,11.24901029,11.16387794,7.047671983,9.967957042,0,0,0,3.009814815,0.285714286,0,1,6,0,0,0,0,-1.0397,0,0,1,0,0,1,0,0,0,0,0,0,0,0,0,165,10.66,0.208333333,0.208333333,0.319671229,0.226055117,10.38004459,5.784446402,-0.124969213,0,0,4.794537184,0,0,4.36162037,0,0,14.3633553,0.701292676
0,50,50,0,3,85,22,86,30,0.351296296,-0.338721321,0.338721321,3.211853813,0.850794084,4.983978521,5.516700718,0,13.92873648,0,0,14.09534397,0,11.16387794,19.10215634,14.09534397,0,0,0,19.10215634,14.09534397,72.68,9.589074368,11.24901029,11.16387794,7.047671983,9.967957042,0,0,0,3.009814815,0.285714286,0,1,6,0,0,0,0,-1.0397,0,0,1,0,0,1,0,0,0,0,0,0,0,0,0,165,10.66,0.208333333,0.208333333,0.319671229,0.226055117,10.38004459,5.784446402,-0.124969213,0,0,4.794537184,0,0,4.36162037,0,0,14.3633553,0.701292676
0,70,30,0,3,85,22,86,30,0.351296296,-0.338721321,0.338721321,3.211853813,0.850794084,4.983978521,5.516700718,0,13.92873648,0,0,14.09534397,0,11.16387794,19.10215634,14.09534397,0,0,0,19.10215634,14.09534397,72.68,9.589074368,11.24901029,11.16387794,7.047671983,9.967957042,0,0,0,3.009814815,0.285714286,0,1,6,0,0,0,0,-1.0397,0,0,1,0,0,1,0,0,0,0,0,0,0,0,0,165,10.66,0.208333333,0.208333333,0.319671229,0.226055117,10.38004459,5.784446402,-0.124969213,0,0,4.794537184,0,0,4.36162037,0,0,14.3633553,0.701292676
0,90,10,0,3,85,22,86,30,0.351296296,-0.338721321,0.338721321,3.211853813,0.850794084,4.983978521,5.516700718,0,13.92873648,0,0,14.09534397,0,11.16387794,19.10215634,14.09534397,0,0,0,19.10215634,14.09534397,72.68,9.589074368,11.24901029,11.16387794,7.047671983,9.967957042,0,0,0,3.009814815,0.285714286,0,1,6,0,0,0,0,-1.0397,0,0,1,0,0,1,0,0,0,0,0,0,0,0,0,165,10.66,0.208333333,0.208333333,0.319671229,0.226055117,10.38004459,5.784446402,-0.124969213,0,0,4.794537184,0,0,4.36162037,0,0,14.3633553,0.701292676
0,95,5,0,3,85,22,86,30,0.351296296,-0.338721321,0.338721321,3.211853813,0.850794084,4.983978521,5.516700718,0,13.92873648,0,0,14.09534397,0,11.16387794,19.10215634,14.09534397,0,0,0,19.10215634,14.09534397,72.68,9.589074368,11.24901029,11.16387794,7.047671983,9.967957042,0,0,0,3.009814815,0.285714286,0,1,6,0,0,0,0,-1.0397,0,0,1,0,0,1,0,0,0,0,0,0,0,0,0,165,10.66,0.208333333,0.208333333,0.319671229,0.226055117,10.38004459,5.784446402,-0.124969213,0,0,4.794537184,0,0,4.36162037,0,0,14.3633553,0.701292676
1,20,80,0,3,85,22,86,180,0.473518519,-0.350883837,0.350883837,2.30525079,1.569155278,5.733667477,0,0,4.899909731,0,23.25963712,0,4.794537184,29.55792728,0,5.733667477,0,0,0,6.031114512,0,46.33,4.794537184,0,0,4.899909731,0,5.733667477,0,0,0,0,0,1,3,0,0,0,0,3.3872,0,0,0,0,0,2,0,0,0,2,0,0,1,0,1,125.8,13.13269316,0.036771796,-1.473910328,0.481218929,0.306221438,9.935517184,5.761778668,-0.390218134,29.84652644,0,23.97268592,0,0,6.25076104,0,0,14.3633553,0.701292676
0,50,50,0,3,85,22,86,30,0.473518519,-0.350883837,0.350883837,2.30525079,1.569155278,5.733667477,0,0,4.899909731,0,23.25963712,0,4.794537184,29.55792728,0,5.733667477,0,0,0,6.031114512,0,46.33,4.794537184,0,0,4.899909731,0,5.733667477,0,0,0,0,0,1,3,0,0,0,0,3.3872,0,0,0,0,0,2,0,0,0,2,0,0,1,0,1,125.8,13.13269316,0.036771796,-1.473910328,0.481218929,0.306221438,9.935517184,5.761778668,-0.390218134,29.84652644,0,23.97268592,0,0,6.25076104,0,0,14.3633553,0.701292676
0,70,30,0,3,85,22,86,30,0.473518519,-0.350883837,0.350883837,2.30525079,1.569155278,5.733667477,0,0,4.899909731,0,23.25963712,0,4.794537184,29.55792728,0,5.733667477,0,0,0,6.031114512,0,46.33,4.794537184,0,0,4.899909731,0,5.733667477,0,0,0,0,0,1,3,0,0,0,0,3.3872,0,0,0,0,0,2,0,0,0,2,0,0,1,0,1,125.8,13.13269316,0.036771796,-1.473910328,0.481218929,0.306221438,9.935517184,5.761778668,-0.390218134,29.84652644,0,23.97268592,0,0,6.25076104,0,0,14.3633553,0.701292676
0,90,10,0,3,85,22,86,30,0.473518519,-0.350883837,0.350883837,2.30525079,1.569155278,5.733667477,0,0,4.899909731,0,23.25963712,0,4.794537184,29.55792728,0,5.733667477,0,0,0,6.031114512,0,46.33,4.794537184,0,0,4.899909731,0,5.733667477,0,0,0,0,0,1,3,0,0,0,0,3.3872,0,0,0,0,0,2,0,0,0,2,0,0,1,0,1,125.8,13.13269316,0.036771796,-1.473910328,0.481218929,0.306221438,9.935517184,5.761778668,-0.390218134,29.84652644,0,23.97268592,0,0,6.25076104,0,0,14.3633553,0.701292676
0,95,5,0,3,85,22,86,30,0.473518519,-0.350883837,0.350883837,2.30525079,1.569155278,5.733667477,0,0,4.899909731,0,23.25963712,0,4.794537184,29.55792728,0,5.733667477,0,0,0,6.031114512,0,46.33,4.794537184,0,0,4.899909731,0,5.733667477,0,0,0,0,0,1,3,0,0,0,0,3.3872,0,0,0,0,0,2,0,0,0,2,0,0,1,0,1,125.8,13.13269316,0.036771796,-1.473910328,0.481218929,0.306221438,9.935517184,5.761778668,-0.390218134,29.84652644,0,23.97268592,0,0,6.25076104,0,0,14.3633553,0.701292676
1,20,80,0,3,90,22,76,90,0.473518519,-0.350883837,0.350883837,2.30525079,1.569155278,5.733667477,0,0,4.899909731,0,23.25963712,0,4.794537184,29.55792728,0,5.733667477,0,0,0,6.031114512,0,46.33,4.794537184,0,0,4.899909731,0,5.733667477,0,0,0,0,0,1,3,0,0,0,0,3.3872,0,0,0,0,0,2,0,0,0,2,0,0,1,0,1,165,10.66,0.208333333,0.208333333,0.319671229,0.226055117,10.38004459,5.784446402,-0.124969213,0,0,4.794537184,0,0,4.36162037,0,0,14.3633553,0.701292676
0,20,80,0,3,90,22,76,180,0.473518519,-0.350883837,0.350883837,2.30525079,1.569155278,5.733667477,0,0,4.899909731,0,23.25963712,0,4.794537184,29.55792728,0,5.733667477,0,0,0,6.031114512,0,46.33,4.794537184,0,0,4.899909731,0,5.733667477,0,0,0,0,0,1,3,0,0,0,0,3.3872,0,0,0,0,0,2,0,0,0,2,0,0,1,0,1,165,10.66,0.208333333,0.208333333,0.319671229,0.226055117,10.38004459,5.784446402,-0.124969213,0,0,4.794537184,0,0,4.36162037,0,0,14.3633553,0.701292676
0,50,50,0,3,90,22,76,30,0.473518519,-0.350883837,0.350883837,2.30525079,1.569155278,5.733667477,0,0,4.899909731,0,23.25963712,0,4.794537184,29.55792728,0,5.733667477,0,0,0,6.031114512,0,46.33,4.794537184,0,0,4.899909731,0,5.733667477,0,0,0,0,0,1,3,0,0,0,0,3.3872,0,0,0,0,0,2,0,0,0,2,0,0,1,0,1,165,10.66,0.208333333,0.208333333,0.319671229,0.226055117,10.38004459,5.784446402,-0.124969213,0,0,4.794537184,0,0,4.36162037,0,0,14.3633553,0.701292676
0,70,30,0,3,90,22,76,30,0.473518519,-0.350883837,0.350883837,2.30525079,1.569155278,5.733667477,0,0,4.899909731,0,23.25963712,0,4.794537184,29.55792728,0,5.733667477,0,0,0,6.031114512,0,46.33,4.794537184,0,0,4.899909731,0,5.733667477,0,0,0,0,0,1,3,0,0,0,0,3.3872,0,0,0,0,0,2,0,0,0,2,0,0,1,0,1,165,10.66,0.208333333,0.208333333,0.319671229,0.226055117,10.38004459,5.784446402,-0.124969213,0,0,4.794537184,0,0,4.36162037,0,0,14.3633553,0.701292676
0,90,10,0,3,90,22,76,30,0.473518519,-0.350883837,0.350883837,2.30525079,1.569155278,5.733667477,0,0,4.899909731,0,23.25963712,0,4.794537184,29.55792728,0,5.733667477,0,0,0,6.031114512,0,46.33,4.794537184,0,0,4.899909731,0,5.733667477,0,0,0,0,0,1,3,0,0,0,0,3.3872,0,0,0,0,0,2,0,0,0,2,0,0,1,0,1,165,10.66,0.208333333,0.208333333,0.319671229,0.226055117,10.38004459,5.784446402,-0.124969213,0,0,4.794537184,0,0,4.36162037,0,0,14.3633553,0.701292676
0,95,5,0,3,90,22,76,30,0.473518519,-0.350883837,0.350883837,2.30525079,1.569155278,5.733667477,0,0,4.899909731,0,23.25963712,0,4.794537184,29.55792728,0,5.733667477,0,0,0,6.031114512,0,46.33,4.794537184,0,0,4.899909731,0,5.733667477,0,0,0,0,0,1,3,0,0,0,0,3.3872,0,0,0,0,0,2,0,0,0,2,0,0,1,0,1,165,10.66,0.208333333,0.208333333,0.319671229,0.226055117,10.38004459,5.784446402,-0.124969213,0,0,4.794537184,0,0,4.36162037,0,0,14.3633553,0.701292676
0,20,80,0,3,85,22,76,30,0.351296296,-0.338721321,0.338721321,3.211853813,0.850794084,4.983978521,5.516700718,0,13.92873648,0,0,14.09534397,0,11.16387794,19.10215634,14.09534397,0,0,0,19.10215634,14.09534397,72.68,9.589074368,11.24901029,11.16387794,7.047671983,9.967957042,0,0,0,3.009814815,0.285714286,0,1,6,0,0,0,0,-1.0397,0,0,1,0,0,1,0,0,0,0,0,0,0,0,0,165,10.66,0.208333333,0.208333333,0.319671229,0.226055117,10.38004459,5.784446402,-0.124969213,0,0,4.794537184,0,0,4.36162037,0,0,14.3633553,0.701292676
0,50,50,0,3,85,22,76,30,0.351296296,-0.338721321,0.338721321,3.211853813,0.850794084,4.983978521,5.516700718,0,13.92873648,0,0,14.09534397,0,11.16387794,19.10215634,14.09534397,0,0,0,19.10215634,14.09534397,72.68,9.589074368,11.24901029,11.16387794,7.047671983,9.967957042,0,0,0,3.009814815,0.285714286,0,1,6,0,0,0,0,-1.0397,0,0,1,0,0,1,0,0,0,0,0,0,0,0,0,165,10.66,0.208333333,0.208333333,0.319671229,0.226055117,10.38004459,5.784446402,-0.124969213,0,0,4.794537184,0,0,4.36162037,0,0,14.3633553,0.701292676
0,70,30,0,3,85,22,76,30,0.351296296,-0.338721321,0.338721321,3.211853813,0.850794084,4.983978521,5.516700718,0,13.92873648,0,0,14.09534397,0,11.16387794,19.10215634,14.09534397,0,0,0,19.10215634,14.09534397,72.68,9.589074368,11.24901029,11.16387794,7.047671983,9.967957042,0,0,0,3.009814815,0.285714286,0,1,6,0,0,0,0,-1.0397,0,0,1,0,0,1,0,0,0,0,0,0,0,0,0,165,10.66,0.208333333,0.208333333,0.319671229,0.226055117,10.38004459,5.784446402,-0.124969213,0,0,4.794537184,0,0,4.36162037,0,0,14.3633553,0.701292676
0,90,10,0,3,85,22,76,30,0.351296296,-0.338721321,0.338721321,3.211853813,0.850794084,4.983978521,5.516700718,0,13.92873648,0,0,14.09534397,0,11.16387794,19.10215634,14.09534397,0,0,0,19.10215634,14.09534397,72.68,9.589074368,11.24901029,11.16387794,7.047671983,9.967957042,0,0,0,3.009814815,0.285714286,0,1,6,0,0,0,0,-1.0397,0,0,1,0,0,1,0,0,0,0,0,0,0,0,0,165,10.66,0.208333333,0.208333333,0.319671229,0.226055117,10.38004459,5.784446402,-0.124969213,0,0,4.794537184,0,0,4.36162037,0,0,14.3633553,0.701292676
0,95,5,0,3,85,22,76,30,0.351296296,-0.338721321,0.338721321,3.211853813,0.850794084,4.983978521,5.516700718,0,13.92873648,0,0,14.09534397,0,11.16387794,19.10215634,14.09534397,0,0,0,19.10215634,14.09534397,72.68,9.589074368,11.24901029,11.16387794,7.047671983,9.967957042,0,0,0,3.009814815,0.285714286,0,1,6,0,0,0,0,-1.0397,0,0,1,0,0,1,0,0,0,0,0,0,0,0,0,165,10.66,0.208333333,0.208333333,0.319671229,0.226055117,10.38004459,5.784446402,-0.124969213,0,0,4.794537184,0,0,4.36162037,0,0,14.3633553,0.701292676
1,20,80,0,3,85,22,76,180,0.473518519,-0.350883837,0.350883837,2.30525079,1.569155278,5.733667477,0,0,4.899909731,0,23.25963712,0,4.794537184,29.55792728,0,5.733667477,0,0,0,6.031114512,0,46.33,4.794537184,0,0,4.899909731,0,5.733667477,0,0,0,0,0,1,3,0,0,0,0,3.3872,0,0,0,0,0,2,0,0,0,2,0,0,1,0,1,125.8,13.13269316,0.036771796,-1.473910328,0.481218929,0.306221438,9.935517184,5.761778668,-0.390218134,29.84652644,0,23.97268592,0,0,6.25076104,0,0,14.3633553,0.701292676
1,50,50,0,3,85,22,76,30,0.473518519,-0.350883837,0.350883837,2.30525079,1.569155278,5.733667477,0,0,4.899909731,0,23.25963712,0,4.794537184,29.55792728,0,5.733667477,0,0,0,6.031114512,0,46.33,4.794537184,0,0,4.899909731,0,5.733667477,0,0,0,0,0,1,3,0,0,0,0,3.3872,0,0,0,0,0,2,0,0,0,2,0,0,1,0,1,125.8,13.13269316,0.036771796,-1.473910328,0.481218929,0.306221438,9.935517184,5.761778668,-0.390218134,29.84652644,0,23.97268592,0,0,6.25076104,0,0,14.3633553,0.701292676
0,50,50,0,3,85,22,76,90,0.473518519,-0.350883837,0.350883837,2.30525079,1.569155278,5.733667477,0,0,4.899909731,0,23.25963712,0,4.794537184,29.55792728,0,5.733667477,0,0,0,6.031114512,0,46.33,4.794537184,0,0,4.899909731,0,5.733667477,0,0,0,0,0,1,3,0,0,0,0,3.3872,0,0,0,0,0,2,0,0,0,2,0,0,1,0,1,125.8,13.13269316,0.036771796,-1.473910328,0.481218929,0.306221438,9.935517184,5.761778668,-0.390218134,29.84652644,0,23.97268592,0,0,6.25076104,0,0,14.3633553,0.701292676
0,70,30,0,3,85,22,76,30,0.473518519,-0.350883837,0.350883837,2.30525079,1.569155278,5.733667477,0,0,4.899909731,0,23.25963712,0,4.794537184,29.55792728,0,5.733667477,0,0,0,6.031114512,0,46.33,4.794537184,0,0,4.899909731,0,5.733667477,0,0,0,0,0,1,3,0,0,0,0,3.3872,0,0,0,0,0,2,0,0,0,2,0,0,1,0,1,125.8,13.13269316,0.036771796,-1.473910328,0.481218929,0.306221438,9.935517184,5.761778668,-0.390218134,29.84652644,0,23.97268592,0,0,6.25076104,0,0,14.3633553,0.701292676
0,90,10,0,3,85,22,76,30,0.473518519,-0.350883837,0.350883837,2.30525079,1.569155278,5.733667477,0,0,4.899909731,0,23.25963712,0,4.794537184,29.55792728,0,5.733667477,0,0,0,6.031114512,0,46.33,4.794537184,0,0,4.899909731,0,5.733667477,0,0,0,0,0,1,3,0,0,0,0,3.3872,0,0,0,0,0,2,0,0,0,2,0,0,1,0,1,125.8,13.13269316,0.036771796,-1.473910328,0.481218929,0.306221438,9.935517184,5.761778668,-0.390218134,29.84652644,0,23.97268592,0,0,6.25076104,0,0,14.3633553,0.701292676
0,95,5,0,3,85,22,76,30,0.473518519,-0.350883837,0.350883837,2.30525079,1.569155278,5.733667477,0,0,4.899909731,0,23.25963712,0,4.794537184,29.55792728,0,5.733667477,0,0,0,6.031114512,0,46.33,4.794537184,0,0,4.899909731,0,5.733667477,0,0,0,0,0,1,3,0,0,0,0,3.3872,0,0,0,0,0,2,0,0,0,2,0,0,1,0,1,125.8,13.13269316,0.036771796,-1.473910328,0.481218929,0.306221438,9.935517184,5.761778668,-0.390218134,29.84652644,0,23.97268592,0,0,6.25076104,0,0,14.3633553,0.701292676
1,20,80,0,3,90,25,60,60,0.473518519,-0.350883837,0.350883837,2.30525079,1.569155278,5.733667477,0,0,4.899909731,0,23.25963712,0,4.794537184,29.55792728,0,5.733667477,0,0,0,6.031114512,0,46.33,4.794537184,0,0,4.899909731,0,5.733667477,0,0,0,0,0,1,3,0,0,0,0,3.3872,0,0,0,0,0,2,0,0,0,2,0,0,1,0,1,165,10.66,0.208333333,0.208333333,0.319671229,0.226055117,10.38004459,5.784446402,-0.124969213,0,0,4.794537184,0,0,4.36162037,0,0,14.3633553,0.701292676
0,40,60,0,3,90,25,60,15,0.473518519,-0.350883837,0.350883837,2.30525079,1.569155278,5.733667477,0,0,4.899909731,0,23.25963712,0,4.794537184,29.55792728,0,5.733667477,0,0,0,6.031114512,0,46.33,4.794537184,0,0,4.899909731,0,5.733667477,0,0,0,0,0,1,3,0,0,0,0,3.3872,0,0,0,0,0,2,0,0,0,2,0,0,1,0,1,165,10.66,0.208333333,0.208333333,0.319671229,0.226055117,10.38004459,5.784446402,-0.124969213,0,0,4.794537184,0,0,4.36162037,0,0,14.3633553,0.701292676
0,60,40,0,3,90,25,60,15,0.473518519,-0.350883837,0.350883837,2.30525079,1.569155278,5.733667477,0,0,4.899909731,0,23.25963712,0,4.794537184,29.55792728,0,5.733667477,0,0,0,6.031114512,0,46.33,4.794537184,0,0,4.899909731,0,5.733667477,0,0,0,0,0,1,3,0,0,0,0,3.3872,0,0,0,0,0,2,0,0,0,2,0,0,1,0,1,165,10.66,0.208333333,0.208333333,0.319671229,0.226055117,10.38004459,5.784446402,-0.124969213,0,0,4.794537184,0,0,4.36162037,0,0,14.3633553,0.701292676
0,70,30,0,3,90,25,60,15,0.473518519,-0.350883837,0.350883837,2.30525079,1.569155278,5.733667477,0,0,4.899909731,0,23.25963712,0,4.794537184,29.55792728,0,5.733667477,0,0,0,6.031114512,0,46.33,4.794537184,0,0,4.899909731,0,5.733667477,0,0,0,0,0,1,3,0,0,0,0,3.3872,0,0,0,0,0,2,0,0,0,2,0,0,1,0,1,165,10.66,0.208333333,0.208333333,0.319671229,0.226055117,10.38004459,5.784446402,-0.124969213,0,0,4.794537184,0,0,4.36162037,0,0,14.3633553,0.701292676
0,90,10,0,3,90,25,60,15,0.473518519,-0.350883837,0.350883837,2.30525079,1.569155278,5.733667477,0,0,4.899909731,0,23.25963712,0,4.794537184,29.55792728,0,5.733667477,0,0,0,6.031114512,0,46.33,4.794537184,0,0,4.899909731,0,5.733667477,0,0,0,0,0,1,3,0,0,0,0,3.3872,0,0,0,0,0,2,0,0,0,2,0,0,1,0,1,165,10.66,0.208333333,0.208333333,0.319671229,0.226055117,10.38004459,5.784446402,-0.124969213,0,0,4.794537184,0,0,4.36162037,0,0,14.3633553,0.701292676
1,50,40,10,1,200,25,60,180,0.005660024,-0.45738383,0.45738383,1.500767607,4.025546245,15.37044016,29.33813451,5.907179729,4.794537184,5.098681808,55.31586576,18.6529643,9.531400138,22.75844394,24.64835152,0,18.88348407,22.75640315,0,43.64504406,4.794537184,99.16,4.794537184,11.94902056,35.63470502,4.899909731,16.54689273,15.56921224,5.616525798,4.877407003,0,0.2,1,1,8,1,1,0,0,4.2173,1,1,0,0,0,1,0,0,0,1,0,1,0,0,0,70,14.23961392,0.00186207,-0.80801985,0.462332233,0.302403316,9.888116957,5.785271702,-0.156117715,11.93861058,0,33.8737505,19.59963892,0,7.43289591,0,0,0,0
1,50,40,10,1,200,40,75,180,0.005660024,-0.45738383,0.45738383,1.500767607,4.025546245,15.37044016,29.33813451,5.907179729,4.794537184,5.098681808,55.31586576,18.6529643,9.531400138,22.75844394,24.64835152,0,18.88348407,22.75640315,0,43.64504406,4.794537184,99.16,4.794537184,11.94902056,35.63470502,4.899909731,16.54689273,15.56921224,5.616525798,4.877407003,0,0.2,1,1,8,1,1,0,0,4.2173,1,1,0,0,0,1,0,0,0,1,0,1,0,0,0,70,14.23961392,0.00186207,-0.80801985,0.462332233,0.302403316,9.888116957,5.785271702,-0.156117715,11.93861058,0,33.8737505,19.59963892,0,7.43289591,0,0,0,0
1,50,35,15,1,205,25,60,180,0.005660024,-0.45738383,0.45738383,1.500767607,4.025546245,15.37044016,29.33813451,5.907179729,4.794537184,5.098681808,55.31586576,18.6529643,9.531400138,22.75844394,24.64835152,0,18.88348407,22.75640315,0,43.64504406,4.794537184,99.16,4.794537184,11.94902056,35.63470502,4.899909731,16.54689273,15.56921224,5.616525798,4.877407003,0,0.2,1,1,8,1,1,0,0,4.2173,1,1,0,0,0,1,0,0,0,1,0,1,0,0,0,106,14.01328809,0.007241923,-1.023293127,0.465728013,0.302404013,9.877673342,5.81236855,-0.15901027,29.84652644,0,52.73990902,24.49954865,0,9.649848996,0,0,0,0
1,50,35,15,1,205,40,75,180,0.005660024,-0.45738383,0.45738383,1.500767607,4.025546245,15.37044016,29.33813451,5.907179729,4.794537184,5.098681808,55.31586576,18.6529643,9.531400138,22.75844394,24.64835152,0,18.88348407,22.75640315,0,43.64504406,4.794537184,99.16,4.794537184,11.94902056,35.63470502,4.899909731,16.54689273,15.56921224,5.616525798,4.877407003,0,0.2,1,1,8,1,1,0,0,4.2173,1,1,0,0,0,1,0,0,0,1,0,1,0,0,0,106,14.01328809,0.007241923,-1.023293127,0.465728013,0.302404013,9.877673342,5.81236855,-0.15901027,29.84652644,0,52.73990902,24.49954865,0,9.649848996,0,0,0,0
1,50,40,10,1,195,25,60,180,0.005660024,-0.45738383,0.45738383,1.500767607,4.025546245,15.37044016,29.33813451,5.907179729,4.794537184,5.098681808,55.31586576,18.6529643,9.531400138,22.75844394,24.64835152,0,18.88348407,22.75640315,0,43.64504406,4.794537184,99.16,4.794537184,11.94902056,35.63470502,4.899909731,16.54689273,15.56921224,5.616525798,4.877407003,0,0.2,1,1,8,1,1,0,0,4.2173,1,1,0,0,0,1,0,0,0,1,0,1,0,0,0,102,10.66,0.208333333,0.208333333,0.319671229,0.226055117,10.38004459,5.784446402,-0.124969213,0,0,4.794537184,0,0,4.36162037,0,0,0,0
1,50,40,10,1,195,40,75,180,0.005660024,-0.45738383,0.45738383,1.500767607,4.025546245,15.37044016,29.33813451,5.907179729,4.794537184,5.098681808,55.31586576,18.6529643,9.531400138,22.75844394,24.64835152,0,18.88348407,22.75640315,0,43.64504406,4.794537184,99.16,4.794537184,11.94902056,35.63470502,4.899909731,16.54689273,15.56921224,5.616525798,4.877407003,0,0.2,1,1,8,1,1,0,0,4.2173,1,1,0,0,0,1,0,0,0,1,0,1,0,0,0,102,10.66,0.208333333,0.208333333,0.319671229,0.226055117,10.38004459,5.784446402,-0.124969213,0,0,4.794537184,0,0,4.36162037,0,0,0,0
1,30,70,0,1,170,40,75,90,0.127592593,-0.465580031,0.465580031,2.803490088,3.232043294,14.79051451,0,0,10.11431827,0,13.8474744,23.02389719,23.98611132,17.62599685,5.316788604,0,19.76538045,0,0,31.08151671,19.06280028,107.77,19.70339264,22.39704683,11.39407863,19.91384147,5.316788604,9.473725908,14.39104041,3.288860544,2.420777746,0.294117647,0,1,8,0,0,0,0,2.1756,0,0,0,0,0,0,0,1,0,1,0,0,0,0,0,119,13.53318651,0.064496908,-1.520255775,0.481218929,0.306344056,9.946621456,5.768653535,-0.389026959,35.81583173,0,38.98027789,0,0,2.854589199,0,0,14.3633553,0.701292676
1,30,70,0,1,170,40,75,90,0.127592593,-0.465580031,0.465580031,2.803490088,3.232043294,14.79051451,0,0,10.11431827,0,13.8474744,23.02389719,23.98611132,17.62599685,5.316788604,0,19.76538045,0,0,31.08151671,19.06280028,107.77,19.70339264,22.39704683,11.39407863,19.91384147,5.316788604,9.473725908,14.39104041,3.288860544,2.420777746,0.294117647,0,1,8,0,0,0,0,2.1756,0,0,0,0,0,0,0,1,0,1,0,0,0,0,0,120,12.82572922,0.055981771,-1.569986372,0.481218929,0.306221438,9.948783081,5.761521085,-0.387893507,23.87722115,0,34.49773092,0,0,3.011681888,0,0,14.3633553,0.701292676
1,30,70,0,1,170,40,75,90,0.127592593,-0.465580031,0.465580031,2.803490088,3.232043294,14.79051451,0,0,10.11431827,0,13.8474744,23.02389719,23.98611132,17.62599685,5.316788604,0,19.76538045,0,0,31.08151671,19.06280028,107.77,19.70339264,22.39704683,11.39407863,19.91384147,5.316788604,9.473725908,14.39104041,3.288860544,2.420777746,0.294117647,0,1,8,0,0,0,0,2.1756,0,0,0,0,0,0,0,1,0,1,0,0,0,0,0,122,13.13269316,0.036771796,-1.473910328,0.481218929,0.306221438,9.935517184,5.761778668,-0.390218134,29.84652644,0,23.97268592,0,0,6.25076104,0,0,14.3633553,0.701292676
1,30,70,0,1,150,40,75,90,0.001785242,-0.414914831,0.44472937,2.218109084,2.422136889,4.736862954,0,0,5.316788604,13.17124514,36.96117877,16.50399085,22.70264528,23.38156624,0,5.917906046,24.61899257,11.84086864,11.60093989,12.26953859,10.33791376,38.33,17.96578233,22.19137713,0,0,21.8945202,11.60093989,2.336436917,0,0,0.357142857,1,1,7,0,1,0,0,4.0731,0,0,0,0,3,1,4,0,0,0,0,0,0,0,0,119,13.53318651,0.064496908,-1.520255775,0.481218929,0.306344056,9.946621456,5.768653535,-0.389026959,35.81583173,0,38.98027789,0,0,2.854589199,0,0,14.3633553,0.701292676
1,30,70,0,1,150,40,75,90,0.001785242,-0.414914831,0.44472937,2.218109084,2.422136889,4.736862954,0,0,5.316788604,13.17124514,36.96117877,16.50399085,22.70264528,23.38156624,0,5.917906046,24.61899257,11.84086864,11.60093989,12.26953859,10.33791376,38.33,17.96578233,22.19137713,0,0,21.8945202,11.60093989,2.336436917,0,0,0.357142857,1,1,7,0,1,0,0,4.0731,0,0,0,0,3,1,4,0,0,0,0,0,0,0,0,120,12.82572922,0.055981771,-1.569986372,0.481218929,0.306221438,9.948783081,5.761521085,-0.387893507,23.87722115,0,34.49773092,0,0,3.011681888,0,0,14.3633553,0.701292676
1,30,70,0,1,150,40,75,90,0.001785242,-0.414914831,0.44472937,2.218109084,2.422136889,4.736862954,0,0,5.316788604,13.17124514,36.96117877,16.50399085,22.70264528,23.38156624,0,5.917906046,24.61899257,11.84086864,11.60093989,12.26953859,10.33791376,38.33,17.96578233,22.19137713,0,0,21.8945202,11.60093989,2.336436917,0,0,0.357142857,1,1,7,0,1,0,0,4.0731,0,0,0,0,3,1,4,0,0,0,0,0,0,0,0,122,13.13269316,0.036771796,-1.473910328,0.481218929,0.306221438,9.935517184,5.761778668,-0.390218134,29.84652644,0,23.97268592,0,0,6.25076104,0,0,14.3633553,0.701292676
1,16.7,83.3,0,2,45,40,75,30,0.306514769,-0.477623278,0.477623278,1.422264806,4.377276529,14.24072669,11.648809,0,0,0,65.93020013,25.5767015,9.901064579,28.03610816,19.10215634,7.047671983,33.23387405,22.51475897,0,30.17798902,20.01325001,72.94,9.901064579,0,12.1082079,12.13273414,60.36118102,9.967957042,9.603517847,4.976660381,2.063558993,0.181818182,0,1,6,0,0,0,0,7.26442,0,0,0,0,0,2,0,0,0,2,0,0,0,0,0,163,10.66,0.208333333,0.208333333,0.319671229,0.226055117,10.38004459,5.784446402,-0.124969213,0,0,4.794537184,0,0,4.36162037,0,0,14.3633553,0.701292676
0,16.7,83.3,0,2,45,40,75,60,0.306514769,-0.477623278,0.477623278,1.422264806,4.377276529,14.24072669,11.648809,0,0,0,65.93020013,25.5767015,9.901064579,28.03610816,19.10215634,7.047671983,33.23387405,22.51475897,0,30.17798902,20.01325001,72.94,9.901064579,0,12.1082079,12.13273414,60.36118102,9.967957042,9.603517847,4.976660381,2.063558993,0.181818182,0,1,6,0,0,0,0,7.26442,0,0,0,0,0,2,0,0,0,2,0,0,0,0,0,163,10.66,0.208333333,0.208333333,0.319671229,0.226055117,10.38004459,5.784446402,-0.124969213,0,0,4.794537184,0,0,4.36162037,0,0,14.3633553,0.701292676
1,16.7,83.3,0,2,45,40,75,30,0.306514769,-0.477623278,0.477623278,1.422264806,4.377276529,14.24072669,11.648809,0,0,0,65.93020013,25.5767015,9.901064579,28.03610816,19.10215634,7.047671983,33.23387405,22.51475897,0,30.17798902,20.01325001,72.94,9.901064579,0,12.1082079,12.13273414,60.36118102,9.967957042,9.603517847,4.976660381,2.063558993,0.181818182,0,1,6,0,0,0,0,7.26442,0,0,0,0,0,2,0,0,0,2,0,0,0,0,0,70,14.23961392,0.00186207,-0.80801985,0.462332233,0.302403316,9.888116957,5.785271702,-0.156117715,11.93861058,0,33.8737505,19.59963892,0,7.43289591,0,0,14.3633553,0.701292676
0,16.7,83.3,0,2,45,40,75,60,0.306514769,-0.477623278,0.477623278,1.422264806,4.377276529,14.24072669,11.648809,0,0,0,65.93020013,25.5767015,9.901064579,28.03610816,19.10215634,7.047671983,33.23387405,22.51475897,0,30.17798902,20.01325001,72.94,9.901064579,0,12.1082079,12.13273414,60.36118102,9.967957042,9.603517847,4.976660381,2.063558993,0.181818182,0,1,6,0,0,0,0,7.26442,0,0,0,0,0,2,0,0,0,2,0,0,0,0,0,70,14.23961392,0.00186207,-0.80801985,0.462332233,0.302403316,9.888116957,5.785271702,-0.156117715,11.93861058,0,33.8737505,19.59963892,0,7.43289591,0,0,14.3633553,0.701292676
1,16.7,66.7,16.6,2,45,40,75,90,0.306514769,-0.477623278,0.477623278,1.422264806,4.377276529,14.24072669,11.648809,0,0,0,65.93020013,25.5767015,9.901064579,28.03610816,19.10215634,7.047671983,33.23387405,22.51475897,0,30.17798902,20.01325001,72.94,9.901064579,0,12.1082079,12.13273414,60.36118102,9.967957042,9.603517847,4.976660381,2.063558993,0.181818182,0,1,6,0,0,0,0,7.26442,0,0,0,0,0,2,0,0,0,2,0,0,0,0,0,163,10.66,0.208333333,0.208333333,0.319671229,0.226055117,10.38004459,5.784446402,-0.124969213,0,0,4.794537184,0,0,4.36162037,0,0,11.93861058,0
1,16.7,50,33.3,2,45,40,75,90,0.306514769,-0.477623278,0.477623278,1.422264806,4.377276529,14.24072669,11.648809,0,0,0,65.93020013,25.5767015,9.901064579,28.03610816,19.10215634,7.047671983,33.23387405,22.51475897,0,30.17798902,20.01325001,72.94,9.901064579,0,12.1082079,12.13273414,60.36118102,9.967957042,9.603517847,4.976660381,2.063558993,0.181818182,0,1,6,0,0,0,0,7.26442,0,0,0,0,0,2,0,0,0,2,0,0,0,0,0,163,10.66,0.208333333,0.208333333,0.319671229,0.226055117,10.38004459,5.784446402,-0.124969213,0,0,4.794537184,0,0,4.36162037,0,0,11.93861058,0
1,16.7,41.7,41.7,2,45,40,75,90,0.306514769,-0.477623278,0.477623278,1.422264806,4.377276529,14.24072669,11.648809,0,0,0,65.93020013,25.5767015,9.901064579,28.03610816,19.10215634,7.047671983,33.23387405,22.51475897,0,30.17798902,20.01325001,72.94,9.901064579,0,12.1082079,12.13273414,60.36118102,9.967957042,9.603517847,4.976660381,2.063558993,0.181818182,0,1,6,0,0,0,0,7.26442,0,0,0,0,0,2,0,0,0,2,0,0,0,0,0,163,10.66,0.208333333,0.208333333,0.319671229,0.226055117,10.38004459,5.784446402,-0.124969213,0,0,4.794537184,0,0,4.36162037,0,0,11.93861058,0
1,20,60,20,2,45,40,75,90,0.306514769,-0.477623278,0.477623278,1.422264806,4.377276529,14.24072669,11.648809,0,0,0,65.93020013,25.5767015,9.901064579,28.03610816,19.10215634,7.047671983,33.23387405,22.51475897,0,30.17798902,20.01325001,72.94,9.901064579,0,12.1082079,12.13273414,60.36118102,9.967957042,9.603517847,4.976660381,2.063558993,0.181818182,0,1,6,0,0,0,0,7.26442,0,0,0,0,0,2,0,0,0,2,0,0,0,0,0,163,10.66,0.208333333,0.208333333,0.319671229,0.226055117,10.38004459,5.784446402,-0.124969213,0,0,4.794537184,0,0,4.36162037,0,0,11.93861058,0
1,30,65,5,1,160,40,75,150,0.170239303,-0.49674296,0.49674296,2.232371733,3.104666499,9.843390349,5.749511833,0,14.15617402,0,54.95175817,21.66623701,19.43246472,34.38034984,4.567099648,0,13.34455882,5.749511833,11.60093989,28.6599096,11.21535881,68.53,14.69560176,12.32800135,38.49590106,56.49810422,0,16.33780284,10.47200719,1.748579285,1.542411112,0.157894737,0,1,6,0,0,0,0,3.92732,0,0,0,0,0,1,1,0,0,0,0,0,0,0,0,106,14.01328809,0.007241923,-1.023293127,0.465728013,0.302404013,9.877673342,5.81236855,-0.15901027,29.84652644,0,52.73990902,24.49954865,0,9.649848996,0,0,0,0
1,30,55,15,1,160,40,75,150,0.170239303,-0.49674296,0.49674296,2.232371733,3.104666499,9.843390349,5.749511833,0,14.15617402,0,54.95175817,21.66623701,19.43246472,34.38034984,4.567099648,0,13.34455882,5.749511833,11.60093989,28.6599096,11.21535881,68.53,14.69560176,12.32800135,38.49590106,56.49810422,0,16.33780284,10.47200719,1.748579285,1.542411112,0.157894737,0,1,6,0,0,0,0,3.92732,0,0,0,0,0,1,1,0,0,0,0,0,0,0,0,106,14.01328809,0.007241923,-1.023293127,0.465728013,0.302404013,9.877673342,5.81236855,-0.15901027,29.84652644,0,52.73990902,24.49954865,0,9.649848996,0,0,0,0
1,30,65,5,1,160,40,75,150,0.170239303,-0.49674296,0.49674296,2.232371733,3.104666499,9.843390349,5.749511833,0,14.15617402,0,54.95175817,21.66623701,19.43246472,34.38034984,4.567099648,0,13.34455882,5.749511833,11.60093989,28.6599096,11.21535881,68.53,14.69560176,12.32800135,38.49590106,56.49810422,0,16.33780284,10.47200719,1.748579285,1.542411112,0.157894737,0,1,6,0,0,0,0,3.92732,0,0,0,0,0,1,1,0,0,0,0,0,0,0,0,106,14.01328809,0.007241923,-1.023293127,0.465728013,0.302404013,9.877673342,5.81236855,-0.15901027,29.84652644,0,52.73990902,24.49954865,0,9.649848996,0,0,0,0
1,30,55,15,1,160,40,75,150,0.170239303,-0.49674296,0.49674296,2.232371733,3.104666499,9.843390349,5.749511833,0,14.15617402,0,54.95175817,21.66623701,19.43246472,34.38034984,4.567099648,0,13.34455882,5.749511833,11.60093989,28.6599096,11.21535881,68.53,14.69560176,12.32800135,38.49590106,56.49810422,0,16.33780284,10.47200719,1.748579285,1.542411112,0.157894737,0,1,6,0,0,0,0,3.92732,0,0,0,0,0,1,1,0,0,0,0,0,0,0,0,106,14.01328809,0.007241923,-1.023293127,0.465728013,0.302404013,9.877673342,5.81236855,-0.15901027,29.84652644,0,52.73990902,24.49954865,0,9.649848996,0,0,0,0
1,16.7,83.3,0,3,100,40,75,90,0.19440778,-0.462553858,0.462553858,2.645386083,6.570353189,19.52737747,5.601050811,0,0,0,65.66908349,17.47009873,28.59420041,23.98393597,5.316788604,0,59.98511725,0,0,36.7227306,28.59420041,90.93,14.38361155,13.21376393,33.66719067,54.5421805,5.316788604,14.21058886,3.118652941,12.75171193,0,0.423076923,0,1,7,0,0,0,0,4.4025,0,0,0,0,0,0,0,0,0,0,0,0,0,0,0,70,14.23961392,0.00186207,-0.80801985,0.462332233,0.302403316,9.888116957,5.785271702,-0.156117715,11.93861058,0,33.8737505,19.59963892,0,7.43289591,0,0,14.3633553,0.701292676
1,40,60,0,3,80,60,80,16,0.064479397,-0.490790806,0.490790806,0.92529827,7.044519489,24.01040832,43.98707682,5.787111153,0,10.19736362,74.00822951,48.13988298,14.21058886,34.57665233,29.11204766,0,44.7459708,11.43689811,23.20187978,74.6088036,21.80559347,104.7,4.794537184,24.38030702,28.82248205,34.03627687,49.24662987,37.41246864,9.504828284,8.480846895,0,0.371428571,3,0,14,2,2,0,1,5.5773,0,0,0,0,0,0,2,0,0,0,0,0,0,0,0,106,14.01328809,0.007241923,-1.023293127,0.465728013,0.302404013,9.877673342,5.81236855,-0.15901027,29.84652644,0,52.73990902,24.49954865,0,9.649848996,0,0,14.3633553,0.701292676
0,60,40,0,3,80,60,80,16,0.064479397,-0.490790806,0.490790806,0.92529827,7.044519489,24.01040832,43.98707682,5.787111153,0,10.19736362,74.00822951,48.13988298,14.21058886,34.57665233,29.11204766,0,44.7459708,11.43689811,23.20187978,74.6088036,21.80559347,104.7,4.794537184,24.38030702,28.82248205,34.03627687,49.24662987,37.41246864,9.504828284,8.480846895,0,0.371428571,3,0,14,2,2,0,1,5.5773,0,0,0,0,0,0,2,0,0,0,0,0,0,0,0,106,14.01328809,0.007241923,-1.023293127,0.465728013,0.302404013,9.877673342,5.81236855,-0.15901027,29.84652644,0,52.73990902,24.49954865,0,9.649848996,0,0,14.3633553,0.701292676
0,40,60,0,3,80,60,96,9,0.064479397,-0.490790806,0.490790806,0.92529827,7.044519489,24.01040832,43.98707682,5.787111153,0,10.19736362,74.00822951,48.13988298,14.21058886,34.57665233,29.11204766,0,44.7459708,11.43689811,23.20187978,74.6088036,21.80559347,104.7,4.794537184,24.38030702,28.82248205,34.03627687,49.24662987,37.41246864,9.504828284,8.480846895,0,0.371428571,3,0,14,2,2,0,1,5.5773,0,0,0,0,0,0,2,0,0,0,0,0,0,0,0,106,14.01328809,0.007241923,-1.023293127,0.465728013,0.302404013,9.877673342,5.81236855,-0.15901027,29.84652644,0,52.73990902,24.49954865,0,9.649848996,0,0,14.3633553,0.701292676
0,60,40,0,3,80,60,96,9,0.064479397,-0.490790806,0.490790806,0.92529827,7.044519489,24.01040832,43.98707682,5.787111153,0,10.19736362,74.00822951,48.13988298,14.21058886,34.57665233,29.11204766,0,44.7459708,11.43689811,23.20187978,74.6088036,21.80559347,104.7,4.794537184,24.38030702,28.82248205,34.03627687,49.24662987,37.41246864,9.504828284,8.480846895,0,0.371428571,3,0,14,2,2,0,1,5.5773,0,0,0,0,0,0,2,0,0,0,0,0,0,0,0,106,14.01328809,0.007241923,-1.023293127,0.465728013,0.302404013,9.877673342,5.81236855,-0.15901027,29.84652644,0,52.73990902,24.49954865,0,9.649848996,0,0,14.3633553,0.701292676
0,80,20,0,3,80,60,96,9,0.064479397,-0.490790806,0.490790806,0.92529827,7.044519489,24.01040832,43.98707682,5.787111153,0,10.19736362,74.00822951,48.13988298,14.21058886,34.57665233,29.11204766,0,44.7459708,11.43689811,23.20187978,74.6088036,21.80559347,104.7,4.794537184,24.38030702,28.82248205,34.03627687,49.24662987,37.41246864,9.504828284,8.480846895,0,0.371428571,3,0,14,2,2,0,1,5.5773,0,0,0,0,0,0,2,0,0,0,0,0,0,0,0,106,14.01328809,0.007241923,-1.023293127,0.465728013,0.302404013,9.877673342,5.81236855,-0.15901027,29.84652644,0,52.73990902,24.49954865,0,9.649848996,0,0,14.3633553,0.701292676
1,40,60,0,3,80,60,60,16,0.064479397,-0.490790806,0.490790806,0.92529827,7.044519489,24.01040832,43.98707682,5.787111153,0,10.19736362,74.00822951,48.13988298,14.21058886,34.57665233,29.11204766,0,44.7459708,11.43689811,23.20187978,74.6088036,21.80559347,104.7,4.794537184,24.38030702,28.82248205,34.03627687,49.24662987,37.41246864,9.504828284,8.480846895,0,0.371428571,3,0,14,2,2,0,1,5.5773,0,0,0,0,0,0,2,0,0,0,0,0,0,0,0,106,14.01328809,0.007241923,-1.023293127,0.465728013,0.302404013,9.877673342,5.81236855,-0.15901027,29.84652644,0,52.73990902,24.49954865,0,9.649848996,0,0,14.3633553,0.701292676
1,60,40,0,3,80,60,60,16,0.064479397,-0.490790806,0.490790806,0.92529827,7.044519489,24.01040832,43.98707682,5.787111153,0,10.19736362,74.00822951,48.13988298,14.21058886,34.57665233,29.11204766,0,44.7459708,11.43689811,23.20187978,74.6088036,21.80559347,104.7,4.794537184,24.38030702,28.82248205,34.03627687,49.24662987,37.41246864,9.504828284,8.480846895,0,0.371428571,3,0,14,2,2,0,1,5.5773,0,0,0,0,0,0,2,0,0,0,0,0,0,0,0,106,14.01328809,0.007241923,-1.023293127,0.465728013,0.302404013,9.877673342,5.81236855,-0.15901027,29.84652644,0,52.73990902,24.49954865,0,9.649848996,0,0,14.3633553,0.701292676
0,80,20,0,3,80,60,60,21,0.064479397,-0.490790806,0.490790806,0.92529827,7.044519489,24.01040832,43.98707682,5.787111153,0,10.19736362,74.00822951,48.13988298,14.21058886,34.57665233,29.11204766,0,44.7459708,11.43689811,23.20187978,74.6088036,21.80559347,104.7,4.794537184,24.38030702,28.82248205,34.03627687,49.24662987,37.41246864,9.504828284,8.480846895,0,0.371428571,3,0,14,2,2,0,1,5.5773,0,0,0,0,0,0,2,0,0,0,0,0,0,0,0,106,14.01328809,0.007241923,-1.023293127,0.465728013,0.302404013,9.877673342,5.81236855,-0.15901027,29.84652644,0,52.73990902,24.49954865,0,9.649848996,0,0,14.3633553,0.701292676
1,40,60,0,3,80,60,30,16,0.064479397,-0.490790806,0.490790806,0.92529827,7.044519489,24.01040832,43.98707682,5.787111153,0,10.19736362,74.00822951,48.13988298,14.21058886,34.57665233,29.11204766,0,44.7459708,11.43689811,23.20187978,74.6088036,21.80559347,104.7,4.794537184,24.38030702,28.82248205,34.03627687,49.24662987,37.41246864,9.504828284,8.480846895,0,0.371428571,3,0,14,2,2,0,1,5.5773,0,0,0,0,0,0,2,0,0,0,0,0,0,0,0,106,14.01328809,0.007241923,-1.023293127,0.465728013,0.302404013,9.877673342,5.81236855,-0.15901027,29.84652644,0,52.73990902,24.49954865,0,9.649848996,0,0,14.3633553,0.701292676
1,60,40,0,3,80,60,30,16,0.064479397,-0.490790806,0.490790806,0.92529827,7.044519489,24.01040832,43.98707682,5.787111153,0,10.19736362,74.00822951,48.13988298,14.21058886,34.57665233,29.11204766,0,44.7459708,11.43689811,23.20187978,74.6088036,21.80559347,104.7,4.794537184,24.38030702,28.82248205,34.03627687,49.24662987,37.41246864,9.504828284,8.480846895,0,0.371428571,3,0,14,2,2,0,1,5.5773,0,0,0,0,0,0,2,0,0,0,0,0,0,0,0,106,14.01328809,0.007241923,-1.023293127,0.465728013,0.302404013,9.877673342,5.81236855,-0.15901027,29.84652644,0,52.73990902,24.49954865,0,9.649848996,0,0,14.3633553,0.701292676
1,80,20,0,3,80,60,30,16,0.064479397,-0.490790806,0.490790806,0.92529827,7.044519489,24.01040832,43.98707682,5.787111153,0,10.19736362,74.00822951,48.13988298,14.21058886,34.57665233,29.11204766,0,44.7459708,11.43689811,23.20187978,74.6088036,21.80559347,104.7,4.794537184,24.38030702,28.82248205,34.03627687,49.24662987,37.41246864,9.504828284,8.480846895,0,0.371428571,3,0,14,2,2,0,1,5.5773,0,0,0,0,0,0,2,0,0,0,0,0,0,0,0,106,14.01328809,0.007241923,-1.023293127,0.465728013,0.302404013,9.877673342,5.81236855,-0.15901027,29.84652644,0,52.73990902,24.49954865,0,9.649848996,0,0,14.3633553,0.701292676
1,40,60,0,3,80,60,0,16,0.064479397,-0.490790806,0.490790806,0.92529827,7.044519489,24.01040832,43.98707682,5.787111153,0,10.19736362,74.00822951,48.13988298,14.21058886,34.57665233,29.11204766,0,44.7459708,11.43689811,23.20187978,74.6088036,21.80559347,104.7,4.794537184,24.38030702,28.82248205,34.03627687,49.24662987,37.41246864,9.504828284,8.480846895,0,0.371428571,3,0,14,2,2,0,1,5.5773,0,0,0,0,0,0,2,0,0,0,0,0,0,0,0,106,14.01328809,0.007241923,-1.023293127,0.465728013,0.302404013,9.877673342,5.81236855,-0.15901027,29.84652644,0,52.73990902,24.49954865,0,9.649848996,0,0,14.3633553,0.701292676
1,60,40,0,3,80,60,0,16,0.064479397,-0.490790806,0.490790806,0.92529827,7.044519489,24.01040832,43.98707682,5.787111153,0,10.19736362,74.00822951,48.13988298,14.21058886,34.57665233,29.11204766,0,44.7459708,11.43689811,23.20187978,74.6088036,21.80559347,104.7,4.794537184,24.38030702,28.82248205,34.03627687,49.24662987,37.41246864,9.504828284,8.480846895,0,0.371428571,3,0,14,2,2,0,1,5.5773,0,0,0,0,0,0,2,0,0,0,0,0,0,0,0,106,14.01328809,0.007241923,-1.023293127,0.465728013,0.302404013,9.877673342,5.81236855,-0.15901027,29.84652644,0,52.73990902,24.49954865,0,9.649848996,0,0,14.3633553,0.701292676
1,80,20,0,3,80,60,0,16,0.064479397,-0.490790806,0.490790806,0.92529827,7.044519489,24.01040832,43.98707682,5.787111153,0,10.19736362,74.00822951,48.13988298,14.21058886,34.57665233,29.11204766,0,44.7459708,11.43689811,23.20187978,74.6088036,21.80559347,104.7,4.794537184,24.38030702,28.82248205,34.03627687,49.24662987,37.41246864,9.504828284,8.480846895,0,0.371428571,3,0,14,2,2,0,1,5.5773,0,0,0,0,0,0,2,0,0,0,0,0,0,0,0,106,14.01328809,0.007241923,-1.023293127,0.465728013,0.302404013,9.877673342,5.81236855,-0.15901027,29.84652644,0,52.73990902,24.49954865,0,9.649848996,0,0,14.3633553,0.701292676
1,80,20,0,3,80,20,80,15,0.064479397,-0.490790806,0.490790806,0.92529827,7.044519489,24.01040832,43.98707682,5.787111153,0,10.19736362,74.00822951,48.13988298,14.21058886,34.57665233,29.11204766,0,44.7459708,11.43689811,23.20187978,74.6088036,21.80559347,104.7,4.794537184,24.38030702,28.82248205,34.03627687,49.24662987,37.41246864,9.504828284,8.480846895,0,0.371428571,3,0,14,2,2,0,1,5.5773,0,0,0,0,0,0,2,0,0,0,0,0,0,0,0,106,14.01328809,0.007241923,-1.023293127,0.465728013,0.302404013,9.877673342,5.81236855,-0.15901027,29.84652644,0,52.73990902,24.49954865,0,9.649848996,0,0,14.3633553,0.701292676
1,80,20,0,3,80,40,80,15,0.064479397,-0.490790806,0.490790806,0.92529827,7.044519489,24.01040832,43.98707682,5.787111153,0,10.19736362,74.00822951,48.13988298,14.21058886,34.57665233,29.11204766,0,44.7459708,11.43689811,23.20187978,74.6088036,21.80559347,104.7,4.794537184,24.38030702,28.82248205,34.03627687,49.24662987,37.41246864,9.504828284,8.480846895,0,0.371428571,3,0,14,2,2,0,1,5.5773,0,0,0,0,0,0,2,0,0,0,0,0,0,0,0,106,14.01328809,0.007241923,-1.023293127,0.465728013,0.302404013,9.877673342,5.81236855,-0.15901027,29.84652644,0,52.73990902,24.49954865,0,9.649848996,0,0,14.3633553,0.701292676
0,80,20,0,3,80,60,80,15,0.064479397,-0.490790806,0.490790806,0.92529827,7.044519489,24.01040832,43.98707682,5.787111153,0,10.19736362,74.00822951,48.13988298,14.21058886,34.57665233,29.11204766,0,44.7459708,11.43689811,23.20187978,74.6088036,21.80559347,104.7,4.794537184,24.38030702,28.82248205,34.03627687,49.24662987,37.41246864,9.504828284,8.480846895,0,0.371428571,3,0,14,2,2,0,1,5.5773,0,0,0,0,0,0,2,0,0,0,0,0,0,0,0,106,14.01328809,0.007241923,-1.023293127,0.465728013,0.302404013,9.877673342,5.81236855,-0.15901027,29.84652644,0,52.73990902,24.49954865,0,9.649848996,0,0,14.3633553,0.701292676
1,40,60,0,3,80,60,80,16,0.064479397,-0.490790806,0.490790806,0.92529827,7.044519489,24.01040832,43.98707682,5.787111153,0,10.19736362,74.00822951,48.13988298,14.21058886,34.57665233,29.11204766,0,44.7459708,11.43689811,23.20187978,74.6088036,21.80559347,104.7,4.794537184,24.38030702,28.82248205,34.03627687,49.24662987,37.41246864,9.504828284,8.480846895,0,0.371428571,3,0,14,2,2,0,1,5.5773,0,0,0,0,0,0,2,0,0,0,0,0,0,0,0,113,13.53318651,0.064496908,-1.520255775,0.481218929,0.306344056,9.946621456,5.768653535,-0.389026959,35.81583173,0,38.98027789,0,0,2.854589199,0,0,14.3633553,0.701292676
1,60,40,0,3,80,60,80,16,0.064479397,-0.490790806,0.490790806,0.92529827,7.044519489,24.01040832,43.98707682,5.787111153,0,10.19736362,74.00822951,48.13988298,14.21058886,34.57665233,29.11204766,0,44.7459708,11.43689811,23.20187978,74.6088036,21.80559347,104.7,4.794537184,24.38030702,28.82248205,34.03627687,49.24662987,37.41246864,9.504828284,8.480846895,0,0.371428571,3,0,14,2,2,0,1,5.5773,0,0,0,0,0,0,2,0,0,0,0,0,0,0,0,113,13.53318651,0.064496908,-1.520255775,0.481218929,0.306344056,9.946621456,5.768653535,-0.389026959,35.81583173,0,38.98027789,0,0,2.854589199,0,0,14.3633553,0.701292676
1,40,60,0,3,80,60,96,9,0.064479397,-0.490790806,0.490790806,0.92529827,7.044519489,24.01040832,43.98707682,5.787111153,0,10.19736362,74.00822951,48.13988298,14.21058886,34.57665233,29.11204766,0,44.7459708,11.43689811,23.20187978,74.6088036,21.80559347,104.7,4.794537184,24.38030702,28.82248205,34.03627687,49.24662987,37.41246864,9.504828284,8.480846895,0,0.371428571,3,0,14,2,2,0,1,5.5773,0,0,0,0,0,0,2,0,0,0,0,0,0,0,0,113,13.53318651,0.064496908,-1.520255775,0.481218929,0.306344056,9.946621456,5.768653535,-0.389026959,35.81583173,0,38.98027789,0,0,2.854589199,0,0,14.3633553,0.701292676
0,60,40,0,3,80,60,96,9,0.064479397,-0.490790806,0.490790806,0.92529827,7.044519489,24.01040832,43.98707682,5.787111153,0,10.19736362,74.00822951,48.13988298,14.21058886,34.57665233,29.11204766,0,44.7459708,11.43689811,23.20187978,74.6088036,21.80559347,104.7,4.794537184,24.38030702,28.82248205,34.03627687,49.24662987,37.41246864,9.504828284,8.480846895,0,0.371428571,3,0,14,2,2,0,1,5.5773,0,0,0,0,0,0,2,0,0,0,0,0,0,0,0,113,13.53318651,0.064496908,-1.520255775,0.481218929,0.306344056,9.946621456,5.768653535,-0.389026959,35.81583173,0,38.98027789,0,0,2.854589199,0,0,14.3633553,0.701292676
0,80,20,0,3,80,60,96,9,0.064479397,-0.490790806,0.490790806,0.92529827,7.044519489,24.01040832,43.98707682,5.787111153,0,10.19736362,74.00822951,48.13988298,14.21058886,34.57665233,29.11204766,0,44.7459708,11.43689811,23.20187978,74.6088036,21.80559347,104.7,4.794537184,24.38030702,28.82248205,34.03627687,49.24662987,37.41246864,9.504828284,8.480846895,0,0.371428571,3,0,14,2,2,0,1,5.5773,0,0,0,0,0,0,2,0,0,0,0,0,0,0,0,113,13.53318651,0.064496908,-1.520255775,0.481218929,0.306344056,9.946621456,5.768653535,-0.389026959,35.81583173,0,38.98027789,0,0,2.854589199,0,0,14.3633553,0.701292676
1,40,60,0,3,80,60,60,16,0.064479397,-0.490790806,0.490790806,0.92529827,7.044519489,24.01040832,43.98707682,5.787111153,0,10.19736362,74.00822951,48.13988298,14.21058886,34.57665233,29.11204766,0,44.7459708,11.43689811,23.20187978,74.6088036,21.80559347,104.7,4.794537184,24.38030702,28.82248205,34.03627687,49.24662987,37.41246864,9.504828284,8.480846895,0,0.371428571,3,0,14,2,2,0,1,5.5773,0,0,0,0,0,0,2,0,0,0,0,0,0,0,0,113,13.53318651,0.064496908,-1.520255775,0.481218929,0.306344056,9.946621456,5.768653535,-0.389026959,35.81583173,0,38.98027789,0,0,2.854589199,0,0,14.3633553,0.701292676
1,60,40,0,3,80,60,60,16,0.064479397,-0.490790806,0.490790806,0.92529827,7.044519489,24.01040832,43.98707682,5.787111153,0,10.19736362,74.00822951,48.13988298,14.21058886,34.57665233,29.11204766,0,44.7459708,11.43689811,23.20187978,74.6088036,21.80559347,104.7,4.794537184,24.38030702,28.82248205,34.03627687,49.24662987,37.41246864,9.504828284,8.480846895,0,0.371428571,3,0,14,2,2,0,1,5.5773,0,0,0,0,0,0,2,0,0,0,0,0,0,0,0,113,13.53318651,0.064496908,-1.520255775,0.481218929,0.306344056,9.946621456,5.768653535,-0.389026959,35.81583173,0,38.98027789,0,0,2.854589199,0,0,14.3633553,0.701292676
0,80,20,0,3,80,60,60,21,0.064479397,-0.490790806,0.490790806,0.92529827,7.044519489,24.01040832,43.98707682,5.787111153,0,10.19736362,74.00822951,48.13988298,14.21058886,34.57665233,29.11204766,0,44.7459708,11.43689811,23.20187978,74.6088036,21.80559347,104.7,4.794537184,24.38030702,28.82248205,34.03627687,49.24662987,37.41246864,9.504828284,8.480846895,0,0.371428571,3,0,14,2,2,0,1,5.5773,0,0,0,0,0,0,2,0,0,0,0,0,0,0,0,113,13.53318651,0.064496908,-1.520255775,0.481218929,0.306344056,9.946621456,5.768653535,-0.389026959,35.81583173,0,38.98027789,0,0,2.854589199,0,0,14.3633553,0.701292676
1,40,60,0,3,80,60,30,16,0.064479397,-0.490790806,0.490790806,0.92529827,7.044519489,24.01040832,43.98707682,5.787111153,0,10.19736362,74.00822951,48.13988298,14.21058886,34.57665233,29.11204766,0,44.7459708,11.43689811,23.20187978,74.6088036,21.80559347,104.7,4.794537184,24.38030702,28.82248205,34.03627687,49.24662987,37.41246864,9.504828284,8.480846895,0,0.371428571,3,0,14,2,2,0,1,5.5773,0,0,0,0,0,0,2,0,0,0,0,0,0,0,0,113,13.53318651,0.064496908,-1.520255775,0.481218929,0.306344056,9.946621456,5.768653535,-0.389026959,35.81583173,0,38.98027789,0,0,2.854589199,0,0,14.3633553,0.701292676
1,60,40,0,3,80,60,30,16,0.064479397,-0.490790806,0.490790806,0.92529827,7.044519489,24.01040832,43.98707682,5.787111153,0,10.19736362,74.00822951,48.13988298,14.21058886,34.57665233,29.11204766,0,44.7459708,11.43689811,23.20187978,74.6088036,21.80559347,104.7,4.794537184,24.38030702,28.82248205,34.03627687,49.24662987,37.41246864,9.504828284,8.480846895,0,0.371428571,3,0,14,2,2,0,1,5.5773,0,0,0,0,0,0,2,0,0,0,0,0,0,0,0,113,13.53318651,0.064496908,-1.520255775,0.481218929,0.306344056,9.946621456,5.768653535,-0.389026959,35.81583173,0,38.98027789,0,0,2.854589199,0,0,14.3633553,0.701292676
1,80,20,0,3,80,60,30,21,0.064479397,-0.490790806,0.490790806,0.92529827,7.044519489,24.01040832,43.98707682,5.787111153,0,10.19736362,74.00822951,48.13988298,14.21058886,34.57665233,29.11204766,0,44.7459708,11.43689811,23.20187978,74.6088036,21.80559347,104.7,4.794537184,24.38030702,28.82248205,34.03627687,49.24662987,37.41246864,9.504828284,8.480846895,0,0.371428571,3,0,14,2,2,0,1,5.5773,0,0,0,0,0,0,2,0,0,0,0,0,0,0,0,113,13.53318651,0.064496908,-1.520255775,0.481218929,0.306344056,9.946621456,5.768653535,-0.389026959,35.81583173,0,38.98027789,0,0,2.854589199,0,0,14.3633553,0.701292676
1,40,60,0,3,80,60,0,16,0.064479397,-0.490790806,0.490790806,0.92529827,7.044519489,24.01040832,43.98707682,5.787111153,0,10.19736362,74.00822951,48.13988298,14.21058886,34.57665233,29.11204766,0,44.7459708,11.43689811,23.20187978,74.6088036,21.80559347,104.7,4.794537184,24.38030702,28.82248205,34.03627687,49.24662987,37.41246864,9.504828284,8.480846895,0,0.371428571,3,0,14,2,2,0,1,5.5773,0,0,0,0,0,0,2,0,0,0,0,0,0,0,0,113,13.53318651,0.064496908,-1.520255775,0.481218929,0.306344056,9.946621456,5.768653535,-0.389026959,35.81583173,0,38.98027789,0,0,2.854589199,0,0,14.3633553,0.701292676
1,60,40,0,3,80,60,0,16,0.064479397,-0.490790806,0.490790806,0.92529827,7.044519489,24.01040832,43.98707682,5.787111153,0,10.19736362,74.00822951,48.13988298,14.21058886,34.57665233,29.11204766,0,44.7459708,11.43689811,23.20187978,74.6088036,21.80559347,104.7,4.794537184,24.38030702,28.82248205,34.03627687,49.24662987,37.41246864,9.504828284,8.480846895,0,0.371428571,3,0,14,2,2,0,1,5.5773,0,0,0,0,0,0,2,0,0,0,0,0,0,0,0,113,13.53318651,0.064496908,-1.520255775,0.481218929,0.306344056,9.946621456,5.768653535,-0.389026959,35.81583173,0,38.98027789,0,0,2.854589199,0,0,14.3633553,0.701292676
1,80,20,0,3,80,60,0,21,0.064479397,-0.490790806,0.490790806,0.92529827,7.044519489,24.01040832,43.98707682,5.787111153,0,10.19736362,74.00822951,48.13988298,14.21058886,34.57665233,29.11204766,0,44.7459708,11.43689811,23.20187978,74.6088036,21.80559347,104.7,4.794537184,24.38030702,28.82248205,34.03627687,49.24662987,37.41246864,9.504828284,8.480846895,0,0.371428571,3,0,14,2,2,0,1,5.5773,0,0,0,0,0,0,2,0,0,0,0,0,0,0,0,113,13.53318651,0.064496908,-1.520255775,0.481218929,0.306344056,9.946621456,5.768653535,-0.389026959,35.81583173,0,38.98027789,0,0,2.854589199,0,0,14.3633553,0.701292676
1,80,20,0,3,80,20,80,15,0.064479397,-0.490790806,0.490790806,0.92529827,7.044519489,24.01040832,43.98707682,5.787111153,0,10.19736362,74.00822951,48.13988298,14.21058886,34.57665233,29.11204766,0,44.7459708,11.43689811,23.20187978,74.6088036,21.80559347,104.7,4.794537184,24.38030702,28.82248205,34.03627687,49.24662987,37.41246864,9.504828284,8.480846895,0,0.371428571,3,0,14,2,2,0,1,5.5773,0,0,0,0,0,0,2,0,0,0,0,0,0,0,0,113,13.53318651,0.064496908,-1.520255775,0.481218929,0.306344056,9.946621456,5.768653535,-0.389026959,35.81583173,0,38.98027789,0,0,2.854589199,0,0,14.3633553,0.701292676
1,80,20,0,3,80,40,80,15,0.064479397,-0.490790806,0.490790806,0.92529827,7.044519489,24.01040832,43.98707682,5.787111153,0,10.19736362,74.00822951,48.13988298,14.21058886,34.57665233,29.11204766,0,44.7459708,11.43689811,23.20187978,74.6088036,21.80559347,104.7,4.794537184,24.38030702,28.82248205,34.03627687,49.24662987,37.41246864,9.504828284,8.480846895,0,0.371428571,3,0,14,2,2,0,1,5.5773,0,0,0,0,0,0,2,0,0,0,0,0,0,0,0,113,13.53318651,0.064496908,-1.520255775,0.481218929,0.306344056,9.946621456,5.768653535,-0.389026959,35.81583173,0,38.98027789,0,0,2.854589199,0,0,14.3633553,0.701292676
0,80,20,0,3,80,60,80,15,0.064479397,-0.490790806,0.490790806,0.92529827,7.044519489,24.01040832,43.98707682,5.787111153,0,10.19736362,74.00822951,48.13988298,14.21058886,34.57665233,29.11204766,0,44.7459708,11.43689811,23.20187978,74.6088036,21.80559347,104.7,4.794537184,24.38030702,28.82248205,34.03627687,49.24662987,37.41246864,9.504828284,8.480846895,0,0.371428571,3,0,14,2,2,0,1,5.5773,0,0,0,0,0,0,2,0,0,0,0,0,0,0,0,113,13.53318651,0.064496908,-1.520255775,0.481218929,0.306344056,9.946621456,5.768653535,-0.389026959,35.81583173,0,38.98027789,0,0,2.854589199,0,0,14.3633553,0.701292676
1,5,95,0,2,25,40,75,180,0.473518519,-0.350883837,0.350883837,2.30525079,1.569155278,5.733667477,0,0,4.899909731,0,23.25963712,0,4.794537184,29.55792728,0,5.733667477,0,0,0,6.031114512,0,46.33,4.794537184,0,0,4.899909731,0,5.733667477,0,0,0,0,0,1,3,0,0,0,0,3.3872,0,0,0,0,0,2,0,0,0,2,0,0,1,0,1,106,14.01328809,0.007241923,-1.023293127,0.465728013,0.302404013,9.877673342,5.81236855,-0.15901027,29.84652644,0,52.73990902,24.49954865,0,9.649848996,0,0,14.3633553,0.701292676
1,10,90,0,2,25,40,75,4,0.473518519,-0.350883837,0.350883837,2.30525079,1.569155278,5.733667477,0,0,4.899909731,0,23.25963712,0,4.794537184,29.55792728,0,5.733667477,0,0,0,6.031114512,0,46.33,4.794537184,0,0,4.899909731,0,5.733667477,0,0,0,0,0,1,3,0,0,0,0,3.3872,0,0,0,0,0,2,0,0,0,2,0,0,1,0,1,106,14.01328809,0.007241923,-1.023293127,0.465728013,0.302404013,9.877673342,5.81236855,-0.15901027,29.84652644,0,52.73990902,24.49954865,0,9.649848996,0,0,14.3633553,0.701292676
0,10,90,0,2,25,40,75,5,0.473518519,-0.350883837,0.350883837,2.30525079,1.569155278,5.733667477,0,0,4.899909731,0,23.25963712,0,4.794537184,29.55792728,0,5.733667477,0,0,0,6.031114512,0,46.33,4.794537184,0,0,4.899909731,0,5.733667477,0,0,0,0,0,1,3,0,0,0,0,3.3872,0,0,0,0,0,2,0,0,0,2,0,0,1,0,1,106,14.01328809,0.007241923,-1.023293127,0.465728013,0.302404013,9.877673342,5.81236855,-0.15901027,29.84652644,0,52.73990902,24.49954865,0,9.649848996,0,0,14.3633553,0.701292676
0,10,90,0,2,25,40,75,5,0.473518519,-0.350883837,0.350883837,2.30525079,1.569155278,5.733667477,0,0,4.899909731,0,23.25963712,0,4.794537184,29.55792728,0,5.733667477,0,0,0,6.031114512,0,46.33,4.794537184,0,0,4.899909731,0,5.733667477,0,0,0,0,0,1,3,0,0,0,0,3.3872,0,0,0,0,0,2,0,0,0,2,0,0,1,0,1,106,14.01328809,0.007241923,-1.023293127,0.465728013,0.302404013,9.877673342,5.81236855,-0.15901027,29.84652644,0,52.73990902,24.49954865,0,9.649848996,0,0,14.3633553,0.701292676
1,15,85,0,2,25,40,75,3,0.473518519,-0.350883837,0.350883837,2.30525079,1.569155278,5.733667477,0,0,4.899909731,0,23.25963712,0,4.794537184,29.55792728,0,5.733667477,0,0,0,6.031114512,0,46.33,4.794537184,0,0,4.899909731,0,5.733667477,0,0,0,0,0,1,3,0,0,0,0,3.3872,0,0,0,0,0,2,0,0,0,2,0,0,1,0,1,106,14.01328809,0.007241923,-1.023293127,0.465728013,0.302404013,9.877673342,5.81236855,-0.15901027,29.84652644,0,52.73990902,24.49954865,0,9.649848996,0,0,14.3633553,0.701292676
0,15,85,0,2,25,40,75,4,0.473518519,-0.350883837,0.350883837,2.30525079,1.569155278,5.733667477,0,0,4.899909731,0,23.25963712,0,4.794537184,29.55792728,0,5.733667477,0,0,0,6.031114512,0,46.33,4.794537184,0,0,4.899909731,0,5.733667477,0,0,0,0,0,1,3,0,0,0,0,3.3872,0,0,0,0,0,2,0,0,0,2,0,0,1,0,1,106,14.01328809,0.007241923,-1.023293127,0.465728013,0.302404013,9.877673342,5.81236855,-0.15901027,29.84652644,0,52.73990902,24.49954865,0,9.649848996,0,0,14.3633553,0.701292676
1,20,80,0,2,25,40,75,3,0.473518519,-0.350883837,0.350883837,2.30525079,1.569155278,5.733667477,0,0,4.899909731,0,23.25963712,0,4.794537184,29.55792728,0,5.733667477,0,0,0,6.031114512,0,46.33,4.794537184,0,0,4.899909731,0,5.733667477,0,0,0,0,0,1,3,0,0,0,0,3.3872,0,0,0,0,0,2,0,0,0,2,0,0,1,0,1,106,14.01328809,0.007241923,-1.023293127,0.465728013,0.302404013,9.877673342,5.81236855,-0.15901027,29.84652644,0,52.73990902,24.49954865,0,9.649848996,0,0,14.3633553,0.701292676
0,20,80,0,2,25,40,75,4,0.473518519,-0.350883837,0.350883837,2.30525079,1.569155278,5.733667477,0,0,4.899909731,0,23.25963712,0,4.794537184,29.55792728,0,5.733667477,0,0,0,6.031114512,0,46.33,4.794537184,0,0,4.899909731,0,5.733667477,0,0,0,0,0,1,3,0,0,0,0,3.3872,0,0,0,0,0,2,0,0,0,2,0,0,1,0,1,106,14.01328809,0.007241923,-1.023293127,0.465728013,0.302404013,9.877673342,5.81236855,-0.15901027,29.84652644,0,52.73990902,24.49954865,0,9.649848996,0,0,14.3633553,0.701292676
1,25,75,0,2,25,40,75,2,0.473518519,-0.350883837,0.350883837,2.30525079,1.569155278,5.733667477,0,0,4.899909731,0,23.25963712,0,4.794537184,29.55792728,0,5.733667477,0,0,0,6.031114512,0,46.33,4.794537184,0,0,4.899909731,0,5.733667477,0,0,0,0,0,1,3,0,0,0,0,3.3872,0,0,0,0,0,2,0,0,0,2,0,0,1,0,1,106,14.01328809,0.007241923,-1.023293127,0.465728013,0.302404013,9.877673342,5.81236855,-0.15901027,29.84652644,0,52.73990902,24.49954865,0,9.649848996,0,0,14.3633553,0.701292676
0,25,75,0,2,25,40,75,3,0.473518519,-0.350883837,0.350883837,2.30525079,1.569155278,5.733667477,0,0,4.899909731,0,23.25963712,0,4.794537184,29.55792728,0,5.733667477,0,0,0,6.031114512,0,46.33,4.794537184,0,0,4.899909731,0,5.733667477,0,0,0,0,0,1,3,0,0,0,0,3.3872,0,0,0,0,0,2,0,0,0,2,0,0,1,0,1,106,14.01328809,0.007241923,-1.023293127,0.465728013,0.302404013,9.877673342,5.81236855,-0.15901027,29.84652644,0,52.73990902,24.49954865,0,9.649848996,0,0,14.3633553,0.701292676
1,30,70,0,2,25,40,75,2,0.473518519,-0.350883837,0.350883837,2.30525079,1.569155278,5.733667477,0,0,4.899909731,0,23.25963712,0,4.794537184,29.55792728,0,5.733667477,0,0,0,6.031114512,0,46.33,4.794537184,0,0,4.899909731,0,5.733667477,0,0,0,0,0,1,3,0,0,0,0,3.3872,0,0,0,0,0,2,0,0,0,2,0,0,1,0,1,106,14.01328809,0.007241923,-1.023293127,0.465728013,0.302404013,9.877673342,5.81236855,-0.15901027,29.84652644,0,52.73990902,24.49954865,0,9.649848996,0,0,14.3633553,0.701292676
0,30,70,0,2,25,40,75,3,0.473518519,-0.350883837,0.350883837,2.30525079,1.569155278,5.733667477,0,0,4.899909731,0,23.25963712,0,4.794537184,29.55792728,0,5.733667477,0,0,0,6.031114512,0,46.33,4.794537184,0,0,4.899909731,0,5.733667477,0,0,0,0,0,1,3,0,0,0,0,3.3872,0,0,0,0,0,2,0,0,0,2,0,0,1,0,1,106,14.01328809,0.007241923,-1.023293127,0.465728013,0.302404013,9.877673342,5.81236855,-0.15901027,29.84652644,0,52.73990902,24.49954865,0,9.649848996,0,0,14.3633553,0.701292676
1,35,65,0,2,25,40,75,2,0.473518519,-0.350883837,0.350883837,2.30525079,1.569155278,5.733667477,0,0,4.899909731,0,23.25963712,0,4.794537184,29.55792728,0,5.733667477,0,0,0,6.031114512,0,46.33,4.794537184,0,0,4.899909731,0,5.733667477,0,0,0,0,0,1,3,0,0,0,0,3.3872,0,0,0,0,0,2,0,0,0,2,0,0,1,0,1,106,14.01328809,0.007241923,-1.023293127,0.465728013,0.302404013,9.877673342,5.81236855,-0.15901027,29.84652644,0,52.73990902,24.49954865,0,9.649848996,0,0,14.3633553,0.701292676
0,35,65,0,2,25,40,75,3,0.473518519,-0.350883837,0.350883837,2.30525079,1.569155278,5.733667477,0,0,4.899909731,0,23.25963712,0,4.794537184,29.55792728,0,5.733667477,0,0,0,6.031114512,0,46.33,4.794537184,0,0,4.899909731,0,5.733667477,0,0,0,0,0,1,3,0,0,0,0,3.3872,0,0,0,0,0,2,0,0,0,2,0,0,1,0,1,106,14.01328809,0.007241923,-1.023293127,0.465728013,0.302404013,9.877673342,5.81236855,-0.15901027,29.84652644,0,52.73990902,24.49954865,0,9.649848996,0,0,14.3633553,0.701292676
1,40,60,0,2,25,40,75,2,0.473518519,-0.350883837,0.350883837,2.30525079,1.569155278,5.733667477,0,0,4.899909731,0,23.25963712,0,4.794537184,29.55792728,0,5.733667477,0,0,0,6.031114512,0,46.33,4.794537184,0,0,4.899909731,0,5.733667477,0,0,0,0,0,1,3,0,0,0,0,3.3872,0,0,0,0,0,2,0,0,0,2,0,0,1,0,1,106,14.01328809,0.007241923,-1.023293127,0.465728013,0.302404013,9.877673342,5.81236855,-0.15901027,29.84652644,0,52.73990902,24.49954865,0,9.649848996,0,0,14.3633553,0.701292676
0,40,60,0,2,25,40,75,3,0.473518519,-0.350883837,0.350883837,2.30525079,1.569155278,5.733667477,0,0,4.899909731,0,23.25963712,0,4.794537184,29.55792728,0,5.733667477,0,0,0,6.031114512,0,46.33,4.794537184,0,0,4.899909731,0,5.733667477,0,0,0,0,0,1,3,0,0,0,0,3.3872,0,0,0,0,0,2,0,0,0,2,0,0,1,0,1,106,14.01328809,0.007241923,-1.023293127,0.465728013,0.302404013,9.877673342,5.81236855,-0.15901027,29.84652644,0,52.73990902,24.49954865,0,9.649848996,0,0,14.3633553,0.701292676
1,45,55,0,2,25,40,75,2,0.473518519,-0.350883837,0.350883837,2.30525079,1.569155278,5.733667477,0,0,4.899909731,0,23.25963712,0,4.794537184,29.55792728,0,5.733667477,0,0,0,6.031114512,0,46.33,4.794537184,0,0,4.899909731,0,5.733667477,0,0,0,0,0,1,3,0,0,0,0,3.3872,0,0,0,0,0,2,0,0,0,2,0,0,1,0,1,106,14.01328809,0.007241923,-1.023293127,0.465728013,0.302404013,9.877673342,5.81236855,-0.15901027,29.84652644,0,52.73990902,24.49954865,0,9.649848996,0,0,14.3633553,0.701292676
0,45,55,0,2,25,40,75,3,0.473518519,-0.350883837,0.350883837,2.30525079,1.569155278,5.733667477,0,0,4.899909731,0,23.25963712,0,4.794537184,29.55792728,0,5.733667477,0,0,0,6.031114512,0,46.33,4.794537184,0,0,4.899909731,0,5.733667477,0,0,0,0,0,1,3,0,0,0,0,3.3872,0,0,0,0,0,2,0,0,0,2,0,0,1,0,1,106,14.01328809,0.007241923,-1.023293127,0.465728013,0.302404013,9.877673342,5.81236855,-0.15901027,29.84652644,0,52.73990902,24.49954865,0,9.649848996,0,0,14.3633553,0.701292676
1,50,50,0,2,25,40,75,2,0.473518519,-0.350883837,0.350883837,2.30525079,1.569155278,5.733667477,0,0,4.899909731,0,23.25963712,0,4.794537184,29.55792728,0,5.733667477,0,0,0,6.031114512,0,46.33,4.794537184,0,0,4.899909731,0,5.733667477,0,0,0,0,0,1,3,0,0,0,0,3.3872,0,0,0,0,0,2,0,0,0,2,0,0,1,0,1,106,14.01328809,0.007241923,-1.023293127,0.465728013,0.302404013,9.877673342,5.81236855,-0.15901027,29.84652644,0,52.73990902,24.49954865,0,9.649848996,0,0,14.3633553,0.701292676
0,50,50,0,2,25,40,75,3,0.473518519,-0.350883837,0.350883837,2.30525079,1.569155278,5.733667477,0,0,4.899909731,0,23.25963712,0,4.794537184,29.55792728,0,5.733667477,0,0,0,6.031114512,0,46.33,4.794537184,0,0,4.899909731,0,5.733667477,0,0,0,0,0,1,3,0,0,0,0,3.3872,0,0,0,0,0,2,0,0,0,2,0,0,1,0,1,106,14.01328809,0.007241923,-1.023293127,0.465728013,0.302404013,9.877673342,5.81236855,-0.15901027,29.84652644,0,52.73990902,24.49954865,0,9.649848996,0,0,14.3633553,0.701292676
1,55,45,0,2,25,40,75,2,0.473518519,-0.350883837,0.350883837,2.30525079,1.569155278,5.733667477,0,0,4.899909731,0,23.25963712,0,4.794537184,29.55792728,0,5.733667477,0,0,0,6.031114512,0,46.33,4.794537184,0,0,4.899909731,0,5.733667477,0,0,0,0,0,1,3,0,0,0,0,3.3872,0,0,0,0,0,2,0,0,0,2,0,0,1,0,1,106,14.01328809,0.007241923,-1.023293127,0.465728013,0.302404013,9.877673342,5.81236855,-0.15901027,29.84652644,0,52.73990902,24.49954865,0,9.649848996,0,0,14.3633553,0.701292676
0,55,45,0,2,25,40,75,3,0.473518519,-0.350883837,0.350883837,2.30525079,1.569155278,5.733667477,0,0,4.899909731,0,23.25963712,0,4.794537184,29.55792728,0,5.733667477,0,0,0,6.031114512,0,46.33,4.794537184,0,0,4.899909731,0,5.733667477,0,0,0,0,0,1,3,0,0,0,0,3.3872,0,0,0,0,0,2,0,0,0,2,0,0,1,0,1,106,14.01328809,0.007241923,-1.023293127,0.465728013,0.302404013,9.877673342,5.81236855,-0.15901027,29.84652644,0,52.73990902,24.49954865,0,9.649848996,0,0,14.3633553,0.701292676
1,60,40,0,2,25,40,75,2,0.473518519,-0.350883837,0.350883837,2.30525079,1.569155278,5.733667477,0,0,4.899909731,0,23.25963712,0,4.794537184,29.55792728,0,5.733667477,0,0,0,6.031114512,0,46.33,4.794537184,0,0,4.899909731,0,5.733667477,0,0,0,0,0,1,3,0,0,0,0,3.3872,0,0,0,0,0,2,0,0,0,2,0,0,1,0,1,106,14.01328809,0.007241923,-1.023293127,0.465728013,0.302404013,9.877673342,5.81236855,-0.15901027,29.84652644,0,52.73990902,24.49954865,0,9.649848996,0,0,14.3633553,0.701292676
0,60,40,0,2,25,40,75,3,0.473518519,-0.350883837,0.350883837,2.30525079,1.569155278,5.733667477,0,0,4.899909731,0,23.25963712,0,4.794537184,29.55792728,0,5.733667477,0,0,0,6.031114512,0,46.33,4.794537184,0,0,4.899909731,0,5.733667477,0,0,0,0,0,1,3,0,0,0,0,3.3872,0,0,0,0,0,2,0,0,0,2,0,0,1,0,1,106,14.01328809,0.007241923,-1.023293127,0.465728013,0.302404013,9.877673342,5.81236855,-0.15901027,29.84652644,0,52.73990902,24.49954865,0,9.649848996,0,0,14.3633553,0.701292676
1,65,35,0,2,25,40,75,2,0.473518519,-0.350883837,0.350883837,2.30525079,1.569155278,5.733667477,0,0,4.899909731,0,23.25963712,0,4.794537184,29.55792728,0,5.733667477,0,0,0,6.031114512,0,46.33,4.794537184,0,0,4.899909731,0,5.733667477,0,0,0,0,0,1,3,0,0,0,0,3.3872,0,0,0,0,0,2,0,0,0,2,0,0,1,0,1,106,14.01328809,0.007241923,-1.023293127,0.465728013,0.302404013,9.877673342,5.81236855,-0.15901027,29.84652644,0,52.73990902,24.49954865,0,9.649848996,0,0,14.3633553,0.701292676
0,65,35,0,2,25,40,75,3,0.473518519,-0.350883837,0.350883837,2.30525079,1.569155278,5.733667477,0,0,4.899909731,0,23.25963712,0,4.794537184,29.55792728,0,5.733667477,0,0,0,6.031114512,0,46.33,4.794537184,0,0,4.899909731,0,5.733667477,0,0,0,0,0,1,3,0,0,0,0,3.3872,0,0,0,0,0,2,0,0,0,2,0,0,1,0,1,106,14.01328809,0.007241923,-1.023293127,0.465728013,0.302404013,9.877673342,5.81236855,-0.15901027,29.84652644,0,52.73990902,24.49954865,0,9.649848996,0,0,14.3633553,0.701292676
1,70,30,0,2,25,40,75,2,0.473518519,-0.350883837,0.350883837,2.30525079,1.569155278,5.733667477,0,0,4.899909731,0,23.25963712,0,4.794537184,29.55792728,0,5.733667477,0,0,0,6.031114512,0,46.33,4.794537184,0,0,4.899909731,0,5.733667477,0,0,0,0,0,1,3,0,0,0,0,3.3872,0,0,0,0,0,2,0,0,0,2,0,0,1,0,1,106,14.01328809,0.007241923,-1.023293127,0.465728013,0.302404013,9.877673342,5.81236855,-0.15901027,29.84652644,0,52.73990902,24.49954865,0,9.649848996,0,0,14.3633553,0.701292676
0,70,30,0,2,25,40,75,3,0.473518519,-0.350883837,0.350883837,2.30525079,1.569155278,5.733667477,0,0,4.899909731,0,23.25963712,0,4.794537184,29.55792728,0,5.733667477,0,0,0,6.031114512,0,46.33,4.794537184,0,0,4.899909731,0,5.733667477,0,0,0,0,0,1,3,0,0,0,0,3.3872,0,0,0,0,0,2,0,0,0,2,0,0,1,0,1,106,14.01328809,0.007241923,-1.023293127,0.465728013,0.302404013,9.877673342,5.81236855,-0.15901027,29.84652644,0,52.73990902,24.49954865,0,9.649848996,0,0,14.3633553,0.701292676
1,75,25,0,2,25,40,75,2,0.473518519,-0.350883837,0.350883837,2.30525079,1.569155278,5.733667477,0,0,4.899909731,0,23.25963712,0,4.794537184,29.55792728,0,5.733667477,0,0,0,6.031114512,0,46.33,4.794537184,0,0,4.899909731,0,5.733667477,0,0,0,0,0,1,3,0,0,0,0,3.3872,0,0,0,0,0,2,0,0,0,2,0,0,1,0,1,106,14.01328809,0.007241923,-1.023293127,0.465728013,0.302404013,9.877673342,5.81236855,-0.15901027,29.84652644,0,52.73990902,24.49954865,0,9.649848996,0,0,14.3633553,0.701292676
0,75,25,0,2,25,40,75,3,0.473518519,-0.350883837,0.350883837,2.30525079,1.569155278,5.733667477,0,0,4.899909731,0,23.25963712,0,4.794537184,29.55792728,0,5.733667477,0,0,0,6.031114512,0,46.33,4.794537184,0,0,4.899909731,0,5.733667477,0,0,0,0,0,1,3,0,0,0,0,3.3872,0,0,0,0,0,2,0,0,0,2,0,0,1,0,1,106,14.01328809,0.007241923,-1.023293127,0.465728013,0.302404013,9.877673342,5.81236855,-0.15901027,29.84652644,0,52.73990902,24.49954865,0,9.649848996,0,0,14.3633553,0.701292676
1,80,20,0,2,25,40,75,1,0.473518519,-0.350883837,0.350883837,2.30525079,1.569155278,5.733667477,0,0,4.899909731,0,23.25963712,0,4.794537184,29.55792728,0,5.733667477,0,0,0,6.031114512,0,46.33,4.794537184,0,0,4.899909731,0,5.733667477,0,0,0,0,0,1,3,0,0,0,0,3.3872,0,0,0,0,0,2,0,0,0,2,0,0,1,0,1,106,14.01328809,0.007241923,-1.023293127,0.465728013,0.302404013,9.877673342,5.81236855,-0.15901027,29.84652644,0,52.73990902,24.49954865,0,9.649848996,0,0,14.3633553,0.701292676
0,80,20,0,2,25,40,75,2,0.473518519,-0.350883837,0.350883837,2.30525079,1.569155278,5.733667477,0,0,4.899909731,0,23.25963712,0,4.794537184,29.55792728,0,5.733667477,0,0,0,6.031114512,0,46.33,4.794537184,0,0,4.899909731,0,5.733667477,0,0,0,0,0,1,3,0,0,0,0,3.3872,0,0,0,0,0,2,0,0,0,2,0,0,1,0,1,106,14.01328809,0.007241923,-1.023293127,0.465728013,0.302404013,9.877673342,5.81236855,-0.15901027,29.84652644,0,52.73990902,24.49954865,0,9.649848996,0,0,14.3633553,0.701292676
1,85,15,0,2,25,40,75,1,0.473518519,-0.350883837,0.350883837,2.30525079,1.569155278,5.733667477,0,0,4.899909731,0,23.25963712,0,4.794537184,29.55792728,0,5.733667477,0,0,0,6.031114512,0,46.33,4.794537184,0,0,4.899909731,0,5.733667477,0,0,0,0,0,1,3,0,0,0,0,3.3872,0,0,0,0,0,2,0,0,0,2,0,0,1,0,1,106,14.01328809,0.007241923,-1.023293127,0.465728013,0.302404013,9.877673342,5.81236855,-0.15901027,29.84652644,0,52.73990902,24.49954865,0,9.649848996,0,0,14.3633553,0.701292676
0,85,15,0,2,25,40,75,2,0.473518519,-0.350883837,0.350883837,2.30525079,1.569155278,5.733667477,0,0,4.899909731,0,23.25963712,0,4.794537184,29.55792728,0,5.733667477,0,0,0,6.031114512,0,46.33,4.794537184,0,0,4.899909731,0,5.733667477,0,0,0,0,0,1,3,0,0,0,0,3.3872,0,0,0,0,0,2,0,0,0,2,0,0,1,0,1,106,14.01328809,0.007241923,-1.023293127,0.465728013,0.302404013,9.877673342,5.81236855,-0.15901027,29.84652644,0,52.73990902,24.49954865,0,9.649848996,0,0,14.3633553,0.701292676
1,5,95,0,2,25,40,75,180,0.046864712,-0.504861549,0.504861549,2.093281793,2.423248612,10.423316,5.817862778,0,9.099753175,0,24.26546827,18.80796705,18.31886156,27.50749853,9.289194512,0,4.895483476,0,0,35.7683706,14.81782834,99.6,18.31886156,21.97383706,0,30.33183534,10.30076712,0,12.83147904,0,-2.68883674,0.066666667,0,2,8,0,0,0,0,1.581,0,0,0,0,0,1,0,0,0,0,0,0,0,0,0,106,14.01328809,0.007241923,-1.023293127,0.465728013,0.302404013,9.877673342,5.81236855,-0.15901027,29.84652644,0,52.73990902,24.49954865,0,9.649848996,0,0,14.3633553,0.701292676
1,10,90,0,2,25,40,75,4,0.046864712,-0.504861549,0.504861549,2.093281793,2.423248612,10.423316,5.817862778,0,9.099753175,0,24.26546827,18.80796705,18.31886156,27.50749853,9.289194512,0,4.895483476,0,0,35.7683706,14.81782834,99.6,18.31886156,21.97383706,0,30.33183534,10.30076712,0,12.83147904,0,-2.68883674,0.066666667,0,2,8,0,0,0,0,1.581,0,0,0,0,0,1,0,0,0,0,0,0,0,0,0,106,14.01328809,0.007241923,-1.023293127,0.465728013,0.302404013,9.877673342,5.81236855,-0.15901027,29.84652644,0,52.73990902,24.49954865,0,9.649848996,0,0,14.3633553,0.701292676
0,10,90,0,2,25,40,75,5,0.046864712,-0.504861549,0.504861549,2.093281793,2.423248612,10.423316,5.817862778,0,9.099753175,0,24.26546827,18.80796705,18.31886156,27.50749853,9.289194512,0,4.895483476,0,0,35.7683706,14.81782834,99.6,18.31886156,21.97383706,0,30.33183534,10.30076712,0,12.83147904,0,-2.68883674,0.066666667,0,2,8,0,0,0,0,1.581,0,0,0,0,0,1,0,0,0,0,0,0,0,0,0,106,14.01328809,0.007241923,-1.023293127,0.465728013,0.302404013,9.877673342,5.81236855,-0.15901027,29.84652644,0,52.73990902,24.49954865,0,9.649848996,0,0,14.3633553,0.701292676
1,15,85,0,2,25,40,75,2,0.046864712,-0.504861549,0.504861549,2.093281793,2.423248612,10.423316,5.817862778,0,9.099753175,0,24.26546827,18.80796705,18.31886156,27.50749853,9.289194512,0,4.895483476,0,0,35.7683706,14.81782834,99.6,18.31886156,21.97383706,0,30.33183534,10.30076712,0,12.83147904,0,-2.68883674,0.066666667,0,2,8,0,0,0,0,1.581,0,0,0,0,0,1,0,0,0,0,0,0,0,0,0,106,14.01328809,0.007241923,-1.023293127,0.465728013,0.302404013,9.877673342,5.81236855,-0.15901027,29.84652644,0,52.73990902,24.49954865,0,9.649848996,0,0,14.3633553,0.701292676
0,15,85,0,2,25,40,75,3,0.046864712,-0.504861549,0.504861549,2.093281793,2.423248612,10.423316,5.817862778,0,9.099753175,0,24.26546827,18.80796705,18.31886156,27.50749853,9.289194512,0,4.895483476,0,0,35.7683706,14.81782834,99.6,18.31886156,21.97383706,0,30.33183534,10.30076712,0,12.83147904,0,-2.68883674,0.066666667,0,2,8,0,0,0,0,1.581,0,0,0,0,0,1,0,0,0,0,0,0,0,0,0,106,14.01328809,0.007241923,-1.023293127,0.465728013,0.302404013,9.877673342,5.81236855,-0.15901027,29.84652644,0,52.73990902,24.49954865,0,9.649848996,0,0,14.3633553,0.701292676
1,20,80,0,2,25,40,75,2,0.046864712,-0.504861549,0.504861549,2.093281793,2.423248612,10.423316,5.817862778,0,9.099753175,0,24.26546827,18.80796705,18.31886156,27.50749853,9.289194512,0,4.895483476,0,0,35.7683706,14.81782834,99.6,18.31886156,21.97383706,0,30.33183534,10.30076712,0,12.83147904,0,-2.68883674,0.066666667,0,2,8,0,0,0,0,1.581,0,0,0,0,0,1,0,0,0,0,0,0,0,0,0,106,14.01328809,0.007241923,-1.023293127,0.465728013,0.302404013,9.877673342,5.81236855,-0.15901027,29.84652644,0,52.73990902,24.49954865,0,9.649848996,0,0,14.3633553,0.701292676
0,20,80,0,2,25,40,75,3,0.046864712,-0.504861549,0.504861549,2.093281793,2.423248612,10.423316,5.817862778,0,9.099753175,0,24.26546827,18.80796705,18.31886156,27.50749853,9.289194512,0,4.895483476,0,0,35.7683706,14.81782834,99.6,18.31886156,21.97383706,0,30.33183534,10.30076712,0,12.83147904,0,-2.68883674,0.066666667,0,2,8,0,0,0,0,1.581,0,0,0,0,0,1,0,0,0,0,0,0,0,0,0,106,14.01328809,0.007241923,-1.023293127,0.465728013,0.302404013,9.877673342,5.81236855,-0.15901027,29.84652644,0,52.73990902,24.49954865,0,9.649848996,0,0,14.3633553,0.701292676
1,25,75,0,2,25,40,75,2,0.046864712,-0.504861549,0.504861549,2.093281793,2.423248612,10.423316,5.817862778,0,9.099753175,0,24.26546827,18.80796705,18.31886156,27.50749853,9.289194512,0,4.895483476,0,0,35.7683706,14.81782834,99.6,18.31886156,21.97383706,0,30.33183534,10.30076712,0,12.83147904,0,-2.68883674,0.066666667,0,2,8,0,0,0,0,1.581,0,0,0,0,0,1,0,0,0,0,0,0,0,0,0,106,14.01328809,0.007241923,-1.023293127,0.465728013,0.302404013,9.877673342,5.81236855,-0.15901027,29.84652644,0,52.73990902,24.49954865,0,9.649848996,0,0,14.3633553,0.701292676
0,25,75,0,2,25,40,75,3,0.046864712,-0.504861549,0.504861549,2.093281793,2.423248612,10.423316,5.817862778,0,9.099753175,0,24.26546827,18.80796705,18.31886156,27.50749853,9.289194512,0,4.895483476,0,0,35.7683706,14.81782834,99.6,18.31886156,21.97383706,0,30.33183534,10.30076712,0,12.83147904,0,-2.68883674,0.066666667,0,2,8,0,0,0,0,1.581,0,0,0,0,0,1,0,0,0,0,0,0,0,0,0,106,14.01328809,0.007241923,-1.023293127,0.465728013,0.302404013,9.877673342,5.81236855,-0.15901027,29.84652644,0,52.73990902,24.49954865,0,9.649848996,0,0,14.3633553,0.701292676
1,30,70,0,2,25,40,75,2,0.046864712,-0.504861549,0.504861549,2.093281793,2.423248612,10.423316,5.817862778,0,9.099753175,0,24.26546827,18.80796705,18.31886156,27.50749853,9.289194512,0,4.895483476,0,0,35.7683706,14.81782834,99.6,18.31886156,21.97383706,0,30.33183534,10.30076712,0,12.83147904,0,-2.68883674,0.066666667,0,2,8,0,0,0,0,1.581,0,0,0,0,0,1,0,0,0,0,0,0,0,0,0,106,14.01328809,0.007241923,-1.023293127,0.465728013,0.302404013,9.877673342,5.81236855,-0.15901027,29.84652644,0,52.73990902,24.49954865,0,9.649848996,0,0,14.3633553,0.701292676
0,30,70,0,2,25,40,75,3,0.046864712,-0.504861549,0.504861549,2.093281793,2.423248612,10.423316,5.817862778,0,9.099753175,0,24.26546827,18.80796705,18.31886156,27.50749853,9.289194512,0,4.895483476,0,0,35.7683706,14.81782834,99.6,18.31886156,21.97383706,0,30.33183534,10.30076712,0,12.83147904,0,-2.68883674,0.066666667,0,2,8,0,0,0,0,1.581,0,0,0,0,0,1,0,0,0,0,0,0,0,0,0,106,14.01328809,0.007241923,-1.023293127,0.465728013,0.302404013,9.877673342,5.81236855,-0.15901027,29.84652644,0,52.73990902,24.49954865,0,9.649848996,0,0,14.3633553,0.701292676
1,35,65,0,2,25,40,75,2,0.046864712,-0.504861549,0.504861549,2.093281793,2.423248612,10.423316,5.817862778,0,9.099753175,0,24.26546827,18.80796705,18.31886156,27.50749853,9.289194512,0,4.895483476,0,0,35.7683706,14.81782834,99.6,18.31886156,21.97383706,0,30.33183534,10.30076712,0,12.83147904,0,-2.68883674,0.066666667,0,2,8,0,0,0,0,1.581,0,0,0,0,0,1,0,0,0,0,0,0,0,0,0,106,14.01328809,0.007241923,-1.023293127,0.465728013,0.302404013,9.877673342,5.81236855,-0.15901027,29.84652644,0,52.73990902,24.49954865,0,9.649848996,0,0,14.3633553,0.701292676
0,35,65,0,2,25,40,75,3,0.046864712,-0.504861549,0.504861549,2.093281793,2.423248612,10.423316,5.817862778,0,9.099753175,0,24.26546827,18.80796705,18.31886156,27.50749853,9.289194512,0,4.895483476,0,0,35.7683706,14.81782834,99.6,18.31886156,21.97383706,0,30.33183534,10.30076712,0,12.83147904,0,-2.68883674,0.066666667,0,2,8,0,0,0,0,1.581,0,0,0,0,0,1,0,0,0,0,0,0,0,0,0,106,14.01328809,0.007241923,-1.023293127,0.465728013,0.302404013,9.877673342,5.81236855,-0.15901027,29.84652644,0,52.73990902,24.49954865,0,9.649848996,0,0,14.3633553,0.701292676
1,40,60,0,2,25,40,75,2,0.046864712,-0.504861549,0.504861549,2.093281793,2.423248612,10.423316,5.817862778,0,9.099753175,0,24.26546827,18.80796705,18.31886156,27.50749853,9.289194512,0,4.895483476,0,0,35.7683706,14.81782834,99.6,18.31886156,21.97383706,0,30.33183534,10.30076712,0,12.83147904,0,-2.68883674,0.066666667,0,2,8,0,0,0,0,1.581,0,0,0,0,0,1,0,0,0,0,0,0,0,0,0,106,14.01328809,0.007241923,-1.023293127,0.465728013,0.302404013,9.877673342,5.81236855,-0.15901027,29.84652644,0,52.73990902,24.49954865,0,9.649848996,0,0,14.3633553,0.701292676
0,40,60,0,2,25,40,75,3,0.046864712,-0.504861549,0.504861549,2.093281793,2.423248612,10.423316,5.817862778,0,9.099753175,0,24.26546827,18.80796705,18.31886156,27.50749853,9.289194512,0,4.895483476,0,0,35.7683706,14.81782834,99.6,18.31886156,21.97383706,0,30.33183534,10.30076712,0,12.83147904,0,-2.68883674,0.066666667,0,2,8,0,0,0,0,1.581,0,0,0,0,0,1,0,0,0,0,0,0,0,0,0,106,14.01328809,0.007241923,-1.023293127,0.465728013,0.302404013,9.877673342,5.81236855,-0.15901027,29.84652644,0,52.73990902,24.49954865,0,9.649848996,0,0,14.3633553,0.701292676
1,45,55,0,2,25,40,75,2,0.046864712,-0.504861549,0.504861549,2.093281793,2.423248612,10.423316,5.817862778,0,9.099753175,0,24.26546827,18.80796705,18.31886156,27.50749853,9.289194512,0,4.895483476,0,0,35.7683706,14.81782834,99.6,18.31886156,21.97383706,0,30.33183534,10.30076712,0,12.83147904,0,-2.68883674,0.066666667,0,2,8,0,0,0,0,1.581,0,0,0,0,0,1,0,0,0,0,0,0,0,0,0,106,14.01328809,0.007241923,-1.023293127,0.465728013,0.302404013,9.877673342,5.81236855,-0.15901027,29.84652644,0,52.73990902,24.49954865,0,9.649848996,0,0,14.3633553,0.701292676
0,45,55,0,2,25,40,75,3,0.046864712,-0.504861549,0.504861549,2.093281793,2.423248612,10.423316,5.817862778,0,9.099753175,0,24.26546827,18.80796705,18.31886156,27.50749853,9.289194512,0,4.895483476,0,0,35.7683706,14.81782834,99.6,18.31886156,21.97383706,0,30.33183534,10.30076712,0,12.83147904,0,-2.68883674,0.066666667,0,2,8,0,0,0,0,1.581,0,0,0,0,0,1,0,0,0,0,0,0,0,0,0,106,14.01328809,0.007241923,-1.023293127,0.465728013,0.302404013,9.877673342,5.81236855,-0.15901027,29.84652644,0,52.73990902,24.49954865,0,9.649848996,0,0,14.3633553,0.701292676
1,50,50,0,2,25,40,75,2,0.046864712,-0.504861549,0.504861549,2.093281793,2.423248612,10.423316,5.817862778,0,9.099753175,0,24.26546827,18.80796705,18.31886156,27.50749853,9.289194512,0,4.895483476,0,0,35.7683706,14.81782834,99.6,18.31886156,21.97383706,0,30.33183534,10.30076712,0,12.83147904,0,-2.68883674,0.066666667,0,2,8,0,0,0,0,1.581,0,0,0,0,0,1,0,0,0,0,0,0,0,0,0,106,14.01328809,0.007241923,-1.023293127,0.465728013,0.302404013,9.877673342,5.81236855,-0.15901027,29.84652644,0,52.73990902,24.49954865,0,9.649848996,0,0,14.3633553,0.701292676
0,50,50,0,2,25,40,75,3,0.046864712,-0.504861549,0.504861549,2.093281793,2.423248612,10.423316,5.817862778,0,9.099753175,0,24.26546827,18.80796705,18.31886156,27.50749853,9.289194512,0,4.895483476,0,0,35.7683706,14.81782834,99.6,18.31886156,21.97383706,0,30.33183534,10.30076712,0,12.83147904,0,-2.68883674,0.066666667,0,2,8,0,0,0,0,1.581,0,0,0,0,0,1,0,0,0,0,0,0,0,0,0,106,14.01328809,0.007241923,-1.023293127,0.465728013,0.302404013,9.877673342,5.81236855,-0.15901027,29.84652644,0,52.73990902,24.49954865,0,9.649848996,0,0,14.3633553,0.701292676
1,55,45,0,2,25,40,75,2,0.046864712,-0.504861549,0.504861549,2.093281793,2.423248612,10.423316,5.817862778,0,9.099753175,0,24.26546827,18.80796705,18.31886156,27.50749853,9.289194512,0,4.895483476,0,0,35.7683706,14.81782834,99.6,18.31886156,21.97383706,0,30.33183534,10.30076712,0,12.83147904,0,-2.68883674,0.066666667,0,2,8,0,0,0,0,1.581,0,0,0,0,0,1,0,0,0,0,0,0,0,0,0,106,14.01328809,0.007241923,-1.023293127,0.465728013,0.302404013,9.877673342,5.81236855,-0.15901027,29.84652644,0,52.73990902,24.49954865,0,9.649848996,0,0,14.3633553,0.701292676
0,55,45,0,2,25,40,75,3,0.046864712,-0.504861549,0.504861549,2.093281793,2.423248612,10.423316,5.817862778,0,9.099753175,0,24.26546827,18.80796705,18.31886156,27.50749853,9.289194512,0,4.895483476,0,0,35.7683706,14.81782834,99.6,18.31886156,21.97383706,0,30.33183534,10.30076712,0,12.83147904,0,-2.68883674,0.066666667,0,2,8,0,0,0,0,1.581,0,0,0,0,0,1,0,0,0,0,0,0,0,0,0,106,14.01328809,0.007241923,-1.023293127,0.465728013,0.302404013,9.877673342,5.81236855,-0.15901027,29.84652644,0,52.73990902,24.49954865,0,9.649848996,0,0,14.3633553,0.701292676
1,60,40,0,2,25,40,75,2,0.046864712,-0.504861549,0.504861549,2.093281793,2.423248612,10.423316,5.817862778,0,9.099753175,0,24.26546827,18.80796705,18.31886156,27.50749853,9.289194512,0,4.895483476,0,0,35.7683706,14.81782834,99.6,18.31886156,21.97383706,0,30.33183534,10.30076712,0,12.83147904,0,-2.68883674,0.066666667,0,2,8,0,0,0,0,1.581,0,0,0,0,0,1,0,0,0,0,0,0,0,0,0,106,14.01328809,0.007241923,-1.023293127,0.465728013,0.302404013,9.877673342,5.81236855,-0.15901027,29.84652644,0,52.73990902,24.49954865,0,9.649848996,0,0,14.3633553,0.701292676
0,60,40,0,2,25,40,75,3,0.046864712,-0.504861549,0.504861549,2.093281793,2.423248612,10.423316,5.817862778,0,9.099753175,0,24.26546827,18.80796705,18.31886156,27.50749853,9.289194512,0,4.895483476,0,0,35.7683706,14.81782834,99.6,18.31886156,21.97383706,0,30.33183534,10.30076712,0,12.83147904,0,-2.68883674,0.066666667,0,2,8,0,0,0,0,1.581,0,0,0,0,0,1,0,0,0,0,0,0,0,0,0,106,14.01328809,0.007241923,-1.023293127,0.465728013,0.302404013,9.877673342,5.81236855,-0.15901027,29.84652644,0,52.73990902,24.49954865,0,9.649848996,0,0,14.3633553,0.701292676
1,65,35,0,2,25,40,75,2,0.046864712,-0.504861549,0.504861549,2.093281793,2.423248612,10.423316,5.817862778,0,9.099753175,0,24.26546827,18.80796705,18.31886156,27.50749853,9.289194512,0,4.895483476,0,0,35.7683706,14.81782834,99.6,18.31886156,21.97383706,0,30.33183534,10.30076712,0,12.83147904,0,-2.68883674,0.066666667,0,2,8,0,0,0,0,1.581,0,0,0,0,0,1,0,0,0,0,0,0,0,0,0,106,14.01328809,0.007241923,-1.023293127,0.465728013,0.302404013,9.877673342,5.81236855,-0.15901027,29.84652644,0,52.73990902,24.49954865,0,9.649848996,0,0,14.3633553,0.701292676
0,65,35,0,2,25,40,75,3,0.046864712,-0.504861549,0.504861549,2.093281793,2.423248612,10.423316,5.817862778,0,9.099753175,0,24.26546827,18.80796705,18.31886156,27.50749853,9.289194512,0,4.895483476,0,0,35.7683706,14.81782834,99.6,18.31886156,21.97383706,0,30.33183534,10.30076712,0,12.83147904,0,-2.68883674,0.066666667,0,2,8,0,0,0,0,1.581,0,0,0,0,0,1,0,0,0,0,0,0,0,0,0,106,14.01328809,0.007241923,-1.023293127,0.465728013,0.302404013,9.877673342,5.81236855,-0.15901027,29.84652644,0,52.73990902,24.49954865,0,9.649848996,0,0,14.3633553,0.701292676
1,70,30,0,2,25,40,75,2,0.046864712,-0.504861549,0.504861549,2.093281793,2.423248612,10.423316,5.817862778,0,9.099753175,0,24.26546827,18.80796705,18.31886156,27.50749853,9.289194512,0,4.895483476,0,0,35.7683706,14.81782834,99.6,18.31886156,21.97383706,0,30.33183534,10.30076712,0,12.83147904,0,-2.68883674,0.066666667,0,2,8,0,0,0,0,1.581,0,0,0,0,0,1,0,0,0,0,0,0,0,0,0,106,14.01328809,0.007241923,-1.023293127,0.465728013,0.302404013,9.877673342,5.81236855,-0.15901027,29.84652644,0,52.73990902,24.49954865,0,9.649848996,0,0,14.3633553,0.701292676
0,70,30,0,2,25,40,75,3,0.046864712,-0.504861549,0.504861549,2.093281793,2.423248612,10.423316,5.817862778,0,9.099753175,0,24.26546827,18.80796705,18.31886156,27.50749853,9.289194512,0,4.895483476,0,0,35.7683706,14.81782834,99.6,18.31886156,21.97383706,0,30.33183534,10.30076712,0,12.83147904,0,-2.68883674,0.066666667,0,2,8,0,0,0,0,1.581,0,0,0,0,0,1,0,0,0,0,0,0,0,0,0,106,14.01328809,0.007241923,-1.023293127,0.465728013,0.302404013,9.877673342,5.81236855,-0.15901027,29.84652644,0,52.73990902,24.49954865,0,9.649848996,0,0,14.3633553,0.701292676
1,75,25,0,2,25,40,75,2,0.046864712,-0.504861549,0.504861549,2.093281793,2.423248612,10.423316,5.817862778,0,9.099753175,0,24.26546827,18.80796705,18.31886156,27.50749853,9.289194512,0,4.895483476,0,0,35.7683706,14.81782834,99.6,18.31886156,21.97383706,0,30.33183534,10.30076712,0,12.83147904,0,-2.68883674,0.066666667,0,2,8,0,0,0,0,1.581,0,0,0,0,0,1,0,0,0,0,0,0,0,0,0,106,14.01328809,0.007241923,-1.023293127,0.465728013,0.302404013,9.877673342,5.81236855,-0.15901027,29.84652644,0,52.73990902,24.49954865,0,9.649848996,0,0,14.3633553,0.701292676
0,75,25,0,2,25,40,75,3,0.046864712,-0.504861549,0.504861549,2.093281793,2.423248612,10.423316,5.817862778,0,9.099753175,0,24.26546827,18.80796705,18.31886156,27.50749853,9.289194512,0,4.895483476,0,0,35.7683706,14.81782834,99.6,18.31886156,21.97383706,0,30.33183534,10.30076712,0,12.83147904,0,-2.68883674,0.066666667,0,2,8,0,0,0,0,1.581,0,0,0,0,0,1,0,0,0,0,0,0,0,0,0,106,14.01328809,0.007241923,-1.023293127,0.465728013,0.302404013,9.877673342,5.81236855,-0.15901027,29.84652644,0,52.73990902,24.49954865,0,9.649848996,0,0,14.3633553,0.701292676
1,80,20,0,2,25,40,75,2,0.046864712,-0.504861549,0.504861549,2.093281793,2.423248612,10.423316,5.817862778,0,9.099753175,0,24.26546827,18.80796705,18.31886156,27.50749853,9.289194512,0,4.895483476,0,0,35.7683706,14.81782834,99.6,18.31886156,21.97383706,0,30.33183534,10.30076712,0,12.83147904,0,-2.68883674,0.066666667,0,2,8,0,0,0,0,1.581,0,0,0,0,0,1,0,0,0,0,0,0,0,0,0,106,14.01328809,0.007241923,-1.023293127,0.465728013,0.302404013,9.877673342,5.81236855,-0.15901027,29.84652644,0,52.73990902,24.49954865,0,9.649848996,0,0,14.3633553,0.701292676
0,80,20,0,2,25,40,75,3,0.046864712,-0.504861549,0.504861549,2.093281793,2.423248612,10.423316,5.817862778,0,9.099753175,0,24.26546827,18.80796705,18.31886156,27.50749853,9.289194512,0,4.895483476,0,0,35.7683706,14.81782834,99.6,18.31886156,21.97383706,0,30.33183534,10.30076712,0,12.83147904,0,-2.68883674,0.066666667,0,2,8,0,0,0,0,1.581,0,0,0,0,0,1,0,0,0,0,0,0,0,0,0,106,14.01328809,0.007241923,-1.023293127,0.465728013,0.302404013,9.877673342,5.81236855,-0.15901027,29.84652644,0,52.73990902,24.49954865,0,9.649848996,0,0,14.3633553,0.701292676
1,85,15,0,2,25,40,75,2,0.046864712,-0.504861549,0.504861549,2.093281793,2.423248612,10.423316,5.817862778,0,9.099753175,0,24.26546827,18.80796705,18.31886156,27.50749853,9.289194512,0,4.895483476,0,0,35.7683706,14.81782834,99.6,18.31886156,21.97383706,0,30.33183534,10.30076712,0,12.83147904,0,-2.68883674,0.066666667,0,2,8,0,0,0,0,1.581,0,0,0,0,0,1,0,0,0,0,0,0,0,0,0,106,14.01328809,0.007241923,-1.023293127,0.465728013,0.302404013,9.877673342,5.81236855,-0.15901027,29.84652644,0,52.73990902,24.49954865,0,9.649848996,0,0,14.3633553,0.701292676
0,85,15,0,2,25,40,75,3,0.046864712,-0.504861549,0.504861549,2.093281793,2.423248612,10.423316,5.817862778,0,9.099753175,0,24.26546827,18.80796705,18.31886156,27.50749853,9.289194512,0,4.895483476,0,0,35.7683706,14.81782834,99.6,18.31886156,21.97383706,0,30.33183534,10.30076712,0,12.83147904,0,-2.68883674,0.066666667,0,2,8,0,0,0,0,1.581,0,0,0,0,0,1,0,0,0,0,0,0,0,0,0,106,14.01328809,0.007241923,-1.023293127,0.465728013,0.302404013,9.877673342,5.81236855,-0.15901027,29.84652644,0,52.73990902,24.49954865,0,9.649848996,0,0,14.3633553,0.701292676
1,90,10,0,2,25,40,75,1,0.046864712,-0.504861549,0.504861549,2.093281793,2.423248612,10.423316,5.817862778,0,9.099753175,0,24.26546827,18.80796705,18.31886156,27.50749853,9.289194512,0,4.895483476,0,0,35.7683706,14.81782834,99.6,18.31886156,21.97383706,0,30.33183534,10.30076712,0,12.83147904,0,-2.68883674,0.066666667,0,2,8,0,0,0,0,1.581,0,0,0,0,0,1,0,0,0,0,0,0,0,0,0,106,14.01328809,0.007241923,-1.023293127,0.465728013,0.302404013,9.877673342,5.81236855,-0.15901027,29.84652644,0,52.73990902,24.49954865,0,9.649848996,0,0,14.3633553,0.701292676
0,90,10,0,2,25,40,75,2,0.046864712,-0.504861549,0.504861549,2.093281793,2.423248612,10.423316,5.817862778,0,9.099753175,0,24.26546827,18.80796705,18.31886156,27.50749853,9.289194512,0,4.895483476,0,0,35.7683706,14.81782834,99.6,18.31886156,21.97383706,0,30.33183534,10.30076712,0,12.83147904,0,-2.68883674,0.066666667,0,2,8,0,0,0,0,1.581,0,0,0,0,0,1,0,0,0,0,0,0,0,0,0,106,14.01328809,0.007241923,-1.023293127,0.465728013,0.302404013,9.877673342,5.81236855,-0.15901027,29.84652644,0,52.73990902,24.49954865,0,9.649848996,0,0,14.3633553,0.701292676
1,5,95,0,2,25,40,75,180,0.054148968,-0.39277466,0.39277466,1.700111312,2.328512397,10.21305479,6.606881965,0,9.589074368,0,73.18464892,12.33872767,19.80212916,11.56648989,0,34.50160512,64.89719215,0,0,34.49039303,9.589074368,74.6,19.80212916,40.83916489,24.67745534,0,13.8474744,0,20.54003742,4.031338547,0,0.80952381,7,2,4,0,3,0,0,2.6667,0,0,0,0,0,5,0,0,0,0,0,0,0,0,0,106,14.01328809,0.007241923,-1.023293127,0.465728013,0.302404013,9.877673342,5.81236855,-0.15901027,29.84652644,0,52.73990902,24.49954865,0,9.649848996,0,0,14.3633553,0.701292676
1,10,90,0,2,25,40,75,180,0.054148968,-0.39277466,0.39277466,1.700111312,2.328512397,10.21305479,6.606881965,0,9.589074368,0,73.18464892,12.33872767,19.80212916,11.56648989,0,34.50160512,64.89719215,0,0,34.49039303,9.589074368,74.6,19.80212916,40.83916489,24.67745534,0,13.8474744,0,20.54003742,4.031338547,0,0.80952381,7,2,4,0,3,0,0,2.6667,0,0,0,0,0,5,0,0,0,0,0,0,0,0,0,106,14.01328809,0.007241923,-1.023293127,0.465728013,0.302404013,9.877673342,5.81236855,-0.15901027,29.84652644,0,52.73990902,24.49954865,0,9.649848996,0,0,14.3633553,0.701292676
1,15,85,0,2,25,40,75,4,0.054148968,-0.39277466,0.39277466,1.700111312,2.328512397,10.21305479,6.606881965,0,9.589074368,0,73.18464892,12.33872767,19.80212916,11.56648989,0,34.50160512,64.89719215,0,0,34.49039303,9.589074368,74.6,19.80212916,40.83916489,24.67745534,0,13.8474744,0,20.54003742,4.031338547,0,0.80952381,7,2,4,0,3,0,0,2.6667,0,0,0,0,0,5,0,0,0,0,0,0,0,0,0,106,14.01328809,0.007241923,-1.023293127,0.465728013,0.302404013,9.877673342,5.81236855,-0.15901027,29.84652644,0,52.73990902,24.49954865,0,9.649848996,0,0,14.3633553,0.701292676
0,15,85,0,2,25,40,75,5,0.054148968,-0.39277466,0.39277466,1.700111312,2.328512397,10.21305479,6.606881965,0,9.589074368,0,73.18464892,12.33872767,19.80212916,11.56648989,0,34.50160512,64.89719215,0,0,34.49039303,9.589074368,74.6,19.80212916,40.83916489,24.67745534,0,13.8474744,0,20.54003742,4.031338547,0,0.80952381,7,2,4,0,3,0,0,2.6667,0,0,0,0,0,5,0,0,0,0,0,0,0,0,0,106,14.01328809,0.007241923,-1.023293127,0.465728013,0.302404013,9.877673342,5.81236855,-0.15901027,29.84652644,0,52.73990902,24.49954865,0,9.649848996,0,0,14.3633553,0.701292676
1,20,80,0,2,25,40,75,4,0.054148968,-0.39277466,0.39277466,1.700111312,2.328512397,10.21305479,6.606881965,0,9.589074368,0,73.18464892,12.33872767,19.80212916,11.56648989,0,34.50160512,64.89719215,0,0,34.49039303,9.589074368,74.6,19.80212916,40.83916489,24.67745534,0,13.8474744,0,20.54003742,4.031338547,0,0.80952381,7,2,4,0,3,0,0,2.6667,0,0,0,0,0,5,0,0,0,0,0,0,0,0,0,106,14.01328809,0.007241923,-1.023293127,0.465728013,0.302404013,9.877673342,5.81236855,-0.15901027,29.84652644,0,52.73990902,24.49954865,0,9.649848996,0,0,14.3633553,0.701292676
0,20,80,0,2,25,40,75,5,0.054148968,-0.39277466,0.39277466,1.700111312,2.328512397,10.21305479,6.606881965,0,9.589074368,0,73.18464892,12.33872767,19.80212916,11.56648989,0,34.50160512,64.89719215,0,0,34.49039303,9.589074368,74.6,19.80212916,40.83916489,24.67745534,0,13.8474744,0,20.54003742,4.031338547,0,0.80952381,7,2,4,0,3,0,0,2.6667,0,0,0,0,0,5,0,0,0,0,0,0,0,0,0,106,14.01328809,0.007241923,-1.023293127,0.465728013,0.302404013,9.877673342,5.81236855,-0.15901027,29.84652644,0,52.73990902,24.49954865,0,9.649848996,0,0,14.3633553,0.701292676
1,25,75,0,2,25,40,75,2,0.054148968,-0.39277466,0.39277466,1.700111312,2.328512397,10.21305479,6.606881965,0,9.589074368,0,73.18464892,12.33872767,19.80212916,11.56648989,0,34.50160512,64.89719215,0,0,34.49039303,9.589074368,74.6,19.80212916,40.83916489,24.67745534,0,13.8474744,0,20.54003742,4.031338547,0,0.80952381,7,2,4,0,3,0,0,2.6667,0,0,0,0,0,5,0,0,0,0,0,0,0,0,0,106,14.01328809,0.007241923,-1.023293127,0.465728013,0.302404013,9.877673342,5.81236855,-0.15901027,29.84652644,0,52.73990902,24.49954865,0,9.649848996,0,0,14.3633553,0.701292676
0,25,75,0,2,25,40,75,3,0.054148968,-0.39277466,0.39277466,1.700111312,2.328512397,10.21305479,6.606881965,0,9.589074368,0,73.18464892,12.33872767,19.80212916,11.56648989,0,34.50160512,64.89719215,0,0,34.49039303,9.589074368,74.6,19.80212916,40.83916489,24.67745534,0,13.8474744,0,20.54003742,4.031338547,0,0.80952381,7,2,4,0,3,0,0,2.6667,0,0,0,0,0,5,0,0,0,0,0,0,0,0,0,106,14.01328809,0.007241923,-1.023293127,0.465728013,0.302404013,9.877673342,5.81236855,-0.15901027,29.84652644,0,52.73990902,24.49954865,0,9.649848996,0,0,14.3633553,0.701292676
1,30,70,0,2,25,40,75,2,0.054148968,-0.39277466,0.39277466,1.700111312,2.328512397,10.21305479,6.606881965,0,9.589074368,0,73.18464892,12.33872767,19.80212916,11.56648989,0,34.50160512,64.89719215,0,0,34.49039303,9.589074368,74.6,19.80212916,40.83916489,24.67745534,0,13.8474744,0,20.54003742,4.031338547,0,0.80952381,7,2,4,0,3,0,0,2.6667,0,0,0,0,0,5,0,0,0,0,0,0,0,0,0,106,14.01328809,0.007241923,-1.023293127,0.465728013,0.302404013,9.877673342,5.81236855,-0.15901027,29.84652644,0,52.73990902,24.49954865,0,9.649848996,0,0,14.3633553,0.701292676
0,30,70,0,2,25,40,75,3,0.054148968,-0.39277466,0.39277466,1.700111312,2.328512397,10.21305479,6.606881965,0,9.589074368,0,73.18464892,12.33872767,19.80212916,11.56648989,0,34.50160512,64.89719215,0,0,34.49039303,9.589074368,74.6,19.80212916,40.83916489,24.67745534,0,13.8474744,0,20.54003742,4.031338547,0,0.80952381,7,2,4,0,3,0,0,2.6667,0,0,0,0,0,5,0,0,0,0,0,0,0,0,0,106,14.01328809,0.007241923,-1.023293127,0.465728013,0.302404013,9.877673342,5.81236855,-0.15901027,29.84652644,0,52.73990902,24.49954865,0,9.649848996,0,0,14.3633553,0.701292676
1,35,65,0,2,25,40,75,2,0.054148968,-0.39277466,0.39277466,1.700111312,2.328512397,10.21305479,6.606881965,0,9.589074368,0,73.18464892,12.33872767,19.80212916,11.56648989,0,34.50160512,64.89719215,0,0,34.49039303,9.589074368,74.6,19.80212916,40.83916489,24.67745534,0,13.8474744,0,20.54003742,4.031338547,0,0.80952381,7,2,4,0,3,0,0,2.6667,0,0,0,0,0,5,0,0,0,0,0,0,0,0,0,106,14.01328809,0.007241923,-1.023293127,0.465728013,0.302404013,9.877673342,5.81236855,-0.15901027,29.84652644,0,52.73990902,24.49954865,0,9.649848996,0,0,14.3633553,0.701292676
0,35,65,0,2,25,40,75,3,0.054148968,-0.39277466,0.39277466,1.700111312,2.328512397,10.21305479,6.606881965,0,9.589074368,0,73.18464892,12.33872767,19.80212916,11.56648989,0,34.50160512,64.89719215,0,0,34.49039303,9.589074368,74.6,19.80212916,40.83916489,24.67745534,0,13.8474744,0,20.54003742,4.031338547,0,0.80952381,7,2,4,0,3,0,0,2.6667,0,0,0,0,0,5,0,0,0,0,0,0,0,0,0,106,14.01328809,0.007241923,-1.023293127,0.465728013,0.302404013,9.877673342,5.81236855,-0.15901027,29.84652644,0,52.73990902,24.49954865,0,9.649848996,0,0,14.3633553,0.701292676
1,40,60,0,2,25,40,75,2,0.054148968,-0.39277466,0.39277466,1.700111312,2.328512397,10.21305479,6.606881965,0,9.589074368,0,73.18464892,12.33872767,19.80212916,11.56648989,0,34.50160512,64.89719215,0,0,34.49039303,9.589074368,74.6,19.80212916,40.83916489,24.67745534,0,13.8474744,0,20.54003742,4.031338547,0,0.80952381,7,2,4,0,3,0,0,2.6667,0,0,0,0,0,5,0,0,0,0,0,0,0,0,0,106,14.01328809,0.007241923,-1.023293127,0.465728013,0.302404013,9.877673342,5.81236855,-0.15901027,29.84652644,0,52.73990902,24.49954865,0,9.649848996,0,0,14.3633553,0.701292676
0,40,60,0,2,25,40,75,3,0.054148968,-0.39277466,0.39277466,1.700111312,2.328512397,10.21305479,6.606881965,0,9.589074368,0,73.18464892,12.33872767,19.80212916,11.56648989,0,34.50160512,64.89719215,0,0,34.49039303,9.589074368,74.6,19.80212916,40.83916489,24.67745534,0,13.8474744,0,20.54003742,4.031338547,0,0.80952381,7,2,4,0,3,0,0,2.6667,0,0,0,0,0,5,0,0,0,0,0,0,0,0,0,106,14.01328809,0.007241923,-1.023293127,0.465728013,0.302404013,9.877673342,5.81236855,-0.15901027,29.84652644,0,52.73990902,24.49954865,0,9.649848996,0,0,14.3633553,0.701292676
1,45,55,0,2,25,40,75,2,0.054148968,-0.39277466,0.39277466,1.700111312,2.328512397,10.21305479,6.606881965,0,9.589074368,0,73.18464892,12.33872767,19.80212916,11.56648989,0,34.50160512,64.89719215,0,0,34.49039303,9.589074368,74.6,19.80212916,40.83916489,24.67745534,0,13.8474744,0,20.54003742,4.031338547,0,0.80952381,7,2,4,0,3,0,0,2.6667,0,0,0,0,0,5,0,0,0,0,0,0,0,0,0,106,14.01328809,0.007241923,-1.023293127,0.465728013,0.302404013,9.877673342,5.81236855,-0.15901027,29.84652644,0,52.73990902,24.49954865,0,9.649848996,0,0,14.3633553,0.701292676
0,45,55,0,2,25,40,75,3,0.054148968,-0.39277466,0.39277466,1.700111312,2.328512397,10.21305479,6.606881965,0,9.589074368,0,73.18464892,12.33872767,19.80212916,11.56648989,0,34.50160512,64.89719215,0,0,34.49039303,9.589074368,74.6,19.80212916,40.83916489,24.67745534,0,13.8474744,0,20.54003742,4.031338547,0,0.80952381,7,2,4,0,3,0,0,2.6667,0,0,0,0,0,5,0,0,0,0,0,0,0,0,0,106,14.01328809,0.007241923,-1.023293127,0.465728013,0.302404013,9.877673342,5.81236855,-0.15901027,29.84652644,0,52.73990902,24.49954865,0,9.649848996,0,0,14.3633553,0.701292676
1,50,50,0,2,25,40,75,2,0.054148968,-0.39277466,0.39277466,1.700111312,2.328512397,10.21305479,6.606881965,0,9.589074368,0,73.18464892,12.33872767,19.80212916,11.56648989,0,34.50160512,64.89719215,0,0,34.49039303,9.589074368,74.6,19.80212916,40.83916489,24.67745534,0,13.8474744,0,20.54003742,4.031338547,0,0.80952381,7,2,4,0,3,0,0,2.6667,0,0,0,0,0,5,0,0,0,0,0,0,0,0,0,106,14.01328809,0.007241923,-1.023293127,0.465728013,0.302404013,9.877673342,5.81236855,-0.15901027,29.84652644,0,52.73990902,24.49954865,0,9.649848996,0,0,14.3633553,0.701292676
0,50,50,0,2,25,40,75,3,0.054148968,-0.39277466,0.39277466,1.700111312,2.328512397,10.21305479,6.606881965,0,9.589074368,0,73.18464892,12.33872767,19.80212916,11.56648989,0,34.50160512,64.89719215,0,0,34.49039303,9.589074368,74.6,19.80212916,40.83916489,24.67745534,0,13.8474744,0,20.54003742,4.031338547,0,0.80952381,7,2,4,0,3,0,0,2.6667,0,0,0,0,0,5,0,0,0,0,0,0,0,0,0,106,14.01328809,0.007241923,-1.023293127,0.465728013,0.302404013,9.877673342,5.81236855,-0.15901027,29.84652644,0,52.73990902,24.49954865,0,9.649848996,0,0,14.3633553,0.701292676
1,55,45,0,2,25,40,75,2,0.054148968,-0.39277466,0.39277466,1.700111312,2.328512397,10.21305479,6.606881965,0,9.589074368,0,73.18464892,12.33872767,19.80212916,11.56648989,0,34.50160512,64.89719215,0,0,34.49039303,9.589074368,74.6,19.80212916,40.83916489,24.67745534,0,13.8474744,0,20.54003742,4.031338547,0,0.80952381,7,2,4,0,3,0,0,2.6667,0,0,0,0,0,5,0,0,0,0,0,0,0,0,0,106,14.01328809,0.007241923,-1.023293127,0.465728013,0.302404013,9.877673342,5.81236855,-0.15901027,29.84652644,0,52.73990902,24.49954865,0,9.649848996,0,0,14.3633553,0.701292676
0,55,45,0,2,25,40,75,3,0.054148968,-0.39277466,0.39277466,1.700111312,2.328512397,10.21305479,6.606881965,0,9.589074368,0,73.18464892,12.33872767,19.80212916,11.56648989,0,34.50160512,64.89719215,0,0,34.49039303,9.589074368,74.6,19.80212916,40.83916489,24.67745534,0,13.8474744,0,20.54003742,4.031338547,0,0.80952381,7,2,4,0,3,0,0,2.6667,0,0,0,0,0,5,0,0,0,0,0,0,0,0,0,106,14.01328809,0.007241923,-1.023293127,0.465728013,0.302404013,9.877673342,5.81236855,-0.15901027,29.84652644,0,52.73990902,24.49954865,0,9.649848996,0,0,14.3633553,0.701292676
1,60,40,0,2,25,40,75,2,0.054148968,-0.39277466,0.39277466,1.700111312,2.328512397,10.21305479,6.606881965,0,9.589074368,0,73.18464892,12.33872767,19.80212916,11.56648989,0,34.50160512,64.89719215,0,0,34.49039303,9.589074368,74.6,19.80212916,40.83916489,24.67745534,0,13.8474744,0,20.54003742,4.031338547,0,0.80952381,7,2,4,0,3,0,0,2.6667,0,0,0,0,0,5,0,0,0,0,0,0,0,0,0,106,14.01328809,0.007241923,-1.023293127,0.465728013,0.302404013,9.877673342,5.81236855,-0.15901027,29.84652644,0,52.73990902,24.49954865,0,9.649848996,0,0,14.3633553,0.701292676
0,60,40,0,2,25,40,75,3,0.054148968,-0.39277466,0.39277466,1.700111312,2.328512397,10.21305479,6.606881965,0,9.589074368,0,73.18464892,12.33872767,19.80212916,11.56648989,0,34.50160512,64.89719215,0,0,34.49039303,9.589074368,74.6,19.80212916,40.83916489,24.67745534,0,13.8474744,0,20.54003742,4.031338547,0,0.80952381,7,2,4,0,3,0,0,2.6667,0,0,0,0,0,5,0,0,0,0,0,0,0,0,0,106,14.01328809,0.007241923,-1.023293127,0.465728013,0.302404013,9.877673342,5.81236855,-0.15901027,29.84652644,0,52.73990902,24.49954865,0,9.649848996,0,0,14.3633553,0.701292676
1,65,35,0,2,25,40,75,2,0.054148968,-0.39277466,0.39277466,1.700111312,2.328512397,10.21305479,6.606881965,0,9.589074368,0,73.18464892,12.33872767,19.80212916,11.56648989,0,34.50160512,64.89719215,0,0,34.49039303,9.589074368,74.6,19.80212916,40.83916489,24.67745534,0,13.8474744,0,20.54003742,4.031338547,0,0.80952381,7,2,4,0,3,0,0,2.6667,0,0,0,0,0,5,0,0,0,0,0,0,0,0,0,106,14.01328809,0.007241923,-1.023293127,0.465728013,0.302404013,9.877673342,5.81236855,-0.15901027,29.84652644,0,52.73990902,24.49954865,0,9.649848996,0,0,14.3633553,0.701292676
0,65,35,0,2,25,40,75,3,0.054148968,-0.39277466,0.39277466,1.700111312,2.328512397,10.21305479,6.606881965,0,9.589074368,0,73.18464892,12.33872767,19.80212916,11.56648989,0,34.50160512,64.89719215,0,0,34.49039303,9.589074368,74.6,19.80212916,40.83916489,24.67745534,0,13.8474744,0,20.54003742,4.031338547,0,0.80952381,7,2,4,0,3,0,0,2.6667,0,0,0,0,0,5,0,0,0,0,0,0,0,0,0,106,14.01328809,0.007241923,-1.023293127,0.465728013,0.302404013,9.877673342,5.81236855,-0.15901027,29.84652644,0,52.73990902,24.49954865,0,9.649848996,0,0,14.3633553,0.701292676
1,70,30,0,2,25,40,75,2,0.054148968,-0.39277466,0.39277466,1.700111312,2.328512397,10.21305479,6.606881965,0,9.589074368,0,73.18464892,12.33872767,19.80212916,11.56648989,0,34.50160512,64.89719215,0,0,34.49039303,9.589074368,74.6,19.80212916,40.83916489,24.67745534,0,13.8474744,0,20.54003742,4.031338547,0,0.80952381,7,2,4,0,3,0,0,2.6667,0,0,0,0,0,5,0,0,0,0,0,0,0,0,0,106,14.01328809,0.007241923,-1.023293127,0.465728013,0.302404013,9.877673342,5.81236855,-0.15901027,29.84652644,0,52.73990902,24.49954865,0,9.649848996,0,0,14.3633553,0.701292676
0,70,30,0,2,25,40,75,3,0.054148968,-0.39277466,0.39277466,1.700111312,2.328512397,10.21305479,6.606881965,0,9.589074368,0,73.18464892,12.33872767,19.80212916,11.56648989,0,34.50160512,64.89719215,0,0,34.49039303,9.589074368,74.6,19.80212916,40.83916489,24.67745534,0,13.8474744,0,20.54003742,4.031338547,0,0.80952381,7,2,4,0,3,0,0,2.6667,0,0,0,0,0,5,0,0,0,0,0,0,0,0,0,106,14.01328809,0.007241923,-1.023293127,0.465728013,0.302404013,9.877673342,5.81236855,-0.15901027,29.84652644,0,52.73990902,24.49954865,0,9.649848996,0,0,14.3633553,0.701292676
1,75,25,0,2,25,40,75,2,0.054148968,-0.39277466,0.39277466,1.700111312,2.328512397,10.21305479,6.606881965,0,9.589074368,0,73.18464892,12.33872767,19.80212916,11.56648989,0,34.50160512,64.89719215,0,0,34.49039303,9.589074368,74.6,19.80212916,40.83916489,24.67745534,0,13.8474744,0,20.54003742,4.031338547,0,0.80952381,7,2,4,0,3,0,0,2.6667,0,0,0,0,0,5,0,0,0,0,0,0,0,0,0,106,14.01328809,0.007241923,-1.023293127,0.465728013,0.302404013,9.877673342,5.81236855,-0.15901027,29.84652644,0,52.73990902,24.49954865,0,9.649848996,0,0,14.3633553,0.701292676
0,75,25,0,2,25,40,75,3,0.054148968,-0.39277466,0.39277466,1.700111312,2.328512397,10.21305479,6.606881965,0,9.589074368,0,73.18464892,12.33872767,19.80212916,11.56648989,0,34.50160512,64.89719215,0,0,34.49039303,9.589074368,74.6,19.80212916,40.83916489,24.67745534,0,13.8474744,0,20.54003742,4.031338547,0,0.80952381,7,2,4,0,3,0,0,2.6667,0,0,0,0,0,5,0,0,0,0,0,0,0,0,0,106,14.01328809,0.007241923,-1.023293127,0.465728013,0.302404013,9.877673342,5.81236855,-0.15901027,29.84652644,0,52.73990902,24.49954865,0,9.649848996,0,0,14.3633553,0.701292676
1,80,20,0,2,25,40,75,2,0.054148968,-0.39277466,0.39277466,1.700111312,2.328512397,10.21305479,6.606881965,0,9.589074368,0,73.18464892,12.33872767,19.80212916,11.56648989,0,34.50160512,64.89719215,0,0,34.49039303,9.589074368,74.6,19.80212916,40.83916489,24.67745534,0,13.8474744,0,20.54003742,4.031338547,0,0.80952381,7,2,4,0,3,0,0,2.6667,0,0,0,0,0,5,0,0,0,0,0,0,0,0,0,106,14.01328809,0.007241923,-1.023293127,0.465728013,0.302404013,9.877673342,5.81236855,-0.15901027,29.84652644,0,52.73990902,24.49954865,0,9.649848996,0,0,14.3633553,0.701292676
0,80,20,0,2,25,40,75,3,0.054148968,-0.39277466,0.39277466,1.700111312,2.328512397,10.21305479,6.606881965,0,9.589074368,0,73.18464892,12.33872767,19.80212916,11.56648989,0,34.50160512,64.89719215,0,0,34.49039303,9.589074368,74.6,19.80212916,40.83916489,24.67745534,0,13.8474744,0,20.54003742,4.031338547,0,0.80952381,7,2,4,0,3,0,0,2.6667,0,0,0,0,0,5,0,0,0,0,0,0,0,0,0,106,14.01328809,0.007241923,-1.023293127,0.465728013,0.302404013,9.877673342,5.81236855,-0.15901027,29.84652644,0,52.73990902,24.49954865,0,9.649848996,0,0,14.3633553,0.701292676
1,85,15,0,2,25,40,75,1,0.054148968,-0.39277466,0.39277466,1.700111312,2.328512397,10.21305479,6.606881965,0,9.589074368,0,73.18464892,12.33872767,19.80212916,11.56648989,0,34.50160512,64.89719215,0,0,34.49039303,9.589074368,74.6,19.80212916,40.83916489,24.67745534,0,13.8474744,0,20.54003742,4.031338547,0,0.80952381,7,2,4,0,3,0,0,2.6667,0,0,0,0,0,5,0,0,0,0,0,0,0,0,0,106,14.01328809,0.007241923,-1.023293127,0.465728013,0.302404013,9.877673342,5.81236855,-0.15901027,29.84652644,0,52.73990902,24.49954865,0,9.649848996,0,0,14.3633553,0.701292676
0,85,15,0,2,25,40,75,2,0.054148968,-0.39277466,0.39277466,1.700111312,2.328512397,10.21305479,6.606881965,0,9.589074368,0,73.18464892,12.33872767,19.80212916,11.56648989,0,34.50160512,64.89719215,0,0,34.49039303,9.589074368,74.6,19.80212916,40.83916489,24.67745534,0,13.8474744,0,20.54003742,4.031338547,0,0.80952381,7,2,4,0,3,0,0,2.6667,0,0,0,0,0,5,0,0,0,0,0,0,0,0,0,106,14.01328809,0.007241923,-1.023293127,0.465728013,0.302404013,9.877673342,5.81236855,-0.15901027,29.84652644,0,52.73990902,24.49954865,0,9.649848996,0,0,14.3633553,0.701292676
1,90,10,0,2,25,40,75,1,0.054148968,-0.39277466,0.39277466,1.700111312,2.328512397,10.21305479,6.606881965,0,9.589074368,0,73.18464892,12.33872767,19.80212916,11.56648989,0,34.50160512,64.89719215,0,0,34.49039303,9.589074368,74.6,19.80212916,40.83916489,24.67745534,0,13.8474744,0,20.54003742,4.031338547,0,0.80952381,7,2,4,0,3,0,0,2.6667,0,0,0,0,0,5,0,0,0,0,0,0,0,0,0,106,14.01328809,0.007241923,-1.023293127,0.465728013,0.302404013,9.877673342,5.81236855,-0.15901027,29.84652644,0,52.73990902,24.49954865,0,9.649848996,0,0,14.3633553,0.701292676
0,90,10,0,2,25,40,75,2,0.054148968,-0.39277466,0.39277466,1.700111312,2.328512397,10.21305479,6.606881965,0,9.589074368,0,73.18464892,12.33872767,19.80212916,11.56648989,0,34.50160512,64.89719215,0,0,34.49039303,9.589074368,74.6,19.80212916,40.83916489,24.67745534,0,13.8474744,0,20.54003742,4.031338547,0,0.80952381,7,2,4,0,3,0,0,2.6667,0,0,0,0,0,5,0,0,0,0,0,0,0,0,0,106,14.01328809,0.007241923,-1.023293127,0.465728013,0.302404013,9.877673342,5.81236855,-0.15901027,29.84652644,0,52.73990902,24.49954865,0,9.649848996,0,0,14.3633553,0.701292676
1,5,95,0,2,25,40,75,180,0.114674981,-0.399592248,0.433061638,2.070287586,2.274603973,4.417150937,11.46806745,5.907179729,20.22564406,5.101407526,6.066367068,0,18.92953635,24.03707702,10.32570113,5.101407526,0,0,0,34.6298748,4.794537184,118.05,19.70339264,12.30500382,0,0,5.101407526,4.417150937,16.88217818,-0.182405596,0,0.125,0,1,9,1,1,0,0,0.0735,0,0,0,0,0,0,0,0,0,0,0,0,0,0,1,106,14.01328809,0.007241923,-1.023293127,0.465728013,0.302404013,9.877673342,5.81236855,-0.15901027,29.84652644,0,52.73990902,24.49954865,0,9.649848996,0,0,14.3633553,0.701292676
1,10,90,0,2,25,40,75,180,0.114674981,-0.399592248,0.433061638,2.070287586,2.274603973,4.417150937,11.46806745,5.907179729,20.22564406,5.101407526,6.066367068,0,18.92953635,24.03707702,10.32570113,5.101407526,0,0,0,34.6298748,4.794537184,118.05,19.70339264,12.30500382,0,0,5.101407526,4.417150937,16.88217818,-0.182405596,0,0.125,0,1,9,1,1,0,0,0.0735,0,0,0,0,0,0,0,0,0,0,0,0,0,0,1,106,14.01328809,0.007241923,-1.023293127,0.465728013,0.302404013,9.877673342,5.81236855,-0.15901027,29.84652644,0,52.73990902,24.49954865,0,9.649848996,0,0,14.3633553,0.701292676
1,15,85,0,2,25,40,75,3,0.114674981,-0.399592248,0.433061638,2.070287586,2.274603973,4.417150937,11.46806745,5.907179729,20.22564406,5.101407526,6.066367068,0,18.92953635,24.03707702,10.32570113,5.101407526,0,0,0,34.6298748,4.794537184,118.05,19.70339264,12.30500382,0,0,5.101407526,4.417150937,16.88217818,-0.182405596,0,0.125,0,1,9,1,1,0,0,0.0735,0,0,0,0,0,0,0,0,0,0,0,0,0,0,1,106,14.01328809,0.007241923,-1.023293127,0.465728013,0.302404013,9.877673342,5.81236855,-0.15901027,29.84652644,0,52.73990902,24.49954865,0,9.649848996,0,0,14.3633553,0.701292676
0,15,85,0,2,25,40,75,4,0.114674981,-0.399592248,0.433061638,2.070287586,2.274603973,4.417150937,11.46806745,5.907179729,20.22564406,5.101407526,6.066367068,0,18.92953635,24.03707702,10.32570113,5.101407526,0,0,0,34.6298748,4.794537184,118.05,19.70339264,12.30500382,0,0,5.101407526,4.417150937,16.88217818,-0.182405596,0,0.125,0,1,9,1,1,0,0,0.0735,0,0,0,0,0,0,0,0,0,0,0,0,0,0,1,106,14.01328809,0.007241923,-1.023293127,0.465728013,0.302404013,9.877673342,5.81236855,-0.15901027,29.84652644,0,52.73990902,24.49954865,0,9.649848996,0,0,14.3633553,0.701292676
1,20,80,0,2,25,40,75,1,0.114674981,-0.399592248,0.433061638,2.070287586,2.274603973,4.417150937,11.46806745,5.907179729,20.22564406,5.101407526,6.066367068,0,18.92953635,24.03707702,10.32570113,5.101407526,0,0,0,34.6298748,4.794537184,118.05,19.70339264,12.30500382,0,0,5.101407526,4.417150937,16.88217818,-0.182405596,0,0.125,0,1,9,1,1,0,0,0.0735,0,0,0,0,0,0,0,0,0,0,0,0,0,0,1,106,14.01328809,0.007241923,-1.023293127,0.465728013,0.302404013,9.877673342,5.81236855,-0.15901027,29.84652644,0,52.73990902,24.49954865,0,9.649848996,0,0,14.3633553,0.701292676
0,20,80,0,2,25,40,75,2,0.114674981,-0.399592248,0.433061638,2.070287586,2.274603973,4.417150937,11.46806745,5.907179729,20.22564406,5.101407526,6.066367068,0,18.92953635,24.03707702,10.32570113,5.101407526,0,0,0,34.6298748,4.794537184,118.05,19.70339264,12.30500382,0,0,5.101407526,4.417150937,16.88217818,-0.182405596,0,0.125,0,1,9,1,1,0,0,0.0735,0,0,0,0,0,0,0,0,0,0,0,0,0,0,1,106,14.01328809,0.007241923,-1.023293127,0.465728013,0.302404013,9.877673342,5.81236855,-0.15901027,29.84652644,0,52.73990902,24.49954865,0,9.649848996,0,0,14.3633553,0.701292676
1,25,75,0,2,25,40,75,1,0.114674981,-0.399592248,0.433061638,2.070287586,2.274603973,4.417150937,11.46806745,5.907179729,20.22564406,5.101407526,6.066367068,0,18.92953635,24.03707702,10.32570113,5.101407526,0,0,0,34.6298748,4.794537184,118.05,19.70339264,12.30500382,0,0,5.101407526,4.417150937,16.88217818,-0.182405596,0,0.125,0,1,9,1,1,0,0,0.0735,0,0,0,0,0,0,0,0,0,0,0,0,0,0,1,106,14.01328809,0.007241923,-1.023293127,0.465728013,0.302404013,9.877673342,5.81236855,-0.15901027,29.84652644,0,52.73990902,24.49954865,0,9.649848996,0,0,14.3633553,0.701292676
0,25,75,0,2,25,40,75,2,0.114674981,-0.399592248,0.433061638,2.070287586,2.274603973,4.417150937,11.46806745,5.907179729,20.22564406,5.101407526,6.066367068,0,18.92953635,24.03707702,10.32570113,5.101407526,0,0,0,34.6298748,4.794537184,118.05,19.70339264,12.30500382,0,0,5.101407526,4.417150937,16.88217818,-0.182405596,0,0.125,0,1,9,1,1,0,0,0.0735,0,0,0,0,0,0,0,0,0,0,0,0,0,0,1,106,14.01328809,0.007241923,-1.023293127,0.465728013,0.302404013,9.877673342,5.81236855,-0.15901027,29.84652644,0,52.73990902,24.49954865,0,9.649848996,0,0,14.3633553,0.701292676
1,5,95,0,2,25,40,75,180,0,-0.54980482,1,2.00E-06,4.400490339,15.21785318,0,0,0,0,23.7625527,18.07751319,39.45835061,40.54595762,0,0,6.420821623,0,23.20187978,5.969305288,11.21535881,52.16,9.901064579,35.97810766,26.98349067,42.46456948,5.316788604,23.20187978,14.71225148,0,0,0.071428571,0,1,6,0,0,0,0,0.0334,0,0,0,0,0,0,2,0,0,2,0,0,0,0,0,106,14.01328809,0.007241923,-1.023293127,0.465728013,0.302404013,9.877673342,5.81236855,-0.15901027,29.84652644,0,52.73990902,24.49954865,0,9.649848996,0,0,14.3633553,0.701292676
1,10,90,0,2,25,40,75,180,0,-0.54980482,1,2.00E-06,4.400490339,15.21785318,0,0,0,0,23.7625527,18.07751319,39.45835061,40.54595762,0,0,6.420821623,0,23.20187978,5.969305288,11.21535881,52.16,9.901064579,35.97810766,26.98349067,42.46456948,5.316788604,23.20187978,14.71225148,0,0,0.071428571,0,1,6,0,0,0,0,0.0334,0,0,0,0,0,0,2,0,0,2,0,0,0,0,0,106,14.01328809,0.007241923,-1.023293127,0.465728013,0.302404013,9.877673342,5.81236855,-0.15901027,29.84652644,0,52.73990902,24.49954865,0,9.649848996,0,0,14.3633553,0.701292676
1,15,85,0,2,25,40,75,180,0,-0.54980482,1,2.00E-06,4.400490339,15.21785318,0,0,0,0,23.7625527,18.07751319,39.45835061,40.54595762,0,0,6.420821623,0,23.20187978,5.969305288,11.21535881,52.16,9.901064579,35.97810766,26.98349067,42.46456948,5.316788604,23.20187978,14.71225148,0,0,0.071428571,0,1,6,0,0,0,0,0.0334,0,0,0,0,0,0,2,0,0,2,0,0,0,0,0,106,14.01328809,0.007241923,-1.023293127,0.465728013,0.302404013,9.877673342,5.81236855,-0.15901027,29.84652644,0,52.73990902,24.49954865,0,9.649848996,0,0,14.3633553,0.701292676
1,20,80,0,2,25,40,75,2,0,-0.54980482,1,2.00E-06,4.400490339,15.21785318,0,0,0,0,23.7625527,18.07751319,39.45835061,40.54595762,0,0,6.420821623,0,23.20187978,5.969305288,11.21535881,52.16,9.901064579,35.97810766,26.98349067,42.46456948,5.316788604,23.20187978,14.71225148,0,0,0.071428571,0,1,6,0,0,0,0,0.0334,0,0,0,0,0,0,2,0,0,2,0,0,0,0,0,106,14.01328809,0.007241923,-1.023293127,0.465728013,0.302404013,9.877673342,5.81236855,-0.15901027,29.84652644,0,52.73990902,24.49954865,0,9.649848996,0,0,14.3633553,0.701292676
0,20,80,0,2,25,40,75,3,0,-0.54980482,1,2.00E-06,4.400490339,15.21785318,0,0,0,0,23.7625527,18.07751319,39.45835061,40.54595762,0,0,6.420821623,0,23.20187978,5.969305288,11.21535881,52.16,9.901064579,35.97810766,26.98349067,42.46456948,5.316788604,23.20187978,14.71225148,0,0,0.071428571,0,1,6,0,0,0,0,0.0334,0,0,0,0,0,0,2,0,0,2,0,0,0,0,0,106,14.01328809,0.007241923,-1.023293127,0.465728013,0.302404013,9.877673342,5.81236855,-0.15901027,29.84652644,0,52.73990902,24.49954865,0,9.649848996,0,0,14.3633553,0.701292676
1,25,75,0,2,25,40,75,2,0,-0.54980482,1,2.00E-06,4.400490339,15.21785318,0,0,0,0,23.7625527,18.07751319,39.45835061,40.54595762,0,0,6.420821623,0,23.20187978,5.969305288,11.21535881,52.16,9.901064579,35.97810766,26.98349067,42.46456948,5.316788604,23.20187978,14.71225148,0,0,0.071428571,0,1,6,0,0,0,0,0.0334,0,0,0,0,0,0,2,0,0,2,0,0,0,0,0,106,14.01328809,0.007241923,-1.023293127,0.465728013,0.302404013,9.877673342,5.81236855,-0.15901027,29.84652644,0,52.73990902,24.49954865,0,9.649848996,0,0,14.3633553,0.701292676
0,25,75,0,2,25,40,75,3,0,-0.54980482,1,2.00E-06,4.400490339,15.21785318,0,0,0,0,23.7625527,18.07751319,39.45835061,40.54595762,0,0,6.420821623,0,23.20187978,5.969305288,11.21535881,52.16,9.901064579,35.97810766,26.98349067,42.46456948,5.316788604,23.20187978,14.71225148,0,0,0.071428571,0,1,6,0,0,0,0,0.0334,0,0,0,0,0,0,2,0,0,2,0,0,0,0,0,106,14.01328809,0.007241923,-1.023293127,0.465728013,0.302404013,9.877673342,5.81236855,-0.15901027,29.84652644,0,52.73990902,24.49954865,0,9.649848996,0,0,14.3633553,0.701292676
1,30,70,0,2,25,40,75,2,0,-0.54980482,1,2.00E-06,4.400490339,15.21785318,0,0,0,0,23.7625527,18.07751319,39.45835061,40.54595762,0,0,6.420821623,0,23.20187978,5.969305288,11.21535881,52.16,9.901064579,35.97810766,26.98349067,42.46456948,5.316788604,23.20187978,14.71225148,0,0,0.071428571,0,1,6,0,0,0,0,0.0334,0,0,0,0,0,0,2,0,0,2,0,0,0,0,0,106,14.01328809,0.007241923,-1.023293127,0.465728013,0.302404013,9.877673342,5.81236855,-0.15901027,29.84652644,0,52.73990902,24.49954865,0,9.649848996,0,0,14.3633553,0.701292676
0,30,70,0,2,25,40,75,3,0,-0.54980482,1,2.00E-06,4.400490339,15.21785318,0,0,0,0,23.7625527,18.07751319,39.45835061,40.54595762,0,0,6.420821623,0,23.20187978,5.969305288,11.21535881,52.16,9.901064579,35.97810766,26.98349067,42.46456948,5.316788604,23.20187978,14.71225148,0,0,0.071428571,0,1,6,0,0,0,0,0.0334,0,0,0,0,0,0,2,0,0,2,0,0,0,0,0,106,14.01328809,0.007241923,-1.023293127,0.465728013,0.302404013,9.877673342,5.81236855,-0.15901027,29.84652644,0,52.73990902,24.49954865,0,9.649848996,0,0,14.3633553,0.701292676
1,35,65,0,2,25,40,75,2,0,-0.54980482,1,2.00E-06,4.400490339,15.21785318,0,0,0,0,23.7625527,18.07751319,39.45835061,40.54595762,0,0,6.420821623,0,23.20187978,5.969305288,11.21535881,52.16,9.901064579,35.97810766,26.98349067,42.46456948,5.316788604,23.20187978,14.71225148,0,0,0.071428571,0,1,6,0,0,0,0,0.0334,0,0,0,0,0,0,2,0,0,2,0,0,0,0,0,106,14.01328809,0.007241923,-1.023293127,0.465728013,0.302404013,9.877673342,5.81236855,-0.15901027,29.84652644,0,52.73990902,24.49954865,0,9.649848996,0,0,14.3633553,0.701292676
0,35,65,0,2,25,40,75,3,0,-0.54980482,1,2.00E-06,4.400490339,15.21785318,0,0,0,0,23.7625527,18.07751319,39.45835061,40.54595762,0,0,6.420821623,0,23.20187978,5.969305288,11.21535881,52.16,9.901064579,35.97810766,26.98349067,42.46456948,5.316788604,23.20187978,14.71225148,0,0,0.071428571,0,1,6,0,0,0,0,0.0334,0,0,0,0,0,0,2,0,0,2,0,0,0,0,0,106,14.01328809,0.007241923,-1.023293127,0.465728013,0.302404013,9.877673342,5.81236855,-0.15901027,29.84652644,0,52.73990902,24.49954865,0,9.649848996,0,0,14.3633553,0.701292676
1,40,60,0,2,25,40,75,2,0,-0.54980482,1,2.00E-06,4.400490339,15.21785318,0,0,0,0,23.7625527,18.07751319,39.45835061,40.54595762,0,0,6.420821623,0,23.20187978,5.969305288,11.21535881,52.16,9.901064579,35.97810766,26.98349067,42.46456948,5.316788604,23.20187978,14.71225148,0,0,0.071428571,0,1,6,0,0,0,0,0.0334,0,0,0,0,0,0,2,0,0,2,0,0,0,0,0,106,14.01328809,0.007241923,-1.023293127,0.465728013,0.302404013,9.877673342,5.81236855,-0.15901027,29.84652644,0,52.73990902,24.49954865,0,9.649848996,0,0,14.3633553,0.701292676
0,40,60,0,2,25,40,75,3,0,-0.54980482,1,2.00E-06,4.400490339,15.21785318,0,0,0,0,23.7625527,18.07751319,39.45835061,40.54595762,0,0,6.420821623,0,23.20187978,5.969305288,11.21535881,52.16,9.901064579,35.97810766,26.98349067,42.46456948,5.316788604,23.20187978,14.71225148,0,0,0.071428571,0,1,6,0,0,0,0,0.0334,0,0,0,0,0,0,2,0,0,2,0,0,0,0,0,106,14.01328809,0.007241923,-1.023293127,0.465728013,0.302404013,9.877673342,5.81236855,-0.15901027,29.84652644,0,52.73990902,24.49954865,0,9.649848996,0,0,14.3633553,0.701292676
1,45,55,0,2,25,40,75,2,0,-0.54980482,1,2.00E-06,4.400490339,15.21785318,0,0,0,0,23.7625527,18.07751319,39.45835061,40.54595762,0,0,6.420821623,0,23.20187978,5.969305288,11.21535881,52.16,9.901064579,35.97810766,26.98349067,42.46456948,5.316788604,23.20187978,14.71225148,0,0,0.071428571,0,1,6,0,0,0,0,0.0334,0,0,0,0,0,0,2,0,0,2,0,0,0,0,0,106,14.01328809,0.007241923,-1.023293127,0.465728013,0.302404013,9.877673342,5.81236855,-0.15901027,29.84652644,0,52.73990902,24.49954865,0,9.649848996,0,0,14.3633553,0.701292676
0,45,55,0,2,25,40,75,3,0,-0.54980482,1,2.00E-06,4.400490339,15.21785318,0,0,0,0,23.7625527,18.07751319,39.45835061,40.54595762,0,0,6.420821623,0,23.20187978,5.969305288,11.21535881,52.16,9.901064579,35.97810766,26.98349067,42.46456948,5.316788604,23.20187978,14.71225148,0,0,0.071428571,0,1,6,0,0,0,0,0.0334,0,0,0,0,0,0,2,0,0,2,0,0,0,0,0,106,14.01328809,0.007241923,-1.023293127,0.465728013,0.302404013,9.877673342,5.81236855,-0.15901027,29.84652644,0,52.73990902,24.49954865,0,9.649848996,0,0,14.3633553,0.701292676
1,50,50,0,2,25,40,75,2,0,-0.54980482,1,2.00E-06,4.400490339,15.21785318,0,0,0,0,23.7625527,18.07751319,39.45835061,40.54595762,0,0,6.420821623,0,23.20187978,5.969305288,11.21535881,52.16,9.901064579,35.97810766,26.98349067,42.46456948,5.316788604,23.20187978,14.71225148,0,0,0.071428571,0,1,6,0,0,0,0,0.0334,0,0,0,0,0,0,2,0,0,2,0,0,0,0,0,106,14.01328809,0.007241923,-1.023293127,0.465728013,0.302404013,9.877673342,5.81236855,-0.15901027,29.84652644,0,52.73990902,24.49954865,0,9.649848996,0,0,14.3633553,0.701292676
0,50,50,0,2,25,40,75,3,0,-0.54980482,1,2.00E-06,4.400490339,15.21785318,0,0,0,0,23.7625527,18.07751319,39.45835061,40.54595762,0,0,6.420821623,0,23.20187978,5.969305288,11.21535881,52.16,9.901064579,35.97810766,26.98349067,42.46456948,5.316788604,23.20187978,14.71225148,0,0,0.071428571,0,1,6,0,0,0,0,0.0334,0,0,0,0,0,0,2,0,0,2,0,0,0,0,0,106,14.01328809,0.007241923,-1.023293127,0.465728013,0.302404013,9.877673342,5.81236855,-0.15901027,29.84652644,0,52.73990902,24.49954865,0,9.649848996,0,0,14.3633553,0.701292676
1,55,45,0,2,25,40,75,2,0,-0.54980482,1,2.00E-06,4.400490339,15.21785318,0,0,0,0,23.7625527,18.07751319,39.45835061,40.54595762,0,0,6.420821623,0,23.20187978,5.969305288,11.21535881,52.16,9.901064579,35.97810766,26.98349067,42.46456948,5.316788604,23.20187978,14.71225148,0,0,0.071428571,0,1,6,0,0,0,0,0.0334,0,0,0,0,0,0,2,0,0,2,0,0,0,0,0,106,14.01328809,0.007241923,-1.023293127,0.465728013,0.302404013,9.877673342,5.81236855,-0.15901027,29.84652644,0,52.73990902,24.49954865,0,9.649848996,0,0,14.3633553,0.701292676
0,55,45,0,2,25,40,75,3,0,-0.54980482,1,2.00E-06,4.400490339,15.21785318,0,0,0,0,23.7625527,18.07751319,39.45835061,40.54595762,0,0,6.420821623,0,23.20187978,5.969305288,11.21535881,52.16,9.901064579,35.97810766,26.98349067,42.46456948,5.316788604,23.20187978,14.71225148,0,0,0.071428571,0,1,6,0,0,0,0,0.0334,0,0,0,0,0,0,2,0,0,2,0,0,0,0,0,106,14.01328809,0.007241923,-1.023293127,0.465728013,0.302404013,9.877673342,5.81236855,-0.15901027,29.84652644,0,52.73990902,24.49954865,0,9.649848996,0,0,14.3633553,0.701292676
1,60,40,0,2,25,40,75,2,0,-0.54980482,1,2.00E-06,4.400490339,15.21785318,0,0,0,0,23.7625527,18.07751319,39.45835061,40.54595762,0,0,6.420821623,0,23.20187978,5.969305288,11.21535881,52.16,9.901064579,35.97810766,26.98349067,42.46456948,5.316788604,23.20187978,14.71225148,0,0,0.071428571,0,1,6,0,0,0,0,0.0334,0,0,0,0,0,0,2,0,0,2,0,0,0,0,0,106,14.01328809,0.007241923,-1.023293127,0.465728013,0.302404013,9.877673342,5.81236855,-0.15901027,29.84652644,0,52.73990902,24.49954865,0,9.649848996,0,0,14.3633553,0.701292676
0,60,40,0,2,25,40,75,3,0,-0.54980482,1,2.00E-06,4.400490339,15.21785318,0,0,0,0,23.7625527,18.07751319,39.45835061,40.54595762,0,0,6.420821623,0,23.20187978,5.969305288,11.21535881,52.16,9.901064579,35.97810766,26.98349067,42.46456948,5.316788604,23.20187978,14.71225148,0,0,0.071428571,0,1,6,0,0,0,0,0.0334,0,0,0,0,0,0,2,0,0,2,0,0,0,0,0,106,14.01328809,0.007241923,-1.023293127,0.465728013,0.302404013,9.877673342,5.81236855,-0.15901027,29.84652644,0,52.73990902,24.49954865,0,9.649848996,0,0,14.3633553,0.701292676
1,65,35,0,2,25,40,75,1,0,-0.54980482,1,2.00E-06,4.400490339,15.21785318,0,0,0,0,23.7625527,18.07751319,39.45835061,40.54595762,0,0,6.420821623,0,23.20187978,5.969305288,11.21535881,52.16,9.901064579,35.97810766,26.98349067,42.46456948,5.316788604,23.20187978,14.71225148,0,0,0.071428571,0,1,6,0,0,0,0,0.0334,0,0,0,0,0,0,2,0,0,2,0,0,0,0,0,106,14.01328809,0.007241923,-1.023293127,0.465728013,0.302404013,9.877673342,5.81236855,-0.15901027,29.84652644,0,52.73990902,24.49954865,0,9.649848996,0,0,14.3633553,0.701292676
0,65,35,0,2,25,40,75,2,0,-0.54980482,1,2.00E-06,4.400490339,15.21785318,0,0,0,0,23.7625527,18.07751319,39.45835061,40.54595762,0,0,6.420821623,0,23.20187978,5.969305288,11.21535881,52.16,9.901064579,35.97810766,26.98349067,42.46456948,5.316788604,23.20187978,14.71225148,0,0,0.071428571,0,1,6,0,0,0,0,0.0334,0,0,0,0,0,0,2,0,0,2,0,0,0,0,0,106,14.01328809,0.007241923,-1.023293127,0.465728013,0.302404013,9.877673342,5.81236855,-0.15901027,29.84652644,0,52.73990902,24.49954865,0,9.649848996,0,0,14.3633553,0.701292676
1,70,30,0,2,25,40,75,1,0,-0.54980482,1,2.00E-06,4.400490339,15.21785318,0,0,0,0,23.7625527,18.07751319,39.45835061,40.54595762,0,0,6.420821623,0,23.20187978,5.969305288,11.21535881,52.16,9.901064579,35.97810766,26.98349067,42.46456948,5.316788604,23.20187978,14.71225148,0,0,0.071428571,0,1,6,0,0,0,0,0.0334,0,0,0,0,0,0,2,0,0,2,0,0,0,0,0,106,14.01328809,0.007241923,-1.023293127,0.465728013,0.302404013,9.877673342,5.81236855,-0.15901027,29.84652644,0,52.73990902,24.49954865,0,9.649848996,0,0,14.3633553,0.701292676
0,70,30,0,2,25,40,75,2,0,-0.54980482,1,2.00E-06,4.400490339,15.21785318,0,0,0,0,23.7625527,18.07751319,39.45835061,40.54595762,0,0,6.420821623,0,23.20187978,5.969305288,11.21535881,52.16,9.901064579,35.97810766,26.98349067,42.46456948,5.316788604,23.20187978,14.71225148,0,0,0.071428571,0,1,6,0,0,0,0,0.0334,0,0,0,0,0,0,2,0,0,2,0,0,0,0,0,106,14.01328809,0.007241923,-1.023293127,0.465728013,0.302404013,9.877673342,5.81236855,-0.15901027,29.84652644,0,52.73990902,24.49954865,0,9.649848996,0,0,14.3633553,0.701292676
1,5,95,0,2,25,40,75,180,0.223426022,-0.490849109,0.490849109,2.346203475,6.78504652,20.89384643,18.46036019,5.907179729,4.794537184,0,17.69618563,12.58659724,14.63792753,5.907179729,5.316788604,5.733667477,32.41410324,5.749511833,0,36.31115271,11.21535881,84.58,9.901064579,18.93488332,18.33610907,24.26546827,5.316788604,10.47053043,12.81508527,4.766257426,0,0.5,1,3,5,0,0,0,1,0.4521,0,0,0,0,0,0,0,0,0,0,0,0,1,0,0,106,14.01328809,0.007241923,-1.023293127,0.465728013,0.302404013,9.877673342,5.81236855,-0.15901027,29.84652644,0,52.73990902,24.49954865,0,9.649848996,0,0,14.3633553,0.701292676
1,10,90,0,2,25,40,75,180,0.223426022,-0.490849109,0.490849109,2.346203475,6.78504652,20.89384643,18.46036019,5.907179729,4.794537184,0,17.69618563,12.58659724,14.63792753,5.907179729,5.316788604,5.733667477,32.41410324,5.749511833,0,36.31115271,11.21535881,84.58,9.901064579,18.93488332,18.33610907,24.26546827,5.316788604,10.47053043,12.81508527,4.766257426,0,0.5,1,3,5,0,0,0,1,0.4521,0,0,0,0,0,0,0,0,0,0,0,0,1,0,0,106,14.01328809,0.007241923,-1.023293127,0.465728013,0.302404013,9.877673342,5.81236855,-0.15901027,29.84652644,0,52.73990902,24.49954865,0,9.649848996,0,0,14.3633553,0.701292676
1,15,85,0,2,25,40,75,180,0.223426022,-0.490849109,0.490849109,2.346203475,6.78504652,20.89384643,18.46036019,5.907179729,4.794537184,0,17.69618563,12.58659724,14.63792753,5.907179729,5.316788604,5.733667477,32.41410324,5.749511833,0,36.31115271,11.21535881,84.58,9.901064579,18.93488332,18.33610907,24.26546827,5.316788604,10.47053043,12.81508527,4.766257426,0,0.5,1,3,5,0,0,0,1,0.4521,0,0,0,0,0,0,0,0,0,0,0,0,1,0,0,106,14.01328809,0.007241923,-1.023293127,0.465728013,0.302404013,9.877673342,5.81236855,-0.15901027,29.84652644,0,52.73990902,24.49954865,0,9.649848996,0,0,14.3633553,0.701292676
1,20,80,0,2,25,40,75,180,0.223426022,-0.490849109,0.490849109,2.346203475,6.78504652,20.89384643,18.46036019,5.907179729,4.794537184,0,17.69618563,12.58659724,14.63792753,5.907179729,5.316788604,5.733667477,32.41410324,5.749511833,0,36.31115271,11.21535881,84.58,9.901064579,18.93488332,18.33610907,24.26546827,5.316788604,10.47053043,12.81508527,4.766257426,0,0.5,1,3,5,0,0,0,1,0.4521,0,0,0,0,0,0,0,0,0,0,0,0,1,0,0,106,14.01328809,0.007241923,-1.023293127,0.465728013,0.302404013,9.877673342,5.81236855,-0.15901027,29.84652644,0,52.73990902,24.49954865,0,9.649848996,0,0,14.3633553,0.701292676
1,25,75,0,2,25,40,75,2,0.223426022,-0.490849109,0.490849109,2.346203475,6.78504652,20.89384643,18.46036019,5.907179729,4.794537184,0,17.69618563,12.58659724,14.63792753,5.907179729,5.316788604,5.733667477,32.41410324,5.749511833,0,36.31115271,11.21535881,84.58,9.901064579,18.93488332,18.33610907,24.26546827,5.316788604,10.47053043,12.81508527,4.766257426,0,0.5,1,3,5,0,0,0,1,0.4521,0,0,0,0,0,0,0,0,0,0,0,0,1,0,0,106,14.01328809,0.007241923,-1.023293127,0.465728013,0.302404013,9.877673342,5.81236855,-0.15901027,29.84652644,0,52.73990902,24.49954865,0,9.649848996,0,0,14.3633553,0.701292676
0,25,75,0,2,25,40,75,3,0.223426022,-0.490849109,0.490849109,2.346203475,6.78504652,20.89384643,18.46036019,5.907179729,4.794537184,0,17.69618563,12.58659724,14.63792753,5.907179729,5.316788604,5.733667477,32.41410324,5.749511833,0,36.31115271,11.21535881,84.58,9.901064579,18.93488332,18.33610907,24.26546827,5.316788604,10.47053043,12.81508527,4.766257426,0,0.5,1,3,5,0,0,0,1,0.4521,0,0,0,0,0,0,0,0,0,0,0,0,1,0,0,106,14.01328809,0.007241923,-1.023293127,0.465728013,0.302404013,9.877673342,5.81236855,-0.15901027,29.84652644,0,52.73990902,24.49954865,0,9.649848996,0,0,14.3633553,0.701292676
1,30,70,0,2,25,40,75,1,0.223426022,-0.490849109,0.490849109,2.346203475,6.78504652,20.89384643,18.46036019,5.907179729,4.794537184,0,17.69618563,12.58659724,14.63792753,5.907179729,5.316788604,5.733667477,32.41410324,5.749511833,0,36.31115271,11.21535881,84.58,9.901064579,18.93488332,18.33610907,24.26546827,5.316788604,10.47053043,12.81508527,4.766257426,0,0.5,1,3,5,0,0,0,1,0.4521,0,0,0,0,0,0,0,0,0,0,0,0,1,0,0,106,14.01328809,0.007241923,-1.023293127,0.465728013,0.302404013,9.877673342,5.81236855,-0.15901027,29.84652644,0,52.73990902,24.49954865,0,9.649848996,0,0,14.3633553,0.701292676
0,30,70,0,2,25,40,75,2,0.223426022,-0.490849109,0.490849109,2.346203475,6.78504652,20.89384643,18.46036019,5.907179729,4.794537184,0,17.69618563,12.58659724,14.63792753,5.907179729,5.316788604,5.733667477,32.41410324,5.749511833,0,36.31115271,11.21535881,84.58,9.901064579,18.93488332,18.33610907,24.26546827,5.316788604,10.47053043,12.81508527,4.766257426,0,0.5,1,3,5,0,0,0,1,0.4521,0,0,0,0,0,0,0,0,0,0,0,0,1,0,0,106,14.01328809,0.007241923,-1.023293127,0.465728013,0.302404013,9.877673342,5.81236855,-0.15901027,29.84652644,0,52.73990902,24.49954865,0,9.649848996,0,0,14.3633553,0.701292676
1,5,95,0,2,25,40,75,180,0.064479397,-0.490790806,0.490790806,0.92529827,7.044519489,24.01040832,43.98707682,5.787111153,0,10.19736362,74.00822951,48.13988298,14.21058886,34.57665233,29.11204766,0,44.7459708,11.43689811,23.20187978,74.6088036,21.80559347,104.7,4.794537184,24.38030702,28.82248205,34.03627687,49.24662987,37.41246864,9.504828284,8.480846895,0,0.371428571,3,0,14,2,2,0,1,5.5773,0,0,0,0,0,0,2,0,0,0,0,0,0,0,0,106,14.01328809,0.007241923,-1.023293127,0.465728013,0.302404013,9.877673342,5.81236855,-0.15901027,29.84652644,0,52.73990902,24.49954865,0,9.649848996,0,0,14.3633553,0.701292676
1,10,90,0,2,25,40,75,180,0.064479397,-0.490790806,0.490790806,0.92529827,7.044519489,24.01040832,43.98707682,5.787111153,0,10.19736362,74.00822951,48.13988298,14.21058886,34.57665233,29.11204766,0,44.7459708,11.43689811,23.20187978,74.6088036,21.80559347,104.7,4.794537184,24.38030702,28.82248205,34.03627687,49.24662987,37.41246864,9.504828284,8.480846895,0,0.371428571,3,0,14,2,2,0,1,5.5773,0,0,0,0,0,0,2,0,0,0,0,0,0,0,0,106,14.01328809,0.007241923,-1.023293127,0.465728013,0.302404013,9.877673342,5.81236855,-0.15901027,29.84652644,0,52.73990902,24.49954865,0,9.649848996,0,0,14.3633553,0.701292676
1,15,85,0,2,25,40,75,180,0.064479397,-0.490790806,0.490790806,0.92529827,7.044519489,24.01040832,43.98707682,5.787111153,0,10.19736362,74.00822951,48.13988298,14.21058886,34.57665233,29.11204766,0,44.7459708,11.43689811,23.20187978,74.6088036,21.80559347,104.7,4.794537184,24.38030702,28.82248205,34.03627687,49.24662987,37.41246864,9.504828284,8.480846895,0,0.371428571,3,0,14,2,2,0,1,5.5773,0,0,0,0,0,0,2,0,0,0,0,0,0,0,0,106,14.01328809,0.007241923,-1.023293127,0.465728013,0.302404013,9.877673342,5.81236855,-0.15901027,29.84652644,0,52.73990902,24.49954865,0,9.649848996,0,0,14.3633553,0.701292676
1,20,80,0,2,25,40,75,180,0.064479397,-0.490790806,0.490790806,0.92529827,7.044519489,24.01040832,43.98707682,5.787111153,0,10.19736362,74.00822951,48.13988298,14.21058886,34.57665233,29.11204766,0,44.7459708,11.43689811,23.20187978,74.6088036,21.80559347,104.7,4.794537184,24.38030702,28.82248205,34.03627687,49.24662987,37.41246864,9.504828284,8.480846895,0,0.371428571,3,0,14,2,2,0,1,5.5773,0,0,0,0,0,0,2,0,0,0,0,0,0,0,0,106,14.01328809,0.007241923,-1.023293127,0.465728013,0.302404013,9.877673342,5.81236855,-0.15901027,29.84652644,0,52.73990902,24.49954865,0,9.649848996,0,0,14.3633553,0.701292676
1,25,75,0,2,25,40,75,55,0.064479397,-0.490790806,0.490790806,0.92529827,7.044519489,24.01040832,43.98707682,5.787111153,0,10.19736362,74.00822951,48.13988298,14.21058886,34.57665233,29.11204766,0,44.7459708,11.43689811,23.20187978,74.6088036,21.80559347,104.7,4.794537184,24.38030702,28.82248205,34.03627687,49.24662987,37.41246864,9.504828284,8.480846895,0,0.371428571,3,0,14,2,2,0,1,5.5773,0,0,0,0,0,0,2,0,0,0,0,0,0,0,0,106,14.01328809,0.007241923,-1.023293127,0.465728013,0.302404013,9.877673342,5.81236855,-0.15901027,29.84652644,0,52.73990902,24.49954865,0,9.649848996,0,0,14.3633553,0.701292676
0,25,75,0,2,25,40,75,56,0.064479397,-0.490790806,0.490790806,0.92529827,7.044519489,24.01040832,43.98707682,5.787111153,0,10.19736362,74.00822951,48.13988298,14.21058886,34.57665233,29.11204766,0,44.7459708,11.43689811,23.20187978,74.6088036,21.80559347,104.7,4.794537184,24.38030702,28.82248205,34.03627687,49.24662987,37.41246864,9.504828284,8.480846895,0,0.371428571,3,0,14,2,2,0,1,5.5773,0,0,0,0,0,0,2,0,0,0,0,0,0,0,0,106,14.01328809,0.007241923,-1.023293127,0.465728013,0.302404013,9.877673342,5.81236855,-0.15901027,29.84652644,0,52.73990902,24.49954865,0,9.649848996,0,0,14.3633553,0.701292676
1,30,70,0,2,25,40,75,10,0.064479397,-0.490790806,0.490790806,0.92529827,7.044519489,24.01040832,43.98707682,5.787111153,0,10.19736362,74.00822951,48.13988298,14.21058886,34.57665233,29.11204766,0,44.7459708,11.43689811,23.20187978,74.6088036,21.80559347,104.7,4.794537184,24.38030702,28.82248205,34.03627687,49.24662987,37.41246864,9.504828284,8.480846895,0,0.371428571,3,0,14,2,2,0,1,5.5773,0,0,0,0,0,0,2,0,0,0,0,0,0,0,0,106,14.01328809,0.007241923,-1.023293127,0.465728013,0.302404013,9.877673342,5.81236855,-0.15901027,29.84652644,0,52.73990902,24.49954865,0,9.649848996,0,0,14.3633553,0.701292676
0,30,70,0,2,25,40,75,11,0.064479397,-0.490790806,0.490790806,0.92529827,7.044519489,24.01040832,43.98707682,5.787111153,0,10.19736362,74.00822951,48.13988298,14.21058886,34.57665233,29.11204766,0,44.7459708,11.43689811,23.20187978,74.6088036,21.80559347,104.7,4.794537184,24.38030702,28.82248205,34.03627687,49.24662987,37.41246864,9.504828284,8.480846895,0,0.371428571,3,0,14,2,2,0,1,5.5773,0,0,0,0,0,0,2,0,0,0,0,0,0,0,0,106,14.01328809,0.007241923,-1.023293127,0.465728013,0.302404013,9.877673342,5.81236855,-0.15901027,29.84652644,0,52.73990902,24.49954865,0,9.649848996,0,0,14.3633553,0.701292676
1,35,65,0,2,25,40,75,4,0.064479397,-0.490790806,0.490790806,0.92529827,7.044519489,24.01040832,43.98707682,5.787111153,0,10.19736362,74.00822951,48.13988298,14.21058886,34.57665233,29.11204766,0,44.7459708,11.43689811,23.20187978,74.6088036,21.80559347,104.7,4.794537184,24.38030702,28.82248205,34.03627687,49.24662987,37.41246864,9.504828284,8.480846895,0,0.371428571,3,0,14,2,2,0,1,5.5773,0,0,0,0,0,0,2,0,0,0,0,0,0,0,0,106,14.01328809,0.007241923,-1.023293127,0.465728013,0.302404013,9.877673342,5.81236855,-0.15901027,29.84652644,0,52.73990902,24.49954865,0,9.649848996,0,0,14.3633553,0.701292676
0,35,65,0,2,25,40,75,5,0.064479397,-0.490790806,0.490790806,0.92529827,7.044519489,24.01040832,43.98707682,5.787111153,0,10.19736362,74.00822951,48.13988298,14.21058886,34.57665233,29.11204766,0,44.7459708,11.43689811,23.20187978,74.6088036,21.80559347,104.7,4.794537184,24.38030702,28.82248205,34.03627687,49.24662987,37.41246864,9.504828284,8.480846895,0,0.371428571,3,0,14,2,2,0,1,5.5773,0,0,0,0,0,0,2,0,0,0,0,0,0,0,0,106,14.01328809,0.007241923,-1.023293127,0.465728013,0.302404013,9.877673342,5.81236855,-0.15901027,29.84652644,0,52.73990902,24.49954865,0,9.649848996,0,0,14.3633553,0.701292676
1,40,60,0,2,25,40,75,2,0.064479397,-0.490790806,0.490790806,0.92529827,7.044519489,24.01040832,43.98707682,5.787111153,0,10.19736362,74.00822951,48.13988298,14.21058886,34.57665233,29.11204766,0,44.7459708,11.43689811,23.20187978,74.6088036,21.80559347,104.7,4.794537184,24.38030702,28.82248205,34.03627687,49.24662987,37.41246864,9.504828284,8.480846895,0,0.371428571,3,0,14,2,2,0,1,5.5773,0,0,0,0,0,0,2,0,0,0,0,0,0,0,0,106,14.01328809,0.007241923,-1.023293127,0.465728013,0.302404013,9.877673342,5.81236855,-0.15901027,29.84652644,0,52.73990902,24.49954865,0,9.649848996,0,0,14.3633553,0.701292676
0,40,60,0,2,25,40,75,3,0.064479397,-0.490790806,0.490790806,0.92529827,7.044519489,24.01040832,43.98707682,5.787111153,0,10.19736362,74.00822951,48.13988298,14.21058886,34.57665233,29.11204766,0,44.7459708,11.43689811,23.20187978,74.6088036,21.80559347,104.7,4.794537184,24.38030702,28.82248205,34.03627687,49.24662987,37.41246864,9.504828284,8.480846895,0,0.371428571,3,0,14,2,2,0,1,5.5773,0,0,0,0,0,0,2,0,0,0,0,0,0,0,0,106,14.01328809,0.007241923,-1.023293127,0.465728013,0.302404013,9.877673342,5.81236855,-0.15901027,29.84652644,0,52.73990902,24.49954865,0,9.649848996,0,0,14.3633553,0.701292676
1,45,55,0,2,25,40,75,2,0.064479397,-0.490790806,0.490790806,0.92529827,7.044519489,24.01040832,43.98707682,5.787111153,0,10.19736362,74.00822951,48.13988298,14.21058886,34.57665233,29.11204766,0,44.7459708,11.43689811,23.20187978,74.6088036,21.80559347,104.7,4.794537184,24.38030702,28.82248205,34.03627687,49.24662987,37.41246864,9.504828284,8.480846895,0,0.371428571,3,0,14,2,2,0,1,5.5773,0,0,0,0,0,0,2,0,0,0,0,0,0,0,0,106,14.01328809,0.007241923,-1.023293127,0.465728013,0.302404013,9.877673342,5.81236855,-0.15901027,29.84652644,0,52.73990902,24.49954865,0,9.649848996,0,0,14.3633553,0.701292676
0,45,55,0,2,25,40,75,3,0.064479397,-0.490790806,0.490790806,0.92529827,7.044519489,24.01040832,43.98707682,5.787111153,0,10.19736362,74.00822951,48.13988298,14.21058886,34.57665233,29.11204766,0,44.7459708,11.43689811,23.20187978,74.6088036,21.80559347,104.7,4.794537184,24.38030702,28.82248205,34.03627687,49.24662987,37.41246864,9.504828284,8.480846895,0,0.371428571,3,0,14,2,2,0,1,5.5773,0,0,0,0,0,0,2,0,0,0,0,0,0,0,0,106,14.01328809,0.007241923,-1.023293127,0.465728013,0.302404013,9.877673342,5.81236855,-0.15901027,29.84652644,0,52.73990902,24.49954865,0,9.649848996,0,0,14.3633553,0.701292676
1,50,50,0,2,25,40,75,2,0.064479397,-0.490790806,0.490790806,0.92529827,7.044519489,24.01040832,43.98707682,5.787111153,0,10.19736362,74.00822951,48.13988298,14.21058886,34.57665233,29.11204766,0,44.7459708,11.43689811,23.20187978,74.6088036,21.80559347,104.7,4.794537184,24.38030702,28.82248205,34.03627687,49.24662987,37.41246864,9.504828284,8.480846895,0,0.371428571,3,0,14,2,2,0,1,5.5773,0,0,0,0,0,0,2,0,0,0,0,0,0,0,0,106,14.01328809,0.007241923,-1.023293127,0.465728013,0.302404013,9.877673342,5.81236855,-0.15901027,29.84652644,0,52.73990902,24.49954865,0,9.649848996,0,0,14.3633553,0.701292676
0,50,50,0,2,25,40,75,3,0.064479397,-0.490790806,0.490790806,0.92529827,7.044519489,24.01040832,43.98707682,5.787111153,0,10.19736362,74.00822951,48.13988298,14.21058886,34.57665233,29.11204766,0,44.7459708,11.43689811,23.20187978,74.6088036,21.80559347,104.7,4.794537184,24.38030702,28.82248205,34.03627687,49.24662987,37.41246864,9.504828284,8.480846895,0,0.371428571,3,0,14,2,2,0,1,5.5773,0,0,0,0,0,0,2,0,0,0,0,0,0,0,0,106,14.01328809,0.007241923,-1.023293127,0.465728013,0.302404013,9.877673342,5.81236855,-0.15901027,29.84652644,0,52.73990902,24.49954865,0,9.649848996,0,0,14.3633553,0.701292676
1,55,45,0,2,25,40,75,2,0.064479397,-0.490790806,0.490790806,0.92529827,7.044519489,24.01040832,43.98707682,5.787111153,0,10.19736362,74.00822951,48.13988298,14.21058886,34.57665233,29.11204766,0,44.7459708,11.43689811,23.20187978,74.6088036,21.80559347,104.7,4.794537184,24.38030702,28.82248205,34.03627687,49.24662987,37.41246864,9.504828284,8.480846895,0,0.371428571,3,0,14,2,2,0,1,5.5773,0,0,0,0,0,0,2,0,0,0,0,0,0,0,0,106,14.01328809,0.007241923,-1.023293127,0.465728013,0.302404013,9.877673342,5.81236855,-0.15901027,29.84652644,0,52.73990902,24.49954865,0,9.649848996,0,0,14.3633553,0.701292676
0,55,45,0,2,25,40,75,3,0.064479397,-0.490790806,0.490790806,0.92529827,7.044519489,24.01040832,43.98707682,5.787111153,0,10.19736362,74.00822951,48.13988298,14.21058886,34.57665233,29.11204766,0,44.7459708,11.43689811,23.20187978,74.6088036,21.80559347,104.7,4.794537184,24.38030702,28.82248205,34.03627687,49.24662987,37.41246864,9.504828284,8.480846895,0,0.371428571,3,0,14,2,2,0,1,5.5773,0,0,0,0,0,0,2,0,0,0,0,0,0,0,0,106,14.01328809,0.007241923,-1.023293127,0.465728013,0.302404013,9.877673342,5.81236855,-0.15901027,29.84652644,0,52.73990902,24.49954865,0,9.649848996,0,0,14.3633553,0.701292676
1,5,95,0,2,25,40,75,180,0.441574074,-0.36555064,0.36555064,2.981454614,1.2528322,5.733667477,0,5.907179729,9.778515705,0,12.13273414,12.39368714,4.794537184,5.907179729,4.983978521,5.733667477,0,0,0,10.89115825,0,55.98,4.794537184,0,5.563451492,18.32957771,4.983978521,5.733667477,0,0,0,0,0,1,3,0,0,0,0,0.1805,0,0,0,0,0,0,0,0,0,0,0,0,1,0,0,106,14.01328809,0.007241923,-1.023293127,0.465728013,0.302404013,9.877673342,5.81236855,-0.15901027,29.84652644,0,52.73990902,24.49954865,0,9.649848996,0,0,14.3633553,0.701292676
1,10,90,0,2,25,40,75,180,0.441574074,-0.36555064,0.36555064,2.981454614,1.2528322,5.733667477,0,5.907179729,9.778515705,0,12.13273414,12.39368714,4.794537184,5.907179729,4.983978521,5.733667477,0,0,0,10.89115825,0,55.98,4.794537184,0,5.563451492,18.32957771,4.983978521,5.733667477,0,0,0,0,0,1,3,0,0,0,0,0.1805,0,0,0,0,0,0,0,0,0,0,0,0,1,0,0,106,14.01328809,0.007241923,-1.023293127,0.465728013,0.302404013,9.877673342,5.81236855,-0.15901027,29.84652644,0,52.73990902,24.49954865,0,9.649848996,0,0,14.3633553,0.701292676
1,15,85,0,2,25,40,75,180,0.441574074,-0.36555064,0.36555064,2.981454614,1.2528322,5.733667477,0,5.907179729,9.778515705,0,12.13273414,12.39368714,4.794537184,5.907179729,4.983978521,5.733667477,0,0,0,10.89115825,0,55.98,4.794537184,0,5.563451492,18.32957771,4.983978521,5.733667477,0,0,0,0,0,1,3,0,0,0,0,0.1805,0,0,0,0,0,0,0,0,0,0,0,0,1,0,0,106,14.01328809,0.007241923,-1.023293127,0.465728013,0.302404013,9.877673342,5.81236855,-0.15901027,29.84652644,0,52.73990902,24.49954865,0,9.649848996,0,0,14.3633553,0.701292676
1,20,80,0,2,25,40,75,180,0.441574074,-0.36555064,0.36555064,2.981454614,1.2528322,5.733667477,0,5.907179729,9.778515705,0,12.13273414,12.39368714,4.794537184,5.907179729,4.983978521,5.733667477,0,0,0,10.89115825,0,55.98,4.794537184,0,5.563451492,18.32957771,4.983978521,5.733667477,0,0,0,0,0,1,3,0,0,0,0,0.1805,0,0,0,0,0,0,0,0,0,0,0,0,1,0,0,106,14.01328809,0.007241923,-1.023293127,0.465728013,0.302404013,9.877673342,5.81236855,-0.15901027,29.84652644,0,52.73990902,24.49954865,0,9.649848996,0,0,14.3633553,0.701292676
1,25,75,0,2,25,40,75,3,0.441574074,-0.36555064,0.36555064,2.981454614,1.2528322,5.733667477,0,5.907179729,9.778515705,0,12.13273414,12.39368714,4.794537184,5.907179729,4.983978521,5.733667477,0,0,0,10.89115825,0,55.98,4.794537184,0,5.563451492,18.32957771,4.983978521,5.733667477,0,0,0,0,0,1,3,0,0,0,0,0.1805,0,0,0,0,0,0,0,0,0,0,0,0,1,0,0,106,14.01328809,0.007241923,-1.023293127,0.465728013,0.302404013,9.877673342,5.81236855,-0.15901027,29.84652644,0,52.73990902,24.49954865,0,9.649848996,0,0,14.3633553,0.701292676
0,25,75,0,2,25,40,75,4,0.441574074,-0.36555064,0.36555064,2.981454614,1.2528322,5.733667477,0,5.907179729,9.778515705,0,12.13273414,12.39368714,4.794537184,5.907179729,4.983978521,5.733667477,0,0,0,10.89115825,0,55.98,4.794537184,0,5.563451492,18.32957771,4.983978521,5.733667477,0,0,0,0,0,1,3,0,0,0,0,0.1805,0,0,0,0,0,0,0,0,0,0,0,0,1,0,0,106,14.01328809,0.007241923,-1.023293127,0.465728013,0.302404013,9.877673342,5.81236855,-0.15901027,29.84652644,0,52.73990902,24.49954865,0,9.649848996,0,0,14.3633553,0.701292676
1,30,70,0,2,25,40,75,3,0.441574074,-0.36555064,0.36555064,2.981454614,1.2528322,5.733667477,0,5.907179729,9.778515705,0,12.13273414,12.39368714,4.794537184,5.907179729,4.983978521,5.733667477,0,0,0,10.89115825,0,55.98,4.794537184,0,5.563451492,18.32957771,4.983978521,5.733667477,0,0,0,0,0,1,3,0,0,0,0,0.1805,0,0,0,0,0,0,0,0,0,0,0,0,1,0,0,106,14.01328809,0.007241923,-1.023293127,0.465728013,0.302404013,9.877673342,5.81236855,-0.15901027,29.84652644,0,52.73990902,24.49954865,0,9.649848996,0,0,14.3633553,0.701292676
0,30,70,0,2,25,40,75,4,0.441574074,-0.36555064,0.36555064,2.981454614,1.2528322,5.733667477,0,5.907179729,9.778515705,0,12.13273414,12.39368714,4.794537184,5.907179729,4.983978521,5.733667477,0,0,0,10.89115825,0,55.98,4.794537184,0,5.563451492,18.32957771,4.983978521,5.733667477,0,0,0,0,0,1,3,0,0,0,0,0.1805,0,0,0,0,0,0,0,0,0,0,0,0,1,0,0,106,14.01328809,0.007241923,-1.023293127,0.465728013,0.302404013,9.877673342,5.81236855,-0.15901027,29.84652644,0,52.73990902,24.49954865,0,9.649848996,0,0,14.3633553,0.701292676
1,35,65,0,2,25,40,75,1,0.441574074,-0.36555064,0.36555064,2.981454614,1.2528322,5.733667477,0,5.907179729,9.778515705,0,12.13273414,12.39368714,4.794537184,5.907179729,4.983978521,5.733667477,0,0,0,10.89115825,0,55.98,4.794537184,0,5.563451492,18.32957771,4.983978521,5.733667477,0,0,0,0,0,1,3,0,0,0,0,0.1805,0,0,0,0,0,0,0,0,0,0,0,0,1,0,0,106,14.01328809,0.007241923,-1.023293127,0.465728013,0.302404013,9.877673342,5.81236855,-0.15901027,29.84652644,0,52.73990902,24.49954865,0,9.649848996,0,0,14.3633553,0.701292676
0,35,65,0,2,25,40,75,2,0.441574074,-0.36555064,0.36555064,2.981454614,1.2528322,5.733667477,0,5.907179729,9.778515705,0,12.13273414,12.39368714,4.794537184,5.907179729,4.983978521,5.733667477,0,0,0,10.89115825,0,55.98,4.794537184,0,5.563451492,18.32957771,4.983978521,5.733667477,0,0,0,0,0,1,3,0,0,0,0,0.1805,0,0,0,0,0,0,0,0,0,0,0,0,1,0,0,106,14.01328809,0.007241923,-1.023293127,0.465728013,0.302404013,9.877673342,5.81236855,-0.15901027,29.84652644,0,52.73990902,24.49954865,0,9.649848996,0,0,14.3633553,0.701292676
1,40,60,0,2,25,40,75,1,0.441574074,-0.36555064,0.36555064,2.981454614,1.2528322,5.733667477,0,5.907179729,9.778515705,0,12.13273414,12.39368714,4.794537184,5.907179729,4.983978521,5.733667477,0,0,0,10.89115825,0,55.98,4.794537184,0,5.563451492,18.32957771,4.983978521,5.733667477,0,0,0,0,0,1,3,0,0,0,0,0.1805,0,0,0,0,0,0,0,0,0,0,0,0,1,0,0,106,14.01328809,0.007241923,-1.023293127,0.465728013,0.302404013,9.877673342,5.81236855,-0.15901027,29.84652644,0,52.73990902,24.49954865,0,9.649848996,0,0,14.3633553,0.701292676
0,40,60,0,2,25,40,75,2,0.441574074,-0.36555064,0.36555064,2.981454614,1.2528322,5.733667477,0,5.907179729,9.778515705,0,12.13273414,12.39368714,4.794537184,5.907179729,4.983978521,5.733667477,0,0,0,10.89115825,0,55.98,4.794537184,0,5.563451492,18.32957771,4.983978521,5.733667477,0,0,0,0,0,1,3,0,0,0,0,0.1805,0,0,0,0,0,0,0,0,0,0,0,0,1,0,0,106,14.01328809,0.007241923,-1.023293127,0.465728013,0.302404013,9.877673342,5.81236855,-0.15901027,29.84652644,0,52.73990902,24.49954865,0,9.649848996,0,0,14.3633553,0.701292676
1,5,95,0,2,25,40,75,180,0.08827339,-0.507956032,0.507956032,1.711199877,1.604791759,10.21305479,5.749511833,0,0,0,84.95327547,0,10.21305479,0,0,17.25080256,57.47053937,5.749511833,0,16.31702118,6.420821623,40.46,10.21305479,11.51895686,17.58532393,0,12.99010427,0,20.04967333,2.317353133,0,0.666666667,5,2,2,0,2,0,0,3.6092,0,0,0,0,0,5,0,0,0,0,1,0,0,0,0,106,14.01328809,0.007241923,-1.023293127,0.465728013,0.302404013,9.877673342,5.81236855,-0.15901027,29.84652644,0,52.73990902,24.49954865,0,9.649848996,0,0,14.3633553,0.701292676
1,10,90,0,2,25,40,75,180,0.08827339,-0.507956032,0.507956032,1.711199877,1.604791759,10.21305479,5.749511833,0,0,0,84.95327547,0,10.21305479,0,0,17.25080256,57.47053937,5.749511833,0,16.31702118,6.420821623,40.46,10.21305479,11.51895686,17.58532393,0,12.99010427,0,20.04967333,2.317353133,0,0.666666667,5,2,2,0,2,0,0,3.6092,0,0,0,0,0,5,0,0,0,0,1,0,0,0,0,106,14.01328809,0.007241923,-1.023293127,0.465728013,0.302404013,9.877673342,5.81236855,-0.15901027,29.84652644,0,52.73990902,24.49954865,0,9.649848996,0,0,14.3633553,0.701292676
1,15,85,0,2,25,40,75,180,0.08827339,-0.507956032,0.507956032,1.711199877,1.604791759,10.21305479,5.749511833,0,0,0,84.95327547,0,10.21305479,0,0,17.25080256,57.47053937,5.749511833,0,16.31702118,6.420821623,40.46,10.21305479,11.51895686,17.58532393,0,12.99010427,0,20.04967333,2.317353133,0,0.666666667,5,2,2,0,2,0,0,3.6092,0,0,0,0,0,5,0,0,0,0,1,0,0,0,0,106,14.01328809,0.007241923,-1.023293127,0.465728013,0.302404013,9.877673342,5.81236855,-0.15901027,29.84652644,0,52.73990902,24.49954865,0,9.649848996,0,0,14.3633553,0.701292676
1,20,80,0,2,25,40,75,180,0.08827339,-0.507956032,0.507956032,1.711199877,1.604791759,10.21305479,5.749511833,0,0,0,84.95327547,0,10.21305479,0,0,17.25080256,57.47053937,5.749511833,0,16.31702118,6.420821623,40.46,10.21305479,11.51895686,17.58532393,0,12.99010427,0,20.04967333,2.317353133,0,0.666666667,5,2,2,0,2,0,0,3.6092,0,0,0,0,0,5,0,0,0,0,1,0,0,0,0,106,14.01328809,0.007241923,-1.023293127,0.465728013,0.302404013,9.877673342,5.81236855,-0.15901027,29.84652644,0,52.73990902,24.49954865,0,9.649848996,0,0,14.3633553,0.701292676
1,25,75,0,2,25,40,75,180,0.08827339,-0.507956032,0.507956032,1.711199877,1.604791759,10.21305479,5.749511833,0,0,0,84.95327547,0,10.21305479,0,0,17.25080256,57.47053937,5.749511833,0,16.31702118,6.420821623,40.46,10.21305479,11.51895686,17.58532393,0,12.99010427,0,20.04967333,2.317353133,0,0.666666667,5,2,2,0,2,0,0,3.6092,0,0,0,0,0,5,0,0,0,0,1,0,0,0,0,106,14.01328809,0.007241923,-1.023293127,0.465728013,0.302404013,9.877673342,5.81236855,-0.15901027,29.84652644,0,52.73990902,24.49954865,0,9.649848996,0,0,14.3633553,0.701292676
1,30,70,0,2,25,40,75,72,0.08827339,-0.507956032,0.507956032,1.711199877,1.604791759,10.21305479,5.749511833,0,0,0,84.95327547,0,10.21305479,0,0,17.25080256,57.47053937,5.749511833,0,16.31702118,6.420821623,40.46,10.21305479,11.51895686,17.58532393,0,12.99010427,0,20.04967333,2.317353133,0,0.666666667,5,2,2,0,2,0,0,3.6092,0,0,0,0,0,5,0,0,0,0,1,0,0,0,0,106,14.01328809,0.007241923,-1.023293127,0.465728013,0.302404013,9.877673342,5.81236855,-0.15901027,29.84652644,0,52.73990902,24.49954865,0,9.649848996,0,0,14.3633553,0.701292676
0,30,70,0,2,25,40,75,73,0.08827339,-0.507956032,0.507956032,1.711199877,1.604791759,10.21305479,5.749511833,0,0,0,84.95327547,0,10.21305479,0,0,17.25080256,57.47053937,5.749511833,0,16.31702118,6.420821623,40.46,10.21305479,11.51895686,17.58532393,0,12.99010427,0,20.04967333,2.317353133,0,0.666666667,5,2,2,0,2,0,0,3.6092,0,0,0,0,0,5,0,0,0,0,1,0,0,0,0,106,14.01328809,0.007241923,-1.023293127,0.465728013,0.302404013,9.877673342,5.81236855,-0.15901027,29.84652644,0,52.73990902,24.49954865,0,9.649848996,0,0,14.3633553,0.701292676
1,35,65,0,2,25,40,75,10,0.08827339,-0.507956032,0.507956032,1.711199877,1.604791759,10.21305479,5.749511833,0,0,0,84.95327547,0,10.21305479,0,0,17.25080256,57.47053937,5.749511833,0,16.31702118,6.420821623,40.46,10.21305479,11.51895686,17.58532393,0,12.99010427,0,20.04967333,2.317353133,0,0.666666667,5,2,2,0,2,0,0,3.6092,0,0,0,0,0,5,0,0,0,0,1,0,0,0,0,106,14.01328809,0.007241923,-1.023293127,0.465728013,0.302404013,9.877673342,5.81236855,-0.15901027,29.84652644,0,52.73990902,24.49954865,0,9.649848996,0,0,14.3633553,0.701292676
0,35,65,0,2,25,40,75,11,0.08827339,-0.507956032,0.507956032,1.711199877,1.604791759,10.21305479,5.749511833,0,0,0,84.95327547,0,10.21305479,0,0,17.25080256,57.47053937,5.749511833,0,16.31702118,6.420821623,40.46,10.21305479,11.51895686,17.58532393,0,12.99010427,0,20.04967333,2.317353133,0,0.666666667,5,2,2,0,2,0,0,3.6092,0,0,0,0,0,5,0,0,0,0,1,0,0,0,0,106,14.01328809,0.007241923,-1.023293127,0.465728013,0.302404013,9.877673342,5.81236855,-0.15901027,29.84652644,0,52.73990902,24.49954865,0,9.649848996,0,0,14.3633553,0.701292676
1,40,60,0,2,25,40,75,4,0.08827339,-0.507956032,0.507956032,1.711199877,1.604791759,10.21305479,5.749511833,0,0,0,84.95327547,0,10.21305479,0,0,17.25080256,57.47053937,5.749511833,0,16.31702118,6.420821623,40.46,10.21305479,11.51895686,17.58532393,0,12.99010427,0,20.04967333,2.317353133,0,0.666666667,5,2,2,0,2,0,0,3.6092,0,0,0,0,0,5,0,0,0,0,1,0,0,0,0,106,14.01328809,0.007241923,-1.023293127,0.465728013,0.302404013,9.877673342,5.81236855,-0.15901027,29.84652644,0,52.73990902,24.49954865,0,9.649848996,0,0,14.3633553,0.701292676
0,40,60,0,2,25,40,75,5,0.08827339,-0.507956032,0.507956032,1.711199877,1.604791759,10.21305479,5.749511833,0,0,0,84.95327547,0,10.21305479,0,0,17.25080256,57.47053937,5.749511833,0,16.31702118,6.420821623,40.46,10.21305479,11.51895686,17.58532393,0,12.99010427,0,20.04967333,2.317353133,0,0.666666667,5,2,2,0,2,0,0,3.6092,0,0,0,0,0,5,0,0,0,0,1,0,0,0,0,106,14.01328809,0.007241923,-1.023293127,0.465728013,0.302404013,9.877673342,5.81236855,-0.15901027,29.84652644,0,52.73990902,24.49954865,0,9.649848996,0,0,14.3633553,0.701292676
1,45,55,0,2,25,40,75,2,0.08827339,-0.507956032,0.507956032,1.711199877,1.604791759,10.21305479,5.749511833,0,0,0,84.95327547,0,10.21305479,0,0,17.25080256,57.47053937,5.749511833,0,16.31702118,6.420821623,40.46,10.21305479,11.51895686,17.58532393,0,12.99010427,0,20.04967333,2.317353133,0,0.666666667,5,2,2,0,2,0,0,3.6092,0,0,0,0,0,5,0,0,0,0,1,0,0,0,0,106,14.01328809,0.007241923,-1.023293127,0.465728013,0.302404013,9.877673342,5.81236855,-0.15901027,29.84652644,0,52.73990902,24.49954865,0,9.649848996,0,0,14.3633553,0.701292676
0,45,55,0,2,25,40,75,3,0.08827339,-0.507956032,0.507956032,1.711199877,1.604791759,10.21305479,5.749511833,0,0,0,84.95327547,0,10.21305479,0,0,17.25080256,57.47053937,5.749511833,0,16.31702118,6.420821623,40.46,10.21305479,11.51895686,17.58532393,0,12.99010427,0,20.04967333,2.317353133,0,0.666666667,5,2,2,0,2,0,0,3.6092,0,0,0,0,0,5,0,0,0,0,1,0,0,0,0,106,14.01328809,0.007241923,-1.023293127,0.465728013,0.302404013,9.877673342,5.81236855,-0.15901027,29.84652644,0,52.73990902,24.49954865,0,9.649848996,0,0,14.3633553,0.701292676
1,50,50,0,2,25,40,75,1,0.08827339,-0.507956032,0.507956032,1.711199877,1.604791759,10.21305479,5.749511833,0,0,0,84.95327547,0,10.21305479,0,0,17.25080256,57.47053937,5.749511833,0,16.31702118,6.420821623,40.46,10.21305479,11.51895686,17.58532393,0,12.99010427,0,20.04967333,2.317353133,0,0.666666667,5,2,2,0,2,0,0,3.6092,0,0,0,0,0,5,0,0,0,0,1,0,0,0,0,106,14.01328809,0.007241923,-1.023293127,0.465728013,0.302404013,9.877673342,5.81236855,-0.15901027,29.84652644,0,52.73990902,24.49954865,0,9.649848996,0,0,14.3633553,0.701292676
0,50,50,0,2,25,40,75,2,0.08827339,-0.507956032,0.507956032,1.711199877,1.604791759,10.21305479,5.749511833,0,0,0,84.95327547,0,10.21305479,0,0,17.25080256,57.47053937,5.749511833,0,16.31702118,6.420821623,40.46,10.21305479,11.51895686,17.58532393,0,12.99010427,0,20.04967333,2.317353133,0,0.666666667,5,2,2,0,2,0,0,3.6092,0,0,0,0,0,5,0,0,0,0,1,0,0,0,0,106,14.01328809,0.007241923,-1.023293127,0.465728013,0.302404013,9.877673342,5.81236855,-0.15901027,29.84652644,0,52.73990902,24.49954865,0,9.649848996,0,0,14.3633553,0.701292676
1,55,45,0,2,25,40,75,1,0.08827339,-0.507956032,0.507956032,1.711199877,1.604791759,10.21305479,5.749511833,0,0,0,84.95327547,0,10.21305479,0,0,17.25080256,57.47053937,5.749511833,0,16.31702118,6.420821623,40.46,10.21305479,11.51895686,17.58532393,0,12.99010427,0,20.04967333,2.317353133,0,0.666666667,5,2,2,0,2,0,0,3.6092,0,0,0,0,0,5,0,0,0,0,1,0,0,0,0,106,14.01328809,0.007241923,-1.023293127,0.465728013,0.302404013,9.877673342,5.81236855,-0.15901027,29.84652644,0,52.73990902,24.49954865,0,9.649848996,0,0,14.3633553,0.701292676
0,55,45,0,2,25,40,75,2,0.08827339,-0.507956032,0.507956032,1.711199877,1.604791759,10.21305479,5.749511833,0,0,0,84.95327547,0,10.21305479,0,0,17.25080256,57.47053937,5.749511833,0,16.31702118,6.420821623,40.46,10.21305479,11.51895686,17.58532393,0,12.99010427,0,20.04967333,2.317353133,0,0.666666667,5,2,2,0,2,0,0,3.6092,0,0,0,0,0,5,0,0,0,0,1,0,0,0,0,106,14.01328809,0.007241923,-1.023293127,0.465728013,0.302404013,9.877673342,5.81236855,-0.15901027,29.84652644,0,52.73990902,24.49954865,0,9.649848996,0,0,14.3633553,0.701292676
1,60,40,0,2,25,40,75,1,0.08827339,-0.507956032,0.507956032,1.711199877,1.604791759,10.21305479,5.749511833,0,0,0,84.95327547,0,10.21305479,0,0,17.25080256,57.47053937,5.749511833,0,16.31702118,6.420821623,40.46,10.21305479,11.51895686,17.58532393,0,12.99010427,0,20.04967333,2.317353133,0,0.666666667,5,2,2,0,2,0,0,3.6092,0,0,0,0,0,5,0,0,0,0,1,0,0,0,0,106,14.01328809,0.007241923,-1.023293127,0.465728013,0.302404013,9.877673342,5.81236855,-0.15901027,29.84652644,0,52.73990902,24.49954865,0,9.649848996,0,0,14.3633553,0.701292676
0,60,40,0,2,25,40,75,2,0.08827339,-0.507956032,0.507956032,1.711199877,1.604791759,10.21305479,5.749511833,0,0,0,84.95327547,0,10.21305479,0,0,17.25080256,57.47053937,5.749511833,0,16.31702118,6.420821623,40.46,10.21305479,11.51895686,17.58532393,0,12.99010427,0,20.04967333,2.317353133,0,0.666666667,5,2,2,0,2,0,0,3.6092,0,0,0,0,0,5,0,0,0,0,1,0,0,0,0,106,14.01328809,0.007241923,-1.023293127,0.465728013,0.302404013,9.877673342,5.81236855,-0.15901027,29.84652644,0,52.73990902,24.49954865,0,9.649848996,0,0,14.3633553,0.701292676
1,65,35,0,2,25,40,75,1,0.08827339,-0.507956032,0.507956032,1.711199877,1.604791759,10.21305479,5.749511833,0,0,0,84.95327547,0,10.21305479,0,0,17.25080256,57.47053937,5.749511833,0,16.31702118,6.420821623,40.46,10.21305479,11.51895686,17.58532393,0,12.99010427,0,20.04967333,2.317353133,0,0.666666667,5,2,2,0,2,0,0,3.6092,0,0,0,0,0,5,0,0,0,0,1,0,0,0,0,106,14.01328809,0.007241923,-1.023293127,0.465728013,0.302404013,9.877673342,5.81236855,-0.15901027,29.84652644,0,52.73990902,24.49954865,0,9.649848996,0,0,14.3633553,0.701292676
0,65,35,0,2,25,40,75,2,0.08827339,-0.507956032,0.507956032,1.711199877,1.604791759,10.21305479,5.749511833,0,0,0,84.95327547,0,10.21305479,0,0,17.25080256,57.47053937,5.749511833,0,16.31702118,6.420821623,40.46,10.21305479,11.51895686,17.58532393,0,12.99010427,0,20.04967333,2.317353133,0,0.666666667,5,2,2,0,2,0,0,3.6092,0,0,0,0,0,5,0,0,0,0,1,0,0,0,0,106,14.01328809,0.007241923,-1.023293127,0.465728013,0.302404013,9.877673342,5.81236855,-0.15901027,29.84652644,0,52.73990902,24.49954865,0,9.649848996,0,0,14.3633553,0.701292676
1,70,30,0,2,25,40,75,1,0.08827339,-0.507956032,0.507956032,1.711199877,1.604791759,10.21305479,5.749511833,0,0,0,84.95327547,0,10.21305479,0,0,17.25080256,57.47053937,5.749511833,0,16.31702118,6.420821623,40.46,10.21305479,11.51895686,17.58532393,0,12.99010427,0,20.04967333,2.317353133,0,0.666666667,5,2,2,0,2,0,0,3.6092,0,0,0,0,0,5,0,0,0,0,1,0,0,0,0,106,14.01328809,0.007241923,-1.023293127,0.465728013,0.302404013,9.877673342,5.81236855,-0.15901027,29.84652644,0,52.73990902,24.49954865,0,9.649848996,0,0,14.3633553,0.701292676
0,70,30,0,2,25,40,75,2,0.08827339,-0.507956032,0.507956032,1.711199877,1.604791759,10.21305479,5.749511833,0,0,0,84.95327547,0,10.21305479,0,0,17.25080256,57.47053937,5.749511833,0,16.31702118,6.420821623,40.46,10.21305479,11.51895686,17.58532393,0,12.99010427,0,20.04967333,2.317353133,0,0.666666667,5,2,2,0,2,0,0,3.6092,0,0,0,0,0,5,0,0,0,0,1,0,0,0,0,106,14.01328809,0.007241923,-1.023293127,0.465728013,0.302404013,9.877673342,5.81236855,-0.15901027,29.84652644,0,52.73990902,24.49954865,0,9.649848996,0,0,14.3633553,0.701292676
1,75,25,0,2,25,40,75,1,0.08827339,-0.507956032,0.507956032,1.711199877,1.604791759,10.21305479,5.749511833,0,0,0,84.95327547,0,10.21305479,0,0,17.25080256,57.47053937,5.749511833,0,16.31702118,6.420821623,40.46,10.21305479,11.51895686,17.58532393,0,12.99010427,0,20.04967333,2.317353133,0,0.666666667,5,2,2,0,2,0,0,3.6092,0,0,0,0,0,5,0,0,0,0,1,0,0,0,0,106,14.01328809,0.007241923,-1.023293127,0.465728013,0.302404013,9.877673342,5.81236855,-0.15901027,29.84652644,0,52.73990902,24.49954865,0,9.649848996,0,0,14.3633553,0.701292676
0,75,25,0,2,25,40,75,2,0.08827339,-0.507956032,0.507956032,1.711199877,1.604791759,10.21305479,5.749511833,0,0,0,84.95327547,0,10.21305479,0,0,17.25080256,57.47053937,5.749511833,0,16.31702118,6.420821623,40.46,10.21305479,11.51895686,17.58532393,0,12.99010427,0,20.04967333,2.317353133,0,0.666666667,5,2,2,0,2,0,0,3.6092,0,0,0,0,0,5,0,0,0,0,1,0,0,0,0,106,14.01328809,0.007241923,-1.023293127,0.465728013,0.302404013,9.877673342,5.81236855,-0.15901027,29.84652644,0,52.73990902,24.49954865,0,9.649848996,0,0,14.3633553,0.701292676
1,80,20,0,2,25,40,75,1,0.08827339,-0.507956032,0.507956032,1.711199877,1.604791759,10.21305479,5.749511833,0,0,0,84.95327547,0,10.21305479,0,0,17.25080256,57.47053937,5.749511833,0,16.31702118,6.420821623,40.46,10.21305479,11.51895686,17.58532393,0,12.99010427,0,20.04967333,2.317353133,0,0.666666667,5,2,2,0,2,0,0,3.6092,0,0,0,0,0,5,0,0,0,0,1,0,0,0,0,106,14.01328809,0.007241923,-1.023293127,0.465728013,0.302404013,9.877673342,5.81236855,-0.15901027,29.84652644,0,52.73990902,24.49954865,0,9.649848996,0,0,14.3633553,0.701292676
0,80,20,0,2,25,40,75,2,0.08827339,-0.507956032,0.507956032,1.711199877,1.604791759,10.21305479,5.749511833,0,0,0,84.95327547,0,10.21305479,0,0,17.25080256,57.47053937,5.749511833,0,16.31702118,6.420821623,40.46,10.21305479,11.51895686,17.58532393,0,12.99010427,0,20.04967333,2.317353133,0,0.666666667,5,2,2,0,2,0,0,3.6092,0,0,0,0,0,5,0,0,0,0,1,0,0,0,0,106,14.01328809,0.007241923,-1.023293127,0.465728013,0.302404013,9.877673342,5.81236855,-0.15901027,29.84652644,0,52.73990902,24.49954865,0,9.649848996,0,0,14.3633553,0.701292676
1,85,15,0,2,25,40,75,1,0.08827339,-0.507956032,0.507956032,1.711199877,1.604791759,10.21305479,5.749511833,0,0,0,84.95327547,0,10.21305479,0,0,17.25080256,57.47053937,5.749511833,0,16.31702118,6.420821623,40.46,10.21305479,11.51895686,17.58532393,0,12.99010427,0,20.04967333,2.317353133,0,0.666666667,5,2,2,0,2,0,0,3.6092,0,0,0,0,0,5,0,0,0,0,1,0,0,0,0,106,14.01328809,0.007241923,-1.023293127,0.465728013,0.302404013,9.877673342,5.81236855,-0.15901027,29.84652644,0,52.73990902,24.49954865,0,9.649848996,0,0,14.3633553,0.701292676
0,85,15,0,2,25,40,75,2,0.08827339,-0.507956032,0.507956032,1.711199877,1.604791759,10.21305479,5.749511833,0,0,0,84.95327547,0,10.21305479,0,0,17.25080256,57.47053937,5.749511833,0,16.31702118,6.420821623,40.46,10.21305479,11.51895686,17.58532393,0,12.99010427,0,20.04967333,2.317353133,0,0.666666667,5,2,2,0,2,0,0,3.6092,0,0,0,0,0,5,0,0,0,0,1,0,0,0,0,106,14.01328809,0.007241923,-1.023293127,0.465728013,0.302404013,9.877673342,5.81236855,-0.15901027,29.84652644,0,52.73990902,24.49954865,0,9.649848996,0,0,14.3633553,0.701292676
1,5,95,0,2,25,40,75,180,0.127592593,-0.465580031,0.465580031,2.803490088,3.232043294,14.79051451,0,0,10.11431827,0,13.8474744,23.02389719,23.98611132,17.62599685,5.316788604,0,19.76538045,0,0,31.08151671,19.06280028,107.77,19.70339264,22.39704683,11.39407863,19.91384147,5.316788604,9.473725908,14.39104041,3.288860544,2.420777746,0.294117647,0,1,8,0,0,0,0,2.1756,0,0,0,0,0,0,0,1,0,1,0,0,0,0,0,106,14.01328809,0.007241923,-1.023293127,0.465728013,0.302404013,9.877673342,5.81236855,-0.15901027,29.84652644,0,52.73990902,24.49954865,0,9.649848996,0,0,14.3633553,0.701292676
1,10,90,0,2,25,40,75,180,0.127592593,-0.465580031,0.465580031,2.803490088,3.232043294,14.79051451,0,0,10.11431827,0,13.8474744,23.02389719,23.98611132,17.62599685,5.316788604,0,19.76538045,0,0,31.08151671,19.06280028,107.77,19.70339264,22.39704683,11.39407863,19.91384147,5.316788604,9.473725908,14.39104041,3.288860544,2.420777746,0.294117647,0,1,8,0,0,0,0,2.1756,0,0,0,0,0,0,0,1,0,1,0,0,0,0,0,106,14.01328809,0.007241923,-1.023293127,0.465728013,0.302404013,9.877673342,5.81236855,-0.15901027,29.84652644,0,52.73990902,24.49954865,0,9.649848996,0,0,14.3633553,0.701292676
1,15,85,0,2,25,40,75,180,0.127592593,-0.465580031,0.465580031,2.803490088,3.232043294,14.79051451,0,0,10.11431827,0,13.8474744,23.02389719,23.98611132,17.62599685,5.316788604,0,19.76538045,0,0,31.08151671,19.06280028,107.77,19.70339264,22.39704683,11.39407863,19.91384147,5.316788604,9.473725908,14.39104041,3.288860544,2.420777746,0.294117647,0,1,8,0,0,0,0,2.1756,0,0,0,0,0,0,0,1,0,1,0,0,0,0,0,106,14.01328809,0.007241923,-1.023293127,0.465728013,0.302404013,9.877673342,5.81236855,-0.15901027,29.84652644,0,52.73990902,24.49954865,0,9.649848996,0,0,14.3633553,0.701292676
1,20,80,0,2,25,40,75,180,0.127592593,-0.465580031,0.465580031,2.803490088,3.232043294,14.79051451,0,0,10.11431827,0,13.8474744,23.02389719,23.98611132,17.62599685,5.316788604,0,19.76538045,0,0,31.08151671,19.06280028,107.77,19.70339264,22.39704683,11.39407863,19.91384147,5.316788604,9.473725908,14.39104041,3.288860544,2.420777746,0.294117647,0,1,8,0,0,0,0,2.1756,0,0,0,0,0,0,0,1,0,1,0,0,0,0,0,106,14.01328809,0.007241923,-1.023293127,0.465728013,0.302404013,9.877673342,5.81236855,-0.15901027,29.84652644,0,52.73990902,24.49954865,0,9.649848996,0,0,14.3633553,0.701292676
1,25,75,0,2,25,40,75,180,0.127592593,-0.465580031,0.465580031,2.803490088,3.232043294,14.79051451,0,0,10.11431827,0,13.8474744,23.02389719,23.98611132,17.62599685,5.316788604,0,19.76538045,0,0,31.08151671,19.06280028,107.77,19.70339264,22.39704683,11.39407863,19.91384147,5.316788604,9.473725908,14.39104041,3.288860544,2.420777746,0.294117647,0,1,8,0,0,0,0,2.1756,0,0,0,0,0,0,0,1,0,1,0,0,0,0,0,106,14.01328809,0.007241923,-1.023293127,0.465728013,0.302404013,9.877673342,5.81236855,-0.15901027,29.84652644,0,52.73990902,24.49954865,0,9.649848996,0,0,14.3633553,0.701292676
1,30,70,0,2,25,40,75,180,0.127592593,-0.465580031,0.465580031,2.803490088,3.232043294,14.79051451,0,0,10.11431827,0,13.8474744,23.02389719,23.98611132,17.62599685,5.316788604,0,19.76538045,0,0,31.08151671,19.06280028,107.77,19.70339264,22.39704683,11.39407863,19.91384147,5.316788604,9.473725908,14.39104041,3.288860544,2.420777746,0.294117647,0,1,8,0,0,0,0,2.1756,0,0,0,0,0,0,0,1,0,1,0,0,0,0,0,106,14.01328809,0.007241923,-1.023293127,0.465728013,0.302404013,9.877673342,5.81236855,-0.15901027,29.84652644,0,52.73990902,24.49954865,0,9.649848996,0,0,14.3633553,0.701292676
1,35,65,0,2,25,40,75,180,0.127592593,-0.465580031,0.465580031,2.803490088,3.232043294,14.79051451,0,0,10.11431827,0,13.8474744,23.02389719,23.98611132,17.62599685,5.316788604,0,19.76538045,0,0,31.08151671,19.06280028,107.77,19.70339264,22.39704683,11.39407863,19.91384147,5.316788604,9.473725908,14.39104041,3.288860544,2.420777746,0.294117647,0,1,8,0,0,0,0,2.1756,0,0,0,0,0,0,0,1,0,1,0,0,0,0,0,106,14.01328809,0.007241923,-1.023293127,0.465728013,0.302404013,9.877673342,5.81236855,-0.15901027,29.84652644,0,52.73990902,24.49954865,0,9.649848996,0,0,14.3633553,0.701292676
1,40,60,0,2,25,40,75,138,0.127592593,-0.465580031,0.465580031,2.803490088,3.232043294,14.79051451,0,0,10.11431827,0,13.8474744,23.02389719,23.98611132,17.62599685,5.316788604,0,19.76538045,0,0,31.08151671,19.06280028,107.77,19.70339264,22.39704683,11.39407863,19.91384147,5.316788604,9.473725908,14.39104041,3.288860544,2.420777746,0.294117647,0,1,8,0,0,0,0,2.1756,0,0,0,0,0,0,0,1,0,1,0,0,0,0,0,106,14.01328809,0.007241923,-1.023293127,0.465728013,0.302404013,9.877673342,5.81236855,-0.15901027,29.84652644,0,52.73990902,24.49954865,0,9.649848996,0,0,14.3633553,0.701292676
0,40,60,0,2,25,40,75,139,0.127592593,-0.465580031,0.465580031,2.803490088,3.232043294,14.79051451,0,0,10.11431827,0,13.8474744,23.02389719,23.98611132,17.62599685,5.316788604,0,19.76538045,0,0,31.08151671,19.06280028,107.77,19.70339264,22.39704683,11.39407863,19.91384147,5.316788604,9.473725908,14.39104041,3.288860544,2.420777746,0.294117647,0,1,8,0,0,0,0,2.1756,0,0,0,0,0,0,0,1,0,1,0,0,0,0,0,106,14.01328809,0.007241923,-1.023293127,0.465728013,0.302404013,9.877673342,5.81236855,-0.15901027,29.84652644,0,52.73990902,24.49954865,0,9.649848996,0,0,14.3633553,0.701292676
1,45,55,0,2,25,40,75,138,0.127592593,-0.465580031,0.465580031,2.803490088,3.232043294,14.79051451,0,0,10.11431827,0,13.8474744,23.02389719,23.98611132,17.62599685,5.316788604,0,19.76538045,0,0,31.08151671,19.06280028,107.77,19.70339264,22.39704683,11.39407863,19.91384147,5.316788604,9.473725908,14.39104041,3.288860544,2.420777746,0.294117647,0,1,8,0,0,0,0,2.1756,0,0,0,0,0,0,0,1,0,1,0,0,0,0,0,106,14.01328809,0.007241923,-1.023293127,0.465728013,0.302404013,9.877673342,5.81236855,-0.15901027,29.84652644,0,52.73990902,24.49954865,0,9.649848996,0,0,14.3633553,0.701292676
0,45,55,0,2,25,40,75,139,0.127592593,-0.465580031,0.465580031,2.803490088,3.232043294,14.79051451,0,0,10.11431827,0,13.8474744,23.02389719,23.98611132,17.62599685,5.316788604,0,19.76538045,0,0,31.08151671,19.06280028,107.77,19.70339264,22.39704683,11.39407863,19.91384147,5.316788604,9.473725908,14.39104041,3.288860544,2.420777746,0.294117647,0,1,8,0,0,0,0,2.1756,0,0,0,0,0,0,0,1,0,1,0,0,0,0,0,106,14.01328809,0.007241923,-1.023293127,0.465728013,0.302404013,9.877673342,5.81236855,-0.15901027,29.84652644,0,52.73990902,24.49954865,0,9.649848996,0,0,14.3633553,0.701292676
1,50,50,0,2,25,40,75,138,0.127592593,-0.465580031,0.465580031,2.803490088,3.232043294,14.79051451,0,0,10.11431827,0,13.8474744,23.02389719,23.98611132,17.62599685,5.316788604,0,19.76538045,0,0,31.08151671,19.06280028,107.77,19.70339264,22.39704683,11.39407863,19.91384147,5.316788604,9.473725908,14.39104041,3.288860544,2.420777746,0.294117647,0,1,8,0,0,0,0,2.1756,0,0,0,0,0,0,0,1,0,1,0,0,0,0,0,106,14.01328809,0.007241923,-1.023293127,0.465728013,0.302404013,9.877673342,5.81236855,-0.15901027,29.84652644,0,52.73990902,24.49954865,0,9.649848996,0,0,14.3633553,0.701292676
0,50,50,0,2,25,40,75,139,0.127592593,-0.465580031,0.465580031,2.803490088,3.232043294,14.79051451,0,0,10.11431827,0,13.8474744,23.02389719,23.98611132,17.62599685,5.316788604,0,19.76538045,0,0,31.08151671,19.06280028,107.77,19.70339264,22.39704683,11.39407863,19.91384147,5.316788604,9.473725908,14.39104041,3.288860544,2.420777746,0.294117647,0,1,8,0,0,0,0,2.1756,0,0,0,0,0,0,0,1,0,1,0,0,0,0,0,106,14.01328809,0.007241923,-1.023293127,0.465728013,0.302404013,9.877673342,5.81236855,-0.15901027,29.84652644,0,52.73990902,24.49954865,0,9.649848996,0,0,14.3633553,0.701292676
1,55,45,0,2,25,40,75,138,0.127592593,-0.465580031,0.465580031,2.803490088,3.232043294,14.79051451,0,0,10.11431827,0,13.8474744,23.02389719,23.98611132,17.62599685,5.316788604,0,19.76538045,0,0,31.08151671,19.06280028,107.77,19.70339264,22.39704683,11.39407863,19.91384147,5.316788604,9.473725908,14.39104041,3.288860544,2.420777746,0.294117647,0,1,8,0,0,0,0,2.1756,0,0,0,0,0,0,0,1,0,1,0,0,0,0,0,106,14.01328809,0.007241923,-1.023293127,0.465728013,0.302404013,9.877673342,5.81236855,-0.15901027,29.84652644,0,52.73990902,24.49954865,0,9.649848996,0,0,14.3633553,0.701292676
0,55,45,0,2,25,40,75,139,0.127592593,-0.465580031,0.465580031,2.803490088,3.232043294,14.79051451,0,0,10.11431827,0,13.8474744,23.02389719,23.98611132,17.62599685,5.316788604,0,19.76538045,0,0,31.08151671,19.06280028,107.77,19.70339264,22.39704683,11.39407863,19.91384147,5.316788604,9.473725908,14.39104041,3.288860544,2.420777746,0.294117647,0,1,8,0,0,0,0,2.1756,0,0,0,0,0,0,0,1,0,1,0,0,0,0,0,106,14.01328809,0.007241923,-1.023293127,0.465728013,0.302404013,9.877673342,5.81236855,-0.15901027,29.84652644,0,52.73990902,24.49954865,0,9.649848996,0,0,14.3633553,0.701292676
1,60,40,0,2,25,40,75,76,0.127592593,-0.465580031,0.465580031,2.803490088,3.232043294,14.79051451,0,0,10.11431827,0,13.8474744,23.02389719,23.98611132,17.62599685,5.316788604,0,19.76538045,0,0,31.08151671,19.06280028,107.77,19.70339264,22.39704683,11.39407863,19.91384147,5.316788604,9.473725908,14.39104041,3.288860544,2.420777746,0.294117647,0,1,8,0,0,0,0,2.1756,0,0,0,0,0,0,0,1,0,1,0,0,0,0,0,106,14.01328809,0.007241923,-1.023293127,0.465728013,0.302404013,9.877673342,5.81236855,-0.15901027,29.84652644,0,52.73990902,24.49954865,0,9.649848996,0,0,14.3633553,0.701292676
0,60,40,0,2,25,40,75,77,0.127592593,-0.465580031,0.465580031,2.803490088,3.232043294,14.79051451,0,0,10.11431827,0,13.8474744,23.02389719,23.98611132,17.62599685,5.316788604,0,19.76538045,0,0,31.08151671,19.06280028,107.77,19.70339264,22.39704683,11.39407863,19.91384147,5.316788604,9.473725908,14.39104041,3.288860544,2.420777746,0.294117647,0,1,8,0,0,0,0,2.1756,0,0,0,0,0,0,0,1,0,1,0,0,0,0,0,106,14.01328809,0.007241923,-1.023293127,0.465728013,0.302404013,9.877673342,5.81236855,-0.15901027,29.84652644,0,52.73990902,24.49954865,0,9.649848996,0,0,14.3633553,0.701292676
1,65,35,0,2,25,40,75,55,0.127592593,-0.465580031,0.465580031,2.803490088,3.232043294,14.79051451,0,0,10.11431827,0,13.8474744,23.02389719,23.98611132,17.62599685,5.316788604,0,19.76538045,0,0,31.08151671,19.06280028,107.77,19.70339264,22.39704683,11.39407863,19.91384147,5.316788604,9.473725908,14.39104041,3.288860544,2.420777746,0.294117647,0,1,8,0,0,0,0,2.1756,0,0,0,0,0,0,0,1,0,1,0,0,0,0,0,106,14.01328809,0.007241923,-1.023293127,0.465728013,0.302404013,9.877673342,5.81236855,-0.15901027,29.84652644,0,52.73990902,24.49954865,0,9.649848996,0,0,14.3633553,0.701292676
0,65,35,0,2,25,40,75,56,0.127592593,-0.465580031,0.465580031,2.803490088,3.232043294,14.79051451,0,0,10.11431827,0,13.8474744,23.02389719,23.98611132,17.62599685,5.316788604,0,19.76538045,0,0,31.08151671,19.06280028,107.77,19.70339264,22.39704683,11.39407863,19.91384147,5.316788604,9.473725908,14.39104041,3.288860544,2.420777746,0.294117647,0,1,8,0,0,0,0,2.1756,0,0,0,0,0,0,0,1,0,1,0,0,0,0,0,106,14.01328809,0.007241923,-1.023293127,0.465728013,0.302404013,9.877673342,5.81236855,-0.15901027,29.84652644,0,52.73990902,24.49954865,0,9.649848996,0,0,14.3633553,0.701292676
1,70,30,0,2,25,40,75,55,0.127592593,-0.465580031,0.465580031,2.803490088,3.232043294,14.79051451,0,0,10.11431827,0,13.8474744,23.02389719,23.98611132,17.62599685,5.316788604,0,19.76538045,0,0,31.08151671,19.06280028,107.77,19.70339264,22.39704683,11.39407863,19.91384147,5.316788604,9.473725908,14.39104041,3.288860544,2.420777746,0.294117647,0,1,8,0,0,0,0,2.1756,0,0,0,0,0,0,0,1,0,1,0,0,0,0,0,106,14.01328809,0.007241923,-1.023293127,0.465728013,0.302404013,9.877673342,5.81236855,-0.15901027,29.84652644,0,52.73990902,24.49954865,0,9.649848996,0,0,14.3633553,0.701292676
0,70,30,0,2,25,40,75,56,0.127592593,-0.465580031,0.465580031,2.803490088,3.232043294,14.79051451,0,0,10.11431827,0,13.8474744,23.02389719,23.98611132,17.62599685,5.316788604,0,19.76538045,0,0,31.08151671,19.06280028,107.77,19.70339264,22.39704683,11.39407863,19.91384147,5.316788604,9.473725908,14.39104041,3.288860544,2.420777746,0.294117647,0,1,8,0,0,0,0,2.1756,0,0,0,0,0,0,0,1,0,1,0,0,0,0,0,106,14.01328809,0.007241923,-1.023293127,0.465728013,0.302404013,9.877673342,5.81236855,-0.15901027,29.84652644,0,52.73990902,24.49954865,0,9.649848996,0,0,14.3633553,0.701292676
1,75,25,0,2,25,40,75,55,0.127592593,-0.465580031,0.465580031,2.803490088,3.232043294,14.79051451,0,0,10.11431827,0,13.8474744,23.02389719,23.98611132,17.62599685,5.316788604,0,19.76538045,0,0,31.08151671,19.06280028,107.77,19.70339264,22.39704683,11.39407863,19.91384147,5.316788604,9.473725908,14.39104041,3.288860544,2.420777746,0.294117647,0,1,8,0,0,0,0,2.1756,0,0,0,0,0,0,0,1,0,1,0,0,0,0,0,106,14.01328809,0.007241923,-1.023293127,0.465728013,0.302404013,9.877673342,5.81236855,-0.15901027,29.84652644,0,52.73990902,24.49954865,0,9.649848996,0,0,14.3633553,0.701292676
0,75,25,0,2,25,40,75,56,0.127592593,-0.465580031,0.465580031,2.803490088,3.232043294,14.79051451,0,0,10.11431827,0,13.8474744,23.02389719,23.98611132,17.62599685,5.316788604,0,19.76538045,0,0,31.08151671,19.06280028,107.77,19.70339264,22.39704683,11.39407863,19.91384147,5.316788604,9.473725908,14.39104041,3.288860544,2.420777746,0.294117647,0,1,8,0,0,0,0,2.1756,0,0,0,0,0,0,0,1,0,1,0,0,0,0,0,106,14.01328809,0.007241923,-1.023293127,0.465728013,0.302404013,9.877673342,5.81236855,-0.15901027,29.84652644,0,52.73990902,24.49954865,0,9.649848996,0,0,14.3633553,0.701292676
1,80,20,0,2,25,40,75,55,0.127592593,-0.465580031,0.465580031,2.803490088,3.232043294,14.79051451,0,0,10.11431827,0,13.8474744,23.02389719,23.98611132,17.62599685,5.316788604,0,19.76538045,0,0,31.08151671,19.06280028,107.77,19.70339264,22.39704683,11.39407863,19.91384147,5.316788604,9.473725908,14.39104041,3.288860544,2.420777746,0.294117647,0,1,8,0,0,0,0,2.1756,0,0,0,0,0,0,0,1,0,1,0,0,0,0,0,106,14.01328809,0.007241923,-1.023293127,0.465728013,0.302404013,9.877673342,5.81236855,-0.15901027,29.84652644,0,52.73990902,24.49954865,0,9.649848996,0,0,14.3633553,0.701292676
0,80,20,0,2,25,40,75,56,0.127592593,-0.465580031,0.465580031,2.803490088,3.232043294,14.79051451,0,0,10.11431827,0,13.8474744,23.02389719,23.98611132,17.62599685,5.316788604,0,19.76538045,0,0,31.08151671,19.06280028,107.77,19.70339264,22.39704683,11.39407863,19.91384147,5.316788604,9.473725908,14.39104041,3.288860544,2.420777746,0.294117647,0,1,8,0,0,0,0,2.1756,0,0,0,0,0,0,0,1,0,1,0,0,0,0,0,106,14.01328809,0.007241923,-1.023293127,0.465728013,0.302404013,9.877673342,5.81236855,-0.15901027,29.84652644,0,52.73990902,24.49954865,0,9.649848996,0,0,14.3633553,0.701292676
1,85,15,0,2,25,40,75,12,0.127592593,-0.465580031,0.465580031,2.803490088,3.232043294,14.79051451,0,0,10.11431827,0,13.8474744,23.02389719,23.98611132,17.62599685,5.316788604,0,19.76538045,0,0,31.08151671,19.06280028,107.77,19.70339264,22.39704683,11.39407863,19.91384147,5.316788604,9.473725908,14.39104041,3.288860544,2.420777746,0.294117647,0,1,8,0,0,0,0,2.1756,0,0,0,0,0,0,0,1,0,1,0,0,0,0,0,106,14.01328809,0.007241923,-1.023293127,0.465728013,0.302404013,9.877673342,5.81236855,-0.15901027,29.84652644,0,52.73990902,24.49954865,0,9.649848996,0,0,14.3633553,0.701292676
0,85,15,0,2,25,40,75,13,0.127592593,-0.465580031,0.465580031,2.803490088,3.232043294,14.79051451,0,0,10.11431827,0,13.8474744,23.02389719,23.98611132,17.62599685,5.316788604,0,19.76538045,0,0,31.08151671,19.06280028,107.77,19.70339264,22.39704683,11.39407863,19.91384147,5.316788604,9.473725908,14.39104041,3.288860544,2.420777746,0.294117647,0,1,8,0,0,0,0,2.1756,0,0,0,0,0,0,0,1,0,1,0,0,0,0,0,106,14.01328809,0.007241923,-1.023293127,0.465728013,0.302404013,9.877673342,5.81236855,-0.15901027,29.84652644,0,52.73990902,24.49954865,0,9.649848996,0,0,14.3633553,0.701292676
1,90,10,0,2,25,40,75,10,0.127592593,-0.465580031,0.465580031,2.803490088,3.232043294,14.79051451,0,0,10.11431827,0,13.8474744,23.02389719,23.98611132,17.62599685,5.316788604,0,19.76538045,0,0,31.08151671,19.06280028,107.77,19.70339264,22.39704683,11.39407863,19.91384147,5.316788604,9.473725908,14.39104041,3.288860544,2.420777746,0.294117647,0,1,8,0,0,0,0,2.1756,0,0,0,0,0,0,0,1,0,1,0,0,0,0,0,106,14.01328809,0.007241923,-1.023293127,0.465728013,0.302404013,9.877673342,5.81236855,-0.15901027,29.84652644,0,52.73990902,24.49954865,0,9.649848996,0,0,14.3633553,0.701292676
0,90,10,0,2,25,40,75,11,0.127592593,-0.465580031,0.465580031,2.803490088,3.232043294,14.79051451,0,0,10.11431827,0,13.8474744,23.02389719,23.98611132,17.62599685,5.316788604,0,19.76538045,0,0,31.08151671,19.06280028,107.77,19.70339264,22.39704683,11.39407863,19.91384147,5.316788604,9.473725908,14.39104041,3.288860544,2.420777746,0.294117647,0,1,8,0,0,0,0,2.1756,0,0,0,0,0,0,0,1,0,1,0,0,0,0,0,106,14.01328809,0.007241923,-1.023293127,0.465728013,0.302404013,9.877673342,5.81236855,-0.15901027,29.84652644,0,52.73990902,24.49954865,0,9.649848996,0,0,14.3633553,0.701292676
1,95,5,0,2,25,40,75,10,0.127592593,-0.465580031,0.465580031,2.803490088,3.232043294,14.79051451,0,0,10.11431827,0,13.8474744,23.02389719,23.98611132,17.62599685,5.316788604,0,19.76538045,0,0,31.08151671,19.06280028,107.77,19.70339264,22.39704683,11.39407863,19.91384147,5.316788604,9.473725908,14.39104041,3.288860544,2.420777746,0.294117647,0,1,8,0,0,0,0,2.1756,0,0,0,0,0,0,0,1,0,1,0,0,0,0,0,106,14.01328809,0.007241923,-1.023293127,0.465728013,0.302404013,9.877673342,5.81236855,-0.15901027,29.84652644,0,52.73990902,24.49954865,0,9.649848996,0,0,14.3633553,0.701292676
0,95,5,0,2,25,40,75,11,0.127592593,-0.465580031,0.465580031,2.803490088,3.232043294,14.79051451,0,0,10.11431827,0,13.8474744,23.02389719,23.98611132,17.62599685,5.316788604,0,19.76538045,0,0,31.08151671,19.06280028,107.77,19.70339264,22.39704683,11.39407863,19.91384147,5.316788604,9.473725908,14.39104041,3.288860544,2.420777746,0.294117647,0,1,8,0,0,0,0,2.1756,0,0,0,0,0,0,0,1,0,1,0,0,0,0,0,106,14.01328809,0.007241923,-1.023293127,0.465728013,0.302404013,9.877673342,5.81236855,-0.15901027,29.84652644,0,52.73990902,24.49954865,0,9.649848996,0,0,14.3633553,0.701292676
1,75,25,0,2,60,60,98,1,0.006622874,-0.504254344,0.504254344,1.958861483,5.743402512,19.6867807,0,0,9.589074368,0,47.54441147,0,29.27585507,23.71853011,0,0,6.420821623,22.99804733,0,35.99913976,9.589074368,93.06,19.80212916,29.48633518,22.62592665,36.41750849,0,9.473725908,19.08487399,0,2.865846493,0.142857143,0,2,6,0,0,0,0,3.3699,0,0,0,0,0,0,0,0,0,0,2,0,0,0,0,177,11.81012813,0.083477036,-1.522275551,0.391019003,0.186995304,9.95116606,4.984256863,-0.388090575,0,0,30.63916437,0,0,1.173571586,0,0,14.3633553,0.701292676
0,75,25,0,2,60,60,98,2,0.006622874,-0.504254344,0.504254344,1.958861483,5.743402512,19.6867807,0,0,9.589074368,0,47.54441147,0,29.27585507,23.71853011,0,0,6.420821623,22.99804733,0,35.99913976,9.589074368,93.06,19.80212916,29.48633518,22.62592665,36.41750849,0,9.473725908,19.08487399,0,2.865846493,0.142857143,0,2,6,0,0,0,0,3.3699,0,0,0,0,0,0,0,0,0,0,2,0,0,0,0,177,11.81012813,0.083477036,-1.522275551,0.391019003,0.186995304,9.95116606,4.984256863,-0.388090575,0,0,30.63916437,0,0,1.173571586,0,0,14.3633553,0.701292676
1,9.1,90.9,0,1,153,60,0,10,0.114141629,-0.465580031,0.465580031,2.691404767,4.214929199,14.79051451,0,0,10.11431827,0,19.76538045,23.02389719,23.98611132,17.62599685,5.316788604,5.917906046,33.61285484,0,0,30.57860113,19.06280028,107.77,19.70339264,34.92183484,11.39407863,19.91384147,5.316788604,9.473725908,14.58984795,7.322127075,1.223228379,0.4,1,1,8,0,0,0,1,3.2018,0,0,0,0,0,0,0,1,0,1,0,0,0,0,0,106,14.01328809,0.007241923,-1.023293127,0.465728013,0.302404013,9.877673342,5.81236855,-0.15901027,29.84652644,0,52.73990902,24.49954865,0,9.649848996,0,0,14.3633553,0.701292676
1,75,25,0,2,60,60,98,1,0.006622874,-0.504254344,0.504254344,1.958861483,5.743402512,19.6867807,0,0,9.589074368,0,47.54441147,0,29.27585507,23.71853011,0,0,6.420821623,22.99804733,0,35.99913976,9.589074368,93.06,19.80212916,29.48633518,22.62592665,36.41750849,0,9.473725908,19.08487399,0,2.865846493,0.142857143,0,2,6,0,0,0,0,3.3699,0,0,0,0,0,0,0,0,0,0,2,0,0,0,0,113,12.82572922,0.055981771,-1.569986372,0.481218929,0.306221438,9.948783081,5.761521085,-0.387893507,23.87722115,0,34.49773092,0,0,3.011681888,0,0,14.3633553,0.701292676
0,75,25,0,2,60,60,98,2,0.006622874,-0.504254344,0.504254344,1.958861483,5.743402512,19.6867807,0,0,9.589074368,0,47.54441147,0,29.27585507,23.71853011,0,0,6.420821623,22.99804733,0,35.99913976,9.589074368,93.06,19.80212916,29.48633518,22.62592665,36.41750849,0,9.473725908,19.08487399,0,2.865846493,0.142857143,0,2,6,0,0,0,0,3.3699,0,0,0,0,0,0,0,0,0,0,2,0,0,0,0,113,12.82572922,0.055981771,-1.569986372,0.481218929,0.306221438,9.948783081,5.761521085,-0.387893507,23.87722115,0,34.49773092,0,0,3.011681888,0,0,14.3633553,0.701292676
1,75,25,0,2,60,60,98,1,0.006622874,-0.504254344,0.504254344,1.958861483,5.743402512,19.6867807,0,0,9.589074368,0,47.54441147,0,29.27585507,23.71853011,0,0,6.420821623,22.99804733,0,35.99913976,9.589074368,93.06,19.80212916,29.48633518,22.62592665,36.41750849,0,9.473725908,19.08487399,0,2.865846493,0.142857143,0,2,6,0,0,0,0,3.3699,0,0,0,0,0,0,0,0,0,0,2,0,0,0,0,163,10.66,0.208333333,0.208333333,0.319671229,0.226055117,10.38004459,5.784446402,-0.124969213,0,0,4.794537184,0,0,4.36162037,0,0,14.3633553,0.701292676
0,75,25,0,2,60,60,98,2,0.006622874,-0.504254344,0.504254344,1.958861483,5.743402512,19.6867807,0,0,9.589074368,0,47.54441147,0,29.27585507,23.71853011,0,0,6.420821623,22.99804733,0,35.99913976,9.589074368,93.06,19.80212916,29.48633518,22.62592665,36.41750849,0,9.473725908,19.08487399,0,2.865846493,0.142857143,0,2,6,0,0,0,0,3.3699,0,0,0,0,0,0,0,0,0,0,2,0,0,0,0,163,10.66,0.208333333,0.208333333,0.319671229,0.226055117,10.38004459,5.784446402,-0.124969213,0,0,4.794537184,0,0,4.36162037,0,0,14.3633553,0.701292676
1,75,25,0,2,60,60,98,1,0.006622874,-0.504254344,0.504254344,1.958861483,5.743402512,19.6867807,0,0,9.589074368,0,47.54441147,0,29.27585507,23.71853011,0,0,6.420821623,22.99804733,0,35.99913976,9.589074368,93.06,19.80212916,29.48633518,22.62592665,36.41750849,0,9.473725908,19.08487399,0,2.865846493,0.142857143,0,2,6,0,0,0,0,3.3699,0,0,0,0,0,0,0,0,0,0,2,0,0,0,0,45,13.5793784,0.015375016,-1.252900206,0.468602342,0.311404757,9.636144471,5.82947623,-0.169149396,23.87722115,0,19.17814874,44.91424459,-3.513750844,12.24789031,2,1,14.3633553,0.701292676
0,75,25,0,2,60,60,98,2,0.006622874,-0.504254344,0.504254344,1.958861483,5.743402512,19.6867807,0,0,9.589074368,0,47.54441147,0,29.27585507,23.71853011,0,0,6.420821623,22.99804733,0,35.99913976,9.589074368,93.06,19.80212916,29.48633518,22.62592665,36.41750849,0,9.473725908,19.08487399,0,2.865846493,0.142857143,0,2,6,0,0,0,0,3.3699,0,0,0,0,0,0,0,0,0,0,2,0,0,0,0,45,13.5793784,0.015375016,-1.252900206,0.468602342,0.311404757,9.636144471,5.82947623,-0.169149396,23.87722115,0,19.17814874,44.91424459,-3.513750844,12.24789031,2,1,14.3633553,0.701292676
1,15,85,0,2,60,50,0,275,0.023477891,-0.507966251,0.507966251,2.222508972,3.014068593,15.31958218,17.2485355,0,0,0,35.39237126,6.066367068,15.31958218,12.15204021,0,0,0,17.2485355,0,15.31958218,0,60.69,10.21305479,17.2485355,5.563451492,42.47422252,0,5.106527395,27.72556588,0,0,0,0,3,3,0,0,0,0,2.9738,0,0,0,0,0,0,0,0,0,0,3,0,0,0,0,106,9.25,0.833333333,-0.981481481,0.478089149,0.327198112,10.68151441,5.783563706,-0.130903173,5.969305288,4.794537184,4.794537184,0,0,2.960648148,0,0,14.3633553,0.701292676
1,75,25,0,2,60,50,0,350,0.006622874,-0.504254344,0.504254344,1.958861483,5.743402512,19.6867807,0,0,9.589074368,0,47.54441147,0,29.27585507,23.71853011,0,0,6.420821623,22.99804733,0,35.99913976,9.589074368,93.06,19.80212916,29.48633518,22.62592665,36.41750849,0,9.473725908,19.08487399,0,2.865846493,0.142857143,0,2,6,0,0,0,0,3.3699,0,0,0,0,0,0,0,0,0,0,2,0,0,0,0,177,11.81012813,0.083477036,-1.522275551,0.391019003,0.186995304,9.95116606,4.984256863,-0.388090575,0,0,30.63916437,0,0,1.173571586,0,0,14.3633553,0.701292676
1,40,60,0,2,60,50,0,1,0.023477891,-0.507966251,0.507966251,2.222508972,3.014068593,15.31958218,17.2485355,0,0,0,35.39237126,6.066367068,15.31958218,12.15204021,0,0,0,17.2485355,0,15.31958218,0,60.69,10.21305479,17.2485355,5.563451492,42.47422252,0,5.106527395,27.72556588,0,0,0,0,3,3,0,0,0,0,2.9738,0,0,0,0,0,0,0,0,0,0,3,0,0,0,0,177,11.81012813,0.083477036,-1.522275551,0.391019003,0.186995304,9.95116606,4.984256863,-0.388090575,0,0,30.63916437,0,0,1.173571586,0,0,14.3633553,0.701292676
0,40,60,0,2,60,50,0,2,0.023477891,-0.507966251,0.507966251,2.222508972,3.014068593,15.31958218,17.2485355,0,0,0,35.39237126,6.066367068,15.31958218,12.15204021,0,0,0,17.2485355,0,15.31958218,0,60.69,10.21305479,17.2485355,5.563451492,42.47422252,0,5.106527395,27.72556588,0,0,0,0,3,3,0,0,0,0,2.9738,0,0,0,0,0,0,0,0,0,0,3,0,0,0,0,177,11.81012813,0.083477036,-1.522275551,0.391019003,0.186995304,9.95116606,4.984256863,-0.388090575,0,0,30.63916437,0,0,1.173571586,0,0,14.3633553,0.701292676
1,40,60,0,1,220,50,0,180,0.064479397,-0.490790806,0.490790806,0.92529827,7.044519489,24.01040832,43.98707682,5.787111153,0,10.19736362,74.00822951,48.13988298,14.21058886,34.57665233,29.11204766,0,44.7459708,11.43689811,23.20187978,74.6088036,21.80559347,104.7,4.794537184,24.38030702,28.82248205,34.03627687,49.24662987,37.41246864,9.504828284,8.480846895,0,0.371428571,3,0,14,2,2,0,1,5.5773,0,0,0,0,0,0,2,0,0,0,0,0,0,0,0,175,11.81012813,0.083477036,-1.522275551,0.391019003,0.186995304,9.95116606,4.984256863,-0.388090575,0,0,30.63916437,0,0,1.173571586,0,0,14.3633553,0.701292676
1,75,25,0,2,60,50,0,75,0.006622874,-0.504254344,0.504254344,1.958861483,5.743402512,19.6867807,0,0,9.589074368,0,47.54441147,0,29.27585507,23.71853011,0,0,6.420821623,22.99804733,0,35.99913976,9.589074368,93.06,19.80212916,29.48633518,22.62592665,36.41750849,0,9.473725908,19.08487399,0,2.865846493,0.142857143,0,2,6,0,0,0,0,3.3699,0,0,0,0,0,0,0,0,0,0,2,0,0,0,0,113,12.82572922,0.055981771,-1.569986372,0.481218929,0.306221438,9.948783081,5.761521085,-0.387893507,23.87722115,0,34.49773092,0,0,3.011681888,0,0,14.3633553,0.701292676
0,75,25,0,2,60,50,0,76,0.006622874,-0.504254344,0.504254344,1.958861483,5.743402512,19.6867807,0,0,9.589074368,0,47.54441147,0,29.27585507,23.71853011,0,0,6.420821623,22.99804733,0,35.99913976,9.589074368,93.06,19.80212916,29.48633518,22.62592665,36.41750849,0,9.473725908,19.08487399,0,2.865846493,0.142857143,0,2,6,0,0,0,0,3.3699,0,0,0,0,0,0,0,0,0,0,2,0,0,0,0,113,12.82572922,0.055981771,-1.569986372,0.481218929,0.306221438,9.948783081,5.761521085,-0.387893507,23.87722115,0,34.49773092,0,0,3.011681888,0,0,14.3633553,0.701292676
1,30,70,0,2,60,50,0,100,0.023477891,-0.507966251,0.507966251,2.222508972,3.014068593,15.31958218,17.2485355,0,0,0,35.39237126,6.066367068,15.31958218,12.15204021,0,0,0,17.2485355,0,15.31958218,0,60.69,10.21305479,17.2485355,5.563451492,42.47422252,0,5.106527395,27.72556588,0,0,0,0,3,3,0,0,0,0,2.9738,0,0,0,0,0,0,0,0,0,0,3,0,0,0,0,113,12.82572922,0.055981771,-1.569986372,0.481218929,0.306221438,9.948783081,5.761521085,-0.387893507,23.87722115,0,34.49773092,0,0,3.011681888,0,0,14.3633553,0.701292676
1,75,25,0,2,60,50,0,6,0.006622874,-0.504254344,0.504254344,1.958861483,5.743402512,19.6867807,0,0,9.589074368,0,47.54441147,0,29.27585507,23.71853011,0,0,6.420821623,22.99804733,0,35.99913976,9.589074368,93.06,19.80212916,29.48633518,22.62592665,36.41750849,0,9.473725908,19.08487399,0,2.865846493,0.142857143,0,2,6,0,0,0,0,3.3699,0,0,0,0,0,0,0,0,0,0,2,0,0,0,0,163,10.66,0.208333333,0.208333333,0.319671229,0.226055117,10.38004459,5.784446402,-0.124969213,0,0,4.794537184,0,0,4.36162037,0,0,14.3633553,0.701292676
0,75,25,0,2,60,50,0,7,0.006622874,-0.504254344,0.504254344,1.958861483,5.743402512,19.6867807,0,0,9.589074368,0,47.54441147,0,29.27585507,23.71853011,0,0,6.420821623,22.99804733,0,35.99913976,9.589074368,93.06,19.80212916,29.48633518,22.62592665,36.41750849,0,9.473725908,19.08487399,0,2.865846493,0.142857143,0,2,6,0,0,0,0,3.3699,0,0,0,0,0,0,0,0,0,0,2,0,0,0,0,163,10.66,0.208333333,0.208333333,0.319671229,0.226055117,10.38004459,5.784446402,-0.124969213,0,0,4.794537184,0,0,4.36162037,0,0,14.3633553,0.701292676
1,75,25,0,2,60,50,0,350,0.006622874,-0.504254344,0.504254344,1.958861483,5.743402512,19.6867807,0,0,9.589074368,0,47.54441147,0,29.27585507,23.71853011,0,0,6.420821623,22.99804733,0,35.99913976,9.589074368,93.06,19.80212916,29.48633518,22.62592665,36.41750849,0,9.473725908,19.08487399,0,2.865846493,0.142857143,0,2,6,0,0,0,0,3.3699,0,0,0,0,0,0,0,0,0,0,2,0,0,0,0,45,13.5793784,0.015375016,-1.252900206,0.468602342,0.311404757,9.636144471,5.82947623,-0.169149396,23.87722115,0,19.17814874,44.91424459,-3.513750844,12.24789031,2,1,14.3633553,0.701292676
1,40,60,0,2,60,50,0,100,0.023477891,-0.507966251,0.507966251,2.222508972,3.014068593,15.31958218,17.2485355,0,0,0,35.39237126,6.066367068,15.31958218,12.15204021,0,0,0,17.2485355,0,15.31958218,0,60.69,10.21305479,17.2485355,5.563451492,42.47422252,0,5.106527395,27.72556588,0,0,0,0,3,3,0,0,0,0,2.9738,0,0,0,0,0,0,0,0,0,0,3,0,0,0,0,102,10.66,0.208333333,0.208333333,0.319671229,0.226055117,10.38004459,5.784446402,-0.124969213,0,0,4.794537184,0,0,4.36162037,0,0,14.3633553,0.701292676
1,40,60,0,2,60,50,0,400,0.023477891,-0.507966251,0.507966251,2.222508972,3.014068593,15.31958218,17.2485355,0,0,0,35.39237126,6.066367068,15.31958218,12.15204021,0,0,0,17.2485355,0,15.31958218,0,60.69,10.21305479,17.2485355,5.563451492,42.47422252,0,5.106527395,27.72556588,0,0,0,0,3,3,0,0,0,0,2.9738,0,0,0,0,0,0,0,0,0,0,3,0,0,0,0,163,10.66,0.208333333,0.208333333,0.319671229,0.226055117,10.38004459,5.784446402,-0.124969213,0,0,4.794537184,0,0,4.36162037,0,0,14.3633553,0.701292676
1,40,60,0,2,60,50,0,400,0.023477891,-0.507966251,0.507966251,2.222508972,3.014068593,15.31958218,17.2485355,0,0,0,35.39237126,6.066367068,15.31958218,12.15204021,0,0,0,17.2485355,0,15.31958218,0,60.69,10.21305479,17.2485355,5.563451492,42.47422252,0,5.106527395,27.72556588,0,0,0,0,3,3,0,0,0,0,2.9738,0,0,0,0,0,0,0,0,0,0,3,0,0,0,0,45,13.5793784,0.015375016,-1.252900206,0.468602342,0.311404757,9.636144471,5.82947623,-0.169149396,23.87722115,0,19.17814874,44.91424459,-3.513750844,12.24789031,2,1,14.3633553,0.701292676
1,20,80,0,3,80,40,0,360,0.082943237,-0.385068786,0.385068786,1.57320225,4.901083782,14.90634686,5.414990469,5.907179729,4.794537184,0,54.63030989,32.20749009,9.901064579,17.50811962,9.799819462,0,30.27850615,0,11.60093989,54.54313977,15.81057846,43.78,9.901064579,5.907179729,24.28509818,4.899909731,29.165378,11.60093989,11.94039798,2.309471739,3.658906411,0.344827586,0,1,5,1,1,0,0,5.088,0,1,0,0,0,0,1,0,0,0,0,1,0,0,0,102.5,9.25,0.833333333,-0.981481481,0.478089149,0.327198112,10.68151441,5.783563706,-0.130903173,5.969305288,4.794537184,4.794537184,0,0,2.960648148,0,0,14.3633553,0.701292676
1,60,40,0,3,80,40,0,360,0.082943237,-0.385068786,0.385068786,1.57320225,4.901083782,14.90634686,5.414990469,5.907179729,4.794537184,0,54.63030989,32.20749009,9.901064579,17.50811962,9.799819462,0,30.27850615,0,11.60093989,54.54313977,15.81057846,43.78,9.901064579,5.907179729,24.28509818,4.899909731,29.165378,11.60093989,11.94039798,2.309471739,3.658906411,0.344827586,0,1,5,1,1,0,0,5.088,0,1,0,0,0,0,1,0,0,0,0,1,0,0,0,102.5,9.25,0.833333333,-0.981481481,0.478089149,0.327198112,10.68151441,5.783563706,-0.130903173,5.969305288,4.794537184,4.794537184,0,0,2.960648148,0,0,14.3633553,0.701292676
1,50,25,25,3,80,40,75,90,0.064479397,-0.490790806,0.490790806,0.92529827,7.044519489,24.01040832,43.98707682,5.787111153,0,10.19736362,74.00822951,48.13988298,14.21058886,34.57665233,29.11204766,0,44.7459708,11.43689811,23.20187978,74.6088036,21.80559347,104.7,4.794537184,24.38030702,28.82248205,34.03627687,49.24662987,37.41246864,9.504828284,8.480846895,0,0.371428571,3,0,14,2,2,0,1,5.5773,0,0,0,0,0,0,2,0,0,0,0,0,0,0,0,70,14.23961392,0.00186207,-0.80801985,0.462332233,0.302403316,9.888116957,5.785271702,-0.156117715,11.93861058,0,33.8737505,19.59963892,0,7.43289591,0,0,29.55728603,0
0,50,50,0,3,80,40,75,90,0.064479397,-0.490790806,0.490790806,0.92529827,7.044519489,24.01040832,43.98707682,5.787111153,0,10.19736362,74.00822951,48.13988298,14.21058886,34.57665233,29.11204766,0,44.7459708,11.43689811,23.20187978,74.6088036,21.80559347,104.7,4.794537184,24.38030702,28.82248205,34.03627687,49.24662987,37.41246864,9.504828284,8.480846895,0,0.371428571,3,0,14,2,2,0,1,5.5773,0,0,0,0,0,0,2,0,0,0,0,0,0,0,0,70,14.23961392,0.00186207,-0.80801985,0.462332233,0.302403316,9.888116957,5.785271702,-0.156117715,11.93861058,0,33.8737505,19.59963892,0,7.43289591,0,0,14.3633553,0.701292676
1,50,50,0,1,150,40,75,14,0.170239303,-0.49674296,0.49674296,2.232371733,3.104666499,9.843390349,5.749511833,0,14.15617402,0,54.95175817,21.66623701,19.43246472,34.38034984,4.567099648,0,13.34455882,5.749511833,11.60093989,28.6599096,11.21535881,68.53,14.69560176,12.32800135,38.49590106,56.49810422,0,16.33780284,10.47200719,1.748579285,1.542411112,0.157894737,0,1,6,0,0,0,0,3.92732,0,0,0,0,0,1,1,0,0,0,0,0,0,0,0,70,14.23961392,0.00186207,-0.80801985,0.462332233,0.302403316,9.888116957,5.785271702,-0.156117715,11.93861058,0,33.8737505,19.59963892,0,7.43289591,0,0,14.3633553,0.701292676
1,50,50,0,3,50,40,75,60,0.170239303,-0.49674296,0.49674296,2.232371733,3.104666499,9.843390349,5.749511833,0,14.15617402,0,54.95175817,21.66623701,19.43246472,34.38034984,4.567099648,0,13.34455882,5.749511833,11.60093989,28.6599096,11.21535881,68.53,14.69560176,12.32800135,38.49590106,56.49810422,0,16.33780284,10.47200719,1.748579285,1.542411112,0.157894737,0,1,6,0,0,0,0,3.92732,0,0,0,0,0,1,1,0,0,0,0,0,0,0,0,70,14.23961392,0.00186207,-0.80801985,0.462332233,0.302403316,9.888116957,5.785271702,-0.156117715,11.93861058,0,33.8737505,19.59963892,0,7.43289591,0,0,14.3633553,0.701292676
1,10,90,0,1,140,40,75,90,0.210183829,-0.465580051,0.465580051,2.73893106,3.672813255,14.79051451,0,0,0,0,32.40103016,11.39407863,19.06280028,35.14049036,5.316788604,0,26.68911765,0,23.20187978,25.65529008,19.06280028,64.63,9.589074368,11.62951528,33.12637249,38.9703128,5.316788604,32.67560569,3.66064471,5.410709422,1.286177625,0.333333333,1,1,7,0,0,0,1,3.9643,0,0,0,0,0,0,2,0,0,0,0,0,0,0,0,70,14.23961392,0.00186207,-0.80801985,0.462332233,0.302403316,9.888116957,5.785271702,-0.156117715,11.93861058,0,33.8737505,19.59963892,0,7.43289591,0,0,14.3633553,0.701292676
1,30,70,0,1,140,40,75,90,0.210183829,-0.465580051,0.465580051,2.73893106,3.672813255,14.79051451,0,0,0,0,32.40103016,11.39407863,19.06280028,35.14049036,5.316788604,0,26.68911765,0,23.20187978,25.65529008,19.06280028,64.63,9.589074368,11.62951528,33.12637249,38.9703128,5.316788604,32.67560569,3.66064471,5.410709422,1.286177625,0.333333333,1,1,7,0,0,0,1,3.9643,0,0,0,0,0,0,2,0,0,0,0,0,0,0,0,70,14.23961392,0.00186207,-0.80801985,0.462332233,0.302403316,9.888116957,5.785271702,-0.156117715,11.93861058,0,33.8737505,19.59963892,0,7.43289591,0,0,14.3633553,0.701292676
1,50,50,0,1,140,40,75,90,0.210183829,-0.465580051,0.465580051,2.73893106,3.672813255,14.79051451,0,0,0,0,32.40103016,11.39407863,19.06280028,35.14049036,5.316788604,0,26.68911765,0,23.20187978,25.65529008,19.06280028,64.63,9.589074368,11.62951528,33.12637249,38.9703128,5.316788604,32.67560569,3.66064471,5.410709422,1.286177625,0.333333333,1,1,7,0,0,0,1,3.9643,0,0,0,0,0,0,2,0,0,0,0,0,0,0,0,70,14.23961392,0.00186207,-0.80801985,0.462332233,0.302403316,9.888116957,5.785271702,-0.156117715,11.93861058,0,33.8737505,19.59963892,0,7.43289591,0,0,14.3633553,0.701292676
1,60,40,0,1,140,40,75,90,0.210183829,-0.465580051,0.465580051,2.73893106,3.672813255,14.79051451,0,0,0,0,32.40103016,11.39407863,19.06280028,35.14049036,5.316788604,0,26.68911765,0,23.20187978,25.65529008,19.06280028,64.63,9.589074368,11.62951528,33.12637249,38.9703128,5.316788604,32.67560569,3.66064471,5.410709422,1.286177625,0.333333333,1,1,7,0,0,0,1,3.9643,0,0,0,0,0,0,2,0,0,0,0,0,0,0,0,70,14.23961392,0.00186207,-0.80801985,0.462332233,0.302403316,9.888116957,5.785271702,-0.156117715,11.93861058,0,33.8737505,19.59963892,0,7.43289591,0,0,14.3633553,0.701292676
1,70,30,0,1,140,40,75,90,0.210183829,-0.465580051,0.465580051,2.73893106,3.672813255,14.79051451,0,0,0,0,32.40103016,11.39407863,19.06280028,35.14049036,5.316788604,0,26.68911765,0,23.20187978,25.65529008,19.06280028,64.63,9.589074368,11.62951528,33.12637249,38.9703128,5.316788604,32.67560569,3.66064471,5.410709422,1.286177625,0.333333333,1,1,7,0,0,0,1,3.9643,0,0,0,0,0,0,2,0,0,0,0,0,0,0,0,70,14.23961392,0.00186207,-0.80801985,0.462332233,0.302403316,9.888116957,5.785271702,-0.156117715,11.93861058,0,33.8737505,19.59963892,0,7.43289591,0,0,14.3633553,0.701292676
1,10,90,0,1,120,25,0,150,0.337417455,-0.297133063,0.297133063,1.398667443,4.776071181,0,0,0,9.799819462,0,16.69035448,32.72378203,0,6.076020107,9.799819462,0,6.041840829,0,0,42.52360149,0,6.48,0,0,6.041840829,0,112.9473657,0,0,5.41263196,0,0.230769231,0,0,2,1,1,0,0,5.107,0,0,0,0,0,0,0,0,0,0,0,0,0,0,0,70,14.23961392,0.00186207,-0.80801985,0.462332233,0.302403316,9.888116957,5.785271702,-0.156117715,11.93861058,0,33.8737505,19.59963892,0,7.43289591,0,0,14.3633553,0.701292676
1,10,90,0,1,120,40,75,30,0.337417455,-0.297133063,0.297133063,1.398667443,4.776071181,0,0,0,9.799819462,0,16.69035448,32.72378203,0,6.076020107,9.799819462,0,6.041840829,0,0,42.52360149,0,6.48,0,0,6.041840829,0,112.9473657,0,0,5.41263196,0,0.230769231,0,0,2,1,1,0,0,5.107,0,0,0,0,0,0,0,0,0,0,0,0,0,0,0,70,14.23961392,0.00186207,-0.80801985,0.462332233,0.302403316,9.888116957,5.785271702,-0.156117715,11.93861058,0,33.8737505,19.59963892,0,7.43289591,0,0,14.3633553,0.701292676
1,20,80,0,1,120,25,0,150,0.337417455,-0.297133063,0.297133063,1.398667443,4.776071181,0,0,0,9.799819462,0,16.69035448,32.72378203,0,6.076020107,9.799819462,0,6.041840829,0,0,42.52360149,0,6.48,0,0,6.041840829,0,112.9473657,0,0,5.41263196,0,0.230769231,0,0,2,1,1,0,0,5.107,0,0,0,0,0,0,0,0,0,0,0,0,0,0,0,70,14.23961392,0.00186207,-0.80801985,0.462332233,0.302403316,9.888116957,5.785271702,-0.156117715,11.93861058,0,33.8737505,19.59963892,0,7.43289591,0,0,14.3633553,0.701292676
0,20,80,0,1,120,40,0,30,0.337417455,-0.297133063,0.297133063,1.398667443,4.776071181,0,0,0,9.799819462,0,16.69035448,32.72378203,0,6.076020107,9.799819462,0,6.041840829,0,0,42.52360149,0,6.48,0,0,6.041840829,0,112.9473657,0,0,5.41263196,0,0.230769231,0,0,2,1,1,0,0,5.107,0,0,0,0,0,0,0,0,0,0,0,0,0,0,0,70,14.23961392,0.00186207,-0.80801985,0.462332233,0.302403316,9.888116957,5.785271702,-0.156117715,11.93861058,0,33.8737505,19.59963892,0,7.43289591,0,0,14.3633553,0.701292676
0,20,80,0,1,120,60,0,30,0.337417455,-0.297133063,0.297133063,1.398667443,4.776071181,0,0,0,9.799819462,0,16.69035448,32.72378203,0,6.076020107,9.799819462,0,6.041840829,0,0,42.52360149,0,6.48,0,0,6.041840829,0,112.9473657,0,0,5.41263196,0,0.230769231,0,0,2,1,1,0,0,5.107,0,0,0,0,0,0,0,0,0,0,0,0,0,0,0,70,14.23961392,0.00186207,-0.80801985,0.462332233,0.302403316,9.888116957,5.785271702,-0.156117715,11.93861058,0,33.8737505,19.59963892,0,7.43289591,0,0,14.3633553,0.701292676
0,20,80,0,1,120,40,75,30,0.337417455,-0.297133063,0.297133063,1.398667443,4.776071181,0,0,0,9.799819462,0,16.69035448,32.72378203,0,6.076020107,9.799819462,0,6.041840829,0,0,42.52360149,0,6.48,0,0,6.041840829,0,112.9473657,0,0,5.41263196,0,0.230769231,0,0,2,1,1,0,0,5.107,0,0,0,0,0,0,0,0,0,0,0,0,0,0,0,70,14.23961392,0.00186207,-0.80801985,0.462332233,0.302403316,9.888116957,5.785271702,-0.156117715,11.93861058,0,33.8737505,19.59963892,0,7.43289591,0,0,14.3633553,0.701292676
1,35,65,0,1,120,25,0,150,0.337417455,-0.297133063,0.297133063,1.398667443,4.776071181,0,0,0,9.799819462,0,16.69035448,32.72378203,0,6.076020107,9.799819462,0,6.041840829,0,0,42.52360149,0,6.48,0,0,6.041840829,0,112.9473657,0,0,5.41263196,0,0.230769231,0,0,2,1,1,0,0,5.107,0,0,0,0,0,0,0,0,0,0,0,0,0,0,0,70,14.23961392,0.00186207,-0.80801985,0.462332233,0.302403316,9.888116957,5.785271702,-0.156117715,11.93861058,0,33.8737505,19.59963892,0,7.43289591,0,0,14.3633553,0.701292676
0,35,65,0,1,120,40,75,30,0.337417455,-0.297133063,0.297133063,1.398667443,4.776071181,0,0,0,9.799819462,0,16.69035448,32.72378203,0,6.076020107,9.799819462,0,6.041840829,0,0,42.52360149,0,6.48,0,0,6.041840829,0,112.9473657,0,0,5.41263196,0,0.230769231,0,0,2,1,1,0,0,5.107,0,0,0,0,0,0,0,0,0,0,0,0,0,0,0,70,14.23961392,0.00186207,-0.80801985,0.462332233,0.302403316,9.888116957,5.785271702,-0.156117715,11.93861058,0,33.8737505,19.59963892,0,7.43289591,0,0,14.3633553,0.701292676
1,75,25,0,2,60,40,75,100,0.006622874,-0.504254344,0.504254344,1.958861483,5.743402512,19.6867807,0,0,9.589074368,0,47.54441147,0,29.27585507,23.71853011,0,0,6.420821623,22.99804733,0,35.99913976,9.589074368,93.06,19.80212916,29.48633518,22.62592665,36.41750849,0,9.473725908,19.08487399,0,2.865846493,0.142857143,0,2,6,0,0,0,0,3.3699,0,0,0,0,0,0,0,0,0,0,2,0,0,0,0,177,11.81012813,0.083477036,-1.522275551,0.391019003,0.186995304,9.95116606,4.984256863,-0.388090575,0,0,30.63916437,0,0,1.173571586,0,0,14.3633553,0.701292676
0,75,25,0,2,60,40,75,101,0.006622874,-0.504254344,0.504254344,1.958861483,5.743402512,19.6867807,0,0,9.589074368,0,47.54441147,0,29.27585507,23.71853011,0,0,6.420821623,22.99804733,0,35.99913976,9.589074368,93.06,19.80212916,29.48633518,22.62592665,36.41750849,0,9.473725908,19.08487399,0,2.865846493,0.142857143,0,2,6,0,0,0,0,3.3699,0,0,0,0,0,0,0,0,0,0,2,0,0,0,0,177,11.81012813,0.083477036,-1.522275551,0.391019003,0.186995304,9.95116606,4.984256863,-0.388090575,0,0,30.63916437,0,0,1.173571586,0,0,14.3633553,0.701292676
1,25,75,0,3,80,40,75,90,0.127592593,-0.465580031,0.465580031,2.803490088,3.232043294,14.79051451,0,0,10.11431827,0,13.8474744,23.02389719,23.98611132,17.62599685,5.316788604,0,19.76538045,0,0,31.08151671,19.06280028,107.77,19.70339264,22.39704683,11.39407863,19.91384147,5.316788604,9.473725908,14.39104041,3.288860544,2.420777746,0.294117647,0,1,8,0,0,0,0,2.1756,0,0,0,0,0,0,0,1,0,1,0,0,0,0,0,175,11.81012813,0.083477036,-1.522275551,0.391019003,0.186995304,9.95116606,4.984256863,-0.388090575,0,0,30.63916437,0,0,1.173571586,0,0,14.3633553,0.701292676
0,50,50,0,3,80,40,75,30,0.127592593,-0.465580031,0.465580031,2.803490088,3.232043294,14.79051451,0,0,10.11431827,0,13.8474744,23.02389719,23.98611132,17.62599685,5.316788604,0,19.76538045,0,0,31.08151671,19.06280028,107.77,19.70339264,22.39704683,11.39407863,19.91384147,5.316788604,9.473725908,14.39104041,3.288860544,2.420777746,0.294117647,0,1,8,0,0,0,0,2.1756,0,0,0,0,0,0,0,1,0,1,0,0,0,0,0,175,11.81012813,0.083477036,-1.522275551,0.391019003,0.186995304,9.95116606,4.984256863,-0.388090575,0,0,30.63916437,0,0,1.173571586,0,0,14.3633553,0.701292676
0,75,25,0,3,80,40,75,30,0.127592593,-0.465580031,0.465580031,2.803490088,3.232043294,14.79051451,0,0,10.11431827,0,13.8474744,23.02389719,23.98611132,17.62599685,5.316788604,0,19.76538045,0,0,31.08151671,19.06280028,107.77,19.70339264,22.39704683,11.39407863,19.91384147,5.316788604,9.473725908,14.39104041,3.288860544,2.420777746,0.294117647,0,1,8,0,0,0,0,2.1756,0,0,0,0,0,0,0,1,0,1,0,0,0,0,0,175,11.81012813,0.083477036,-1.522275551,0.391019003,0.186995304,9.95116606,4.984256863,-0.388090575,0,0,30.63916437,0,0,1.173571586,0,0,14.3633553,0.701292676
1,40,60,0,1,220,40,75,180,0.064479397,-0.490790806,0.490790806,0.92529827,7.044519489,24.01040832,43.98707682,5.787111153,0,10.19736362,74.00822951,48.13988298,14.21058886,34.57665233,29.11204766,0,44.7459708,11.43689811,23.20187978,74.6088036,21.80559347,104.7,4.794537184,24.38030702,28.82248205,34.03627687,49.24662987,37.41246864,9.504828284,8.480846895,0,0.371428571,3,0,14,2,2,0,1,5.5773,0,0,0,0,0,0,2,0,0,0,0,0,0,0,0,175,11.81012813,0.083477036,-1.522275551,0.391019003,0.186995304,9.95116606,4.984256863,-0.388090575,0,0,30.63916437,0,0,1.173571586,0,0,14.3633553,0.701292676
1,50,50,0,3,80,40,75,90,0.064479397,-0.490790806,0.490790806,0.92529827,7.044519489,24.01040832,43.98707682,5.787111153,0,10.19736362,74.00822951,48.13988298,14.21058886,34.57665233,29.11204766,0,44.7459708,11.43689811,23.20187978,74.6088036,21.80559347,104.7,4.794537184,24.38030702,28.82248205,34.03627687,49.24662987,37.41246864,9.504828284,8.480846895,0,0.371428571,3,0,14,2,2,0,1,5.5773,0,0,0,0,0,0,2,0,0,0,0,0,0,0,0,106,14.01328809,0.007241923,-1.023293127,0.465728013,0.302404013,9.877673342,5.81236855,-0.15901027,29.84652644,0,52.73990902,24.49954865,0,9.649848996,0,0,14.3633553,0.701292676
1,10,90,0,1,130,40,75,180,0.040145319,-0.504861547,0.504861547,2.08682722,2.47091526,5.106527395,0,0,14.41654178,0,19.05647134,23.68511424,18.31886156,38.15798011,9.289194512,0,11.81922068,0,11.33678588,35.7683706,14.81782834,99.6,18.31886156,21.91513915,5.13155848,18.32957771,10.30076712,0,13.2104189,1.830855012,-2.671617352,0.142857143,0,2,9,0,0,0,0,1.95092,0,0,0,0,0,1,0,0,0,0,0,0,0,0,0,106,14.01328809,0.007241923,-1.023293127,0.465728013,0.302404013,9.877673342,5.81236855,-0.15901027,29.84652644,0,52.73990902,24.49954865,0,9.649848996,0,0,14.3633553,0.701292676
1,10,90,0,1,175,40,75,540,0.115102041,-0.507964316,0.507964316,2.736298072,2.292303973,10.423316,5.749511833,5.907179729,4.794537184,0,24.26546827,12.61112347,9.901064579,11.594566,0,0,6.9237372,5.749511833,0,11.01370712,4.794537184,49.33,4.794537184,11.65669156,5.687386275,12.13273414,5.316788604,5.106527395,11.4600326,1.437358277,0,0.125,0,2,3,0,0,0,0,1.3506,0,0,0,0,0,0,0,0,0,0,1,0,0,0,0,106,14.01328809,0.007241923,-1.023293127,0.465728013,0.302404013,9.877673342,5.81236855,-0.15901027,29.84652644,0,52.73990902,24.49954865,0,9.649848996,0,0,14.3633553,0.701292676
1,20,80,0,1,175,40,75,540,0.115102041,-0.507964316,0.507964316,2.736298072,2.292303973,10.423316,5.749511833,5.907179729,4.794537184,0,24.26546827,12.61112347,9.901064579,11.594566,0,0,6.9237372,5.749511833,0,11.01370712,4.794537184,49.33,4.794537184,11.65669156,5.687386275,12.13273414,5.316788604,5.106527395,11.4600326,1.437358277,0,0.125,0,2,3,0,0,0,0,1.3506,0,0,0,0,0,0,0,0,0,0,1,0,0,0,0,106,14.01328809,0.007241923,-1.023293127,0.465728013,0.302404013,9.877673342,5.81236855,-0.15901027,29.84652644,0,52.73990902,24.49954865,0,9.649848996,0,0,14.3633553,0.701292676
1,30,70,0,1,175,40,75,540,0.115102041,-0.507964316,0.507964316,2.736298072,2.292303973,10.423316,5.749511833,5.907179729,4.794537184,0,24.26546827,12.61112347,9.901064579,11.594566,0,0,6.9237372,5.749511833,0,11.01370712,4.794537184,49.33,4.794537184,11.65669156,5.687386275,12.13273414,5.316788604,5.106527395,11.4600326,1.437358277,0,0.125,0,2,3,0,0,0,0,1.3506,0,0,0,0,0,0,0,0,0,0,1,0,0,0,0,106,14.01328809,0.007241923,-1.023293127,0.465728013,0.302404013,9.877673342,5.81236855,-0.15901027,29.84652644,0,52.73990902,24.49954865,0,9.649848996,0,0,14.3633553,0.701292676
0,40,60,0,1,175,40,75,30,0.115102041,-0.507964316,0.507964316,2.736298072,2.292303973,10.423316,5.749511833,5.907179729,4.794537184,0,24.26546827,12.61112347,9.901064579,11.594566,0,0,6.9237372,5.749511833,0,11.01370712,4.794537184,49.33,4.794537184,11.65669156,5.687386275,12.13273414,5.316788604,5.106527395,11.4600326,1.437358277,0,0.125,0,2,3,0,0,0,0,1.3506,0,0,0,0,0,0,0,0,0,0,1,0,0,0,0,106,14.01328809,0.007241923,-1.023293127,0.465728013,0.302404013,9.877673342,5.81236855,-0.15901027,29.84652644,0,52.73990902,24.49954865,0,9.649848996,0,0,14.3633553,0.701292676
0,50,50,0,1,175,40,75,30,0.115102041,-0.507964316,0.507964316,2.736298072,2.292303973,10.423316,5.749511833,5.907179729,4.794537184,0,24.26546827,12.61112347,9.901064579,11.594566,0,0,6.9237372,5.749511833,0,11.01370712,4.794537184,49.33,4.794537184,11.65669156,5.687386275,12.13273414,5.316788604,5.106527395,11.4600326,1.437358277,0,0.125,0,2,3,0,0,0,0,1.3506,0,0,0,0,0,0,0,0,0,0,1,0,0,0,0,106,14.01328809,0.007241923,-1.023293127,0.465728013,0.302404013,9.877673342,5.81236855,-0.15901027,29.84652644,0,52.73990902,24.49954865,0,9.649848996,0,0,14.3633553,0.701292676
0,60,40,0,1,175,40,75,30,0.115102041,-0.507964316,0.507964316,2.736298072,2.292303973,10.423316,5.749511833,5.907179729,4.794537184,0,24.26546827,12.61112347,9.901064579,11.594566,0,0,6.9237372,5.749511833,0,11.01370712,4.794537184,49.33,4.794537184,11.65669156,5.687386275,12.13273414,5.316788604,5.106527395,11.4600326,1.437358277,0,0.125,0,2,3,0,0,0,0,1.3506,0,0,0,0,0,0,0,0,0,0,1,0,0,0,0,106,14.01328809,0.007241923,-1.023293127,0.465728013,0.302404013,9.877673342,5.81236855,-0.15901027,29.84652644,0,52.73990902,24.49954865,0,9.649848996,0,0,14.3633553,0.701292676
1,5,95,0,1,175,40,75,540,0.484720674,-0.496745104,0.496745104,2.478964439,2.228492727,9.843390349,5.749511833,0,4.794537184,0,35.39237126,0,14.63792753,16.74175372,0,0,12.84164325,5.749511833,0,18.18563022,4.794537184,46.53,4.794537184,0,0,14.03353474,0,9.843390349,11.04105787,1.687523148,1.627021584,0.214285714,1,1,3,0,0,0,0,3.0365,0,0,0,0,0,1,0,0,0,0,0,0,0,0,0,106,14.01328809,0.007241923,-1.023293127,0.465728013,0.302404013,9.877673342,5.81236855,-0.15901027,29.84652644,0,52.73990902,24.49954865,0,9.649848996,0,0,14.3633553,0.701292676
1,15,85,0,1,175,40,75,540,0.484720674,-0.496745104,0.496745104,2.478964439,2.228492727,9.843390349,5.749511833,0,4.794537184,0,35.39237126,0,14.63792753,16.74175372,0,0,12.84164325,5.749511833,0,18.18563022,4.794537184,46.53,4.794537184,0,0,14.03353474,0,9.843390349,11.04105787,1.687523148,1.627021584,0.214285714,1,1,3,0,0,0,0,3.0365,0,0,0,0,0,1,0,0,0,0,0,0,0,0,0,106,14.01328809,0.007241923,-1.023293127,0.465728013,0.302404013,9.877673342,5.81236855,-0.15901027,29.84652644,0,52.73990902,24.49954865,0,9.649848996,0,0,14.3633553,0.701292676
0,30,70,0,1,175,40,75,30,0.484720674,-0.496745104,0.496745104,2.478964439,2.228492727,9.843390349,5.749511833,0,4.794537184,0,35.39237126,0,14.63792753,16.74175372,0,0,12.84164325,5.749511833,0,18.18563022,4.794537184,46.53,4.794537184,0,0,14.03353474,0,9.843390349,11.04105787,1.687523148,1.627021584,0.214285714,1,1,3,0,0,0,0,3.0365,0,0,0,0,0,1,0,0,0,0,0,0,0,0,0,106,14.01328809,0.007241923,-1.023293127,0.465728013,0.302404013,9.877673342,5.81236855,-0.15901027,29.84652644,0,52.73990902,24.49954865,0,9.649848996,0,0,14.3633553,0.701292676
0,40,60,0,1,175,40,75,30,0.484720674,-0.496745104,0.496745104,2.478964439,2.228492727,9.843390349,5.749511833,0,4.794537184,0,35.39237126,0,14.63792753,16.74175372,0,0,12.84164325,5.749511833,0,18.18563022,4.794537184,46.53,4.794537184,0,0,14.03353474,0,9.843390349,11.04105787,1.687523148,1.627021584,0.214285714,1,1,3,0,0,0,0,3.0365,0,0,0,0,0,1,0,0,0,0,0,0,0,0,0,106,14.01328809,0.007241923,-1.023293127,0.465728013,0.302404013,9.877673342,5.81236855,-0.15901027,29.84652644,0,52.73990902,24.49954865,0,9.649848996,0,0,14.3633553,0.701292676
0,50,50,0,1,175,40,75,30,0.484720674,-0.496745104,0.496745104,2.478964439,2.228492727,9.843390349,5.749511833,0,4.794537184,0,35.39237126,0,14.63792753,16.74175372,0,0,12.84164325,5.749511833,0,18.18563022,4.794537184,46.53,4.794537184,0,0,14.03353474,0,9.843390349,11.04105787,1.687523148,1.627021584,0.214285714,1,1,3,0,0,0,0,3.0365,0,0,0,0,0,1,0,0,0,0,0,0,0,0,0,106,14.01328809,0.007241923,-1.023293127,0.465728013,0.302404013,9.877673342,5.81236855,-0.15901027,29.84652644,0,52.73990902,24.49954865,0,9.649848996,0,0,14.3633553,0.701292676
1,9.1,90.9,0,1,153,40,0,10,0.114141629,-0.465580031,0.465580031,2.691404767,4.214929199,14.79051451,0,0,10.11431827,0,19.76538045,23.02389719,23.98611132,17.62599685,5.316788604,5.917906046,33.61285484,0,0,30.57860113,19.06280028,107.77,19.70339264,34.92183484,11.39407863,19.91384147,5.316788604,9.473725908,14.58984795,7.322127075,1.223228379,0.4,1,1,8,0,0,0,1,3.2018,0,0,0,0,0,0,0,1,0,1,0,0,0,0,0,106,14.01328809,0.007241923,-1.023293127,0.465728013,0.302404013,9.877673342,5.81236855,-0.15901027,29.84652644,0,52.73990902,24.49954865,0,9.649848996,0,0,14.3633553,0.701292676
1,30,70,0,3,80,40,75,28,0.170239303,-0.49674296,0.49674296,2.232371733,3.104666499,9.843390349,5.749511833,0,14.15617402,0,54.95175817,21.66623701,19.43246472,34.38034984,4.567099648,0,13.34455882,5.749511833,11.60093989,28.6599096,11.21535881,68.53,14.69560176,12.32800135,38.49590106,56.49810422,0,16.33780284,10.47200719,1.748579285,1.542411112,0.157894737,0,1,6,0,0,0,0,3.92732,0,0,0,0,0,1,1,0,0,0,0,0,0,0,0,165,10.66,0.208333333,0.208333333,0.319671229,0.226055117,10.38004459,5.784446402,-0.124969213,0,0,4.794537184,0,0,4.36162037,0,0,14.3633553,0.701292676
0,50,50,0,3,80,40,75,28,0.170239303,-0.49674296,0.49674296,2.232371733,3.104666499,9.843390349,5.749511833,0,14.15617402,0,54.95175817,21.66623701,19.43246472,34.38034984,4.567099648,0,13.34455882,5.749511833,11.60093989,28.6599096,11.21535881,68.53,14.69560176,12.32800135,38.49590106,56.49810422,0,16.33780284,10.47200719,1.748579285,1.542411112,0.157894737,0,1,6,0,0,0,0,3.92732,0,0,0,0,0,1,1,0,0,0,0,0,0,0,0,165,10.66,0.208333333,0.208333333,0.319671229,0.226055117,10.38004459,5.784446402,-0.124969213,0,0,4.794537184,0,0,4.36162037,0,0,14.3633553,0.701292676
0,80,20,0,3,80,40,75,28,0.170239303,-0.49674296,0.49674296,2.232371733,3.104666499,9.843390349,5.749511833,0,14.15617402,0,54.95175817,21.66623701,19.43246472,34.38034984,4.567099648,0,13.34455882,5.749511833,11.60093989,28.6599096,11.21535881,68.53,14.69560176,12.32800135,38.49590106,56.49810422,0,16.33780284,10.47200719,1.748579285,1.542411112,0.157894737,0,1,6,0,0,0,0,3.92732,0,0,0,0,0,1,1,0,0,0,0,0,0,0,0,165,10.66,0.208333333,0.208333333,0.319671229,0.226055117,10.38004459,5.784446402,-0.124969213,0,0,4.794537184,0,0,4.36162037,0,0,14.3633553,0.701292676
1,30,70,0,3,80,40,75,28,0.170239303,-0.49674296,0.49674296,2.232371733,3.104666499,9.843390349,5.749511833,0,14.15617402,0,54.95175817,21.66623701,19.43246472,34.38034984,4.567099648,0,13.34455882,5.749511833,11.60093989,28.6599096,11.21535881,68.53,14.69560176,12.32800135,38.49590106,56.49810422,0,16.33780284,10.47200719,1.748579285,1.542411112,0.157894737,0,1,6,0,0,0,0,3.92732,0,0,0,0,0,1,1,0,0,0,0,0,0,0,0,106,14.01328809,0.007241923,-1.023293127,0.465728013,0.302404013,9.877673342,5.81236855,-0.15901027,29.84652644,0,52.73990902,24.49954865,0,9.649848996,0,0,14.3633553,0.701292676
1,50,50,0,3,80,40,75,28,0.170239303,-0.49674296,0.49674296,2.232371733,3.104666499,9.843390349,5.749511833,0,14.15617402,0,54.95175817,21.66623701,19.43246472,34.38034984,4.567099648,0,13.34455882,5.749511833,11.60093989,28.6599096,11.21535881,68.53,14.69560176,12.32800135,38.49590106,56.49810422,0,16.33780284,10.47200719,1.748579285,1.542411112,0.157894737,0,1,6,0,0,0,0,3.92732,0,0,0,0,0,1,1,0,0,0,0,0,0,0,0,106,14.01328809,0.007241923,-1.023293127,0.465728013,0.302404013,9.877673342,5.81236855,-0.15901027,29.84652644,0,52.73990902,24.49954865,0,9.649848996,0,0,14.3633553,0.701292676
0,80,20,0,3,80,40,75,28,0.170239303,-0.49674296,0.49674296,2.232371733,3.104666499,9.843390349,5.749511833,0,14.15617402,0,54.95175817,21.66623701,19.43246472,34.38034984,4.567099648,0,13.34455882,5.749511833,11.60093989,28.6599096,11.21535881,68.53,14.69560176,12.32800135,38.49590106,56.49810422,0,16.33780284,10.47200719,1.748579285,1.542411112,0.157894737,0,1,6,0,0,0,0,3.92732,0,0,0,0,0,1,1,0,0,0,0,0,0,0,0,106,14.01328809,0.007241923,-1.023293127,0.465728013,0.302404013,9.877673342,5.81236855,-0.15901027,29.84652644,0,52.73990902,24.49954865,0,9.649848996,0,0,14.3633553,0.701292676
1,30,70,0,3,80,40,75,28,0.484720674,-0.496745104,0.496745104,2.478964439,2.228492727,9.843390349,5.749511833,0,4.794537184,0,35.39237126,0,14.63792753,16.74175372,0,0,12.84164325,5.749511833,0,18.18563022,4.794537184,46.53,4.794537184,0,0,14.03353474,0,9.843390349,11.04105787,1.687523148,1.627021584,0.214285714,1,1,3,0,0,0,0,3.0365,0,0,0,0,0,1,0,0,0,0,0,0,0,0,0,165,10.66,0.208333333,0.208333333,0.319671229,0.226055117,10.38004459,5.784446402,-0.124969213,0,0,4.794537184,0,0,4.36162037,0,0,14.3633553,0.701292676
0,50,50,0,3,80,40,75,28,0.484720674,-0.496745104,0.496745104,2.478964439,2.228492727,9.843390349,5.749511833,0,4.794537184,0,35.39237126,0,14.63792753,16.74175372,0,0,12.84164325,5.749511833,0,18.18563022,4.794537184,46.53,4.794537184,0,0,14.03353474,0,9.843390349,11.04105787,1.687523148,1.627021584,0.214285714,1,1,3,0,0,0,0,3.0365,0,0,0,0,0,1,0,0,0,0,0,0,0,0,0,165,10.66,0.208333333,0.208333333,0.319671229,0.226055117,10.38004459,5.784446402,-0.124969213,0,0,4.794537184,0,0,4.36162037,0,0,14.3633553,0.701292676
0,80,20,0,3,80,40,75,28,0.484720674,-0.496745104,0.496745104,2.478964439,2.228492727,9.843390349,5.749511833,0,4.794537184,0,35.39237126,0,14.63792753,16.74175372,0,0,12.84164325,5.749511833,0,18.18563022,4.794537184,46.53,4.794537184,0,0,14.03353474,0,9.843390349,11.04105787,1.687523148,1.627021584,0.214285714,1,1,3,0,0,0,0,3.0365,0,0,0,0,0,1,0,0,0,0,0,0,0,0,0,165,10.66,0.208333333,0.208333333,0.319671229,0.226055117,10.38004459,5.784446402,-0.124969213,0,0,4.794537184,0,0,4.36162037,0,0,14.3633553,0.701292676
0,30,70,0,3,80,40,75,28,0.484720674,-0.496745104,0.496745104,2.478964439,2.228492727,9.843390349,5.749511833,0,4.794537184,0,35.39237126,0,14.63792753,16.74175372,0,0,12.84164325,5.749511833,0,18.18563022,4.794537184,46.53,4.794537184,0,0,14.03353474,0,9.843390349,11.04105787,1.687523148,1.627021584,0.214285714,1,1,3,0,0,0,0,3.0365,0,0,0,0,0,1,0,0,0,0,0,0,0,0,0,106,14.01328809,0.007241923,-1.023293127,0.465728013,0.302404013,9.877673342,5.81236855,-0.15901027,29.84652644,0,52.73990902,24.49954865,0,9.649848996,0,0,14.3633553,0.701292676
0,50,50,0,3,80,40,75,28,0.484720674,-0.496745104,0.496745104,2.478964439,2.228492727,9.843390349,5.749511833,0,4.794537184,0,35.39237126,0,14.63792753,16.74175372,0,0,12.84164325,5.749511833,0,18.18563022,4.794537184,46.53,4.794537184,0,0,14.03353474,0,9.843390349,11.04105787,1.687523148,1.627021584,0.214285714,1,1,3,0,0,0,0,3.0365,0,0,0,0,0,1,0,0,0,0,0,0,0,0,0,106,14.01328809,0.007241923,-1.023293127,0.465728013,0.302404013,9.877673342,5.81236855,-0.15901027,29.84652644,0,52.73990902,24.49954865,0,9.649848996,0,0,14.3633553,0.701292676
0,80,20,0,3,80,40,75,28,0.484720674,-0.496745104,0.496745104,2.478964439,2.228492727,9.843390349,5.749511833,0,4.794537184,0,35.39237126,0,14.63792753,16.74175372,0,0,12.84164325,5.749511833,0,18.18563022,4.794537184,46.53,4.794537184,0,0,14.03353474,0,9.843390349,11.04105787,1.687523148,1.627021584,0.214285714,1,1,3,0,0,0,0,3.0365,0,0,0,0,0,1,0,0,0,0,0,0,0,0,0,106,14.01328809,0.007241923,-1.023293127,0.465728013,0.302404013,9.877673342,5.81236855,-0.15901027,29.84652644,0,52.73990902,24.49954865,0,9.649848996,0,0,14.3633553,0.701292676
1,5,95,0,1,175,40,75,540,0.115102041,-0.507964316,0.507964316,2.736298072,2.292303973,10.423316,5.749511833,5.907179729,4.794537184,0,24.26546827,12.61112347,9.901064579,11.594566,0,0,6.9237372,5.749511833,0,11.01370712,4.794537184,49.33,4.794537184,11.65669156,5.687386275,12.13273414,5.316788604,5.106527395,11.4600326,1.437358277,0,0.125,0,2,3,0,0,0,0,1.3506,0,0,0,0,0,0,0,0,0,0,1,0,0,0,0,125.8,13.13269316,0.036771796,-1.473910328,0.481218929,0.306221438,9.935517184,5.761778668,-0.390218134,29.84652644,0,23.97268592,0,0,6.25076104,0,0,14.3633553,0.701292676
1,10,90,0,1,175,40,75,540,0.115102041,-0.507964316,0.507964316,2.736298072,2.292303973,10.423316,5.749511833,5.907179729,4.794537184,0,24.26546827,12.61112347,9.901064579,11.594566,0,0,6.9237372,5.749511833,0,11.01370712,4.794537184,49.33,4.794537184,11.65669156,5.687386275,12.13273414,5.316788604,5.106527395,11.4600326,1.437358277,0,0.125,0,2,3,0,0,0,0,1.3506,0,0,0,0,0,0,0,0,0,0,1,0,0,0,0,125.8,13.13269316,0.036771796,-1.473910328,0.481218929,0.306221438,9.935517184,5.761778668,-0.390218134,29.84652644,0,23.97268592,0,0,6.25076104,0,0,14.3633553,0.701292676
1,20,80,0,1,175,40,75,30,0.115102041,-0.507964316,0.507964316,2.736298072,2.292303973,10.423316,5.749511833,5.907179729,4.794537184,0,24.26546827,12.61112347,9.901064579,11.594566,0,0,6.9237372,5.749511833,0,11.01370712,4.794537184,49.33,4.794537184,11.65669156,5.687386275,12.13273414,5.316788604,5.106527395,11.4600326,1.437358277,0,0.125,0,2,3,0,0,0,0,1.3506,0,0,0,0,0,0,0,0,0,0,1,0,0,0,0,125.8,13.13269316,0.036771796,-1.473910328,0.481218929,0.306221438,9.935517184,5.761778668,-0.390218134,29.84652644,0,23.97268592,0,0,6.25076104,0,0,14.3633553,0.701292676
0,20,80,0,1,175,40,75,180,0.115102041,-0.507964316,0.507964316,2.736298072,2.292303973,10.423316,5.749511833,5.907179729,4.794537184,0,24.26546827,12.61112347,9.901064579,11.594566,0,0,6.9237372,5.749511833,0,11.01370712,4.794537184,49.33,4.794537184,11.65669156,5.687386275,12.13273414,5.316788604,5.106527395,11.4600326,1.437358277,0,0.125,0,2,3,0,0,0,0,1.3506,0,0,0,0,0,0,0,0,0,0,1,0,0,0,0,125.8,13.13269316,0.036771796,-1.473910328,0.481218929,0.306221438,9.935517184,5.761778668,-0.390218134,29.84652644,0,23.97268592,0,0,6.25076104,0,0,14.3633553,0.701292676
0,40,60,0,1,175,40,75,30,0.115102041,-0.507964316,0.507964316,2.736298072,2.292303973,10.423316,5.749511833,5.907179729,4.794537184,0,24.26546827,12.61112347,9.901064579,11.594566,0,0,6.9237372,5.749511833,0,11.01370712,4.794537184,49.33,4.794537184,11.65669156,5.687386275,12.13273414,5.316788604,5.106527395,11.4600326,1.437358277,0,0.125,0,2,3,0,0,0,0,1.3506,0,0,0,0,0,0,0,0,0,0,1,0,0,0,0,125.8,13.13269316,0.036771796,-1.473910328,0.481218929,0.306221438,9.935517184,5.761778668,-0.390218134,29.84652644,0,23.97268592,0,0,6.25076104,0,0,14.3633553,0.701292676
0,60,40,0,1,175,40,75,30,0.115102041,-0.507964316,0.507964316,2.736298072,2.292303973,10.423316,5.749511833,5.907179729,4.794537184,0,24.26546827,12.61112347,9.901064579,11.594566,0,0,6.9237372,5.749511833,0,11.01370712,4.794537184,49.33,4.794537184,11.65669156,5.687386275,12.13273414,5.316788604,5.106527395,11.4600326,1.437358277,0,0.125,0,2,3,0,0,0,0,1.3506,0,0,0,0,0,0,0,0,0,0,1,0,0,0,0,125.8,13.13269316,0.036771796,-1.473910328,0.481218929,0.306221438,9.935517184,5.761778668,-0.390218134,29.84652644,0,23.97268592,0,0,6.25076104,0,0,14.3633553,0.701292676
1,5,95,0,1,175,40,75,540,0.484720674,-0.496745104,0.496745104,2.478964439,2.228492727,9.843390349,5.749511833,0,4.794537184,0,35.39237126,0,14.63792753,16.74175372,0,0,12.84164325,5.749511833,0,18.18563022,4.794537184,46.53,4.794537184,0,0,14.03353474,0,9.843390349,11.04105787,1.687523148,1.627021584,0.214285714,1,1,3,0,0,0,0,3.0365,0,0,0,0,0,1,0,0,0,0,0,0,0,0,0,125.8,13.13269316,0.036771796,-1.473910328,0.481218929,0.306221438,9.935517184,5.761778668,-0.390218134,29.84652644,0,23.97268592,0,0,6.25076104,0,0,14.3633553,0.701292676
1,10,90,0,1,175,40,75,360,0.484720674,-0.496745104,0.496745104,2.478964439,2.228492727,9.843390349,5.749511833,0,4.794537184,0,35.39237126,0,14.63792753,16.74175372,0,0,12.84164325,5.749511833,0,18.18563022,4.794537184,46.53,4.794537184,0,0,14.03353474,0,9.843390349,11.04105787,1.687523148,1.627021584,0.214285714,1,1,3,0,0,0,0,3.0365,0,0,0,0,0,1,0,0,0,0,0,0,0,0,0,125.8,13.13269316,0.036771796,-1.473910328,0.481218929,0.306221438,9.935517184,5.761778668,-0.390218134,29.84652644,0,23.97268592,0,0,6.25076104,0,0,14.3633553,0.701292676
0,10,90,0,1,175,40,75,540,0.484720674,-0.496745104,0.496745104,2.478964439,2.228492727,9.843390349,5.749511833,0,4.794537184,0,35.39237126,0,14.63792753,16.74175372,0,0,12.84164325,5.749511833,0,18.18563022,4.794537184,46.53,4.794537184,0,0,14.03353474,0,9.843390349,11.04105787,1.687523148,1.627021584,0.214285714,1,1,3,0,0,0,0,3.0365,0,0,0,0,0,1,0,0,0,0,0,0,0,0,0,125.8,13.13269316,0.036771796,-1.473910328,0.481218929,0.306221438,9.935517184,5.761778668,-0.390218134,29.84652644,0,23.97268592,0,0,6.25076104,0,0,14.3633553,0.701292676
1,20,80,0,1,175,40,75,30,0.484720674,-0.496745104,0.496745104,2.478964439,2.228492727,9.843390349,5.749511833,0,4.794537184,0,35.39237126,0,14.63792753,16.74175372,0,0,12.84164325,5.749511833,0,18.18563022,4.794537184,46.53,4.794537184,0,0,14.03353474,0,9.843390349,11.04105787,1.687523148,1.627021584,0.214285714,1,1,3,0,0,0,0,3.0365,0,0,0,0,0,1,0,0,0,0,0,0,0,0,0,125.8,13.13269316,0.036771796,-1.473910328,0.481218929,0.306221438,9.935517184,5.761778668,-0.390218134,29.84652644,0,23.97268592,0,0,6.25076104,0,0,14.3633553,0.701292676
0,20,80,0,1,175,40,75,180,0.484720674,-0.496745104,0.496745104,2.478964439,2.228492727,9.843390349,5.749511833,0,4.794537184,0,35.39237126,0,14.63792753,16.74175372,0,0,12.84164325,5.749511833,0,18.18563022,4.794537184,46.53,4.794537184,0,0,14.03353474,0,9.843390349,11.04105787,1.687523148,1.627021584,0.214285714,1,1,3,0,0,0,0,3.0365,0,0,0,0,0,1,0,0,0,0,0,0,0,0,0,125.8,13.13269316,0.036771796,-1.473910328,0.481218929,0.306221438,9.935517184,5.761778668,-0.390218134,29.84652644,0,23.97268592,0,0,6.25076104,0,0,14.3633553,0.701292676
0,40,60,0,1,175,40,75,30,0.484720674,-0.496745104,0.496745104,2.478964439,2.228492727,9.843390349,5.749511833,0,4.794537184,0,35.39237126,0,14.63792753,16.74175372,0,0,12.84164325,5.749511833,0,18.18563022,4.794537184,46.53,4.794537184,0,0,14.03353474,0,9.843390349,11.04105787,1.687523148,1.627021584,0.214285714,1,1,3,0,0,0,0,3.0365,0,0,0,0,0,1,0,0,0,0,0,0,0,0,0,125.8,13.13269316,0.036771796,-1.473910328,0.481218929,0.306221438,9.935517184,5.761778668,-0.390218134,29.84652644,0,23.97268592,0,0,6.25076104,0,0,14.3633553,0.701292676
0,60,40,0,1,175,40,75,30,0.484720674,-0.496745104,0.496745104,2.478964439,2.228492727,9.843390349,5.749511833,0,4.794537184,0,35.39237126,0,14.63792753,16.74175372,0,0,12.84164325,5.749511833,0,18.18563022,4.794537184,46.53,4.794537184,0,0,14.03353474,0,9.843390349,11.04105787,1.687523148,1.627021584,0.214285714,1,1,3,0,0,0,0,3.0365,0,0,0,0,0,1,0,0,0,0,0,0,0,0,0,125.8,13.13269316,0.036771796,-1.473910328,0.481218929,0.306221438,9.935517184,5.761778668,-0.390218134,29.84652644,0,23.97268592,0,0,6.25076104,0,0,14.3633553,0.701292676
1,75,25,0,2,60,40,75,30,0.006622874,-0.504254344,0.504254344,1.958861483,5.743402512,19.6867807,0,0,9.589074368,0,47.54441147,0,29.27585507,23.71853011,0,0,6.420821623,22.99804733,0,35.99913976,9.589074368,93.06,19.80212916,29.48633518,22.62592665,36.41750849,0,9.473725908,19.08487399,0,2.865846493,0.142857143,0,2,6,0,0,0,0,3.3699,0,0,0,0,0,0,0,0,0,0,2,0,0,0,0,113,12.82572922,0.055981771,-1.569986372,0.481218929,0.306221438,9.948783081,5.761521085,-0.387893507,23.87722115,0,34.49773092,0,0,3.011681888,0,0,14.3633553,0.701292676
0,75,25,0,2,60,40,75,31,0.006622874,-0.504254344,0.504254344,1.958861483,5.743402512,19.6867807,0,0,9.589074368,0,47.54441147,0,29.27585507,23.71853011,0,0,6.420821623,22.99804733,0,35.99913976,9.589074368,93.06,19.80212916,29.48633518,22.62592665,36.41750849,0,9.473725908,19.08487399,0,2.865846493,0.142857143,0,2,6,0,0,0,0,3.3699,0,0,0,0,0,0,0,0,0,0,2,0,0,0,0,113,12.82572922,0.055981771,-1.569986372,0.481218929,0.306221438,9.948783081,5.761521085,-0.387893507,23.87722115,0,34.49773092,0,0,3.011681888,0,0,14.3633553,0.701292676
1,40,60,0,2,35,40,75,28,0.000297348,-0.345390208,0.345390208,1.777940463,4.598887138,4.983978521,11.46439806,15.8065361,9.516632049,0,42.31610846,33.92944765,21.99316426,44.1282637,9.967957042,0,13.34455882,11.12690298,11.60093989,29.92185258,10.02329115,91.92,17.60274922,11.3163051,28.04030786,43.45241611,14.69005191,11.60093989,0.924914749,1.651338937,-3.839656043,0.130434783,0,2,10,0,0,0,0,5.5442,0,0,1,0,0,1,3,0,0,0,0,0,0,0,0,110,12.22407348,0.029242016,-1.400962774,0.481033737,0.308898559,9.728912376,5.792979825,-0.157011637,23.87722115,0,24.28467613,0,-1.400962774,8.04492223,0,0,14.3633553,0.701292676
1,40,60,0,2,35,40,75,28,0.000297348,-0.345390208,0.345390208,1.777940463,4.598887138,4.983978521,11.46439806,15.8065361,9.516632049,0,42.31610846,33.92944765,21.99316426,44.1282637,9.967957042,0,13.34455882,11.12690298,11.60093989,29.92185258,10.02329115,91.92,17.60274922,11.3163051,28.04030786,43.45241611,14.69005191,11.60093989,0.924914749,1.651338937,-3.839656043,0.130434783,0,2,10,0,0,0,0,5.5442,0,0,1,0,0,1,3,0,0,0,0,0,0,0,0,113,13.53318651,0.064496908,-1.520255775,0.481218929,0.306344056,9.946621456,5.768653535,-0.389026959,35.81583173,0,38.98027789,0,0,2.854589199,0,0,14.3633553,0.701292676
1,50,50,0,3,80,40,75,90,0.064479397,-0.490790806,0.490790806,0.92529827,7.044519489,24.01040832,43.98707682,5.787111153,0,10.19736362,74.00822951,48.13988298,14.21058886,34.57665233,29.11204766,0,44.7459708,11.43689811,23.20187978,74.6088036,21.80559347,104.7,4.794537184,24.38030702,28.82248205,34.03627687,49.24662987,37.41246864,9.504828284,8.480846895,0,0.371428571,3,0,14,2,2,0,1,5.5773,0,0,0,0,0,0,2,0,0,0,0,0,0,0,0,110,12.22407348,0.029242016,-1.400962774,0.481033737,0.308898559,9.728912376,5.792979825,-0.157011637,23.87722115,0,24.28467613,0,-1.400962774,8.04492223,0,0,14.3633553,0.701292676
1,75,25,0,2,60,40,75,16,0.006622874,-0.504254344,0.504254344,1.958861483,5.743402512,19.6867807,0,0,9.589074368,0,47.54441147,0,29.27585507,23.71853011,0,0,6.420821623,22.99804733,0,35.99913976,9.589074368,93.06,19.80212916,29.48633518,22.62592665,36.41750849,0,9.473725908,19.08487399,0,2.865846493,0.142857143,0,2,6,0,0,0,0,3.3699,0,0,0,0,0,0,0,0,0,0,2,0,0,0,0,163,10.66,0.208333333,0.208333333,0.319671229,0.226055117,10.38004459,5.784446402,-0.124969213,0,0,4.794537184,0,0,4.36162037,0,0,14.3633553,0.701292676
0,75,25,0,2,60,40,75,17,0.006622874,-0.504254344,0.504254344,1.958861483,5.743402512,19.6867807,0,0,9.589074368,0,47.54441147,0,29.27585507,23.71853011,0,0,6.420821623,22.99804733,0,35.99913976,9.589074368,93.06,19.80212916,29.48633518,22.62592665,36.41750849,0,9.473725908,19.08487399,0,2.865846493,0.142857143,0,2,6,0,0,0,0,3.3699,0,0,0,0,0,0,0,0,0,0,2,0,0,0,0,163,10.66,0.208333333,0.208333333,0.319671229,0.226055117,10.38004459,5.784446402,-0.124969213,0,0,4.794537184,0,0,4.36162037,0,0,14.3633553,0.701292676
1,75,25,0,2,60,40,75,200,0.006622874,-0.504254344,0.504254344,1.958861483,5.743402512,19.6867807,0,0,9.589074368,0,47.54441147,0,29.27585507,23.71853011,0,0,6.420821623,22.99804733,0,35.99913976,9.589074368,93.06,19.80212916,29.48633518,22.62592665,36.41750849,0,9.473725908,19.08487399,0,2.865846493,0.142857143,0,2,6,0,0,0,0,3.3699,0,0,0,0,0,0,0,0,0,0,2,0,0,0,0,45,13.5793784,0.015375016,-1.252900206,0.468602342,0.311404757,9.636144471,5.82947623,-0.169149396,23.87722115,0,19.17814874,44.91424459,-3.513750844,12.24789031,2,1,14.3633553,0.701292676
1,30,70,0,1,175,40,75,540,0.115102041,-0.507964316,0.507964316,2.736298072,2.292303973,10.423316,5.749511833,5.907179729,4.794537184,0,24.26546827,12.61112347,9.901064579,11.594566,0,0,6.9237372,5.749511833,0,11.01370712,4.794537184,49.33,4.794537184,11.65669156,5.687386275,12.13273414,5.316788604,5.106527395,11.4600326,1.437358277,0,0.125,0,2,3,0,0,0,0,1.3506,0,0,0,0,0,0,0,0,0,0,1,0,0,0,0,165,10.66,0.208333333,0.208333333,0.319671229,0.226055117,10.38004459,5.784446402,-0.124969213,0,0,4.794537184,0,0,4.36162037,0,0,14.3633553,0.701292676
1,40,60,0,1,175,40,75,30,0.115102041,-0.507964316,0.507964316,2.736298072,2.292303973,10.423316,5.749511833,5.907179729,4.794537184,0,24.26546827,12.61112347,9.901064579,11.594566,0,0,6.9237372,5.749511833,0,11.01370712,4.794537184,49.33,4.794537184,11.65669156,5.687386275,12.13273414,5.316788604,5.106527395,11.4600326,1.437358277,0,0.125,0,2,3,0,0,0,0,1.3506,0,0,0,0,0,0,0,0,0,0,1,0,0,0,0,165,10.66,0.208333333,0.208333333,0.319671229,0.226055117,10.38004459,5.784446402,-0.124969213,0,0,4.794537184,0,0,4.36162037,0,0,14.3633553,0.701292676
0,40,60,0,1,175,40,75,180,0.115102041,-0.507964316,0.507964316,2.736298072,2.292303973,10.423316,5.749511833,5.907179729,4.794537184,0,24.26546827,12.61112347,9.901064579,11.594566,0,0,6.9237372,5.749511833,0,11.01370712,4.794537184,49.33,4.794537184,11.65669156,5.687386275,12.13273414,5.316788604,5.106527395,11.4600326,1.437358277,0,0.125,0,2,3,0,0,0,0,1.3506,0,0,0,0,0,0,0,0,0,0,1,0,0,0,0,165,10.66,0.208333333,0.208333333,0.319671229,0.226055117,10.38004459,5.784446402,-0.124969213,0,0,4.794537184,0,0,4.36162037,0,0,14.3633553,0.701292676
0,50,50,0,1,175,40,75,30,0.115102041,-0.507964316,0.507964316,2.736298072,2.292303973,10.423316,5.749511833,5.907179729,4.794537184,0,24.26546827,12.61112347,9.901064579,11.594566,0,0,6.9237372,5.749511833,0,11.01370712,4.794537184,49.33,4.794537184,11.65669156,5.687386275,12.13273414,5.316788604,5.106527395,11.4600326,1.437358277,0,0.125,0,2,3,0,0,0,0,1.3506,0,0,0,0,0,0,0,0,0,0,1,0,0,0,0,165,10.66,0.208333333,0.208333333,0.319671229,0.226055117,10.38004459,5.784446402,-0.124969213,0,0,4.794537184,0,0,4.36162037,0,0,14.3633553,0.701292676
1,25,75,0,1,175,40,75,180,0.484720674,-0.496745104,0.496745104,2.478964439,2.228492727,9.843390349,5.749511833,0,4.794537184,0,35.39237126,0,14.63792753,16.74175372,0,0,12.84164325,5.749511833,0,18.18563022,4.794537184,46.53,4.794537184,0,0,14.03353474,0,9.843390349,11.04105787,1.687523148,1.627021584,0.214285714,1,1,3,0,0,0,0,3.0365,0,0,0,0,0,1,0,0,0,0,0,0,0,0,0,165,10.66,0.208333333,0.208333333,0.319671229,0.226055117,10.38004459,5.784446402,-0.124969213,0,0,4.794537184,0,0,4.36162037,0,0,14.3633553,0.701292676
0,25,75,0,1,175,40,75,360,0.484720674,-0.496745104,0.496745104,2.478964439,2.228492727,9.843390349,5.749511833,0,4.794537184,0,35.39237126,0,14.63792753,16.74175372,0,0,12.84164325,5.749511833,0,18.18563022,4.794537184,46.53,4.794537184,0,0,14.03353474,0,9.843390349,11.04105787,1.687523148,1.627021584,0.214285714,1,1,3,0,0,0,0,3.0365,0,0,0,0,0,1,0,0,0,0,0,0,0,0,0,165,10.66,0.208333333,0.208333333,0.319671229,0.226055117,10.38004459,5.784446402,-0.124969213,0,0,4.794537184,0,0,4.36162037,0,0,14.3633553,0.701292676
0,40,60,0,1,175,40,75,30,0.484720674,-0.496745104,0.496745104,2.478964439,2.228492727,9.843390349,5.749511833,0,4.794537184,0,35.39237126,0,14.63792753,16.74175372,0,0,12.84164325,5.749511833,0,18.18563022,4.794537184,46.53,4.794537184,0,0,14.03353474,0,9.843390349,11.04105787,1.687523148,1.627021584,0.214285714,1,1,3,0,0,0,0,3.0365,0,0,0,0,0,1,0,0,0,0,0,0,0,0,0,165,10.66,0.208333333,0.208333333,0.319671229,0.226055117,10.38004459,5.784446402,-0.124969213,0,0,4.794537184,0,0,4.36162037,0,0,14.3633553,0.701292676
0,50,50,0,1,175,40,75,30,0.484720674,-0.496745104,0.496745104,2.478964439,2.228492727,9.843390349,5.749511833,0,4.794537184,0,35.39237126,0,14.63792753,16.74175372,0,0,12.84164325,5.749511833,0,18.18563022,4.794537184,46.53,4.794537184,0,0,14.03353474,0,9.843390349,11.04105787,1.687523148,1.627021584,0.214285714,1,1,3,0,0,0,0,3.0365,0,0,0,0,0,1,0,0,0,0,0,0,0,0,0,165,10.66,0.208333333,0.208333333,0.319671229,0.226055117,10.38004459,5.784446402,-0.124969213,0,0,4.794537184,0,0,4.36162037,0,0,14.3633553,0.701292676
0,60,40,0,1,175,40,75,30,0.484720674,-0.496745104,0.496745104,2.478964439,2.228492727,9.843390349,5.749511833,0,4.794537184,0,35.39237126,0,14.63792753,16.74175372,0,0,12.84164325,5.749511833,0,18.18563022,4.794537184,46.53,4.794537184,0,0,14.03353474,0,9.843390349,11.04105787,1.687523148,1.627021584,0.214285714,1,1,3,0,0,0,0,3.0365,0,0,0,0,0,1,0,0,0,0,0,0,0,0,0,165,10.66,0.208333333,0.208333333,0.319671229,0.226055117,10.38004459,5.784446402,-0.124969213,0,0,4.794537184,0,0,4.36162037,0,0,14.3633553,0.701292676
0,67,33,0,2,50,40,94,5,0.229568983,-0.507381418,0.507381418,1.405035443,4.237238488,14.5802533,29.45646828,5.907179729,14.90586297,0,81.34395377,5.563451492,24.16932767,22.90827639,5.316788604,0,57.80840251,17.2485355,11.76188495,33.71078964,17.63618043,84.86,14.69560176,16.39632947,18.77721542,0,5.316788604,9.473725908,12.00140513,8.283852938,0,0.416666667,2,2,7,1,1,0,2,4.37426,0,0,0,0,0,1,0,0,0,0,1,0,0,0,0,163,10.66,0.208333333,0.208333333,0.319671229,0.226055117,10.38004459,5.784446402,-0.124969213,0,0,4.794537184,0,0,4.36162037,0,0,14.3633553,0.701292676
0,25,75,0,1,140,40,75,90,0.473518519,-0.350883837,0.350883837,2.30525079,1.569155278,5.733667477,0,0,4.899909731,0,23.25963712,0,4.794537184,29.55792728,0,5.733667477,0,0,0,6.031114512,0,46.33,4.794537184,0,0,4.899909731,0,5.733667477,0,0,0,0,0,1,3,0,0,0,0,3.3872,0,0,0,0,0,2,0,0,0,2,0,0,1,0,1,45,7.625,0.125,-0.125,0.393990542,0.06622664,10.81832367,4.062481069,0.185938562,0,0,0,0,0,-0.25,0,0,14.3633553,0.701292676
0,25,75,0,1,140,40,75,90,0.127592593,-0.465580031,0.465580031,2.803490088,3.232043294,14.79051451,0,0,10.11431827,0,13.8474744,23.02389719,23.98611132,17.62599685,5.316788604,0,19.76538045,0,0,31.08151671,19.06280028,107.77,19.70339264,22.39704683,11.39407863,19.91384147,5.316788604,9.473725908,14.39104041,3.288860544,2.420777746,0.294117647,0,1,8,0,0,0,0,2.1756,0,0,0,0,0,0,0,1,0,1,0,0,0,0,0,45,7.625,0.125,-0.125,0.393990542,0.06622664,10.81832367,4.062481069,0.185938562,0,0,0,0,0,-0.25,0,0,14.3633553,0.701292676
1,8,92,0,1,90,40,75,168,0.345166533,-0.388346728,0.415931953,2.034180033,6.328552345,10.00643713,0,0,0,13.17124514,84.40593716,21.97624725,18.27777254,44.74677664,4.899909731,0,58.23184742,0,23.20187978,29.64070634,6.176298517,23.47,18.27777254,0,43.5744366,18.19910121,18.74738413,23.20187978,13.90953998,6.968385073,0,0.461538462,1,1,7,0,0,0,1,8.6443,0,0,0,0,3,3,5,0,0,0,0,0,0,0,0,59,7.625,0.125,-0.125,0.393990542,0.06622664,10.81832367,4.062481069,0.185938562,0,0,0,0,0,-0.25,0,0,14.3633553,0.701292676
1,10,90,0,1,90,40,75,84,0.345166533,-0.388346728,0.415931953,2.034180033,6.328552345,10.00643713,0,0,0,13.17124514,84.40593716,21.97624725,18.27777254,44.74677664,4.899909731,0,58.23184742,0,23.20187978,29.64070634,6.176298517,23.47,18.27777254,0,43.5744366,18.19910121,18.74738413,23.20187978,13.90953998,6.968385073,0,0.461538462,1,1,7,0,0,0,1,8.6443,0,0,0,0,3,3,5,0,0,0,0,0,0,0,0,59,7.625,0.125,-0.125,0.393990542,0.06622664,10.81832367,4.062481069,0.185938562,0,0,0,0,0,-0.25,0,0,14.3633553,0.701292676
0,10,90,0,1,90,40,75,119,0.345166533,-0.388346728,0.415931953,2.034180033,6.328552345,10.00643713,0,0,0,13.17124514,84.40593716,21.97624725,18.27777254,44.74677664,4.899909731,0,58.23184742,0,23.20187978,29.64070634,6.176298517,23.47,18.27777254,0,43.5744366,18.19910121,18.74738413,23.20187978,13.90953998,6.968385073,0,0.461538462,1,1,7,0,0,0,1,8.6443,0,0,0,0,3,3,5,0,0,0,0,0,0,0,0,59,7.625,0.125,-0.125,0.393990542,0.06622664,10.81832367,4.062481069,0.185938562,0,0,0,0,0,-0.25,0,0,14.3633553,0.701292676
1,12,88,0,1,90,40,75,28,0.345166533,-0.388346728,0.415931953,2.034180033,6.328552345,10.00643713,0,0,0,13.17124514,84.40593716,21.97624725,18.27777254,44.74677664,4.899909731,0,58.23184742,0,23.20187978,29.64070634,6.176298517,23.47,18.27777254,0,43.5744366,18.19910121,18.74738413,23.20187978,13.90953998,6.968385073,0,0.461538462,1,1,7,0,0,0,1,8.6443,0,0,0,0,3,3,5,0,0,0,0,0,0,0,0,59,7.625,0.125,-0.125,0.393990542,0.06622664,10.81832367,4.062481069,0.185938562,0,0,0,0,0,-0.25,0,0,14.3633553,0.701292676
0,12,88,0,1,90,40,75,56,0.345166533,-0.388346728,0.415931953,2.034180033,6.328552345,10.00643713,0,0,0,13.17124514,84.40593716,21.97624725,18.27777254,44.74677664,4.899909731,0,58.23184742,0,23.20187978,29.64070634,6.176298517,23.47,18.27777254,0,43.5744366,18.19910121,18.74738413,23.20187978,13.90953998,6.968385073,0,0.461538462,1,1,7,0,0,0,1,8.6443,0,0,0,0,3,3,5,0,0,0,0,0,0,0,0,59,7.625,0.125,-0.125,0.393990542,0.06622664,10.81832367,4.062481069,0.185938562,0,0,0,0,0,-0.25,0,0,14.3633553,0.701292676
1,14,86,0,1,75,40,75,28,0.345166533,-0.388346728,0.415931953,2.034180033,6.328552345,10.00643713,0,0,0,13.17124514,84.40593716,21.97624725,18.27777254,44.74677664,4.899909731,0,58.23184742,0,23.20187978,29.64070634,6.176298517,23.47,18.27777254,0,43.5744366,18.19910121,18.74738413,23.20187978,13.90953998,6.968385073,0,0.461538462,1,1,7,0,0,0,1,8.6443,0,0,0,0,3,3,5,0,0,0,0,0,0,0,0,59,7.625,0.125,-0.125,0.393990542,0.06622664,10.81832367,4.062481069,0.185938562,0,0,0,0,0,-0.25,0,0,14.3633553,0.701292676
0,14,86,0,1,75,40,75,56,0.345166533,-0.388346728,0.415931953,2.034180033,6.328552345,10.00643713,0,0,0,13.17124514,84.40593716,21.97624725,18.27777254,44.74677664,4.899909731,0,58.23184742,0,23.20187978,29.64070634,6.176298517,23.47,18.27777254,0,43.5744366,18.19910121,18.74738413,23.20187978,13.90953998,6.968385073,0,0.461538462,1,1,7,0,0,0,1,8.6443,0,0,0,0,3,3,5,0,0,0,0,0,0,0,0,59,7.625,0.125,-0.125,0.393990542,0.06622664,10.81832367,4.062481069,0.185938562,0,0,0,0,0,-0.25,0,0,14.3633553,0.701292676
1,40,60,0,1,220,30,70,180,0.064479397,-0.490790806,0.490790806,0.92529827,7.044519489,24.01040832,43.98707682,5.787111153,0,10.19736362,74.00822951,48.13988298,14.21058886,34.57665233,29.11204766,0,44.7459708,11.43689811,23.20187978,74.6088036,21.80559347,104.7,4.794537184,24.38030702,28.82248205,34.03627687,49.24662987,37.41246864,9.504828284,8.480846895,0,0.371428571,3,0,14,2,2,0,1,5.5773,0,0,0,0,0,0,2,0,0,0,0,0,0,0,0,175,11.81012813,0.083477036,-1.522275551,0.391019003,0.186995304,9.95116606,4.984256863,-0.388090575,0,0,30.63916437,0,0,1.173571586,0,0,14.3633553,0.701292676
1,50,50,0,3,70,30,65,90,0.123874138,-0.462374919,0.462374919,1.80385937,5.737966949,34.51578446,30.82943246,12.00171173,19.28352128,0,12.13273414,25.17343254,47.4380143,47.31978006,10.21669833,10.8893802,31.55321477,0,11.76188495,77.63307832,38.22632618,189.06,23.97268592,35.10181184,0,6.066367068,10.47250133,29.19899586,5.527673053,2.088539059,1.248636186,0.4,3,2,15,1,1,0,3,-0.1683,0,0,0,0,0,1,0,0,0,0,0,0,1,0,0,163,10.66,0.208333333,0.208333333,0.319671229,0.226055117,10.38004459,5.784446402,-0.124969213,0,0,4.794537184,0,0,4.36162037,0,0,14.3633553,0.701292676
1,15,85,0,2,60,25,0,275,0.023477891,-0.507966251,0.507966251,2.222508972,3.014068593,15.31958218,17.2485355,0,0,0,35.39237126,6.066367068,15.31958218,12.15204021,0,0,0,17.2485355,0,15.31958218,0,60.69,10.21305479,17.2485355,5.563451492,42.47422252,0,5.106527395,27.72556588,0,0,0,0,3,3,0,0,0,0,2.9738,0,0,0,0,0,0,0,0,0,0,3,0,0,0,0,106,9.25,0.833333333,-0.981481481,0.478089149,0.327198112,10.68151441,5.783563706,-0.130903173,5.969305288,4.794537184,4.794537184,0,0,2.960648148,0,0,14.3633553,0.701292676
1,15,85,0,2,60,25,84,1,0.023477891,-0.507966251,0.507966251,2.222508972,3.014068593,15.31958218,17.2485355,0,0,0,35.39237126,6.066367068,15.31958218,12.15204021,0,0,0,17.2485355,0,15.31958218,0,60.69,10.21305479,17.2485355,5.563451492,42.47422252,0,5.106527395,27.72556588,0,0,0,0,3,3,0,0,0,0,2.9738,0,0,0,0,0,0,0,0,0,0,3,0,0,0,0,106,9.25,0.833333333,-0.981481481,0.478089149,0.327198112,10.68151441,5.783563706,-0.130903173,5.969305288,4.794537184,4.794537184,0,0,2.960648148,0,0,14.3633553,0.701292676
0,15,85,0,2,60,25,84,2,0.023477891,-0.507966251,0.507966251,2.222508972,3.014068593,15.31958218,17.2485355,0,0,0,35.39237126,6.066367068,15.31958218,12.15204021,0,0,0,17.2485355,0,15.31958218,0,60.69,10.21305479,17.2485355,5.563451492,42.47422252,0,5.106527395,27.72556588,0,0,0,0,3,3,0,0,0,0,2.9738,0,0,0,0,0,0,0,0,0,0,3,0,0,0,0,106,9.25,0.833333333,-0.981481481,0.478089149,0.327198112,10.68151441,5.783563706,-0.130903173,5.969305288,4.794537184,4.794537184,0,0,2.960648148,0,0,14.3633553,0.701292676
1,20,80,0,3,80,25,52,360,0.082943237,-0.385068786,0.385068786,1.57320225,4.901083782,14.90634686,5.414990469,5.907179729,4.794537184,0,54.63030989,32.20749009,9.901064579,17.50811962,9.799819462,0,30.27850615,0,11.60093989,54.54313977,15.81057846,43.78,9.901064579,5.907179729,24.28509818,4.899909731,29.165378,11.60093989,11.94039798,2.309471739,3.658906411,0.344827586,0,1,5,1,1,0,0,5.088,0,1,0,0,0,0,1,0,0,0,0,1,0,0,0,102.5,9.25,0.833333333,-0.981481481,0.478089149,0.327198112,10.68151441,5.783563706,-0.130903173,5.969305288,4.794537184,4.794537184,0,0,2.960648148,0,0,14.3633553,0.701292676
1,60,40,0,3,80,25,52,360,0.082943237,-0.385068786,0.385068786,1.57320225,4.901083782,14.90634686,5.414990469,5.907179729,4.794537184,0,54.63030989,32.20749009,9.901064579,17.50811962,9.799819462,0,30.27850615,0,11.60093989,54.54313977,15.81057846,43.78,9.901064579,5.907179729,24.28509818,4.899909731,29.165378,11.60093989,11.94039798,2.309471739,3.658906411,0.344827586,0,1,5,1,1,0,0,5.088,0,1,0,0,0,0,1,0,0,0,0,1,0,0,0,102.5,9.25,0.833333333,-0.981481481,0.478089149,0.327198112,10.68151441,5.783563706,-0.130903173,5.969305288,4.794537184,4.794537184,0,0,2.960648148,0,0,14.3633553,0.701292676
1,20,80,0,2,40,25,0,180,0.046864712,-0.504861549,0.504861549,2.093281793,2.423248612,10.423316,5.817862778,0,9.099753175,0,24.26546827,18.80796705,18.31886156,27.50749853,9.289194512,0,4.895483476,0,0,35.7683706,14.81782834,99.6,18.31886156,21.97383706,0,30.33183534,10.30076712,0,12.83147904,0,-2.68883674,0.066666667,0,2,8,0,0,0,0,1.581,0,0,0,0,0,1,0,0,0,0,0,0,0,0,0,70,14.23961392,0.00186207,-0.80801985,0.462332233,0.302403316,9.888116957,5.785271702,-0.156117715,11.93861058,0,33.8737505,19.59963892,0,7.43289591,0,0,14.3633553,0.701292676
0,20,80,0,2,40,25,40,7,0.046864712,-0.504861549,0.504861549,2.093281793,2.423248612,10.423316,5.817862778,0,9.099753175,0,24.26546827,18.80796705,18.31886156,27.50749853,9.289194512,0,4.895483476,0,0,35.7683706,14.81782834,99.6,18.31886156,21.97383706,0,30.33183534,10.30076712,0,12.83147904,0,-2.68883674,0.066666667,0,2,8,0,0,0,0,1.581,0,0,0,0,0,1,0,0,0,0,0,0,0,0,0,70,14.23961392,0.00186207,-0.80801985,0.462332233,0.302403316,9.888116957,5.785271702,-0.156117715,11.93861058,0,33.8737505,19.59963892,0,7.43289591,0,0,14.3633553,0.701292676
0,20,80,0,2,40,25,75,1,0.046864712,-0.504861549,0.504861549,2.093281793,2.423248612,10.423316,5.817862778,0,9.099753175,0,24.26546827,18.80796705,18.31886156,27.50749853,9.289194512,0,4.895483476,0,0,35.7683706,14.81782834,99.6,18.31886156,21.97383706,0,30.33183534,10.30076712,0,12.83147904,0,-2.68883674,0.066666667,0,2,8,0,0,0,0,1.581,0,0,0,0,0,1,0,0,0,0,0,0,0,0,0,70,14.23961392,0.00186207,-0.80801985,0.462332233,0.302403316,9.888116957,5.785271702,-0.156117715,11.93861058,0,33.8737505,19.59963892,0,7.43289591,0,0,14.3633553,0.701292676
0,20,80,0,1,120,25,75,30,0.337417455,-0.297133063,0.297133063,1.398667443,4.776071181,0,0,0,9.799819462,0,16.69035448,32.72378203,0,6.076020107,9.799819462,0,6.041840829,0,0,42.52360149,0,6.48,0,0,6.041840829,0,112.9473657,0,0,5.41263196,0,0.230769231,0,0,2,1,1,0,0,5.107,0,0,0,0,0,0,0,0,0,0,0,0,0,0,0,70,14.23961392,0.00186207,-0.80801985,0.462332233,0.302403316,9.888116957,5.785271702,-0.156117715,11.93861058,0,33.8737505,19.59963892,0,7.43289591,0,0,14.3633553,0.701292676
0,20,80,0,1,120,25,94,30,0.337417455,-0.297133063,0.297133063,1.398667443,4.776071181,0,0,0,9.799819462,0,16.69035448,32.72378203,0,6.076020107,9.799819462,0,6.041840829,0,0,42.52360149,0,6.48,0,0,6.041840829,0,112.9473657,0,0,5.41263196,0,0.230769231,0,0,2,1,1,0,0,5.107,0,0,0,0,0,0,0,0,0,0,0,0,0,0,0,70,14.23961392,0.00186207,-0.80801985,0.462332233,0.302403316,9.888116957,5.785271702,-0.156117715,11.93861058,0,33.8737505,19.59963892,0,7.43289591,0,0,14.3633553,0.701292676
1,25,75,0,1,150,25,60,70,0.12862552,-0.496740677,0.496740677,2.475226795,4.487514818,14.5802533,11.49902367,0,0,0,36.26904747,17.05446207,19.37479049,11.54240982,0,5.414990469,20.7712116,11.49902367,0,24.79251219,4.794537184,55.76,4.794537184,5.414990469,12.17998649,20.10955485,19.92349451,14.5802533,8.813607572,6.539110528,1.627177941,0.315789474,0,1,4,0,0,0,0,4.0843,0,0,0,0,0,1,0,0,0,0,0,0,0,0,0,106,14.01328809,0.007241923,-1.023293127,0.465728013,0.302404013,9.877673342,5.81236855,-0.15901027,29.84652644,0,52.73990902,24.49954865,0,9.649848996,0,0,14.3633553,0.701292676
1,20,60,20,1,165,25,60,70,0.12862552,-0.496740677,0.496740677,2.475226795,4.487514818,14.5802533,11.49902367,0,0,0,36.26904747,17.05446207,19.37479049,11.54240982,0,5.414990469,20.7712116,11.49902367,0,24.79251219,4.794537184,55.76,4.794537184,5.414990469,12.17998649,20.10955485,19.92349451,14.5802533,8.813607572,6.539110528,1.627177941,0.315789474,0,1,4,0,0,0,0,4.0843,0,0,0,0,0,1,0,0,0,0,0,0,0,0,0,106,14.01328809,0.007241923,-1.023293127,0.465728013,0.302404013,9.877673342,5.81236855,-0.15901027,29.84652644,0,52.73990902,24.49954865,0,9.649848996,0,0,0,0
1,25,75,0,1,110,25,60,182,0.109542249,-0.476165913,0.476165913,2.099929247,5.068964928,9.473725908,5.749511833,0,4.794537184,0,76.22588535,16.1495363,19.06280028,23.35349012,0,0,39.399966,5.749511833,11.60093989,23.45756743,9.531400138,52.6,9.589074368,11.88721133,21.89904813,76.22588535,0,21.0746658,0.579456527,6.852452755,0,0.3,0,0,5,0,0,0,0,4.68,0,0,0,0,0,0,1,0,0,0,0,0,0,0,0,106,14.01328809,0.007241923,-1.023293127,0.465728013,0.302404013,9.877673342,5.81236855,-0.15901027,29.84652644,0,52.73990902,24.49954865,0,9.649848996,0,0,14.3633553,0.701292676
1,20,60,20,1,115,25,60,182,0.109542249,-0.476165913,0.476165913,2.099929247,5.068964928,9.473725908,5.749511833,0,4.794537184,0,76.22588535,16.1495363,19.06280028,23.35349012,0,0,39.399966,5.749511833,11.60093989,23.45756743,9.531400138,52.6,9.589074368,11.88721133,21.89904813,76.22588535,0,21.0746658,0.579456527,6.852452755,0,0.3,0,0,5,0,0,0,0,4.68,0,0,0,0,0,0,1,0,0,0,0,0,0,0,0,106,14.01328809,0.007241923,-1.023293127,0.465728013,0.302404013,9.877673342,5.81236855,-0.15901027,29.84652644,0,52.73990902,24.49954865,0,9.649848996,0,0,11.93861058,0
1,18.2,54.5,27.3,1,115,25,60,182,0.109542249,-0.476165913,0.476165913,2.099929247,5.068964928,9.473725908,5.749511833,0,4.794537184,0,76.22588535,16.1495363,19.06280028,23.35349012,0,0,39.399966,5.749511833,11.60093989,23.45756743,9.531400138,52.6,9.589074368,11.88721133,21.89904813,76.22588535,0,21.0746658,0.579456527,6.852452755,0,0.3,0,0,5,0,0,0,0,4.68,0,0,0,0,0,0,1,0,0,0,0,0,0,0,0,106,14.01328809,0.007241923,-1.023293127,0.465728013,0.302404013,9.877673342,5.81236855,-0.15901027,29.84652644,0,52.73990902,24.49954865,0,9.649848996,0,0,11.93861058,0
1,21.7,65.2,13.1,1,135,25,60,182,0.109542249,-0.476165913,0.476165913,2.099929247,5.068964928,9.473725908,5.749511833,0,4.794537184,0,76.22588535,16.1495363,19.06280028,23.35349012,0,0,39.399966,5.749511833,11.60093989,23.45756743,9.531400138,52.6,9.589074368,11.88721133,21.89904813,76.22588535,0,21.0746658,0.579456527,6.852452755,0,0.3,0,0,5,0,0,0,0,4.68,0,0,0,0,0,0,1,0,0,0,0,0,0,0,0,106,14.01328809,0.007241923,-1.023293127,0.465728013,0.302404013,9.877673342,5.81236855,-0.15901027,29.84652644,0,52.73990902,24.49954865,0,9.649848996,0,0,0,0
1,20,60,20,1,150,25,60,182,0.109542249,-0.476165913,0.476165913,2.099929247,5.068964928,9.473725908,5.749511833,0,4.794537184,0,76.22588535,16.1495363,19.06280028,23.35349012,0,0,39.399966,5.749511833,11.60093989,23.45756743,9.531400138,52.6,9.589074368,11.88721133,21.89904813,76.22588535,0,21.0746658,0.579456527,6.852452755,0,0.3,0,0,5,0,0,0,0,4.68,0,0,0,0,0,0,1,0,0,0,0,0,0,0,0,106,14.01328809,0.007241923,-1.023293127,0.465728013,0.302404013,9.877673342,5.81236855,-0.15901027,29.84652644,0,52.73990902,24.49954865,0,9.649848996,0,0,0,0
1,25,75,0,1,115,25,60,70,0.109542249,-0.476165913,0.476165913,2.099929247,5.068964928,9.473725908,5.749511833,0,4.794537184,0,76.22588535,16.1495363,19.06280028,23.35349012,0,0,39.399966,5.749511833,11.60093989,23.45756743,9.531400138,52.6,9.589074368,11.88721133,21.89904813,76.22588535,0,21.0746658,0.579456527,6.852452755,0,0.3,0,0,5,0,0,0,0,4.68,0,0,0,0,0,0,1,0,0,0,0,0,0,0,0,70,14.23961392,0.00186207,-0.80801985,0.462332233,0.302403316,9.888116957,5.785271702,-0.156117715,11.93861058,0,33.8737505,19.59963892,0,7.43289591,0,0,14.3633553,0.701292676
0,25,75,0,1,115,25,60,182,0.109542249,-0.476165913,0.476165913,2.099929247,5.068964928,9.473725908,5.749511833,0,4.794537184,0,76.22588535,16.1495363,19.06280028,23.35349012,0,0,39.399966,5.749511833,11.60093989,23.45756743,9.531400138,52.6,9.589074368,11.88721133,21.89904813,76.22588535,0,21.0746658,0.579456527,6.852452755,0,0.3,0,0,5,0,0,0,0,4.68,0,0,0,0,0,0,1,0,0,0,0,0,0,0,0,70,14.23961392,0.00186207,-0.80801985,0.462332233,0.302403316,9.888116957,5.785271702,-0.156117715,11.93861058,0,33.8737505,19.59963892,0,7.43289591,0,0,14.3633553,0.701292676
1,75,25,0,2,60,25,0,350,0.006622874,-0.504254344,0.504254344,1.958861483,5.743402512,19.6867807,0,0,9.589074368,0,47.54441147,0,29.27585507,23.71853011,0,0,6.420821623,22.99804733,0,35.99913976,9.589074368,93.06,19.80212916,29.48633518,22.62592665,36.41750849,0,9.473725908,19.08487399,0,2.865846493,0.142857143,0,2,6,0,0,0,0,3.3699,0,0,0,0,0,0,0,0,0,0,2,0,0,0,0,177,11.81012813,0.083477036,-1.522275551,0.391019003,0.186995304,9.95116606,4.984256863,-0.388090575,0,0,30.63916437,0,0,1.173571586,0,0,14.3633553,0.701292676
1,75,25,0,2,60,25,84,75,0.006622874,-0.504254344,0.504254344,1.958861483,5.743402512,19.6867807,0,0,9.589074368,0,47.54441147,0,29.27585507,23.71853011,0,0,6.420821623,22.99804733,0,35.99913976,9.589074368,93.06,19.80212916,29.48633518,22.62592665,36.41750849,0,9.473725908,19.08487399,0,2.865846493,0.142857143,0,2,6,0,0,0,0,3.3699,0,0,0,0,0,0,0,0,0,0,2,0,0,0,0,177,11.81012813,0.083477036,-1.522275551,0.391019003,0.186995304,9.95116606,4.984256863,-0.388090575,0,0,30.63916437,0,0,1.173571586,0,0,14.3633553,0.701292676
0,75,25,0,2,60,25,84,76,0.006622874,-0.504254344,0.504254344,1.958861483,5.743402512,19.6867807,0,0,9.589074368,0,47.54441147,0,29.27585507,23.71853011,0,0,6.420821623,22.99804733,0,35.99913976,9.589074368,93.06,19.80212916,29.48633518,22.62592665,36.41750849,0,9.473725908,19.08487399,0,2.865846493,0.142857143,0,2,6,0,0,0,0,3.3699,0,0,0,0,0,0,0,0,0,0,2,0,0,0,0,177,11.81012813,0.083477036,-1.522275551,0.391019003,0.186995304,9.95116606,4.984256863,-0.388090575,0,0,30.63916437,0,0,1.173571586,0,0,14.3633553,0.701292676
1,40,60,0,2,60,25,0,275,0.023477891,-0.507966251,0.507966251,2.222508972,3.014068593,15.31958218,17.2485355,0,0,0,35.39237126,6.066367068,15.31958218,12.15204021,0,0,0,17.2485355,0,15.31958218,0,60.69,10.21305479,17.2485355,5.563451492,42.47422252,0,5.106527395,27.72556588,0,0,0,0,3,3,0,0,0,0,2.9738,0,0,0,0,0,0,0,0,0,0,3,0,0,0,0,177,11.81012813,0.083477036,-1.522275551,0.391019003,0.186995304,9.95116606,4.984256863,-0.388090575,0,0,30.63916437,0,0,1.173571586,0,0,14.3633553,0.701292676
1,40,60,0,2,60,25,84,1,0.023477891,-0.507966251,0.507966251,2.222508972,3.014068593,15.31958218,17.2485355,0,0,0,35.39237126,6.066367068,15.31958218,12.15204021,0,0,0,17.2485355,0,15.31958218,0,60.69,10.21305479,17.2485355,5.563451492,42.47422252,0,5.106527395,27.72556588,0,0,0,0,3,3,0,0,0,0,2.9738,0,0,0,0,0,0,0,0,0,0,3,0,0,0,0,177,11.81012813,0.083477036,-1.522275551,0.391019003,0.186995304,9.95116606,4.984256863,-0.388090575,0,0,30.63916437,0,0,1.173571586,0,0,14.3633553,0.701292676
0,40,60,0,2,60,25,84,2,0.023477891,-0.507966251,0.507966251,2.222508972,3.014068593,15.31958218,17.2485355,0,0,0,35.39237126,6.066367068,15.31958218,12.15204021,0,0,0,17.2485355,0,15.31958218,0,60.69,10.21305479,17.2485355,5.563451492,42.47422252,0,5.106527395,27.72556588,0,0,0,0,3,3,0,0,0,0,2.9738,0,0,0,0,0,0,0,0,0,0,3,0,0,0,0,177,11.81012813,0.083477036,-1.522275551,0.391019003,0.186995304,9.95116606,4.984256863,-0.388090575,0,0,30.63916437,0,0,1.173571586,0,0,14.3633553,0.701292676
1,25,75,0,1,150,25,60,70,0.12862552,-0.496740677,0.496740677,2.475226795,4.487514818,14.5802533,11.49902367,0,0,0,36.26904747,17.05446207,19.37479049,11.54240982,0,5.414990469,20.7712116,11.49902367,0,24.79251219,4.794537184,55.76,4.794537184,5.414990469,12.17998649,20.10955485,19.92349451,14.5802533,8.813607572,6.539110528,1.627177941,0.315789474,0,1,4,0,0,0,0,4.0843,0,0,0,0,0,1,0,0,0,0,0,0,0,0,0,175,11.81012813,0.083477036,-1.522275551,0.391019003,0.186995304,9.95116606,4.984256863,-0.388090575,0,0,30.63916437,0,0,1.173571586,0,0,14.3633553,0.701292676
1,25,75,0,1,165,25,60,28,0.109542249,-0.476165913,0.476165913,2.099929247,5.068964928,9.473725908,5.749511833,0,4.794537184,0,76.22588535,16.1495363,19.06280028,23.35349012,0,0,39.399966,5.749511833,11.60093989,23.45756743,9.531400138,52.6,9.589074368,11.88721133,21.89904813,76.22588535,0,21.0746658,0.579456527,6.852452755,0,0.3,0,0,5,0,0,0,0,4.68,0,0,0,0,0,0,1,0,0,0,0,0,0,0,0,175,11.81012813,0.083477036,-1.522275551,0.391019003,0.186995304,9.95116606,4.984256863,-0.388090575,0,0,30.63916437,0,0,1.173571586,0,0,14.3633553,0.701292676
0,25,75,0,1,165,25,60,70,0.109542249,-0.476165913,0.476165913,2.099929247,5.068964928,9.473725908,5.749511833,0,4.794537184,0,76.22588535,16.1495363,19.06280028,23.35349012,0,0,39.399966,5.749511833,11.60093989,23.45756743,9.531400138,52.6,9.589074368,11.88721133,21.89904813,76.22588535,0,21.0746658,0.579456527,6.852452755,0,0.3,0,0,5,0,0,0,0,4.68,0,0,0,0,0,0,1,0,0,0,0,0,0,0,0,175,11.81012813,0.083477036,-1.522275551,0.391019003,0.186995304,9.95116606,4.984256863,-0.388090575,0,0,30.63916437,0,0,1.173571586,0,0,14.3633553,0.701292676
1,25,75,0,3,80,25,60,90,0.127592593,-0.465580031,0.465580031,2.803490088,3.232043294,14.79051451,0,0,10.11431827,0,13.8474744,23.02389719,23.98611132,17.62599685,5.316788604,0,19.76538045,0,0,31.08151671,19.06280028,107.77,19.70339264,22.39704683,11.39407863,19.91384147,5.316788604,9.473725908,14.39104041,3.288860544,2.420777746,0.294117647,0,1,8,0,0,0,0,2.1756,0,0,0,0,0,0,0,1,0,1,0,0,0,0,0,175,11.81012813,0.083477036,-1.522275551,0.391019003,0.186995304,9.95116606,4.984256863,-0.388090575,0,0,30.63916437,0,0,1.173571586,0,0,14.3633553,0.701292676
0,50,50,0,3,80,25,60,30,0.127592593,-0.465580031,0.465580031,2.803490088,3.232043294,14.79051451,0,0,10.11431827,0,13.8474744,23.02389719,23.98611132,17.62599685,5.316788604,0,19.76538045,0,0,31.08151671,19.06280028,107.77,19.70339264,22.39704683,11.39407863,19.91384147,5.316788604,9.473725908,14.39104041,3.288860544,2.420777746,0.294117647,0,1,8,0,0,0,0,2.1756,0,0,0,0,0,0,0,1,0,1,0,0,0,0,0,175,11.81012813,0.083477036,-1.522275551,0.391019003,0.186995304,9.95116606,4.984256863,-0.388090575,0,0,30.63916437,0,0,1.173571586,0,0,14.3633553,0.701292676
0,75,25,0,3,80,25,60,30,0.127592593,-0.465580031,0.465580031,2.803490088,3.232043294,14.79051451,0,0,10.11431827,0,13.8474744,23.02389719,23.98611132,17.62599685,5.316788604,0,19.76538045,0,0,31.08151671,19.06280028,107.77,19.70339264,22.39704683,11.39407863,19.91384147,5.316788604,9.473725908,14.39104041,3.288860544,2.420777746,0.294117647,0,1,8,0,0,0,0,2.1756,0,0,0,0,0,0,0,1,0,1,0,0,0,0,0,175,11.81012813,0.083477036,-1.522275551,0.391019003,0.186995304,9.95116606,4.984256863,-0.388090575,0,0,30.63916437,0,0,1.173571586,0,0,14.3633553,0.701292676
1,40,60,0,1,220,25,60,180,0.064479397,-0.490790806,0.490790806,0.92529827,7.044519489,24.01040832,43.98707682,5.787111153,0,10.19736362,74.00822951,48.13988298,14.21058886,34.57665233,29.11204766,0,44.7459708,11.43689811,23.20187978,74.6088036,21.80559347,104.7,4.794537184,24.38030702,28.82248205,34.03627687,49.24662987,37.41246864,9.504828284,8.480846895,0,0.371428571,3,0,14,2,2,0,1,5.5773,0,0,0,0,0,0,2,0,0,0,0,0,0,0,0,175,11.81012813,0.083477036,-1.522275551,0.391019003,0.186995304,9.95116606,4.984256863,-0.388090575,0,0,30.63916437,0,0,1.173571586,0,0,14.3633553,0.701292676
1,10,90,0,1,175,25,0,540,0.115102041,-0.507964316,0.507964316,2.736298072,2.292303973,10.423316,5.749511833,5.907179729,4.794537184,0,24.26546827,12.61112347,9.901064579,11.594566,0,0,6.9237372,5.749511833,0,11.01370712,4.794537184,49.33,4.794537184,11.65669156,5.687386275,12.13273414,5.316788604,5.106527395,11.4600326,1.437358277,0,0.125,0,2,3,0,0,0,0,1.3506,0,0,0,0,0,0,0,0,0,0,1,0,0,0,0,106,14.01328809,0.007241923,-1.023293127,0.465728013,0.302404013,9.877673342,5.81236855,-0.15901027,29.84652644,0,52.73990902,24.49954865,0,9.649848996,0,0,14.3633553,0.701292676
1,20,80,0,1,175,25,0,540,0.115102041,-0.507964316,0.507964316,2.736298072,2.292303973,10.423316,5.749511833,5.907179729,4.794537184,0,24.26546827,12.61112347,9.901064579,11.594566,0,0,6.9237372,5.749511833,0,11.01370712,4.794537184,49.33,4.794537184,11.65669156,5.687386275,12.13273414,5.316788604,5.106527395,11.4600326,1.437358277,0,0.125,0,2,3,0,0,0,0,1.3506,0,0,0,0,0,0,0,0,0,0,1,0,0,0,0,106,14.01328809,0.007241923,-1.023293127,0.465728013,0.302404013,9.877673342,5.81236855,-0.15901027,29.84652644,0,52.73990902,24.49954865,0,9.649848996,0,0,14.3633553,0.701292676
1,30,70,0,1,175,25,0,540,0.115102041,-0.507964316,0.507964316,2.736298072,2.292303973,10.423316,5.749511833,5.907179729,4.794537184,0,24.26546827,12.61112347,9.901064579,11.594566,0,0,6.9237372,5.749511833,0,11.01370712,4.794537184,49.33,4.794537184,11.65669156,5.687386275,12.13273414,5.316788604,5.106527395,11.4600326,1.437358277,0,0.125,0,2,3,0,0,0,0,1.3506,0,0,0,0,0,0,0,0,0,0,1,0,0,0,0,106,14.01328809,0.007241923,-1.023293127,0.465728013,0.302404013,9.877673342,5.81236855,-0.15901027,29.84652644,0,52.73990902,24.49954865,0,9.649848996,0,0,14.3633553,0.701292676
1,40,60,0,1,175,25,0,180,0.115102041,-0.507964316,0.507964316,2.736298072,2.292303973,10.423316,5.749511833,5.907179729,4.794537184,0,24.26546827,12.61112347,9.901064579,11.594566,0,0,6.9237372,5.749511833,0,11.01370712,4.794537184,49.33,4.794537184,11.65669156,5.687386275,12.13273414,5.316788604,5.106527395,11.4600326,1.437358277,0,0.125,0,2,3,0,0,0,0,1.3506,0,0,0,0,0,0,0,0,0,0,1,0,0,0,0,106,14.01328809,0.007241923,-1.023293127,0.465728013,0.302404013,9.877673342,5.81236855,-0.15901027,29.84652644,0,52.73990902,24.49954865,0,9.649848996,0,0,14.3633553,0.701292676
0,40,60,0,1,175,25,0,360,0.115102041,-0.507964316,0.507964316,2.736298072,2.292303973,10.423316,5.749511833,5.907179729,4.794537184,0,24.26546827,12.61112347,9.901064579,11.594566,0,0,6.9237372,5.749511833,0,11.01370712,4.794537184,49.33,4.794537184,11.65669156,5.687386275,12.13273414,5.316788604,5.106527395,11.4600326,1.437358277,0,0.125,0,2,3,0,0,0,0,1.3506,0,0,0,0,0,0,0,0,0,0,1,0,0,0,0,106,14.01328809,0.007241923,-1.023293127,0.465728013,0.302404013,9.877673342,5.81236855,-0.15901027,29.84652644,0,52.73990902,24.49954865,0,9.649848996,0,0,14.3633553,0.701292676
1,50,50,0,1,175,25,0,180,0.115102041,-0.507964316,0.507964316,2.736298072,2.292303973,10.423316,5.749511833,5.907179729,4.794537184,0,24.26546827,12.61112347,9.901064579,11.594566,0,0,6.9237372,5.749511833,0,11.01370712,4.794537184,49.33,4.794537184,11.65669156,5.687386275,12.13273414,5.316788604,5.106527395,11.4600326,1.437358277,0,0.125,0,2,3,0,0,0,0,1.3506,0,0,0,0,0,0,0,0,0,0,1,0,0,0,0,106,14.01328809,0.007241923,-1.023293127,0.465728013,0.302404013,9.877673342,5.81236855,-0.15901027,29.84652644,0,52.73990902,24.49954865,0,9.649848996,0,0,14.3633553,0.701292676
0,50,50,0,1,175,25,0,360,0.115102041,-0.507964316,0.507964316,2.736298072,2.292303973,10.423316,5.749511833,5.907179729,4.794537184,0,24.26546827,12.61112347,9.901064579,11.594566,0,0,6.9237372,5.749511833,0,11.01370712,4.794537184,49.33,4.794537184,11.65669156,5.687386275,12.13273414,5.316788604,5.106527395,11.4600326,1.437358277,0,0.125,0,2,3,0,0,0,0,1.3506,0,0,0,0,0,0,0,0,0,0,1,0,0,0,0,106,14.01328809,0.007241923,-1.023293127,0.465728013,0.302404013,9.877673342,5.81236855,-0.15901027,29.84652644,0,52.73990902,24.49954865,0,9.649848996,0,0,14.3633553,0.701292676
1,60,40,0,1,175,25,0,30,0.115102041,-0.507964316,0.507964316,2.736298072,2.292303973,10.423316,5.749511833,5.907179729,4.794537184,0,24.26546827,12.61112347,9.901064579,11.594566,0,0,6.9237372,5.749511833,0,11.01370712,4.794537184,49.33,4.794537184,11.65669156,5.687386275,12.13273414,5.316788604,5.106527395,11.4600326,1.437358277,0,0.125,0,2,3,0,0,0,0,1.3506,0,0,0,0,0,0,0,0,0,0,1,0,0,0,0,106,14.01328809,0.007241923,-1.023293127,0.465728013,0.302404013,9.877673342,5.81236855,-0.15901027,29.84652644,0,52.73990902,24.49954865,0,9.649848996,0,0,14.3633553,0.701292676
0,60,40,0,1,175,25,0,180,0.115102041,-0.507964316,0.507964316,2.736298072,2.292303973,10.423316,5.749511833,5.907179729,4.794537184,0,24.26546827,12.61112347,9.901064579,11.594566,0,0,6.9237372,5.749511833,0,11.01370712,4.794537184,49.33,4.794537184,11.65669156,5.687386275,12.13273414,5.316788604,5.106527395,11.4600326,1.437358277,0,0.125,0,2,3,0,0,0,0,1.3506,0,0,0,0,0,0,0,0,0,0,1,0,0,0,0,106,14.01328809,0.007241923,-1.023293127,0.465728013,0.302404013,9.877673342,5.81236855,-0.15901027,29.84652644,0,52.73990902,24.49954865,0,9.649848996,0,0,14.3633553,0.701292676
1,10,90,0,1,175,25,60,540,0.115102041,-0.507964316,0.507964316,2.736298072,2.292303973,10.423316,5.749511833,5.907179729,4.794537184,0,24.26546827,12.61112347,9.901064579,11.594566,0,0,6.9237372,5.749511833,0,11.01370712,4.794537184,49.33,4.794537184,11.65669156,5.687386275,12.13273414,5.316788604,5.106527395,11.4600326,1.437358277,0,0.125,0,2,3,0,0,0,0,1.3506,0,0,0,0,0,0,0,0,0,0,1,0,0,0,0,106,14.01328809,0.007241923,-1.023293127,0.465728013,0.302404013,9.877673342,5.81236855,-0.15901027,29.84652644,0,52.73990902,24.49954865,0,9.649848996,0,0,14.3633553,0.701292676
1,20,80,0,1,175,25,60,540,0.115102041,-0.507964316,0.507964316,2.736298072,2.292303973,10.423316,5.749511833,5.907179729,4.794537184,0,24.26546827,12.61112347,9.901064579,11.594566,0,0,6.9237372,5.749511833,0,11.01370712,4.794537184,49.33,4.794537184,11.65669156,5.687386275,12.13273414,5.316788604,5.106527395,11.4600326,1.437358277,0,0.125,0,2,3,0,0,0,0,1.3506,0,0,0,0,0,0,0,0,0,0,1,0,0,0,0,106,14.01328809,0.007241923,-1.023293127,0.465728013,0.302404013,9.877673342,5.81236855,-0.15901027,29.84652644,0,52.73990902,24.49954865,0,9.649848996,0,0,14.3633553,0.701292676
1,30,70,0,1,175,25,60,540,0.115102041,-0.507964316,0.507964316,2.736298072,2.292303973,10.423316,5.749511833,5.907179729,4.794537184,0,24.26546827,12.61112347,9.901064579,11.594566,0,0,6.9237372,5.749511833,0,11.01370712,4.794537184,49.33,4.794537184,11.65669156,5.687386275,12.13273414,5.316788604,5.106527395,11.4600326,1.437358277,0,0.125,0,2,3,0,0,0,0,1.3506,0,0,0,0,0,0,0,0,0,0,1,0,0,0,0,106,14.01328809,0.007241923,-1.023293127,0.465728013,0.302404013,9.877673342,5.81236855,-0.15901027,29.84652644,0,52.73990902,24.49954865,0,9.649848996,0,0,14.3633553,0.701292676
1,40,60,0,1,175,25,60,30,0.115102041,-0.507964316,0.507964316,2.736298072,2.292303973,10.423316,5.749511833,5.907179729,4.794537184,0,24.26546827,12.61112347,9.901064579,11.594566,0,0,6.9237372,5.749511833,0,11.01370712,4.794537184,49.33,4.794537184,11.65669156,5.687386275,12.13273414,5.316788604,5.106527395,11.4600326,1.437358277,0,0.125,0,2,3,0,0,0,0,1.3506,0,0,0,0,0,0,0,0,0,0,1,0,0,0,0,106,14.01328809,0.007241923,-1.023293127,0.465728013,0.302404013,9.877673342,5.81236855,-0.15901027,29.84652644,0,52.73990902,24.49954865,0,9.649848996,0,0,14.3633553,0.701292676
0,40,60,0,1,175,25,60,180,0.115102041,-0.507964316,0.507964316,2.736298072,2.292303973,10.423316,5.749511833,5.907179729,4.794537184,0,24.26546827,12.61112347,9.901064579,11.594566,0,0,6.9237372,5.749511833,0,11.01370712,4.794537184,49.33,4.794537184,11.65669156,5.687386275,12.13273414,5.316788604,5.106527395,11.4600326,1.437358277,0,0.125,0,2,3,0,0,0,0,1.3506,0,0,0,0,0,0,0,0,0,0,1,0,0,0,0,106,14.01328809,0.007241923,-1.023293127,0.465728013,0.302404013,9.877673342,5.81236855,-0.15901027,29.84652644,0,52.73990902,24.49954865,0,9.649848996,0,0,14.3633553,0.701292676
0,50,50,0,1,175,25,60,30,0.115102041,-0.507964316,0.507964316,2.736298072,2.292303973,10.423316,5.749511833,5.907179729,4.794537184,0,24.26546827,12.61112347,9.901064579,11.594566,0,0,6.9237372,5.749511833,0,11.01370712,4.794537184,49.33,4.794537184,11.65669156,5.687386275,12.13273414,5.316788604,5.106527395,11.4600326,1.437358277,0,0.125,0,2,3,0,0,0,0,1.3506,0,0,0,0,0,0,0,0,0,0,1,0,0,0,0,106,14.01328809,0.007241923,-1.023293127,0.465728013,0.302404013,9.877673342,5.81236855,-0.15901027,29.84652644,0,52.73990902,24.49954865,0,9.649848996,0,0,14.3633553,0.701292676
0,60,40,0,1,175,25,60,30,0.115102041,-0.507964316,0.507964316,2.736298072,2.292303973,10.423316,5.749511833,5.907179729,4.794537184,0,24.26546827,12.61112347,9.901064579,11.594566,0,0,6.9237372,5.749511833,0,11.01370712,4.794537184,49.33,4.794537184,11.65669156,5.687386275,12.13273414,5.316788604,5.106527395,11.4600326,1.437358277,0,0.125,0,2,3,0,0,0,0,1.3506,0,0,0,0,0,0,0,0,0,0,1,0,0,0,0,106,14.01328809,0.007241923,-1.023293127,0.465728013,0.302404013,9.877673342,5.81236855,-0.15901027,29.84652644,0,52.73990902,24.49954865,0,9.649848996,0,0,14.3633553,0.701292676
1,5,95,0,1,175,25,0,540,0.484720674,-0.496745104,0.496745104,2.478964439,2.228492727,9.843390349,5.749511833,0,4.794537184,0,35.39237126,0,14.63792753,16.74175372,0,0,12.84164325,5.749511833,0,18.18563022,4.794537184,46.53,4.794537184,0,0,14.03353474,0,9.843390349,11.04105787,1.687523148,1.627021584,0.214285714,1,1,3,0,0,0,0,3.0365,0,0,0,0,0,1,0,0,0,0,0,0,0,0,0,106,14.01328809,0.007241923,-1.023293127,0.465728013,0.302404013,9.877673342,5.81236855,-0.15901027,29.84652644,0,52.73990902,24.49954865,0,9.649848996,0,0,14.3633553,0.701292676
1,15,85,0,1,175,25,0,540,0.484720674,-0.496745104,0.496745104,2.478964439,2.228492727,9.843390349,5.749511833,0,4.794537184,0,35.39237126,0,14.63792753,16.74175372,0,0,12.84164325,5.749511833,0,18.18563022,4.794537184,46.53,4.794537184,0,0,14.03353474,0,9.843390349,11.04105787,1.687523148,1.627021584,0.214285714,1,1,3,0,0,0,0,3.0365,0,0,0,0,0,1,0,0,0,0,0,0,0,0,0,106,14.01328809,0.007241923,-1.023293127,0.465728013,0.302404013,9.877673342,5.81236855,-0.15901027,29.84652644,0,52.73990902,24.49954865,0,9.649848996,0,0,14.3633553,0.701292676
1,30,70,0,1,175,25,0,540,0.484720674,-0.496745104,0.496745104,2.478964439,2.228492727,9.843390349,5.749511833,0,4.794537184,0,35.39237126,0,14.63792753,16.74175372,0,0,12.84164325,5.749511833,0,18.18563022,4.794537184,46.53,4.794537184,0,0,14.03353474,0,9.843390349,11.04105787,1.687523148,1.627021584,0.214285714,1,1,3,0,0,0,0,3.0365,0,0,0,0,0,1,0,0,0,0,0,0,0,0,0,106,14.01328809,0.007241923,-1.023293127,0.465728013,0.302404013,9.877673342,5.81236855,-0.15901027,29.84652644,0,52.73990902,24.49954865,0,9.649848996,0,0,14.3633553,0.701292676
1,40,60,0,1,175,25,0,30,0.484720674,-0.496745104,0.496745104,2.478964439,2.228492727,9.843390349,5.749511833,0,4.794537184,0,35.39237126,0,14.63792753,16.74175372,0,0,12.84164325,5.749511833,0,18.18563022,4.794537184,46.53,4.794537184,0,0,14.03353474,0,9.843390349,11.04105787,1.687523148,1.627021584,0.214285714,1,1,3,0,0,0,0,3.0365,0,0,0,0,0,1,0,0,0,0,0,0,0,0,0,106,14.01328809,0.007241923,-1.023293127,0.465728013,0.302404013,9.877673342,5.81236855,-0.15901027,29.84652644,0,52.73990902,24.49954865,0,9.649848996,0,0,14.3633553,0.701292676
0,40,60,0,1,175,25,0,180,0.484720674,-0.496745104,0.496745104,2.478964439,2.228492727,9.843390349,5.749511833,0,4.794537184,0,35.39237126,0,14.63792753,16.74175372,0,0,12.84164325,5.749511833,0,18.18563022,4.794537184,46.53,4.794537184,0,0,14.03353474,0,9.843390349,11.04105787,1.687523148,1.627021584,0.214285714,1,1,3,0,0,0,0,3.0365,0,0,0,0,0,1,0,0,0,0,0,0,0,0,0,106,14.01328809,0.007241923,-1.023293127,0.465728013,0.302404013,9.877673342,5.81236855,-0.15901027,29.84652644,0,52.73990902,24.49954865,0,9.649848996,0,0,14.3633553,0.701292676
0,50,50,0,1,175,25,0,30,0.484720674,-0.496745104,0.496745104,2.478964439,2.228492727,9.843390349,5.749511833,0,4.794537184,0,35.39237126,0,14.63792753,16.74175372,0,0,12.84164325,5.749511833,0,18.18563022,4.794537184,46.53,4.794537184,0,0,14.03353474,0,9.843390349,11.04105787,1.687523148,1.627021584,0.214285714,1,1,3,0,0,0,0,3.0365,0,0,0,0,0,1,0,0,0,0,0,0,0,0,0,106,14.01328809,0.007241923,-1.023293127,0.465728013,0.302404013,9.877673342,5.81236855,-0.15901027,29.84652644,0,52.73990902,24.49954865,0,9.649848996,0,0,14.3633553,0.701292676
1,5,95,0,1,175,25,60,540,0.484720674,-0.496745104,0.496745104,2.478964439,2.228492727,9.843390349,5.749511833,0,4.794537184,0,35.39237126,0,14.63792753,16.74175372,0,0,12.84164325,5.749511833,0,18.18563022,4.794537184,46.53,4.794537184,0,0,14.03353474,0,9.843390349,11.04105787,1.687523148,1.627021584,0.214285714,1,1,3,0,0,0,0,3.0365,0,0,0,0,0,1,0,0,0,0,0,0,0,0,0,106,14.01328809,0.007241923,-1.023293127,0.465728013,0.302404013,9.877673342,5.81236855,-0.15901027,29.84652644,0,52.73990902,24.49954865,0,9.649848996,0,0,14.3633553,0.701292676
1,15,85,0,1,175,25,60,540,0.484720674,-0.496745104,0.496745104,2.478964439,2.228492727,9.843390349,5.749511833,0,4.794537184,0,35.39237126,0,14.63792753,16.74175372,0,0,12.84164325,5.749511833,0,18.18563022,4.794537184,46.53,4.794537184,0,0,14.03353474,0,9.843390349,11.04105787,1.687523148,1.627021584,0.214285714,1,1,3,0,0,0,0,3.0365,0,0,0,0,0,1,0,0,0,0,0,0,0,0,0,106,14.01328809,0.007241923,-1.023293127,0.465728013,0.302404013,9.877673342,5.81236855,-0.15901027,29.84652644,0,52.73990902,24.49954865,0,9.649848996,0,0,14.3633553,0.701292676
1,30,70,0,1,175,25,60,180,0.484720674,-0.496745104,0.496745104,2.478964439,2.228492727,9.843390349,5.749511833,0,4.794537184,0,35.39237126,0,14.63792753,16.74175372,0,0,12.84164325,5.749511833,0,18.18563022,4.794537184,46.53,4.794537184,0,0,14.03353474,0,9.843390349,11.04105787,1.687523148,1.627021584,0.214285714,1,1,3,0,0,0,0,3.0365,0,0,0,0,0,1,0,0,0,0,0,0,0,0,0,106,14.01328809,0.007241923,-1.023293127,0.465728013,0.302404013,9.877673342,5.81236855,-0.15901027,29.84652644,0,52.73990902,24.49954865,0,9.649848996,0,0,14.3633553,0.701292676
0,30,70,0,1,175,25,60,360,0.484720674,-0.496745104,0.496745104,2.478964439,2.228492727,9.843390349,5.749511833,0,4.794537184,0,35.39237126,0,14.63792753,16.74175372,0,0,12.84164325,5.749511833,0,18.18563022,4.794537184,46.53,4.794537184,0,0,14.03353474,0,9.843390349,11.04105787,1.687523148,1.627021584,0.214285714,1,1,3,0,0,0,0,3.0365,0,0,0,0,0,1,0,0,0,0,0,0,0,0,0,106,14.01328809,0.007241923,-1.023293127,0.465728013,0.302404013,9.877673342,5.81236855,-0.15901027,29.84652644,0,52.73990902,24.49954865,0,9.649848996,0,0,14.3633553,0.701292676
0,40,60,0,1,175,25,60,30,0.484720674,-0.496745104,0.496745104,2.478964439,2.228492727,9.843390349,5.749511833,0,4.794537184,0,35.39237126,0,14.63792753,16.74175372,0,0,12.84164325,5.749511833,0,18.18563022,4.794537184,46.53,4.794537184,0,0,14.03353474,0,9.843390349,11.04105787,1.687523148,1.627021584,0.214285714,1,1,3,0,0,0,0,3.0365,0,0,0,0,0,1,0,0,0,0,0,0,0,0,0,106,14.01328809,0.007241923,-1.023293127,0.465728013,0.302404013,9.877673342,5.81236855,-0.15901027,29.84652644,0,52.73990902,24.49954865,0,9.649848996,0,0,14.3633553,0.701292676
0,50,50,0,1,175,25,60,30,0.484720674,-0.496745104,0.496745104,2.478964439,2.228492727,9.843390349,5.749511833,0,4.794537184,0,35.39237126,0,14.63792753,16.74175372,0,0,12.84164325,5.749511833,0,18.18563022,4.794537184,46.53,4.794537184,0,0,14.03353474,0,9.843390349,11.04105787,1.687523148,1.627021584,0.214285714,1,1,3,0,0,0,0,3.0365,0,0,0,0,0,1,0,0,0,0,0,0,0,0,0,106,14.01328809,0.007241923,-1.023293127,0.465728013,0.302404013,9.877673342,5.81236855,-0.15901027,29.84652644,0,52.73990902,24.49954865,0,9.649848996,0,0,14.3633553,0.701292676
1,10,90,0,3,80,25,0,650,0.210183829,-0.465580051,0.465580051,2.73893106,3.672813255,14.79051451,0,0,0,0,32.40103016,11.39407863,19.06280028,35.14049036,5.316788604,0,26.68911765,0,23.20187978,25.65529008,19.06280028,64.63,9.589074368,11.62951528,33.12637249,38.9703128,5.316788604,32.67560569,3.66064471,5.410709422,1.286177625,0.333333333,1,1,7,0,0,0,1,3.9643,0,0,0,0,0,0,2,0,0,0,0,0,0,0,0,106,14.01328809,0.007241923,-1.023293127,0.465728013,0.302404013,9.877673342,5.81236855,-0.15901027,29.84652644,0,52.73990902,24.49954865,0,9.649848996,0,0,14.3633553,0.701292676
1,30,70,0,3,80,25,0,650,0.210183829,-0.465580051,0.465580051,2.73893106,3.672813255,14.79051451,0,0,0,0,32.40103016,11.39407863,19.06280028,35.14049036,5.316788604,0,26.68911765,0,23.20187978,25.65529008,19.06280028,64.63,9.589074368,11.62951528,33.12637249,38.9703128,5.316788604,32.67560569,3.66064471,5.410709422,1.286177625,0.333333333,1,1,7,0,0,0,1,3.9643,0,0,0,0,0,0,2,0,0,0,0,0,0,0,0,106,14.01328809,0.007241923,-1.023293127,0.465728013,0.302404013,9.877673342,5.81236855,-0.15901027,29.84652644,0,52.73990902,24.49954865,0,9.649848996,0,0,14.3633553,0.701292676
1,40,60,0,3,80,25,0,650,0.210183829,-0.465580051,0.465580051,2.73893106,3.672813255,14.79051451,0,0,0,0,32.40103016,11.39407863,19.06280028,35.14049036,5.316788604,0,26.68911765,0,23.20187978,25.65529008,19.06280028,64.63,9.589074368,11.62951528,33.12637249,38.9703128,5.316788604,32.67560569,3.66064471,5.410709422,1.286177625,0.333333333,1,1,7,0,0,0,1,3.9643,0,0,0,0,0,0,2,0,0,0,0,0,0,0,0,106,14.01328809,0.007241923,-1.023293127,0.465728013,0.302404013,9.877673342,5.81236855,-0.15901027,29.84652644,0,52.73990902,24.49954865,0,9.649848996,0,0,14.3633553,0.701292676
1,60,40,0,3,80,25,0,650,0.210183829,-0.465580051,0.465580051,2.73893106,3.672813255,14.79051451,0,0,0,0,32.40103016,11.39407863,19.06280028,35.14049036,5.316788604,0,26.68911765,0,23.20187978,25.65529008,19.06280028,64.63,9.589074368,11.62951528,33.12637249,38.9703128,5.316788604,32.67560569,3.66064471,5.410709422,1.286177625,0.333333333,1,1,7,0,0,0,1,3.9643,0,0,0,0,0,0,2,0,0,0,0,0,0,0,0,106,14.01328809,0.007241923,-1.023293127,0.465728013,0.302404013,9.877673342,5.81236855,-0.15901027,29.84652644,0,52.73990902,24.49954865,0,9.649848996,0,0,14.3633553,0.701292676
1,70,30,0,3,80,25,0,650,0.210183829,-0.465580051,0.465580051,2.73893106,3.672813255,14.79051451,0,0,0,0,32.40103016,11.39407863,19.06280028,35.14049036,5.316788604,0,26.68911765,0,23.20187978,25.65529008,19.06280028,64.63,9.589074368,11.62951528,33.12637249,38.9703128,5.316788604,32.67560569,3.66064471,5.410709422,1.286177625,0.333333333,1,1,7,0,0,0,1,3.9643,0,0,0,0,0,0,2,0,0,0,0,0,0,0,0,106,14.01328809,0.007241923,-1.023293127,0.465728013,0.302404013,9.877673342,5.81236855,-0.15901027,29.84652644,0,52.73990902,24.49954865,0,9.649848996,0,0,14.3633553,0.701292676
1,90,10,0,3,80,25,0,134,0.210183829,-0.465580051,0.465580051,2.73893106,3.672813255,14.79051451,0,0,0,0,32.40103016,11.39407863,19.06280028,35.14049036,5.316788604,0,26.68911765,0,23.20187978,25.65529008,19.06280028,64.63,9.589074368,11.62951528,33.12637249,38.9703128,5.316788604,32.67560569,3.66064471,5.410709422,1.286177625,0.333333333,1,1,7,0,0,0,1,3.9643,0,0,0,0,0,0,2,0,0,0,0,0,0,0,0,106,14.01328809,0.007241923,-1.023293127,0.465728013,0.302404013,9.877673342,5.81236855,-0.15901027,29.84652644,0,52.73990902,24.49954865,0,9.649848996,0,0,14.3633553,0.701292676
0,90,10,0,3,80,25,0,135,0.210183829,-0.465580051,0.465580051,2.73893106,3.672813255,14.79051451,0,0,0,0,32.40103016,11.39407863,19.06280028,35.14049036,5.316788604,0,26.68911765,0,23.20187978,25.65529008,19.06280028,64.63,9.589074368,11.62951528,33.12637249,38.9703128,5.316788604,32.67560569,3.66064471,5.410709422,1.286177625,0.333333333,1,1,7,0,0,0,1,3.9643,0,0,0,0,0,0,2,0,0,0,0,0,0,0,0,106,14.01328809,0.007241923,-1.023293127,0.465728013,0.302404013,9.877673342,5.81236855,-0.15901027,29.84652644,0,52.73990902,24.49954865,0,9.649848996,0,0,14.3633553,0.701292676
1,10,90,0,2,25,25,0,750,0.418425926,-0.480788502,0.480788502,2.759037133,3.387630632,5.106527395,0,0,4.794537184,0,30.38936785,0,9.901064579,5.969305288,0,5.917906046,33.10993927,0,0,11.07583268,11.21535881,37.3,4.794537184,0,5.917906046,6.9237372,13.8474744,5.106527395,8.850157339,6.056901088,0,0.461538462,1,1,2,0,0,0,1,3.0732,0,0,0,0,0,0,0,0,0,0,0,0,0,0,0,106,14.01328809,0.007241923,-1.023293127,0.465728013,0.302404013,9.877673342,5.81236855,-0.15901027,29.84652644,0,52.73990902,24.49954865,0,9.649848996,0,0,14.3633553,0.701292676
1,30,70,0,2,25,25,0,750,0.418425926,-0.480788502,0.480788502,2.759037133,3.387630632,5.106527395,0,0,4.794537184,0,30.38936785,0,9.901064579,5.969305288,0,5.917906046,33.10993927,0,0,11.07583268,11.21535881,37.3,4.794537184,0,5.917906046,6.9237372,13.8474744,5.106527395,8.850157339,6.056901088,0,0.461538462,1,1,2,0,0,0,1,3.0732,0,0,0,0,0,0,0,0,0,0,0,0,0,0,0,106,14.01328809,0.007241923,-1.023293127,0.465728013,0.302404013,9.877673342,5.81236855,-0.15901027,29.84652644,0,52.73990902,24.49954865,0,9.649848996,0,0,14.3633553,0.701292676
1,40,60,0,2,25,25,0,750,0.418425926,-0.480788502,0.480788502,2.759037133,3.387630632,5.106527395,0,0,4.794537184,0,30.38936785,0,9.901064579,5.969305288,0,5.917906046,33.10993927,0,0,11.07583268,11.21535881,37.3,4.794537184,0,5.917906046,6.9237372,13.8474744,5.106527395,8.850157339,6.056901088,0,0.461538462,1,1,2,0,0,0,1,3.0732,0,0,0,0,0,0,0,0,0,0,0,0,0,0,0,106,14.01328809,0.007241923,-1.023293127,0.465728013,0.302404013,9.877673342,5.81236855,-0.15901027,29.84652644,0,52.73990902,24.49954865,0,9.649848996,0,0,14.3633553,0.701292676
1,60,40,0,2,25,25,0,444,0.418425926,-0.480788502,0.480788502,2.759037133,3.387630632,5.106527395,0,0,4.794537184,0,30.38936785,0,9.901064579,5.969305288,0,5.917906046,33.10993927,0,0,11.07583268,11.21535881,37.3,4.794537184,0,5.917906046,6.9237372,13.8474744,5.106527395,8.850157339,6.056901088,0,0.461538462,1,1,2,0,0,0,1,3.0732,0,0,0,0,0,0,0,0,0,0,0,0,0,0,0,106,14.01328809,0.007241923,-1.023293127,0.465728013,0.302404013,9.877673342,5.81236855,-0.15901027,29.84652644,0,52.73990902,24.49954865,0,9.649848996,0,0,14.3633553,0.701292676
0,60,40,0,2,25,25,0,445,0.418425926,-0.480788502,0.480788502,2.759037133,3.387630632,5.106527395,0,0,4.794537184,0,30.38936785,0,9.901064579,5.969305288,0,5.917906046,33.10993927,0,0,11.07583268,11.21535881,37.3,4.794537184,0,5.917906046,6.9237372,13.8474744,5.106527395,8.850157339,6.056901088,0,0.461538462,1,1,2,0,0,0,1,3.0732,0,0,0,0,0,0,0,0,0,0,0,0,0,0,0,106,14.01328809,0.007241923,-1.023293127,0.465728013,0.302404013,9.877673342,5.81236855,-0.15901027,29.84652644,0,52.73990902,24.49954865,0,9.649848996,0,0,14.3633553,0.701292676
1,70,30,0,2,25,25,0,335,0.418425926,-0.480788502,0.480788502,2.759037133,3.387630632,5.106527395,0,0,4.794537184,0,30.38936785,0,9.901064579,5.969305288,0,5.917906046,33.10993927,0,0,11.07583268,11.21535881,37.3,4.794537184,0,5.917906046,6.9237372,13.8474744,5.106527395,8.850157339,6.056901088,0,0.461538462,1,1,2,0,0,0,1,3.0732,0,0,0,0,0,0,0,0,0,0,0,0,0,0,0,106,14.01328809,0.007241923,-1.023293127,0.465728013,0.302404013,9.877673342,5.81236855,-0.15901027,29.84652644,0,52.73990902,24.49954865,0,9.649848996,0,0,14.3633553,0.701292676
0,70,30,0,2,25,25,0,336,0.418425926,-0.480788502,0.480788502,2.759037133,3.387630632,5.106527395,0,0,4.794537184,0,30.38936785,0,9.901064579,5.969305288,0,5.917906046,33.10993927,0,0,11.07583268,11.21535881,37.3,4.794537184,0,5.917906046,6.9237372,13.8474744,5.106527395,8.850157339,6.056901088,0,0.461538462,1,1,2,0,0,0,1,3.0732,0,0,0,0,0,0,0,0,0,0,0,0,0,0,0,106,14.01328809,0.007241923,-1.023293127,0.465728013,0.302404013,9.877673342,5.81236855,-0.15901027,29.84652644,0,52.73990902,24.49954865,0,9.649848996,0,0,14.3633553,0.701292676
1,90,10,0,2,25,25,0,335,0.418425926,-0.480788502,0.480788502,2.759037133,3.387630632,5.106527395,0,0,4.794537184,0,30.38936785,0,9.901064579,5.969305288,0,5.917906046,33.10993927,0,0,11.07583268,11.21535881,37.3,4.794537184,0,5.917906046,6.9237372,13.8474744,5.106527395,8.850157339,6.056901088,0,0.461538462,1,1,2,0,0,0,1,3.0732,0,0,0,0,0,0,0,0,0,0,0,0,0,0,0,106,14.01328809,0.007241923,-1.023293127,0.465728013,0.302404013,9.877673342,5.81236855,-0.15901027,29.84652644,0,52.73990902,24.49954865,0,9.649848996,0,0,14.3633553,0.701292676
0,90,10,0,2,25,25,0,336,0.418425926,-0.480788502,0.480788502,2.759037133,3.387630632,5.106527395,0,0,4.794537184,0,30.38936785,0,9.901064579,5.969305288,0,5.917906046,33.10993927,0,0,11.07583268,11.21535881,37.3,4.794537184,0,5.917906046,6.9237372,13.8474744,5.106527395,8.850157339,6.056901088,0,0.461538462,1,1,2,0,0,0,1,3.0732,0,0,0,0,0,0,0,0,0,0,0,0,0,0,0,106,14.01328809,0.007241923,-1.023293127,0.465728013,0.302404013,9.877673342,5.81236855,-0.15901027,29.84652644,0,52.73990902,24.49954865,0,9.649848996,0,0,14.3633553,0.701292676
1,9.1,90.9,0,1,153,25,75,10,0.114141629,-0.465580031,0.465580031,2.691404767,4.214929199,14.79051451,0,0,10.11431827,0,19.76538045,23.02389719,23.98611132,17.62599685,5.316788604,5.917906046,33.61285484,0,0,30.57860113,19.06280028,107.77,19.70339264,34.92183484,11.39407863,19.91384147,5.316788604,9.473725908,14.58984795,7.322127075,1.223228379,0.4,1,1,8,0,0,0,1,3.2018,0,0,0,0,0,0,0,1,0,1,0,0,0,0,0,106,14.01328809,0.007241923,-1.023293127,0.465728013,0.302404013,9.877673342,5.81236855,-0.15901027,29.84652644,0,52.73990902,24.49954865,0,9.649848996,0,0,14.3633553,0.701292676
1,9.1,90.9,0,1,153,25,92.5,10,0.114141629,-0.465580031,0.465580031,2.691404767,4.214929199,14.79051451,0,0,10.11431827,0,19.76538045,23.02389719,23.98611132,17.62599685,5.316788604,5.917906046,33.61285484,0,0,30.57860113,19.06280028,107.77,19.70339264,34.92183484,11.39407863,19.91384147,5.316788604,9.473725908,14.58984795,7.322127075,1.223228379,0.4,1,1,8,0,0,0,1,3.2018,0,0,0,0,0,0,0,1,0,1,0,0,0,0,0,106,14.01328809,0.007241923,-1.023293127,0.465728013,0.302404013,9.877673342,5.81236855,-0.15901027,29.84652644,0,52.73990902,24.49954865,0,9.649848996,0,0,14.3633553,0.701292676
1,5,95,0,1,175,25,0,540,0.115102041,-0.507964316,0.507964316,2.736298072,2.292303973,10.423316,5.749511833,5.907179729,4.794537184,0,24.26546827,12.61112347,9.901064579,11.594566,0,0,6.9237372,5.749511833,0,11.01370712,4.794537184,49.33,4.794537184,11.65669156,5.687386275,12.13273414,5.316788604,5.106527395,11.4600326,1.437358277,0,0.125,0,2,3,0,0,0,0,1.3506,0,0,0,0,0,0,0,0,0,0,1,0,0,0,0,125.8,13.13269316,0.036771796,-1.473910328,0.481218929,0.306221438,9.935517184,5.761778668,-0.390218134,29.84652644,0,23.97268592,0,0,6.25076104,0,0,14.3633553,0.701292676
1,10,90,0,1,175,25,0,540,0.115102041,-0.507964316,0.507964316,2.736298072,2.292303973,10.423316,5.749511833,5.907179729,4.794537184,0,24.26546827,12.61112347,9.901064579,11.594566,0,0,6.9237372,5.749511833,0,11.01370712,4.794537184,49.33,4.794537184,11.65669156,5.687386275,12.13273414,5.316788604,5.106527395,11.4600326,1.437358277,0,0.125,0,2,3,0,0,0,0,1.3506,0,0,0,0,0,0,0,0,0,0,1,0,0,0,0,125.8,13.13269316,0.036771796,-1.473910328,0.481218929,0.306221438,9.935517184,5.761778668,-0.390218134,29.84652644,0,23.97268592,0,0,6.25076104,0,0,14.3633553,0.701292676
1,20,80,0,1,175,25,0,180,0.115102041,-0.507964316,0.507964316,2.736298072,2.292303973,10.423316,5.749511833,5.907179729,4.794537184,0,24.26546827,12.61112347,9.901064579,11.594566,0,0,6.9237372,5.749511833,0,11.01370712,4.794537184,49.33,4.794537184,11.65669156,5.687386275,12.13273414,5.316788604,5.106527395,11.4600326,1.437358277,0,0.125,0,2,3,0,0,0,0,1.3506,0,0,0,0,0,0,0,0,0,0,1,0,0,0,0,125.8,13.13269316,0.036771796,-1.473910328,0.481218929,0.306221438,9.935517184,5.761778668,-0.390218134,29.84652644,0,23.97268592,0,0,6.25076104,0,0,14.3633553,0.701292676
0,20,80,0,1,175,25,0,360,0.115102041,-0.507964316,0.507964316,2.736298072,2.292303973,10.423316,5.749511833,5.907179729,4.794537184,0,24.26546827,12.61112347,9.901064579,11.594566,0,0,6.9237372,5.749511833,0,11.01370712,4.794537184,49.33,4.794537184,11.65669156,5.687386275,12.13273414,5.316788604,5.106527395,11.4600326,1.437358277,0,0.125,0,2,3,0,0,0,0,1.3506,0,0,0,0,0,0,0,0,0,0,1,0,0,0,0,125.8,13.13269316,0.036771796,-1.473910328,0.481218929,0.306221438,9.935517184,5.761778668,-0.390218134,29.84652644,0,23.97268592,0,0,6.25076104,0,0,14.3633553,0.701292676
1,40,60,0,1,175,25,0,30,0.115102041,-0.507964316,0.507964316,2.736298072,2.292303973,10.423316,5.749511833,5.907179729,4.794537184,0,24.26546827,12.61112347,9.901064579,11.594566,0,0,6.9237372,5.749511833,0,11.01370712,4.794537184,49.33,4.794537184,11.65669156,5.687386275,12.13273414,5.316788604,5.106527395,11.4600326,1.437358277,0,0.125,0,2,3,0,0,0,0,1.3506,0,0,0,0,0,0,0,0,0,0,1,0,0,0,0,125.8,13.13269316,0.036771796,-1.473910328,0.481218929,0.306221438,9.935517184,5.761778668,-0.390218134,29.84652644,0,23.97268592,0,0,6.25076104,0,0,14.3633553,0.701292676
0,40,60,0,1,175,25,0,180,0.115102041,-0.507964316,0.507964316,2.736298072,2.292303973,10.423316,5.749511833,5.907179729,4.794537184,0,24.26546827,12.61112347,9.901064579,11.594566,0,0,6.9237372,5.749511833,0,11.01370712,4.794537184,49.33,4.794537184,11.65669156,5.687386275,12.13273414,5.316788604,5.106527395,11.4600326,1.437358277,0,0.125,0,2,3,0,0,0,0,1.3506,0,0,0,0,0,0,0,0,0,0,1,0,0,0,0,125.8,13.13269316,0.036771796,-1.473910328,0.481218929,0.306221438,9.935517184,5.761778668,-0.390218134,29.84652644,0,23.97268592,0,0,6.25076104,0,0,14.3633553,0.701292676
0,60,40,0,1,175,25,0,30,0.115102041,-0.507964316,0.507964316,2.736298072,2.292303973,10.423316,5.749511833,5.907179729,4.794537184,0,24.26546827,12.61112347,9.901064579,11.594566,0,0,6.9237372,5.749511833,0,11.01370712,4.794537184,49.33,4.794537184,11.65669156,5.687386275,12.13273414,5.316788604,5.106527395,11.4600326,1.437358277,0,0.125,0,2,3,0,0,0,0,1.3506,0,0,0,0,0,0,0,0,0,0,1,0,0,0,0,125.8,13.13269316,0.036771796,-1.473910328,0.481218929,0.306221438,9.935517184,5.761778668,-0.390218134,29.84652644,0,23.97268592,0,0,6.25076104,0,0,14.3633553,0.701292676
1,5,95,0,1,175,25,60,540,0.115102041,-0.507964316,0.507964316,2.736298072,2.292303973,10.423316,5.749511833,5.907179729,4.794537184,0,24.26546827,12.61112347,9.901064579,11.594566,0,0,6.9237372,5.749511833,0,11.01370712,4.794537184,49.33,4.794537184,11.65669156,5.687386275,12.13273414,5.316788604,5.106527395,11.4600326,1.437358277,0,0.125,0,2,3,0,0,0,0,1.3506,0,0,0,0,0,0,0,0,0,0,1,0,0,0,0,125.8,13.13269316,0.036771796,-1.473910328,0.481218929,0.306221438,9.935517184,5.761778668,-0.390218134,29.84652644,0,23.97268592,0,0,6.25076104,0,0,14.3633553,0.701292676
1,10,90,0,1,175,25,60,540,0.115102041,-0.507964316,0.507964316,2.736298072,2.292303973,10.423316,5.749511833,5.907179729,4.794537184,0,24.26546827,12.61112347,9.901064579,11.594566,0,0,6.9237372,5.749511833,0,11.01370712,4.794537184,49.33,4.794537184,11.65669156,5.687386275,12.13273414,5.316788604,5.106527395,11.4600326,1.437358277,0,0.125,0,2,3,0,0,0,0,1.3506,0,0,0,0,0,0,0,0,0,0,1,0,0,0,0,125.8,13.13269316,0.036771796,-1.473910328,0.481218929,0.306221438,9.935517184,5.761778668,-0.390218134,29.84652644,0,23.97268592,0,0,6.25076104,0,0,14.3633553,0.701292676
1,20,80,0,1,175,25,60,30,0.115102041,-0.507964316,0.507964316,2.736298072,2.292303973,10.423316,5.749511833,5.907179729,4.794537184,0,24.26546827,12.61112347,9.901064579,11.594566,0,0,6.9237372,5.749511833,0,11.01370712,4.794537184,49.33,4.794537184,11.65669156,5.687386275,12.13273414,5.316788604,5.106527395,11.4600326,1.437358277,0,0.125,0,2,3,0,0,0,0,1.3506,0,0,0,0,0,0,0,0,0,0,1,0,0,0,0,125.8,13.13269316,0.036771796,-1.473910328,0.481218929,0.306221438,9.935517184,5.761778668,-0.390218134,29.84652644,0,23.97268592,0,0,6.25076104,0,0,14.3633553,0.701292676
0,20,80,0,1,175,25,60,180,0.115102041,-0.507964316,0.507964316,2.736298072,2.292303973,10.423316,5.749511833,5.907179729,4.794537184,0,24.26546827,12.61112347,9.901064579,11.594566,0,0,6.9237372,5.749511833,0,11.01370712,4.794537184,49.33,4.794537184,11.65669156,5.687386275,12.13273414,5.316788604,5.106527395,11.4600326,1.437358277,0,0.125,0,2,3,0,0,0,0,1.3506,0,0,0,0,0,0,0,0,0,0,1,0,0,0,0,125.8,13.13269316,0.036771796,-1.473910328,0.481218929,0.306221438,9.935517184,5.761778668,-0.390218134,29.84652644,0,23.97268592,0,0,6.25076104,0,0,14.3633553,0.701292676
0,40,60,0,1,175,25,60,30,0.115102041,-0.507964316,0.507964316,2.736298072,2.292303973,10.423316,5.749511833,5.907179729,4.794537184,0,24.26546827,12.61112347,9.901064579,11.594566,0,0,6.9237372,5.749511833,0,11.01370712,4.794537184,49.33,4.794537184,11.65669156,5.687386275,12.13273414,5.316788604,5.106527395,11.4600326,1.437358277,0,0.125,0,2,3,0,0,0,0,1.3506,0,0,0,0,0,0,0,0,0,0,1,0,0,0,0,125.8,13.13269316,0.036771796,-1.473910328,0.481218929,0.306221438,9.935517184,5.761778668,-0.390218134,29.84652644,0,23.97268592,0,0,6.25076104,0,0,14.3633553,0.701292676
0,60,40,0,1,175,25,60,30,0.115102041,-0.507964316,0.507964316,2.736298072,2.292303973,10.423316,5.749511833,5.907179729,4.794537184,0,24.26546827,12.61112347,9.901064579,11.594566,0,0,6.9237372,5.749511833,0,11.01370712,4.794537184,49.33,4.794537184,11.65669156,5.687386275,12.13273414,5.316788604,5.106527395,11.4600326,1.437358277,0,0.125,0,2,3,0,0,0,0,1.3506,0,0,0,0,0,0,0,0,0,0,1,0,0,0,0,125.8,13.13269316,0.036771796,-1.473910328,0.481218929,0.306221438,9.935517184,5.761778668,-0.390218134,29.84652644,0,23.97268592,0,0,6.25076104,0,0,14.3633553,0.701292676
1,5,95,0,1,175,25,0,540,0.484720674,-0.496745104,0.496745104,2.478964439,2.228492727,9.843390349,5.749511833,0,4.794537184,0,35.39237126,0,14.63792753,16.74175372,0,0,12.84164325,5.749511833,0,18.18563022,4.794537184,46.53,4.794537184,0,0,14.03353474,0,9.843390349,11.04105787,1.687523148,1.627021584,0.214285714,1,1,3,0,0,0,0,3.0365,0,0,0,0,0,1,0,0,0,0,0,0,0,0,0,125.8,13.13269316,0.036771796,-1.473910328,0.481218929,0.306221438,9.935517184,5.761778668,-0.390218134,29.84652644,0,23.97268592,0,0,6.25076104,0,0,14.3633553,0.701292676
1,10,90,0,1,175,25,0,540,0.484720674,-0.496745104,0.496745104,2.478964439,2.228492727,9.843390349,5.749511833,0,4.794537184,0,35.39237126,0,14.63792753,16.74175372,0,0,12.84164325,5.749511833,0,18.18563022,4.794537184,46.53,4.794537184,0,0,14.03353474,0,9.843390349,11.04105787,1.687523148,1.627021584,0.214285714,1,1,3,0,0,0,0,3.0365,0,0,0,0,0,1,0,0,0,0,0,0,0,0,0,125.8,13.13269316,0.036771796,-1.473910328,0.481218929,0.306221438,9.935517184,5.761778668,-0.390218134,29.84652644,0,23.97268592,0,0,6.25076104,0,0,14.3633553,0.701292676
1,20,80,0,1,175,25,0,540,0.484720674,-0.496745104,0.496745104,2.478964439,2.228492727,9.843390349,5.749511833,0,4.794537184,0,35.39237126,0,14.63792753,16.74175372,0,0,12.84164325,5.749511833,0,18.18563022,4.794537184,46.53,4.794537184,0,0,14.03353474,0,9.843390349,11.04105787,1.687523148,1.627021584,0.214285714,1,1,3,0,0,0,0,3.0365,0,0,0,0,0,1,0,0,0,0,0,0,0,0,0,125.8,13.13269316,0.036771796,-1.473910328,0.481218929,0.306221438,9.935517184,5.761778668,-0.390218134,29.84652644,0,23.97268592,0,0,6.25076104,0,0,14.3633553,0.701292676
1,40,60,0,1,175,25,0,30,0.484720674,-0.496745104,0.496745104,2.478964439,2.228492727,9.843390349,5.749511833,0,4.794537184,0,35.39237126,0,14.63792753,16.74175372,0,0,12.84164325,5.749511833,0,18.18563022,4.794537184,46.53,4.794537184,0,0,14.03353474,0,9.843390349,11.04105787,1.687523148,1.627021584,0.214285714,1,1,3,0,0,0,0,3.0365,0,0,0,0,0,1,0,0,0,0,0,0,0,0,0,125.8,13.13269316,0.036771796,-1.473910328,0.481218929,0.306221438,9.935517184,5.761778668,-0.390218134,29.84652644,0,23.97268592,0,0,6.25076104,0,0,14.3633553,0.701292676
0,40,60,0,1,175,25,0,180,0.484720674,-0.496745104,0.496745104,2.478964439,2.228492727,9.843390349,5.749511833,0,4.794537184,0,35.39237126,0,14.63792753,16.74175372,0,0,12.84164325,5.749511833,0,18.18563022,4.794537184,46.53,4.794537184,0,0,14.03353474,0,9.843390349,11.04105787,1.687523148,1.627021584,0.214285714,1,1,3,0,0,0,0,3.0365,0,0,0,0,0,1,0,0,0,0,0,0,0,0,0,125.8,13.13269316,0.036771796,-1.473910328,0.481218929,0.306221438,9.935517184,5.761778668,-0.390218134,29.84652644,0,23.97268592,0,0,6.25076104,0,0,14.3633553,0.701292676
0,60,40,0,1,175,25,0,30,0.484720674,-0.496745104,0.496745104,2.478964439,2.228492727,9.843390349,5.749511833,0,4.794537184,0,35.39237126,0,14.63792753,16.74175372,0,0,12.84164325,5.749511833,0,18.18563022,4.794537184,46.53,4.794537184,0,0,14.03353474,0,9.843390349,11.04105787,1.687523148,1.627021584,0.214285714,1,1,3,0,0,0,0,3.0365,0,0,0,0,0,1,0,0,0,0,0,0,0,0,0,125.8,13.13269316,0.036771796,-1.473910328,0.481218929,0.306221438,9.935517184,5.761778668,-0.390218134,29.84652644,0,23.97268592,0,0,6.25076104,0,0,14.3633553,0.701292676
1,5,95,0,1,175,25,60,540,0.484720674,-0.496745104,0.496745104,2.478964439,2.228492727,9.843390349,5.749511833,0,4.794537184,0,35.39237126,0,14.63792753,16.74175372,0,0,12.84164325,5.749511833,0,18.18563022,4.794537184,46.53,4.794537184,0,0,14.03353474,0,9.843390349,11.04105787,1.687523148,1.627021584,0.214285714,1,1,3,0,0,0,0,3.0365,0,0,0,0,0,1,0,0,0,0,0,0,0,0,0,125.8,13.13269316,0.036771796,-1.473910328,0.481218929,0.306221438,9.935517184,5.761778668,-0.390218134,29.84652644,0,23.97268592,0,0,6.25076104,0,0,14.3633553,0.701292676
1,10,90,0,1,175,25,60,540,0.484720674,-0.496745104,0.496745104,2.478964439,2.228492727,9.843390349,5.749511833,0,4.794537184,0,35.39237126,0,14.63792753,16.74175372,0,0,12.84164325,5.749511833,0,18.18563022,4.794537184,46.53,4.794537184,0,0,14.03353474,0,9.843390349,11.04105787,1.687523148,1.627021584,0.214285714,1,1,3,0,0,0,0,3.0365,0,0,0,0,0,1,0,0,0,0,0,0,0,0,0,125.8,13.13269316,0.036771796,-1.473910328,0.481218929,0.306221438,9.935517184,5.761778668,-0.390218134,29.84652644,0,23.97268592,0,0,6.25076104,0,0,14.3633553,0.701292676
1,20,80,0,1,175,25,60,180,0.484720674,-0.496745104,0.496745104,2.478964439,2.228492727,9.843390349,5.749511833,0,4.794537184,0,35.39237126,0,14.63792753,16.74175372,0,0,12.84164325,5.749511833,0,18.18563022,4.794537184,46.53,4.794537184,0,0,14.03353474,0,9.843390349,11.04105787,1.687523148,1.627021584,0.214285714,1,1,3,0,0,0,0,3.0365,0,0,0,0,0,1,0,0,0,0,0,0,0,0,0,125.8,13.13269316,0.036771796,-1.473910328,0.481218929,0.306221438,9.935517184,5.761778668,-0.390218134,29.84652644,0,23.97268592,0,0,6.25076104,0,0,14.3633553,0.701292676
0,20,80,0,1,175,25,60,360,0.484720674,-0.496745104,0.496745104,2.478964439,2.228492727,9.843390349,5.749511833,0,4.794537184,0,35.39237126,0,14.63792753,16.74175372,0,0,12.84164325,5.749511833,0,18.18563022,4.794537184,46.53,4.794537184,0,0,14.03353474,0,9.843390349,11.04105787,1.687523148,1.627021584,0.214285714,1,1,3,0,0,0,0,3.0365,0,0,0,0,0,1,0,0,0,0,0,0,0,0,0,125.8,13.13269316,0.036771796,-1.473910328,0.481218929,0.306221438,9.935517184,5.761778668,-0.390218134,29.84652644,0,23.97268592,0,0,6.25076104,0,0,14.3633553,0.701292676
0,40,60,0,1,175,25,60,30,0.484720674,-0.496745104,0.496745104,2.478964439,2.228492727,9.843390349,5.749511833,0,4.794537184,0,35.39237126,0,14.63792753,16.74175372,0,0,12.84164325,5.749511833,0,18.18563022,4.794537184,46.53,4.794537184,0,0,14.03353474,0,9.843390349,11.04105787,1.687523148,1.627021584,0.214285714,1,1,3,0,0,0,0,3.0365,0,0,0,0,0,1,0,0,0,0,0,0,0,0,0,125.8,13.13269316,0.036771796,-1.473910328,0.481218929,0.306221438,9.935517184,5.761778668,-0.390218134,29.84652644,0,23.97268592,0,0,6.25076104,0,0,14.3633553,0.701292676
0,60,40,0,1,175,25,60,30,0.484720674,-0.496745104,0.496745104,2.478964439,2.228492727,9.843390349,5.749511833,0,4.794537184,0,35.39237126,0,14.63792753,16.74175372,0,0,12.84164325,5.749511833,0,18.18563022,4.794537184,46.53,4.794537184,0,0,14.03353474,0,9.843390349,11.04105787,1.687523148,1.627021584,0.214285714,1,1,3,0,0,0,0,3.0365,0,0,0,0,0,1,0,0,0,0,0,0,0,0,0,125.8,13.13269316,0.036771796,-1.473910328,0.481218929,0.306221438,9.935517184,5.761778668,-0.390218134,29.84652644,0,23.97268592,0,0,6.25076104,0,0,14.3633553,0.701292676
1,75,25,0,2,60,25,0,350,0.006622874,-0.504254344,0.504254344,1.958861483,5.743402512,19.6867807,0,0,9.589074368,0,47.54441147,0,29.27585507,23.71853011,0,0,6.420821623,22.99804733,0,35.99913976,9.589074368,93.06,19.80212916,29.48633518,22.62592665,36.41750849,0,9.473725908,19.08487399,0,2.865846493,0.142857143,0,2,6,0,0,0,0,3.3699,0,0,0,0,0,0,0,0,0,0,2,0,0,0,0,113,12.82572922,0.055981771,-1.569986372,0.481218929,0.306221438,9.948783081,5.761521085,-0.387893507,23.87722115,0,34.49773092,0,0,3.011681888,0,0,14.3633553,0.701292676
1,75,25,0,2,60,25,84,75,0.006622874,-0.504254344,0.504254344,1.958861483,5.743402512,19.6867807,0,0,9.589074368,0,47.54441147,0,29.27585507,23.71853011,0,0,6.420821623,22.99804733,0,35.99913976,9.589074368,93.06,19.80212916,29.48633518,22.62592665,36.41750849,0,9.473725908,19.08487399,0,2.865846493,0.142857143,0,2,6,0,0,0,0,3.3699,0,0,0,0,0,0,0,0,0,0,2,0,0,0,0,113,12.82572922,0.055981771,-1.569986372,0.481218929,0.306221438,9.948783081,5.761521085,-0.387893507,23.87722115,0,34.49773092,0,0,3.011681888,0,0,14.3633553,0.701292676
0,75,25,0,2,60,25,84,76,0.006622874,-0.504254344,0.504254344,1.958861483,5.743402512,19.6867807,0,0,9.589074368,0,47.54441147,0,29.27585507,23.71853011,0,0,6.420821623,22.99804733,0,35.99913976,9.589074368,93.06,19.80212916,29.48633518,22.62592665,36.41750849,0,9.473725908,19.08487399,0,2.865846493,0.142857143,0,2,6,0,0,0,0,3.3699,0,0,0,0,0,0,0,0,0,0,2,0,0,0,0,113,12.82572922,0.055981771,-1.569986372,0.481218929,0.306221438,9.948783081,5.761521085,-0.387893507,23.87722115,0,34.49773092,0,0,3.011681888,0,0,14.3633553,0.701292676
1,40,60,0,2,60,25,0,100,0.023477891,-0.507966251,0.507966251,2.222508972,3.014068593,15.31958218,17.2485355,0,0,0,35.39237126,6.066367068,15.31958218,12.15204021,0,0,0,17.2485355,0,15.31958218,0,60.69,10.21305479,17.2485355,5.563451492,42.47422252,0,5.106527395,27.72556588,0,0,0,0,3,3,0,0,0,0,2.9738,0,0,0,0,0,0,0,0,0,0,3,0,0,0,0,102,10.66,0.208333333,0.208333333,0.319671229,0.226055117,10.38004459,5.784446402,-0.124969213,0,0,4.794537184,0,0,4.36162037,0,0,14.3633553,0.701292676
1,40,60,0,2,60,25,84,100,0.023477891,-0.507966251,0.507966251,2.222508972,3.014068593,15.31958218,17.2485355,0,0,0,35.39237126,6.066367068,15.31958218,12.15204021,0,0,0,17.2485355,0,15.31958218,0,60.69,10.21305479,17.2485355,5.563451492,42.47422252,0,5.106527395,27.72556588,0,0,0,0,3,3,0,0,0,0,2.9738,0,0,0,0,0,0,0,0,0,0,3,0,0,0,0,102,10.66,0.208333333,0.208333333,0.319671229,0.226055117,10.38004459,5.784446402,-0.124969213,0,0,4.794537184,0,0,4.36162037,0,0,14.3633553,0.701292676
1,40,60,0,2,60,25,0,400,0.023477891,-0.507966251,0.507966251,2.222508972,3.014068593,15.31958218,17.2485355,0,0,0,35.39237126,6.066367068,15.31958218,12.15204021,0,0,0,17.2485355,0,15.31958218,0,60.69,10.21305479,17.2485355,5.563451492,42.47422252,0,5.106527395,27.72556588,0,0,0,0,3,3,0,0,0,0,2.9738,0,0,0,0,0,0,0,0,0,0,3,0,0,0,0,163,10.66,0.208333333,0.208333333,0.319671229,0.226055117,10.38004459,5.784446402,-0.124969213,0,0,4.794537184,0,0,4.36162037,0,0,14.3633553,0.701292676
1,40,60,0,2,60,25,84,400,0.023477891,-0.507966251,0.507966251,2.222508972,3.014068593,15.31958218,17.2485355,0,0,0,35.39237126,6.066367068,15.31958218,12.15204021,0,0,0,17.2485355,0,15.31958218,0,60.69,10.21305479,17.2485355,5.563451492,42.47422252,0,5.106527395,27.72556588,0,0,0,0,3,3,0,0,0,0,2.9738,0,0,0,0,0,0,0,0,0,0,3,0,0,0,0,163,10.66,0.208333333,0.208333333,0.319671229,0.226055117,10.38004459,5.784446402,-0.124969213,0,0,4.794537184,0,0,4.36162037,0,0,14.3633553,0.701292676
1,30,70,0,2,60,25,0,100,0.023477891,-0.507966251,0.507966251,2.222508972,3.014068593,15.31958218,17.2485355,0,0,0,35.39237126,6.066367068,15.31958218,12.15204021,0,0,0,17.2485355,0,15.31958218,0,60.69,10.21305479,17.2485355,5.563451492,42.47422252,0,5.106527395,27.72556588,0,0,0,0,3,3,0,0,0,0,2.9738,0,0,0,0,0,0,0,0,0,0,3,0,0,0,0,113,12.82572922,0.055981771,-1.569986372,0.481218929,0.306221438,9.948783081,5.761521085,-0.387893507,23.87722115,0,34.49773092,0,0,3.011681888,0,0,14.3633553,0.701292676
1,30,70,0,2,60,25,84,1,0.023477891,-0.507966251,0.507966251,2.222508972,3.014068593,15.31958218,17.2485355,0,0,0,35.39237126,6.066367068,15.31958218,12.15204021,0,0,0,17.2485355,0,15.31958218,0,60.69,10.21305479,17.2485355,5.563451492,42.47422252,0,5.106527395,27.72556588,0,0,0,0,3,3,0,0,0,0,2.9738,0,0,0,0,0,0,0,0,0,0,3,0,0,0,0,113,12.82572922,0.055981771,-1.569986372,0.481218929,0.306221438,9.948783081,5.761521085,-0.387893507,23.87722115,0,34.49773092,0,0,3.011681888,0,0,14.3633553,0.701292676
0,30,70,0,2,60,25,84,2,0.023477891,-0.507966251,0.507966251,2.222508972,3.014068593,15.31958218,17.2485355,0,0,0,35.39237126,6.066367068,15.31958218,12.15204021,0,0,0,17.2485355,0,15.31958218,0,60.69,10.21305479,17.2485355,5.563451492,42.47422252,0,5.106527395,27.72556588,0,0,0,0,3,3,0,0,0,0,2.9738,0,0,0,0,0,0,0,0,0,0,3,0,0,0,0,113,12.82572922,0.055981771,-1.569986372,0.481218929,0.306221438,9.948783081,5.761521085,-0.387893507,23.87722115,0,34.49773092,0,0,3.011681888,0,0,14.3633553,0.701292676
1,75,25,0,2,60,25,0,350,0.006622874,-0.504254344,0.504254344,1.958861483,5.743402512,19.6867807,0,0,9.589074368,0,47.54441147,0,29.27585507,23.71853011,0,0,6.420821623,22.99804733,0,35.99913976,9.589074368,93.06,19.80212916,29.48633518,22.62592665,36.41750849,0,9.473725908,19.08487399,0,2.865846493,0.142857143,0,2,6,0,0,0,0,3.3699,0,0,0,0,0,0,0,0,0,0,2,0,0,0,0,163,10.66,0.208333333,0.208333333,0.319671229,0.226055117,10.38004459,5.784446402,-0.124969213,0,0,4.794537184,0,0,4.36162037,0,0,14.3633553,0.701292676
1,75,25,0,2,60,25,84,22,0.006622874,-0.504254344,0.504254344,1.958861483,5.743402512,19.6867807,0,0,9.589074368,0,47.54441147,0,29.27585507,23.71853011,0,0,6.420821623,22.99804733,0,35.99913976,9.589074368,93.06,19.80212916,29.48633518,22.62592665,36.41750849,0,9.473725908,19.08487399,0,2.865846493,0.142857143,0,2,6,0,0,0,0,3.3699,0,0,0,0,0,0,0,0,0,0,2,0,0,0,0,163,10.66,0.208333333,0.208333333,0.319671229,0.226055117,10.38004459,5.784446402,-0.124969213,0,0,4.794537184,0,0,4.36162037,0,0,14.3633553,0.701292676
0,75,25,0,2,60,25,84,23,0.006622874,-0.504254344,0.504254344,1.958861483,5.743402512,19.6867807,0,0,9.589074368,0,47.54441147,0,29.27585507,23.71853011,0,0,6.420821623,22.99804733,0,35.99913976,9.589074368,93.06,19.80212916,29.48633518,22.62592665,36.41750849,0,9.473725908,19.08487399,0,2.865846493,0.142857143,0,2,6,0,0,0,0,3.3699,0,0,0,0,0,0,0,0,0,0,2,0,0,0,0,163,10.66,0.208333333,0.208333333,0.319671229,0.226055117,10.38004459,5.784446402,-0.124969213,0,0,4.794537184,0,0,4.36162037,0,0,14.3633553,0.701292676
1,75,25,0,2,60,25,0,350,0.006622874,-0.504254344,0.504254344,1.958861483,5.743402512,19.6867807,0,0,9.589074368,0,47.54441147,0,29.27585507,23.71853011,0,0,6.420821623,22.99804733,0,35.99913976,9.589074368,93.06,19.80212916,29.48633518,22.62592665,36.41750849,0,9.473725908,19.08487399,0,2.865846493,0.142857143,0,2,6,0,0,0,0,3.3699,0,0,0,0,0,0,0,0,0,0,2,0,0,0,0,45,13.5793784,0.015375016,-1.252900206,0.468602342,0.311404757,9.636144471,5.82947623,-0.169149396,23.87722115,0,19.17814874,44.91424459,-3.513750844,12.24789031,2,1,14.3633553,0.701292676
1,75,25,0,2,60,25,84,350,0.006622874,-0.504254344,0.504254344,1.958861483,5.743402512,19.6867807,0,0,9.589074368,0,47.54441147,0,29.27585507,23.71853011,0,0,6.420821623,22.99804733,0,35.99913976,9.589074368,93.06,19.80212916,29.48633518,22.62592665,36.41750849,0,9.473725908,19.08487399,0,2.865846493,0.142857143,0,2,6,0,0,0,0,3.3699,0,0,0,0,0,0,0,0,0,0,2,0,0,0,0,45,13.5793784,0.015375016,-1.252900206,0.468602342,0.311404757,9.636144471,5.82947623,-0.169149396,23.87722115,0,19.17814874,44.91424459,-3.513750844,12.24789031,2,1,14.3633553,0.701292676
1,40,60,0,2,60,25,0,400,0.023477891,-0.507966251,0.507966251,2.222508972,3.014068593,15.31958218,17.2485355,0,0,0,35.39237126,6.066367068,15.31958218,12.15204021,0,0,0,17.2485355,0,15.31958218,0,60.69,10.21305479,17.2485355,5.563451492,42.47422252,0,5.106527395,27.72556588,0,0,0,0,3,3,0,0,0,0,2.9738,0,0,0,0,0,0,0,0,0,0,3,0,0,0,0,45,13.5793784,0.015375016,-1.252900206,0.468602342,0.311404757,9.636144471,5.82947623,-0.169149396,23.87722115,0,19.17814874,44.91424459,-3.513750844,12.24789031,2,1,14.3633553,0.701292676
1,40,60,0,2,60,25,84,400,0.023477891,-0.507966251,0.507966251,2.222508972,3.014068593,15.31958218,17.2485355,0,0,0,35.39237126,6.066367068,15.31958218,12.15204021,0,0,0,17.2485355,0,15.31958218,0,60.69,10.21305479,17.2485355,5.563451492,42.47422252,0,5.106527395,27.72556588,0,0,0,0,3,3,0,0,0,0,2.9738,0,0,0,0,0,0,0,0,0,0,3,0,0,0,0,45,13.5793784,0.015375016,-1.252900206,0.468602342,0.311404757,9.636144471,5.82947623,-0.169149396,23.87722115,0,19.17814874,44.91424459,-3.513750844,12.24789031,2,1,14.3633553,0.701292676
1,30,70,0,1,175,25,0,540,0.115102041,-0.507964316,0.507964316,2.736298072,2.292303973,10.423316,5.749511833,5.907179729,4.794537184,0,24.26546827,12.61112347,9.901064579,11.594566,0,0,6.9237372,5.749511833,0,11.01370712,4.794537184,49.33,4.794537184,11.65669156,5.687386275,12.13273414,5.316788604,5.106527395,11.4600326,1.437358277,0,0.125,0,2,3,0,0,0,0,1.3506,0,0,0,0,0,0,0,0,0,0,1,0,0,0,0,165,10.66,0.208333333,0.208333333,0.319671229,0.226055117,10.38004459,5.784446402,-0.124969213,0,0,4.794537184,0,0,4.36162037,0,0,14.3633553,0.701292676
1,40,60,0,1,175,25,0,540,0.115102041,-0.507964316,0.507964316,2.736298072,2.292303973,10.423316,5.749511833,5.907179729,4.794537184,0,24.26546827,12.61112347,9.901064579,11.594566,0,0,6.9237372,5.749511833,0,11.01370712,4.794537184,49.33,4.794537184,11.65669156,5.687386275,12.13273414,5.316788604,5.106527395,11.4600326,1.437358277,0,0.125,0,2,3,0,0,0,0,1.3506,0,0,0,0,0,0,0,0,0,0,1,0,0,0,0,165,10.66,0.208333333,0.208333333,0.319671229,0.226055117,10.38004459,5.784446402,-0.124969213,0,0,4.794537184,0,0,4.36162037,0,0,14.3633553,0.701292676
1,50,50,0,1,175,25,0,360,0.115102041,-0.507964316,0.507964316,2.736298072,2.292303973,10.423316,5.749511833,5.907179729,4.794537184,0,24.26546827,12.61112347,9.901064579,11.594566,0,0,6.9237372,5.749511833,0,11.01370712,4.794537184,49.33,4.794537184,11.65669156,5.687386275,12.13273414,5.316788604,5.106527395,11.4600326,1.437358277,0,0.125,0,2,3,0,0,0,0,1.3506,0,0,0,0,0,0,0,0,0,0,1,0,0,0,0,165,10.66,0.208333333,0.208333333,0.319671229,0.226055117,10.38004459,5.784446402,-0.124969213,0,0,4.794537184,0,0,4.36162037,0,0,14.3633553,0.701292676
0,50,50,0,1,175,25,0,540,0.115102041,-0.507964316,0.507964316,2.736298072,2.292303973,10.423316,5.749511833,5.907179729,4.794537184,0,24.26546827,12.61112347,9.901064579,11.594566,0,0,6.9237372,5.749511833,0,11.01370712,4.794537184,49.33,4.794537184,11.65669156,5.687386275,12.13273414,5.316788604,5.106527395,11.4600326,1.437358277,0,0.125,0,2,3,0,0,0,0,1.3506,0,0,0,0,0,0,0,0,0,0,1,0,0,0,0,165,10.66,0.208333333,0.208333333,0.319671229,0.226055117,10.38004459,5.784446402,-0.124969213,0,0,4.794537184,0,0,4.36162037,0,0,14.3633553,0.701292676
1,30,70,0,1,175,25,60,540,0.115102041,-0.507964316,0.507964316,2.736298072,2.292303973,10.423316,5.749511833,5.907179729,4.794537184,0,24.26546827,12.61112347,9.901064579,11.594566,0,0,6.9237372,5.749511833,0,11.01370712,4.794537184,49.33,4.794537184,11.65669156,5.687386275,12.13273414,5.316788604,5.106527395,11.4600326,1.437358277,0,0.125,0,2,3,0,0,0,0,1.3506,0,0,0,0,0,0,0,0,0,0,1,0,0,0,0,165,10.66,0.208333333,0.208333333,0.319671229,0.226055117,10.38004459,5.784446402,-0.124969213,0,0,4.794537184,0,0,4.36162037,0,0,14.3633553,0.701292676
1,40,60,0,1,175,25,60,180,0.115102041,-0.507964316,0.507964316,2.736298072,2.292303973,10.423316,5.749511833,5.907179729,4.794537184,0,24.26546827,12.61112347,9.901064579,11.594566,0,0,6.9237372,5.749511833,0,11.01370712,4.794537184,49.33,4.794537184,11.65669156,5.687386275,12.13273414,5.316788604,5.106527395,11.4600326,1.437358277,0,0.125,0,2,3,0,0,0,0,1.3506,0,0,0,0,0,0,0,0,0,0,1,0,0,0,0,165,10.66,0.208333333,0.208333333,0.319671229,0.226055117,10.38004459,5.784446402,-0.124969213,0,0,4.794537184,0,0,4.36162037,0,0,14.3633553,0.701292676
0,40,60,0,1,175,25,60,360,0.115102041,-0.507964316,0.507964316,2.736298072,2.292303973,10.423316,5.749511833,5.907179729,4.794537184,0,24.26546827,12.61112347,9.901064579,11.594566,0,0,6.9237372,5.749511833,0,11.01370712,4.794537184,49.33,4.794537184,11.65669156,5.687386275,12.13273414,5.316788604,5.106527395,11.4600326,1.437358277,0,0.125,0,2,3,0,0,0,0,1.3506,0,0,0,0,0,0,0,0,0,0,1,0,0,0,0,165,10.66,0.208333333,0.208333333,0.319671229,0.226055117,10.38004459,5.784446402,-0.124969213,0,0,4.794537184,0,0,4.36162037,0,0,14.3633553,0.701292676
0,50,50,0,1,175,25,60,30,0.115102041,-0.507964316,0.507964316,2.736298072,2.292303973,10.423316,5.749511833,5.907179729,4.794537184,0,24.26546827,12.61112347,9.901064579,11.594566,0,0,6.9237372,5.749511833,0,11.01370712,4.794537184,49.33,4.794537184,11.65669156,5.687386275,12.13273414,5.316788604,5.106527395,11.4600326,1.437358277,0,0.125,0,2,3,0,0,0,0,1.3506,0,0,0,0,0,0,0,0,0,0,1,0,0,0,0,165,10.66,0.208333333,0.208333333,0.319671229,0.226055117,10.38004459,5.784446402,-0.124969213,0,0,4.794537184,0,0,4.36162037,0,0,14.3633553,0.701292676
1,25,75,0,1,175,25,0,540,0.484720674,-0.496745104,0.496745104,2.478964439,2.228492727,9.843390349,5.749511833,0,4.794537184,0,35.39237126,0,14.63792753,16.74175372,0,0,12.84164325,5.749511833,0,18.18563022,4.794537184,46.53,4.794537184,0,0,14.03353474,0,9.843390349,11.04105787,1.687523148,1.627021584,0.214285714,1,1,3,0,0,0,0,3.0365,0,0,0,0,0,1,0,0,0,0,0,0,0,0,0,165,10.66,0.208333333,0.208333333,0.319671229,0.226055117,10.38004459,5.784446402,-0.124969213,0,0,4.794537184,0,0,4.36162037,0,0,14.3633553,0.701292676
1,40,60,0,1,175,25,0,540,0.484720674,-0.496745104,0.496745104,2.478964439,2.228492727,9.843390349,5.749511833,0,4.794537184,0,35.39237126,0,14.63792753,16.74175372,0,0,12.84164325,5.749511833,0,18.18563022,4.794537184,46.53,4.794537184,0,0,14.03353474,0,9.843390349,11.04105787,1.687523148,1.627021584,0.214285714,1,1,3,0,0,0,0,3.0365,0,0,0,0,0,1,0,0,0,0,0,0,0,0,0,165,10.66,0.208333333,0.208333333,0.319671229,0.226055117,10.38004459,5.784446402,-0.124969213,0,0,4.794537184,0,0,4.36162037,0,0,14.3633553,0.701292676
1,50,50,0,1,175,25,0,180,0.484720674,-0.496745104,0.496745104,2.478964439,2.228492727,9.843390349,5.749511833,0,4.794537184,0,35.39237126,0,14.63792753,16.74175372,0,0,12.84164325,5.749511833,0,18.18563022,4.794537184,46.53,4.794537184,0,0,14.03353474,0,9.843390349,11.04105787,1.687523148,1.627021584,0.214285714,1,1,3,0,0,0,0,3.0365,0,0,0,0,0,1,0,0,0,0,0,0,0,0,0,165,10.66,0.208333333,0.208333333,0.319671229,0.226055117,10.38004459,5.784446402,-0.124969213,0,0,4.794537184,0,0,4.36162037,0,0,14.3633553,0.701292676
0,50,50,0,1,175,25,0,360,0.484720674,-0.496745104,0.496745104,2.478964439,2.228492727,9.843390349,5.749511833,0,4.794537184,0,35.39237126,0,14.63792753,16.74175372,0,0,12.84164325,5.749511833,0,18.18563022,4.794537184,46.53,4.794537184,0,0,14.03353474,0,9.843390349,11.04105787,1.687523148,1.627021584,0.214285714,1,1,3,0,0,0,0,3.0365,0,0,0,0,0,1,0,0,0,0,0,0,0,0,0,165,10.66,0.208333333,0.208333333,0.319671229,0.226055117,10.38004459,5.784446402,-0.124969213,0,0,4.794537184,0,0,4.36162037,0,0,14.3633553,0.701292676
1,60,40,0,1,175,25,0,30,0.484720674,-0.496745104,0.496745104,2.478964439,2.228492727,9.843390349,5.749511833,0,4.794537184,0,35.39237126,0,14.63792753,16.74175372,0,0,12.84164325,5.749511833,0,18.18563022,4.794537184,46.53,4.794537184,0,0,14.03353474,0,9.843390349,11.04105787,1.687523148,1.627021584,0.214285714,1,1,3,0,0,0,0,3.0365,0,0,0,0,0,1,0,0,0,0,0,0,0,0,0,165,10.66,0.208333333,0.208333333,0.319671229,0.226055117,10.38004459,5.784446402,-0.124969213,0,0,4.794537184,0,0,4.36162037,0,0,14.3633553,0.701292676
0,60,40,0,1,175,25,0,180,0.484720674,-0.496745104,0.496745104,2.478964439,2.228492727,9.843390349,5.749511833,0,4.794537184,0,35.39237126,0,14.63792753,16.74175372,0,0,12.84164325,5.749511833,0,18.18563022,4.794537184,46.53,4.794537184,0,0,14.03353474,0,9.843390349,11.04105787,1.687523148,1.627021584,0.214285714,1,1,3,0,0,0,0,3.0365,0,0,0,0,0,1,0,0,0,0,0,0,0,0,0,165,10.66,0.208333333,0.208333333,0.319671229,0.226055117,10.38004459,5.784446402,-0.124969213,0,0,4.794537184,0,0,4.36162037,0,0,14.3633553,0.701292676
1,25,75,0,1,175,25,60,540,0.484720674,-0.496745104,0.496745104,2.478964439,2.228492727,9.843390349,5.749511833,0,4.794537184,0,35.39237126,0,14.63792753,16.74175372,0,0,12.84164325,5.749511833,0,18.18563022,4.794537184,46.53,4.794537184,0,0,14.03353474,0,9.843390349,11.04105787,1.687523148,1.627021584,0.214285714,1,1,3,0,0,0,0,3.0365,0,0,0,0,0,1,0,0,0,0,0,0,0,0,0,165,10.66,0.208333333,0.208333333,0.319671229,0.226055117,10.38004459,5.784446402,-0.124969213,0,0,4.794537184,0,0,4.36162037,0,0,14.3633553,0.701292676
1,40,60,0,1,175,25,60,180,0.484720674,-0.496745104,0.496745104,2.478964439,2.228492727,9.843390349,5.749511833,0,4.794537184,0,35.39237126,0,14.63792753,16.74175372,0,0,12.84164325,5.749511833,0,18.18563022,4.794537184,46.53,4.794537184,0,0,14.03353474,0,9.843390349,11.04105787,1.687523148,1.627021584,0.214285714,1,1,3,0,0,0,0,3.0365,0,0,0,0,0,1,0,0,0,0,0,0,0,0,0,165,10.66,0.208333333,0.208333333,0.319671229,0.226055117,10.38004459,5.784446402,-0.124969213,0,0,4.794537184,0,0,4.36162037,0,0,14.3633553,0.701292676
0,40,60,0,1,175,25,60,360,0.484720674,-0.496745104,0.496745104,2.478964439,2.228492727,9.843390349,5.749511833,0,4.794537184,0,35.39237126,0,14.63792753,16.74175372,0,0,12.84164325,5.749511833,0,18.18563022,4.794537184,46.53,4.794537184,0,0,14.03353474,0,9.843390349,11.04105787,1.687523148,1.627021584,0.214285714,1,1,3,0,0,0,0,3.0365,0,0,0,0,0,1,0,0,0,0,0,0,0,0,0,165,10.66,0.208333333,0.208333333,0.319671229,0.226055117,10.38004459,5.784446402,-0.124969213,0,0,4.794537184,0,0,4.36162037,0,0,14.3633553,0.701292676
0,50,50,0,1,175,25,60,30,0.484720674,-0.496745104,0.496745104,2.478964439,2.228492727,9.843390349,5.749511833,0,4.794537184,0,35.39237126,0,14.63792753,16.74175372,0,0,12.84164325,5.749511833,0,18.18563022,4.794537184,46.53,4.794537184,0,0,14.03353474,0,9.843390349,11.04105787,1.687523148,1.627021584,0.214285714,1,1,3,0,0,0,0,3.0365,0,0,0,0,0,1,0,0,0,0,0,0,0,0,0,165,10.66,0.208333333,0.208333333,0.319671229,0.226055117,10.38004459,5.784446402,-0.124969213,0,0,4.794537184,0,0,4.36162037,0,0,14.3633553,0.701292676
0,60,40,0,1,175,25,60,30,0.484720674,-0.496745104,0.496745104,2.478964439,2.228492727,9.843390349,5.749511833,0,4.794537184,0,35.39237126,0,14.63792753,16.74175372,0,0,12.84164325,5.749511833,0,18.18563022,4.794537184,46.53,4.794537184,0,0,14.03353474,0,9.843390349,11.04105787,1.687523148,1.627021584,0.214285714,1,1,3,0,0,0,0,3.0365,0,0,0,0,0,1,0,0,0,0,0,0,0,0,0,165,10.66,0.208333333,0.208333333,0.319671229,0.226055117,10.38004459,5.784446402,-0.124969213,0,0,4.794537184,0,0,4.36162037,0,0,14.3633553,0.701292676
1,10,90,0,3,80,25,0,650,0.210183829,-0.465580051,0.465580051,2.73893106,3.672813255,14.79051451,0,0,0,0,32.40103016,11.39407863,19.06280028,35.14049036,5.316788604,0,26.68911765,0,23.20187978,25.65529008,19.06280028,64.63,9.589074368,11.62951528,33.12637249,38.9703128,5.316788604,32.67560569,3.66064471,5.410709422,1.286177625,0.333333333,1,1,7,0,0,0,1,3.9643,0,0,0,0,0,0,2,0,0,0,0,0,0,0,0,165,10.66,0.208333333,0.208333333,0.319671229,0.226055117,10.38004459,5.784446402,-0.124969213,0,0,4.794537184,0,0,4.36162037,0,0,14.3633553,0.701292676
1,30,70,0,3,80,25,0,650,0.210183829,-0.465580051,0.465580051,2.73893106,3.672813255,14.79051451,0,0,0,0,32.40103016,11.39407863,19.06280028,35.14049036,5.316788604,0,26.68911765,0,23.20187978,25.65529008,19.06280028,64.63,9.589074368,11.62951528,33.12637249,38.9703128,5.316788604,32.67560569,3.66064471,5.410709422,1.286177625,0.333333333,1,1,7,0,0,0,1,3.9643,0,0,0,0,0,0,2,0,0,0,0,0,0,0,0,165,10.66,0.208333333,0.208333333,0.319671229,0.226055117,10.38004459,5.784446402,-0.124969213,0,0,4.794537184,0,0,4.36162037,0,0,14.3633553,0.701292676
1,40,60,0,3,80,25,0,650,0.210183829,-0.465580051,0.465580051,2.73893106,3.672813255,14.79051451,0,0,0,0,32.40103016,11.39407863,19.06280028,35.14049036,5.316788604,0,26.68911765,0,23.20187978,25.65529008,19.06280028,64.63,9.589074368,11.62951528,33.12637249,38.9703128,5.316788604,32.67560569,3.66064471,5.410709422,1.286177625,0.333333333,1,1,7,0,0,0,1,3.9643,0,0,0,0,0,0,2,0,0,0,0,0,0,0,0,165,10.66,0.208333333,0.208333333,0.319671229,0.226055117,10.38004459,5.784446402,-0.124969213,0,0,4.794537184,0,0,4.36162037,0,0,14.3633553,0.701292676
1,60,40,0,3,80,25,0,238,0.210183829,-0.465580051,0.465580051,2.73893106,3.672813255,14.79051451,0,0,0,0,32.40103016,11.39407863,19.06280028,35.14049036,5.316788604,0,26.68911765,0,23.20187978,25.65529008,19.06280028,64.63,9.589074368,11.62951528,33.12637249,38.9703128,5.316788604,32.67560569,3.66064471,5.410709422,1.286177625,0.333333333,1,1,7,0,0,0,1,3.9643,0,0,0,0,0,0,2,0,0,0,0,0,0,0,0,165,10.66,0.208333333,0.208333333,0.319671229,0.226055117,10.38004459,5.784446402,-0.124969213,0,0,4.794537184,0,0,4.36162037,0,0,14.3633553,0.701292676
0,60,40,0,3,80,25,0,239,0.210183829,-0.465580051,0.465580051,2.73893106,3.672813255,14.79051451,0,0,0,0,32.40103016,11.39407863,19.06280028,35.14049036,5.316788604,0,26.68911765,0,23.20187978,25.65529008,19.06280028,64.63,9.589074368,11.62951528,33.12637249,38.9703128,5.316788604,32.67560569,3.66064471,5.410709422,1.286177625,0.333333333,1,1,7,0,0,0,1,3.9643,0,0,0,0,0,0,2,0,0,0,0,0,0,0,0,165,10.66,0.208333333,0.208333333,0.319671229,0.226055117,10.38004459,5.784446402,-0.124969213,0,0,4.794537184,0,0,4.36162037,0,0,14.3633553,0.701292676
1,70,30,0,3,80,25,0,69,0.210183829,-0.465580051,0.465580051,2.73893106,3.672813255,14.79051451,0,0,0,0,32.40103016,11.39407863,19.06280028,35.14049036,5.316788604,0,26.68911765,0,23.20187978,25.65529008,19.06280028,64.63,9.589074368,11.62951528,33.12637249,38.9703128,5.316788604,32.67560569,3.66064471,5.410709422,1.286177625,0.333333333,1,1,7,0,0,0,1,3.9643,0,0,0,0,0,0,2,0,0,0,0,0,0,0,0,165,10.66,0.208333333,0.208333333,0.319671229,0.226055117,10.38004459,5.784446402,-0.124969213,0,0,4.794537184,0,0,4.36162037,0,0,14.3633553,0.701292676
0,70,30,0,3,80,25,0,70,0.210183829,-0.465580051,0.465580051,2.73893106,3.672813255,14.79051451,0,0,0,0,32.40103016,11.39407863,19.06280028,35.14049036,5.316788604,0,26.68911765,0,23.20187978,25.65529008,19.06280028,64.63,9.589074368,11.62951528,33.12637249,38.9703128,5.316788604,32.67560569,3.66064471,5.410709422,1.286177625,0.333333333,1,1,7,0,0,0,1,3.9643,0,0,0,0,0,0,2,0,0,0,0,0,0,0,0,165,10.66,0.208333333,0.208333333,0.319671229,0.226055117,10.38004459,5.784446402,-0.124969213,0,0,4.794537184,0,0,4.36162037,0,0,14.3633553,0.701292676
1,90,10,0,3,80,25,0,61,0.210183829,-0.465580051,0.465580051,2.73893106,3.672813255,14.79051451,0,0,0,0,32.40103016,11.39407863,19.06280028,35.14049036,5.316788604,0,26.68911765,0,23.20187978,25.65529008,19.06280028,64.63,9.589074368,11.62951528,33.12637249,38.9703128,5.316788604,32.67560569,3.66064471,5.410709422,1.286177625,0.333333333,1,1,7,0,0,0,1,3.9643,0,0,0,0,0,0,2,0,0,0,0,0,0,0,0,165,10.66,0.208333333,0.208333333,0.319671229,0.226055117,10.38004459,5.784446402,-0.124969213,0,0,4.794537184,0,0,4.36162037,0,0,14.3633553,0.701292676
0,90,10,0,3,80,25,0,70,0.210183829,-0.465580051,0.465580051,2.73893106,3.672813255,14.79051451,0,0,0,0,32.40103016,11.39407863,19.06280028,35.14049036,5.316788604,0,26.68911765,0,23.20187978,25.65529008,19.06280028,64.63,9.589074368,11.62951528,33.12637249,38.9703128,5.316788604,32.67560569,3.66064471,5.410709422,1.286177625,0.333333333,1,1,7,0,0,0,1,3.9643,0,0,0,0,0,0,2,0,0,0,0,0,0,0,0,165,10.66,0.208333333,0.208333333,0.319671229,0.226055117,10.38004459,5.784446402,-0.124969213,0,0,4.794537184,0,0,4.36162037,0,0,14.3633553,0.701292676
1,10,90,0,2,25,25,0,750,0.418425926,-0.480788502,0.480788502,2.759037133,3.387630632,5.106527395,0,0,4.794537184,0,30.38936785,0,9.901064579,5.969305288,0,5.917906046,33.10993927,0,0,11.07583268,11.21535881,37.3,4.794537184,0,5.917906046,6.9237372,13.8474744,5.106527395,8.850157339,6.056901088,0,0.461538462,1,1,2,0,0,0,1,3.0732,0,0,0,0,0,0,0,0,0,0,0,0,0,0,0,165,10.66,0.208333333,0.208333333,0.319671229,0.226055117,10.38004459,5.784446402,-0.124969213,0,0,4.794537184,0,0,4.36162037,0,0,14.3633553,0.701292676
1,30,70,0,2,25,25,0,750,0.418425926,-0.480788502,0.480788502,2.759037133,3.387630632,5.106527395,0,0,4.794537184,0,30.38936785,0,9.901064579,5.969305288,0,5.917906046,33.10993927,0,0,11.07583268,11.21535881,37.3,4.794537184,0,5.917906046,6.9237372,13.8474744,5.106527395,8.850157339,6.056901088,0,0.461538462,1,1,2,0,0,0,1,3.0732,0,0,0,0,0,0,0,0,0,0,0,0,0,0,0,165,10.66,0.208333333,0.208333333,0.319671229,0.226055117,10.38004459,5.784446402,-0.124969213,0,0,4.794537184,0,0,4.36162037,0,0,14.3633553,0.701292676
1,40,60,0,2,25,25,0,750,0.418425926,-0.480788502,0.480788502,2.759037133,3.387630632,5.106527395,0,0,4.794537184,0,30.38936785,0,9.901064579,5.969305288,0,5.917906046,33.10993927,0,0,11.07583268,11.21535881,37.3,4.794537184,0,5.917906046,6.9237372,13.8474744,5.106527395,8.850157339,6.056901088,0,0.461538462,1,1,2,0,0,0,1,3.0732,0,0,0,0,0,0,0,0,0,0,0,0,0,0,0,165,10.66,0.208333333,0.208333333,0.319671229,0.226055117,10.38004459,5.784446402,-0.124969213,0,0,4.794537184,0,0,4.36162037,0,0,14.3633553,0.701292676
1,60,40,0,2,25,25,0,750,0.418425926,-0.480788502,0.480788502,2.759037133,3.387630632,5.106527395,0,0,4.794537184,0,30.38936785,0,9.901064579,5.969305288,0,5.917906046,33.10993927,0,0,11.07583268,11.21535881,37.3,4.794537184,0,5.917906046,6.9237372,13.8474744,5.106527395,8.850157339,6.056901088,0,0.461538462,1,1,2,0,0,0,1,3.0732,0,0,0,0,0,0,0,0,0,0,0,0,0,0,0,165,10.66,0.208333333,0.208333333,0.319671229,0.226055117,10.38004459,5.784446402,-0.124969213,0,0,4.794537184,0,0,4.36162037,0,0,14.3633553,0.701292676
1,70,30,0,2,25,25,0,159,0.418425926,-0.480788502,0.480788502,2.759037133,3.387630632,5.106527395,0,0,4.794537184,0,30.38936785,0,9.901064579,5.969305288,0,5.917906046,33.10993927,0,0,11.07583268,11.21535881,37.3,4.794537184,0,5.917906046,6.9237372,13.8474744,5.106527395,8.850157339,6.056901088,0,0.461538462,1,1,2,0,0,0,1,3.0732,0,0,0,0,0,0,0,0,0,0,0,0,0,0,0,165,10.66,0.208333333,0.208333333,0.319671229,0.226055117,10.38004459,5.784446402,-0.124969213,0,0,4.794537184,0,0,4.36162037,0,0,14.3633553,0.701292676
0,70,30,0,2,25,25,0,160,0.418425926,-0.480788502,0.480788502,2.759037133,3.387630632,5.106527395,0,0,4.794537184,0,30.38936785,0,9.901064579,5.969305288,0,5.917906046,33.10993927,0,0,11.07583268,11.21535881,37.3,4.794537184,0,5.917906046,6.9237372,13.8474744,5.106527395,8.850157339,6.056901088,0,0.461538462,1,1,2,0,0,0,1,3.0732,0,0,0,0,0,0,0,0,0,0,0,0,0,0,0,165,10.66,0.208333333,0.208333333,0.319671229,0.226055117,10.38004459,5.784446402,-0.124969213,0,0,4.794537184,0,0,4.36162037,0,0,14.3633553,0.701292676
1,90,10,0,2,25,25,0,159,0.418425926,-0.480788502,0.480788502,2.759037133,3.387630632,5.106527395,0,0,4.794537184,0,30.38936785,0,9.901064579,5.969305288,0,5.917906046,33.10993927,0,0,11.07583268,11.21535881,37.3,4.794537184,0,5.917906046,6.9237372,13.8474744,5.106527395,8.850157339,6.056901088,0,0.461538462,1,1,2,0,0,0,1,3.0732,0,0,0,0,0,0,0,0,0,0,0,0,0,0,0,165,10.66,0.208333333,0.208333333,0.319671229,0.226055117,10.38004459,5.784446402,-0.124969213,0,0,4.794537184,0,0,4.36162037,0,0,14.3633553,0.701292676
0,90,10,0,2,25,25,0,160,0.418425926,-0.480788502,0.480788502,2.759037133,3.387630632,5.106527395,0,0,4.794537184,0,30.38936785,0,9.901064579,5.969305288,0,5.917906046,33.10993927,0,0,11.07583268,11.21535881,37.3,4.794537184,0,5.917906046,6.9237372,13.8474744,5.106527395,8.850157339,6.056901088,0,0.461538462,1,1,2,0,0,0,1,3.0732,0,0,0,0,0,0,0,0,0,0,0,0,0,0,0,165,10.66,0.208333333,0.208333333,0.319671229,0.226055117,10.38004459,5.784446402,-0.124969213,0,0,4.794537184,0,0,4.36162037,0,0,14.3633553,0.701292676
1,33.3,66.7,0,3,90,25,60,84,0.154646876,-0.507339645,0.507339645,2.566388476,7.381438595,10.21305479,11.49902367,0,0,0,59.77290455,32.04477292,10.21305479,23.5237699,0,0,132.4623041,11.49902367,23.5237699,14.29210923,21.65996188,40.46,10.21305479,25.73901631,11.49902367,0,121.1977891,0,22.2387265,30.35531734,0,0.612903226,0,2,4,0,0,0,0,9.9083,0,0,0,0,0,0,0,0,0,0,2,0,0,0,0,163,10.66,0.208333333,0.208333333,0.319671229,0.226055117,10.38004459,5.784446402,-0.124969213,0,0,4.794537184,0,0,4.36162037,0,0,14.3633553,0.701292676
1,25,75,0,3,90,25,60,84,0.154646876,-0.507339645,0.507339645,2.566388476,7.381438595,10.21305479,11.49902367,0,0,0,59.77290455,32.04477292,10.21305479,23.5237699,0,0,132.4623041,11.49902367,23.5237699,14.29210923,21.65996188,40.46,10.21305479,25.73901631,11.49902367,0,121.1977891,0,22.2387265,30.35531734,0,0.612903226,0,2,4,0,0,0,0,9.9083,0,0,0,0,0,0,0,0,0,0,2,0,0,0,0,163,10.66,0.208333333,0.208333333,0.319671229,0.226055117,10.38004459,5.784446402,-0.124969213,0,0,4.794537184,0,0,4.36162037,0,0,14.3633553,0.701292676
1,16.7,83.3,0,3,90,25,60,84,0.154646876,-0.507339645,0.507339645,2.566388476,7.381438595,10.21305479,11.49902367,0,0,0,59.77290455,32.04477292,10.21305479,23.5237699,0,0,132.4623041,11.49902367,23.5237699,14.29210923,21.65996188,40.46,10.21305479,25.73901631,11.49902367,0,121.1977891,0,22.2387265,30.35531734,0,0.612903226,0,2,4,0,0,0,0,9.9083,0,0,0,0,0,0,0,0,0,0,2,0,0,0,0,163,10.66,0.208333333,0.208333333,0.319671229,0.226055117,10.38004459,5.784446402,-0.124969213,0,0,4.794537184,0,0,4.36162037,0,0,14.3633553,0.701292676
1,12.5,87.5,0,3,90,25,60,84,0.154646876,-0.507339645,0.507339645,2.566388476,7.381438595,10.21305479,11.49902367,0,0,0,59.77290455,32.04477292,10.21305479,23.5237699,0,0,132.4623041,11.49902367,23.5237699,14.29210923,21.65996188,40.46,10.21305479,25.73901631,11.49902367,0,121.1977891,0,22.2387265,30.35531734,0,0.612903226,0,2,4,0,0,0,0,9.9083,0,0,0,0,0,0,0,0,0,0,2,0,0,0,0,163,10.66,0.208333333,0.208333333,0.319671229,0.226055117,10.38004459,5.784446402,-0.124969213,0,0,4.794537184,0,0,4.36162037,0,0,14.3633553,0.701292676
1,10,90,0,3,90,25,60,84,0.154646876,-0.507339645,0.507339645,2.566388476,7.381438595,10.21305479,11.49902367,0,0,0,59.77290455,32.04477292,10.21305479,23.5237699,0,0,132.4623041,11.49902367,23.5237699,14.29210923,21.65996188,40.46,10.21305479,25.73901631,11.49902367,0,121.1977891,0,22.2387265,30.35531734,0,0.612903226,0,2,4,0,0,0,0,9.9083,0,0,0,0,0,0,0,0,0,0,2,0,0,0,0,163,10.66,0.208333333,0.208333333,0.319671229,0.226055117,10.38004459,5.784446402,-0.124969213,0,0,4.794537184,0,0,4.36162037,0,0,14.3633553,0.701292676
0,50,50,0,3,115,25,60,7,0.233218065,-0.477583341,0.477583341,2.402484301,2.46201873,10.423316,0,0,0,0,36.75265697,10.71001959,9.901064579,28.94501773,0,0,6.9237372,0,11.60093989,11.07583268,0,49.33,4.794537184,5.563451492,10.71001959,30.33183534,5.316788604,16.70746729,12.84529918,1.882983277,0,0.071428571,0,2,4,0,0,0,0,4.09022,0,0,0,0,0,0,1,0,0,1,0,0,0,0,0,163,10.66,0.208333333,0.208333333,0.319671229,0.226055117,10.38004459,5.784446402,-0.124969213,0,0,4.794537184,0,0,4.36162037,0,0,14.3633553,0.701292676
1,25,75,0,3,115,25,60,84,0.233218065,-0.477583341,0.477583341,2.402484301,2.46201873,10.423316,0,0,0,0,36.75265697,10.71001959,9.901064579,28.94501773,0,0,6.9237372,0,11.60093989,11.07583268,0,49.33,4.794537184,5.563451492,10.71001959,30.33183534,5.316788604,16.70746729,12.84529918,1.882983277,0,0.071428571,0,2,4,0,0,0,0,4.09022,0,0,0,0,0,0,1,0,0,1,0,0,0,0,0,163,10.66,0.208333333,0.208333333,0.319671229,0.226055117,10.38004459,5.784446402,-0.124969213,0,0,4.794537184,0,0,4.36162037,0,0,14.3633553,0.701292676
1,16.7,83.3,0,3,115,25,60,84,0.233218065,-0.477583341,0.477583341,2.402484301,2.46201873,10.423316,0,0,0,0,36.75265697,10.71001959,9.901064579,28.94501773,0,0,6.9237372,0,11.60093989,11.07583268,0,49.33,4.794537184,5.563451492,10.71001959,30.33183534,5.316788604,16.70746729,12.84529918,1.882983277,0,0.071428571,0,2,4,0,0,0,0,4.09022,0,0,0,0,0,0,1,0,0,1,0,0,0,0,0,163,10.66,0.208333333,0.208333333,0.319671229,0.226055117,10.38004459,5.784446402,-0.124969213,0,0,4.794537184,0,0,4.36162037,0,0,14.3633553,0.701292676
1,12.5,87.5,0,3,115,25,60,84,0.233218065,-0.477583341,0.477583341,2.402484301,2.46201873,10.423316,0,0,0,0,36.75265697,10.71001959,9.901064579,28.94501773,0,0,6.9237372,0,11.60093989,11.07583268,0,49.33,4.794537184,5.563451492,10.71001959,30.33183534,5.316788604,16.70746729,12.84529918,1.882983277,0,0.071428571,0,2,4,0,0,0,0,4.09022,0,0,0,0,0,0,1,0,0,1,0,0,0,0,0,163,10.66,0.208333333,0.208333333,0.319671229,0.226055117,10.38004459,5.784446402,-0.124969213,0,0,4.794537184,0,0,4.36162037,0,0,14.3633553,0.701292676
1,10,90,0,2,50,25,25,360,0.482928372,-0.487887131,0.487887131,2.102703623,4.355479396,14.47080249,23.10514332,0,0,0,45.04633291,11.75375334,9.154013891,34.49470171,0,0,20.7712116,5.749511833,23.81881333,11.59538407,0,34.4,0,0,22.36752921,12.32953006,5.316788604,32.97282722,3.737036171,6.401962389,0,0.235294118,0,1,5,0,0,0,0,5.37402,0,0,0,0,0,0,1,0,0,0,0,0,0,0,0,163,10.66,0.208333333,0.208333333,0.319671229,0.226055117,10.38004459,5.784446402,-0.124969213,0,0,4.794537184,0,0,4.36162037,0,0,14.3633553,0.701292676
0,40,60,0,3,40,25,75,21,0.484720674,-0.496745104,0.496745104,2.478964439,2.228492727,9.843390349,5.749511833,0,4.794537184,0,35.39237126,0,14.63792753,16.74175372,0,0,12.84164325,5.749511833,0,18.18563022,4.794537184,46.53,4.794537184,0,0,14.03353474,0,9.843390349,11.04105787,1.687523148,1.627021584,0.214285714,1,1,3,0,0,0,0,3.0365,0,0,0,0,0,1,0,0,0,0,0,0,0,0,0,165,10.66,0.208333333,0.208333333,0.319671229,0.226055117,10.38004459,5.784446402,-0.124969213,0,0,4.794537184,0,0,4.36162037,0,0,14.3633553,0.701292676
0,40,60,0,3,80,25,75,21,0.484720674,-0.496745104,0.496745104,2.478964439,2.228492727,9.843390349,5.749511833,0,4.794537184,0,35.39237126,0,14.63792753,16.74175372,0,0,12.84164325,5.749511833,0,18.18563022,4.794537184,46.53,4.794537184,0,0,14.03353474,0,9.843390349,11.04105787,1.687523148,1.627021584,0.214285714,1,1,3,0,0,0,0,3.0365,0,0,0,0,0,1,0,0,0,0,0,0,0,0,0,165,10.66,0.208333333,0.208333333,0.319671229,0.226055117,10.38004459,5.784446402,-0.124969213,0,0,4.794537184,0,0,4.36162037,0,0,14.3633553,0.701292676
0,40,60,0,3,120,25,75,21,0.484720674,-0.496745104,0.496745104,2.478964439,2.228492727,9.843390349,5.749511833,0,4.794537184,0,35.39237126,0,14.63792753,16.74175372,0,0,12.84164325,5.749511833,0,18.18563022,4.794537184,46.53,4.794537184,0,0,14.03353474,0,9.843390349,11.04105787,1.687523148,1.627021584,0.214285714,1,1,3,0,0,0,0,3.0365,0,0,0,0,0,1,0,0,0,0,0,0,0,0,0,165,10.66,0.208333333,0.208333333,0.319671229,0.226055117,10.38004459,5.784446402,-0.124969213,0,0,4.794537184,0,0,4.36162037,0,0,14.3633553,0.701292676
1,10,90,0,3,48.5,25,0,30,0.128599994,-0.490790806,0.490790806,1.217537201,5.466468509,28.57750797,18.46036019,11.69429088,4.794537184,0,36.39820241,61.76992105,19.00512605,34.79644578,14.4509879,0,25.35957115,5.749511833,23.20187978,65.85492357,26.60013065,69.06,4.794537184,12.01114612,35.36723845,31.58063498,9.883888252,37.41246864,1.02083196,5.803118038,0,0.384615385,2,0,10,2,2,0,2,4.2058,0,0,0,0,0,0,2,0,0,0,0,0,0,0,0,165,10.66,0.208333333,0.208333333,0.319671229,0.226055117,10.38004459,5.784446402,-0.124969213,0,0,4.794537184,0,0,4.36162037,0,0,14.3633553,0.701292676
1,10,90,0,3,48.5,25,52,30,0.128599994,-0.490790806,0.490790806,1.217537201,5.466468509,28.57750797,18.46036019,11.69429088,4.794537184,0,36.39820241,61.76992105,19.00512605,34.79644578,14.4509879,0,25.35957115,5.749511833,23.20187978,65.85492357,26.60013065,69.06,4.794537184,12.01114612,35.36723845,31.58063498,9.883888252,37.41246864,1.02083196,5.803118038,0,0.384615385,2,0,10,2,2,0,2,4.2058,0,0,0,0,0,0,2,0,0,0,0,0,0,0,0,165,10.66,0.208333333,0.208333333,0.319671229,0.226055117,10.38004459,5.784446402,-0.124969213,0,0,4.794537184,0,0,4.36162037,0,0,14.3633553,0.701292676
1,30,70,0,3,48.5,25,0,30,0.128599994,-0.490790806,0.490790806,1.217537201,5.466468509,28.57750797,18.46036019,11.69429088,4.794537184,0,36.39820241,61.76992105,19.00512605,34.79644578,14.4509879,0,25.35957115,5.749511833,23.20187978,65.85492357,26.60013065,69.06,4.794537184,12.01114612,35.36723845,31.58063498,9.883888252,37.41246864,1.02083196,5.803118038,0,0.384615385,2,0,10,2,2,0,2,4.2058,0,0,0,0,0,0,2,0,0,0,0,0,0,0,0,165,10.66,0.208333333,0.208333333,0.319671229,0.226055117,10.38004459,5.784446402,-0.124969213,0,0,4.794537184,0,0,4.36162037,0,0,14.3633553,0.701292676
1,30,70,0,3,48.5,25,52,30,0.128599994,-0.490790806,0.490790806,1.217537201,5.466468509,28.57750797,18.46036019,11.69429088,4.794537184,0,36.39820241,61.76992105,19.00512605,34.79644578,14.4509879,0,25.35957115,5.749511833,23.20187978,65.85492357,26.60013065,69.06,4.794537184,12.01114612,35.36723845,31.58063498,9.883888252,37.41246864,1.02083196,5.803118038,0,0.384615385,2,0,10,2,2,0,2,4.2058,0,0,0,0,0,0,2,0,0,0,0,0,0,0,0,165,10.66,0.208333333,0.208333333,0.319671229,0.226055117,10.38004459,5.784446402,-0.124969213,0,0,4.794537184,0,0,4.36162037,0,0,14.3633553,0.701292676
0,25,37.5,37.5,1,140,25,0,90,0.473518519,-0.350883837,0.350883837,2.30525079,1.569155278,5.733667477,0,0,4.899909731,0,23.25963712,0,4.794537184,29.55792728,0,5.733667477,0,0,0,6.031114512,0,46.33,4.794537184,0,0,4.899909731,0,5.733667477,0,0,0,0,0,1,3,0,0,0,0,3.3872,0,0,0,0,0,2,0,0,0,2,0,0,1,0,1,45,7.625,0.125,-0.125,0.393990542,0.06622664,10.81832367,4.062481069,0.185938562,0,0,0,0,0,-0.25,0,0,23.87722115,34.618686
0,25,37.5,37.5,1,140,25,0,90,0.127592593,-0.465580031,0.465580031,2.803490088,3.232043294,14.79051451,0,0,10.11431827,0,13.8474744,23.02389719,23.98611132,17.62599685,5.316788604,0,19.76538045,0,0,31.08151671,19.06280028,107.77,19.70339264,22.39704683,11.39407863,19.91384147,5.316788604,9.473725908,14.39104041,3.288860544,2.420777746,0.294117647,0,1,8,0,0,0,0,2.1756,0,0,0,0,0,0,0,1,0,1,0,0,0,0,0,45,7.625,0.125,-0.125,0.393990542,0.06622664,10.81832367,4.062481069,0.185938562,0,0,0,0,0,-0.25,0,0,23.87722115,34.618686
0,25,37.5,37.5,1,140,25,0,90,0.473518519,-0.350883837,0.350883837,2.30525079,1.569155278,5.733667477,0,0,4.899909731,0,23.25963712,0,4.794537184,29.55792728,0,5.733667477,0,0,0,6.031114512,0,46.33,4.794537184,0,0,4.899909731,0,5.733667477,0,0,0,0,0,1,3,0,0,0,0,3.3872,0,0,0,0,0,2,0,0,0,2,0,0,1,0,1,45,7.625,0.125,-0.125,0.393990542,0.06622664,10.81832367,4.062481069,0.185938562,0,0,0,0,0,-0.25,0,0,0,11.09986462
1,25,37.5,37.5,1,140,25,0,180,0.127592593,-0.465580031,0.465580031,2.803490088,3.232043294,14.79051451,0,0,10.11431827,0,13.8474744,23.02389719,23.98611132,17.62599685,5.316788604,0,19.76538045,0,0,31.08151671,19.06280028,107.77,19.70339264,22.39704683,11.39407863,19.91384147,5.316788604,9.473725908,14.39104041,3.288860544,2.420777746,0.294117647,0,1,8,0,0,0,0,2.1756,0,0,0,0,0,0,0,1,0,1,0,0,0,0,0,45,7.625,0.125,-0.125,0.393990542,0.06622664,10.81832367,4.062481069,0.185938562,0,0,0,0,0,-0.25,0,0,0,11.09986462
0,25,37.5,37.5,1,140,25,0,90,0.473518519,-0.350883837,0.350883837,2.30525079,1.569155278,5.733667477,0,0,4.899909731,0,23.25963712,0,4.794537184,29.55792728,0,5.733667477,0,0,0,6.031114512,0,46.33,4.794537184,0,0,4.899909731,0,5.733667477,0,0,0,0,0,1,3,0,0,0,0,3.3872,0,0,0,0,0,2,0,0,0,2,0,0,1,0,1,45,7.625,0.125,-0.125,0.393990542,0.06622664,10.81832367,4.062481069,0.185938562,0,0,0,0,0,-0.25,0,0,0,11.09986462
1,25,37.5,37.5,1,140,25,0,180,0.127592593,-0.465580031,0.465580031,2.803490088,3.232043294,14.79051451,0,0,10.11431827,0,13.8474744,23.02389719,23.98611132,17.62599685,5.316788604,0,19.76538045,0,0,31.08151671,19.06280028,107.77,19.70339264,22.39704683,11.39407863,19.91384147,5.316788604,9.473725908,14.39104041,3.288860544,2.420777746,0.294117647,0,1,8,0,0,0,0,2.1756,0,0,0,0,0,0,0,1,0,1,0,0,0,0,0,45,7.625,0.125,-0.125,0.393990542,0.06622664,10.81832367,4.062481069,0.185938562,0,0,0,0,0,-0.25,0,0,0,11.09986462
0,25,37.5,37.5,1,140,25,0,90,0.473518519,-0.350883837,0.350883837,2.30525079,1.569155278,5.733667477,0,0,4.899909731,0,23.25963712,0,4.794537184,29.55792728,0,5.733667477,0,0,0,6.031114512,0,46.33,4.794537184,0,0,4.899909731,0,5.733667477,0,0,0,0,0,1,3,0,0,0,0,3.3872,0,0,0,0,0,2,0,0,0,2,0,0,1,0,1,45,7.625,0.125,-0.125,0.393990542,0.06622664,10.81832367,4.062481069,0.185938562,0,0,0,0,0,-0.25,0,0,29.84652644,4.899909731
1,25,37.5,37.5,1,140,25,0,90,0.127592593,-0.465580031,0.465580031,2.803490088,3.232043294,14.79051451,0,0,10.11431827,0,13.8474744,23.02389719,23.98611132,17.62599685,5.316788604,0,19.76538045,0,0,31.08151671,19.06280028,107.77,19.70339264,22.39704683,11.39407863,19.91384147,5.316788604,9.473725908,14.39104041,3.288860544,2.420777746,0.294117647,0,1,8,0,0,0,0,2.1756,0,0,0,0,0,0,0,1,0,1,0,0,0,0,0,45,7.625,0.125,-0.125,0.393990542,0.06622664,10.81832367,4.062481069,0.185938562,0,0,0,0,0,-0.25,0,0,29.84652644,4.899909731
0,25,37.5,37.5,1,140,25,0,180,0.127592593,-0.465580031,0.465580031,2.803490088,3.232043294,14.79051451,0,0,10.11431827,0,13.8474744,23.02389719,23.98611132,17.62599685,5.316788604,0,19.76538045,0,0,31.08151671,19.06280028,107.77,19.70339264,22.39704683,11.39407863,19.91384147,5.316788604,9.473725908,14.39104041,3.288860544,2.420777746,0.294117647,0,1,8,0,0,0,0,2.1756,0,0,0,0,0,0,0,1,0,1,0,0,0,0,0,45,7.625,0.125,-0.125,0.393990542,0.06622664,10.81832367,4.062481069,0.185938562,0,0,0,0,0,-0.25,0,0,29.84652644,4.899909731
0,25,75,0,1,140,25,0,90,0.473518519,-0.350883837,0.350883837,2.30525079,1.569155278,5.733667477,0,0,4.899909731,0,23.25963712,0,4.794537184,29.55792728,0,5.733667477,0,0,0,6.031114512,0,46.33,4.794537184,0,0,4.899909731,0,5.733667477,0,0,0,0,0,1,3,0,0,0,0,3.3872,0,0,0,0,0,2,0,0,0,2,0,0,1,0,1,45,7.625,0.125,-0.125,0.393990542,0.06622664,10.81832367,4.062481069,0.185938562,0,0,0,0,0,-0.25,0,0,14.3633553,0.701292676
0,25,75,0,1,140,25,0,90,0.127592593,-0.465580031,0.465580031,2.803490088,3.232043294,14.79051451,0,0,10.11431827,0,13.8474744,23.02389719,23.98611132,17.62599685,5.316788604,0,19.76538045,0,0,31.08151671,19.06280028,107.77,19.70339264,22.39704683,11.39407863,19.91384147,5.316788604,9.473725908,14.39104041,3.288860544,2.420777746,0.294117647,0,1,8,0,0,0,0,2.1756,0,0,0,0,0,0,0,1,0,1,0,0,0,0,0,45,7.625,0.125,-0.125,0.393990542,0.06622664,10.81832367,4.062481069,0.185938562,0,0,0,0,0,-0.25,0,0,14.3633553,0.701292676
1,20,80,0,2,40,6,0,180,0.046864712,-0.504861549,0.504861549,2.093281793,2.423248612,10.423316,5.817862778,0,9.099753175,0,24.26546827,18.80796705,18.31886156,27.50749853,9.289194512,0,4.895483476,0,0,35.7683706,14.81782834,99.6,18.31886156,21.97383706,0,30.33183534,10.30076712,0,12.83147904,0,-2.68883674,0.066666667,0,2,8,0,0,0,0,1.581,0,0,0,0,0,1,0,0,0,0,0,0,0,0,0,70,14.23961392,0.00186207,-0.80801985,0.462332233,0.302403316,9.888116957,5.785271702,-0.156117715,11.93861058,0,33.8737505,19.59963892,0,7.43289591,0,0,14.3633553,0.701292676
1,20,80,0,3,80,4,0,360,0.082943237,-0.385068786,0.385068786,1.57320225,4.901083782,14.90634686,5.414990469,5.907179729,4.794537184,0,54.63030989,32.20749009,9.901064579,17.50811962,9.799819462,0,30.27850615,0,11.60093989,54.54313977,15.81057846,43.78,9.901064579,5.907179729,24.28509818,4.899909731,29.165378,11.60093989,11.94039798,2.309471739,3.658906411,0.344827586,0,1,5,1,1,0,0,5.088,0,1,0,0,0,0,1,0,0,0,0,1,0,0,0,102.5,9.25,0.833333333,-0.981481481,0.478089149,0.327198112,10.68151441,5.783563706,-0.130903173,5.969305288,4.794537184,4.794537184,0,0,2.960648148,0,0,14.3633553,0.701292676
1,60,40,0,3,80,4,0,360,0.082943237,-0.385068786,0.385068786,1.57320225,4.901083782,14.90634686,5.414990469,5.907179729,4.794537184,0,54.63030989,32.20749009,9.901064579,17.50811962,9.799819462,0,30.27850615,0,11.60093989,54.54313977,15.81057846,43.78,9.901064579,5.907179729,24.28509818,4.899909731,29.165378,11.60093989,11.94039798,2.309471739,3.658906411,0.344827586,0,1,5,1,1,0,0,5.088,0,1,0,0,0,0,1,0,0,0,0,1,0,0,0,102.5,9.25,0.833333333,-0.981481481,0.478089149,0.327198112,10.68151441,5.783563706,-0.130903173,5.969305288,4.794537184,4.794537184,0,0,2.960648148,0,0,14.3633553,0.701292676
1,40,60,0,1,220,4,0,180,0.064479397,-0.490790806,0.490790806,0.92529827,7.044519489,24.01040832,43.98707682,5.787111153,0,10.19736362,74.00822951,48.13988298,14.21058886,34.57665233,29.11204766,0,44.7459708,11.43689811,23.20187978,74.6088036,21.80559347,104.7,4.794537184,24.38030702,28.82248205,34.03627687,49.24662987,37.41246864,9.504828284,8.480846895,0,0.371428571,3,0,14,2,2,0,1,5.5773,0,0,0,0,0,0,2,0,0,0,0,0,0,0,0,175,11.81012813,0.083477036,-1.522275551,0.391019003,0.186995304,9.95116606,4.984256863,-0.388090575,0,0,30.63916437,0,0,1.173571586,0,0,14.3633553,0.701292676
1,25,75,0,2,25,40,75,180,0.064241071,-0.480985214,0.480985214,2.355887944,3.397616958,10.423316,0,0,4.794537184,0,23.7625527,5.687386275,9.901064579,40.54595762,0,0,6.420821623,0,23.20187978,11.07583268,11.21535881,49.33,4.794537184,6.420821623,26.98349067,36.39820241,5.316788604,28.30840718,12.94177466,0,0,0.071428571,0,2,5,0,0,0,0,4.3641,0,0,0,0,0,0,2,0,0,2,0,0,0,0,0,70,14.23961392,0.00186207,-0.80801985,0.462332233,0.302403316,9.888116957,5.785271702,-0.156117715,11.93861058,0,33.8737505,19.59963892,0,7.43289591,0,0,14.3633553,0.701292676
1,16.7,83.3,0,2,25,40,75,180,0.064241071,-0.480985214,0.480985214,2.355887944,3.397616958,10.423316,0,0,4.794537184,0,23.7625527,5.687386275,9.901064579,40.54595762,0,0,6.420821623,0,23.20187978,11.07583268,11.21535881,49.33,4.794537184,6.420821623,26.98349067,36.39820241,5.316788604,28.30840718,12.94177466,0,0,0.071428571,0,2,5,0,0,0,0,4.3641,0,0,0,0,0,0,2,0,0,2,0,0,0,0,0,70,14.23961392,0.00186207,-0.80801985,0.462332233,0.302403316,9.888116957,5.785271702,-0.156117715,11.93861058,0,33.8737505,19.59963892,0,7.43289591,0,0,14.3633553,0.701292676
1,24.8,74.3,0.9,2,25,40,75,180,0.064241071,-0.480985214,0.480985214,2.355887944,3.397616958,10.423316,0,0,4.794537184,0,23.7625527,5.687386275,9.901064579,40.54595762,0,0,6.420821623,0,23.20187978,11.07583268,11.21535881,49.33,4.794537184,6.420821623,26.98349067,36.39820241,5.316788604,28.30840718,12.94177466,0,0,0.071428571,0,2,5,0,0,0,0,4.3641,0,0,0,0,0,0,2,0,0,2,0,0,0,0,0,70,14.23961392,0.00186207,-0.80801985,0.462332233,0.302403316,9.888116957,5.785271702,-0.156117715,11.93861058,0,33.8737505,19.59963892,0,7.43289591,0,0,29.55728603,0
1,16.5,82.5,1,2,25,40,75,180,0.064241071,-0.480985214,0.480985214,2.355887944,3.397616958,10.423316,0,0,4.794537184,0,23.7625527,5.687386275,9.901064579,40.54595762,0,0,6.420821623,0,23.20187978,11.07583268,11.21535881,49.33,4.794537184,6.420821623,26.98349067,36.39820241,5.316788604,28.30840718,12.94177466,0,0,0.071428571,0,2,5,0,0,0,0,4.3641,0,0,0,0,0,0,2,0,0,2,0,0,0,0,0,70,14.23961392,0.00186207,-0.80801985,0.462332233,0.302403316,9.888116957,5.785271702,-0.156117715,11.93861058,0,33.8737505,19.59963892,0,7.43289591,0,0,29.55728603,0
0,49.5,49.5,1,2,25,40,75,90,0.064241071,-0.480985214,0.480985214,2.355887944,3.397616958,10.423316,0,0,4.794537184,0,23.7625527,5.687386275,9.901064579,40.54595762,0,0,6.420821623,0,23.20187978,11.07583268,11.21535881,49.33,4.794537184,6.420821623,26.98349067,36.39820241,5.316788604,28.30840718,12.94177466,0,0,0.071428571,0,2,5,0,0,0,0,4.3641,0,0,0,0,0,0,2,0,0,2,0,0,0,0,0,70,14.23961392,0.00186207,-0.80801985,0.462332233,0.302403316,9.888116957,5.785271702,-0.156117715,11.93861058,0,33.8737505,19.59963892,0,7.43289591,0,0,5.969305288,0
1,24.8,74.3,0.9,2,25,40,75,180,0.064241071,-0.480985214,0.480985214,2.355887944,3.397616958,10.423316,0,0,4.794537184,0,23.7625527,5.687386275,9.901064579,40.54595762,0,0,6.420821623,0,23.20187978,11.07583268,11.21535881,49.33,4.794537184,6.420821623,26.98349067,36.39820241,5.316788604,28.30840718,12.94177466,0,0,0.071428571,0,2,5,0,0,0,0,4.3641,0,0,0,0,0,0,2,0,0,2,0,0,0,0,0,70,14.23961392,0.00186207,-0.80801985,0.462332233,0.302403316,9.888116957,5.785271702,-0.156117715,11.93861058,0,33.8737505,19.59963892,0,7.43289591,0,0,5.969305288,0
1,16.5,82.5,1,2,25,40,75,180,0.064241071,-0.480985214,0.480985214,2.355887944,3.397616958,10.423316,0,0,4.794537184,0,23.7625527,5.687386275,9.901064579,40.54595762,0,0,6.420821623,0,23.20187978,11.07583268,11.21535881,49.33,4.794537184,6.420821623,26.98349067,36.39820241,5.316788604,28.30840718,12.94177466,0,0,0.071428571,0,2,5,0,0,0,0,4.3641,0,0,0,0,0,0,2,0,0,2,0,0,0,0,0,70,14.23961392,0.00186207,-0.80801985,0.462332233,0.302403316,9.888116957,5.785271702,-0.156117715,11.93861058,0,33.8737505,19.59963892,0,7.43289591,0,0,5.969305288,0
1,24.8,74.3,0.9,2,25,40,75,180,0.064241071,-0.480985214,0.480985214,2.355887944,3.397616958,10.423316,0,0,4.794537184,0,23.7625527,5.687386275,9.901064579,40.54595762,0,0,6.420821623,0,23.20187978,11.07583268,11.21535881,49.33,4.794537184,6.420821623,26.98349067,36.39820241,5.316788604,28.30840718,12.94177466,0,0,0.071428571,0,2,5,0,0,0,0,4.3641,0,0,0,0,0,0,2,0,0,2,0,0,0,0,0,70,14.23961392,0.00186207,-0.80801985,0.462332233,0.302403316,9.888116957,5.785271702,-0.156117715,11.93861058,0,33.8737505,19.59963892,0,7.43289591,0,0,11.93861058,0
1,16.5,82.5,1,2,25,40,75,180,0.064241071,-0.480985214,0.480985214,2.355887944,3.397616958,10.423316,0,0,4.794537184,0,23.7625527,5.687386275,9.901064579,40.54595762,0,0,6.420821623,0,23.20187978,11.07583268,11.21535881,49.33,4.794537184,6.420821623,26.98349067,36.39820241,5.316788604,28.30840718,12.94177466,0,0,0.071428571,0,2,5,0,0,0,0,4.3641,0,0,0,0,0,0,2,0,0,2,0,0,0,0,0,70,14.23961392,0.00186207,-0.80801985,0.462332233,0.302403316,9.888116957,5.785271702,-0.156117715,11.93861058,0,33.8737505,19.59963892,0,7.43289591,0,0,11.93861058,0
1,16.7,83.3,0,2,25,40,75,180,0.064241071,-0.480985214,0.480985214,2.355887944,3.397616958,10.423316,0,0,4.794537184,0,23.7625527,5.687386275,9.901064579,40.54595762,0,0,6.420821623,0,23.20187978,11.07583268,11.21535881,49.33,4.794537184,6.420821623,26.98349067,36.39820241,5.316788604,28.30840718,12.94177466,0,0,0.071428571,0,2,5,0,0,0,0,4.3641,0,0,0,0,0,0,2,0,0,2,0,0,0,0,0,106,14.01328809,0.007241923,-1.023293127,0.465728013,0.302404013,9.877673342,5.81236855,-0.15901027,29.84652644,0,52.73990902,24.49954865,0,9.649848996,0,0,14.3633553,0.701292676
1,16.5,82.5,1,2,25,40,75,180,0.064241071,-0.480985214,0.480985214,2.355887944,3.397616958,10.423316,0,0,4.794537184,0,23.7625527,5.687386275,9.901064579,40.54595762,0,0,6.420821623,0,23.20187978,11.07583268,11.21535881,49.33,4.794537184,6.420821623,26.98349067,36.39820241,5.316788604,28.30840718,12.94177466,0,0,0.071428571,0,2,5,0,0,0,0,4.3641,0,0,0,0,0,0,2,0,0,2,0,0,0,0,0,106,14.01328809,0.007241923,-1.023293127,0.465728013,0.302404013,9.877673342,5.81236855,-0.15901027,29.84652644,0,52.73990902,24.49954865,0,9.649848996,0,0,29.55728603,0
1,16.5,82.5,1,2,25,40,75,180,0.064241071,-0.480985214,0.480985214,2.355887944,3.397616958,10.423316,0,0,4.794537184,0,23.7625527,5.687386275,9.901064579,40.54595762,0,0,6.420821623,0,23.20187978,11.07583268,11.21535881,49.33,4.794537184,6.420821623,26.98349067,36.39820241,5.316788604,28.30840718,12.94177466,0,0,0.071428571,0,2,5,0,0,0,0,4.3641,0,0,0,0,0,0,2,0,0,2,0,0,0,0,0,106,14.01328809,0.007241923,-1.023293127,0.465728013,0.302404013,9.877673342,5.81236855,-0.15901027,29.84652644,0,52.73990902,24.49954865,0,9.649848996,0,0,5.969305288,0
1,16.5,82.5,1,2,25,40,75,180,0.064241071,-0.480985214,0.480985214,2.355887944,3.397616958,10.423316,0,0,4.794537184,0,23.7625527,5.687386275,9.901064579,40.54595762,0,0,6.420821623,0,23.20187978,11.07583268,11.21535881,49.33,4.794537184,6.420821623,26.98349067,36.39820241,5.316788604,28.30840718,12.94177466,0,0,0.071428571,0,2,5,0,0,0,0,4.3641,0,0,0,0,0,0,2,0,0,2,0,0,0,0,0,106,14.01328809,0.007241923,-1.023293127,0.465728013,0.302404013,9.877673342,5.81236855,-0.15901027,29.84652644,0,52.73990902,24.49954865,0,9.649848996,0,0,11.93861058,0
0,16.7,83.3,0,2,25,40,75,90,0.064241071,-0.480985214,0.480985214,2.355887944,3.397616958,10.423316,0,0,4.794537184,0,23.7625527,5.687386275,9.901064579,40.54595762,0,0,6.420821623,0,23.20187978,11.07583268,11.21535881,49.33,4.794537184,6.420821623,26.98349067,36.39820241,5.316788604,28.30840718,12.94177466,0,0,0.071428571,0,2,5,0,0,0,0,4.3641,0,0,0,0,0,0,2,0,0,2,0,0,0,0,0,163,10.66,0.208333333,0.208333333,0.319671229,0.226055117,10.38004459,5.784446402,-0.124969213,0,0,4.794537184,0,0,4.36162037,0,0,14.3633553,0.701292676
0,25,75,0,2,25,40,75,90,0.064241071,-0.480985214,0.480985214,2.355887944,3.397616958,10.423316,0,0,4.794537184,0,23.7625527,5.687386275,9.901064579,40.54595762,0,0,6.420821623,0,23.20187978,11.07583268,11.21535881,49.33,4.794537184,6.420821623,26.98349067,36.39820241,5.316788604,28.30840718,12.94177466,0,0,0.071428571,0,2,5,0,0,0,0,4.3641,0,0,0,0,0,0,2,0,0,2,0,0,0,0,0,120,12.82572922,0.055981771,-1.569986372,0.481218929,0.306221438,9.948783081,5.761521085,-0.387893507,23.87722115,0,34.49773092,0,0,3.011681888,0,0,14.3633553,0.701292676
1,16.7,83.3,0,2,25,40,75,90,0.064241071,-0.480985214,0.480985214,2.355887944,3.397616958,10.423316,0,0,4.794537184,0,23.7625527,5.687386275,9.901064579,40.54595762,0,0,6.420821623,0,23.20187978,11.07583268,11.21535881,49.33,4.794537184,6.420821623,26.98349067,36.39820241,5.316788604,28.30840718,12.94177466,0,0,0.071428571,0,2,5,0,0,0,0,4.3641,0,0,0,0,0,0,2,0,0,2,0,0,0,0,0,120,12.82572922,0.055981771,-1.569986372,0.481218929,0.306221438,9.948783081,5.761521085,-0.387893507,23.87722115,0,34.49773092,0,0,3.011681888,0,0,14.3633553,0.701292676
0,16.7,83.3,0,2,25,40,75,180,0.064241071,-0.480985214,0.480985214,2.355887944,3.397616958,10.423316,0,0,4.794537184,0,23.7625527,5.687386275,9.901064579,40.54595762,0,0,6.420821623,0,23.20187978,11.07583268,11.21535881,49.33,4.794537184,6.420821623,26.98349067,36.39820241,5.316788604,28.30840718,12.94177466,0,0,0.071428571,0,2,5,0,0,0,0,4.3641,0,0,0,0,0,0,2,0,0,2,0,0,0,0,0,120,12.82572922,0.055981771,-1.569986372,0.481218929,0.306221438,9.948783081,5.761521085,-0.387893507,23.87722115,0,34.49773092,0,0,3.011681888,0,0,14.3633553,0.701292676
0,16.5,82.5,1,2,25,40,75,90,0.064241071,-0.480985214,0.480985214,2.355887944,3.397616958,10.423316,0,0,4.794537184,0,23.7625527,5.687386275,9.901064579,40.54595762,0,0,6.420821623,0,23.20187978,11.07583268,11.21535881,49.33,4.794537184,6.420821623,26.98349067,36.39820241,5.316788604,28.30840718,12.94177466,0,0,0.071428571,0,2,5,0,0,0,0,4.3641,0,0,0,0,0,0,2,0,0,2,0,0,0,0,0,120,12.82572922,0.055981771,-1.569986372,0.481218929,0.306221438,9.948783081,5.761521085,-0.387893507,23.87722115,0,34.49773092,0,0,3.011681888,0,0,11.93861058,0
0,16.5,82.5,1,2,25,40,75,90,0.064241071,-0.480985214,0.480985214,2.355887944,3.397616958,10.423316,0,0,4.794537184,0,23.7625527,5.687386275,9.901064579,40.54595762,0,0,6.420821623,0,23.20187978,11.07583268,11.21535881,49.33,4.794537184,6.420821623,26.98349067,36.39820241,5.316788604,28.30840718,12.94177466,0,0,0.071428571,0,2,5,0,0,0,0,4.3641,0,0,0,0,0,0,2,0,0,2,0,0,0,0,0,177,11.81012813,0.083477036,-1.522275551,0.391019003,0.186995304,9.95116606,4.984256863,-0.388090575,0,0,30.63916437,0,0,1.173571586,0,0,29.55728603,0
1,50,50,0,2,25,40,75,180,0.064241071,-0.480985214,0.480985214,2.355887944,3.397616958,10.423316,0,0,4.794537184,0,23.7625527,5.687386275,9.901064579,40.54595762,0,0,6.420821623,0,23.20187978,11.07583268,11.21535881,49.33,4.794537184,6.420821623,26.98349067,36.39820241,5.316788604,28.30840718,12.94177466,0,0,0.071428571,0,2,5,0,0,0,0,4.3641,0,0,0,0,0,0,2,0,0,2,0,0,0,0,0,45,13.5793784,0.015375016,-1.252900206,0.468602342,0.311404757,9.636144471,5.82947623,-0.169149396,23.87722115,0,19.17814874,44.91424459,-3.513750844,12.24789031,2,1,14.3633553,0.701292676
1,25,75,0,2,25,40,75,180,0.064241071,-0.480985214,0.480985214,2.355887944,3.397616958,10.423316,0,0,4.794537184,0,23.7625527,5.687386275,9.901064579,40.54595762,0,0,6.420821623,0,23.20187978,11.07583268,11.21535881,49.33,4.794537184,6.420821623,26.98349067,36.39820241,5.316788604,28.30840718,12.94177466,0,0,0.071428571,0,2,5,0,0,0,0,4.3641,0,0,0,0,0,0,2,0,0,2,0,0,0,0,0,45,13.5793784,0.015375016,-1.252900206,0.468602342,0.311404757,9.636144471,5.82947623,-0.169149396,23.87722115,0,19.17814874,44.91424459,-3.513750844,12.24789031,2,1,14.3633553,0.701292676
1,16.7,83.3,0,2,25,40,75,180,0.064241071,-0.480985214,0.480985214,2.355887944,3.397616958,10.423316,0,0,4.794537184,0,23.7625527,5.687386275,9.901064579,40.54595762,0,0,6.420821623,0,23.20187978,11.07583268,11.21535881,49.33,4.794537184,6.420821623,26.98349067,36.39820241,5.316788604,28.30840718,12.94177466,0,0,0.071428571,0,2,5,0,0,0,0,4.3641,0,0,0,0,0,0,2,0,0,2,0,0,0,0,0,45,13.5793784,0.015375016,-1.252900206,0.468602342,0.311404757,9.636144471,5.82947623,-0.169149396,23.87722115,0,19.17814874,44.91424459,-3.513750844,12.24789031,2,1,14.3633553,0.701292676
1,49.5,49.5,1,2,25,40,75,180,0.064241071,-0.480985214,0.480985214,2.355887944,3.397616958,10.423316,0,0,4.794537184,0,23.7625527,5.687386275,9.901064579,40.54595762,0,0,6.420821623,0,23.20187978,11.07583268,11.21535881,49.33,4.794537184,6.420821623,26.98349067,36.39820241,5.316788604,28.30840718,12.94177466,0,0,0.071428571,0,2,5,0,0,0,0,4.3641,0,0,0,0,0,0,2,0,0,2,0,0,0,0,0,45,13.5793784,0.015375016,-1.252900206,0.468602342,0.311404757,9.636144471,5.82947623,-0.169149396,23.87722115,0,19.17814874,44.91424459,-3.513750844,12.24789031,2,1,29.55728603,0
1,24.8,74.3,0.9,2,25,40,75,180,0.064241071,-0.480985214,0.480985214,2.355887944,3.397616958,10.423316,0,0,4.794537184,0,23.7625527,5.687386275,9.901064579,40.54595762,0,0,6.420821623,0,23.20187978,11.07583268,11.21535881,49.33,4.794537184,6.420821623,26.98349067,36.39820241,5.316788604,28.30840718,12.94177466,0,0,0.071428571,0,2,5,0,0,0,0,4.3641,0,0,0,0,0,0,2,0,0,2,0,0,0,0,0,45,13.5793784,0.015375016,-1.252900206,0.468602342,0.311404757,9.636144471,5.82947623,-0.169149396,23.87722115,0,19.17814874,44.91424459,-3.513750844,12.24789031,2,1,29.55728603,0
1,16.5,82.5,1,2,25,40,75,180,0.064241071,-0.480985214,0.480985214,2.355887944,3.397616958,10.423316,0,0,4.794537184,0,23.7625527,5.687386275,9.901064579,40.54595762,0,0,6.420821623,0,23.20187978,11.07583268,11.21535881,49.33,4.794537184,6.420821623,26.98349067,36.39820241,5.316788604,28.30840718,12.94177466,0,0,0.071428571,0,2,5,0,0,0,0,4.3641,0,0,0,0,0,0,2,0,0,2,0,0,0,0,0,45,13.5793784,0.015375016,-1.252900206,0.468602342,0.311404757,9.636144471,5.82947623,-0.169149396,23.87722115,0,19.17814874,44.91424459,-3.513750844,12.24789031,2,1,29.55728603,0
1,49.5,49.5,1,2,25,40,75,180,0.064241071,-0.480985214,0.480985214,2.355887944,3.397616958,10.423316,0,0,4.794537184,0,23.7625527,5.687386275,9.901064579,40.54595762,0,0,6.420821623,0,23.20187978,11.07583268,11.21535881,49.33,4.794537184,6.420821623,26.98349067,36.39820241,5.316788604,28.30840718,12.94177466,0,0,0.071428571,0,2,5,0,0,0,0,4.3641,0,0,0,0,0,0,2,0,0,2,0,0,0,0,0,45,13.5793784,0.015375016,-1.252900206,0.468602342,0.311404757,9.636144471,5.82947623,-0.169149396,23.87722115,0,19.17814874,44.91424459,-3.513750844,12.24789031,2,1,5.969305288,0
1,24.8,74.3,0.9,2,25,40,75,180,0.064241071,-0.480985214,0.480985214,2.355887944,3.397616958,10.423316,0,0,4.794537184,0,23.7625527,5.687386275,9.901064579,40.54595762,0,0,6.420821623,0,23.20187978,11.07583268,11.21535881,49.33,4.794537184,6.420821623,26.98349067,36.39820241,5.316788604,28.30840718,12.94177466,0,0,0.071428571,0,2,5,0,0,0,0,4.3641,0,0,0,0,0,0,2,0,0,2,0,0,0,0,0,45,13.5793784,0.015375016,-1.252900206,0.468602342,0.311404757,9.636144471,5.82947623,-0.169149396,23.87722115,0,19.17814874,44.91424459,-3.513750844,12.24789031,2,1,5.969305288,0
1,16.5,82.5,1,2,25,40,75,180,0.064241071,-0.480985214,0.480985214,2.355887944,3.397616958,10.423316,0,0,4.794537184,0,23.7625527,5.687386275,9.901064579,40.54595762,0,0,6.420821623,0,23.20187978,11.07583268,11.21535881,49.33,4.794537184,6.420821623,26.98349067,36.39820241,5.316788604,28.30840718,12.94177466,0,0,0.071428571,0,2,5,0,0,0,0,4.3641,0,0,0,0,0,0,2,0,0,2,0,0,0,0,0,45,13.5793784,0.015375016,-1.252900206,0.468602342,0.311404757,9.636144471,5.82947623,-0.169149396,23.87722115,0,19.17814874,44.91424459,-3.513750844,12.24789031,2,1,5.969305288,0
1,49.5,49.5,1,2,25,40,75,180,0.064241071,-0.480985214,0.480985214,2.355887944,3.397616958,10.423316,0,0,4.794537184,0,23.7625527,5.687386275,9.901064579,40.54595762,0,0,6.420821623,0,23.20187978,11.07583268,11.21535881,49.33,4.794537184,6.420821623,26.98349067,36.39820241,5.316788604,28.30840718,12.94177466,0,0,0.071428571,0,2,5,0,0,0,0,4.3641,0,0,0,0,0,0,2,0,0,2,0,0,0,0,0,45,13.5793784,0.015375016,-1.252900206,0.468602342,0.311404757,9.636144471,5.82947623,-0.169149396,23.87722115,0,19.17814874,44.91424459,-3.513750844,12.24789031,2,1,11.93861058,0
1,24.8,74.3,0.9,2,25,40,75,180,0.064241071,-0.480985214,0.480985214,2.355887944,3.397616958,10.423316,0,0,4.794537184,0,23.7625527,5.687386275,9.901064579,40.54595762,0,0,6.420821623,0,23.20187978,11.07583268,11.21535881,49.33,4.794537184,6.420821623,26.98349067,36.39820241,5.316788604,28.30840718,12.94177466,0,0,0.071428571,0,2,5,0,0,0,0,4.3641,0,0,0,0,0,0,2,0,0,2,0,0,0,0,0,45,13.5793784,0.015375016,-1.252900206,0.468602342,0.311404757,9.636144471,5.82947623,-0.169149396,23.87722115,0,19.17814874,44.91424459,-3.513750844,12.24789031,2,1,11.93861058,0
1,16.5,82.5,1,2,25,40,75,180,0.064241071,-0.480985214,0.480985214,2.355887944,3.397616958,10.423316,0,0,4.794537184,0,23.7625527,5.687386275,9.901064579,40.54595762,0,0,6.420821623,0,23.20187978,11.07583268,11.21535881,49.33,4.794537184,6.420821623,26.98349067,36.39820241,5.316788604,28.30840718,12.94177466,0,0,0.071428571,0,2,5,0,0,0,0,4.3641,0,0,0,0,0,0,2,0,0,2,0,0,0,0,0,45,13.5793784,0.015375016,-1.252900206,0.468602342,0.311404757,9.636144471,5.82947623,-0.169149396,23.87722115,0,19.17814874,44.91424459,-3.513750844,12.24789031,2,1,11.93861058,0
0,25,75,0,2,25,40,75,90,0.064241071,-0.480985214,0.480985214,2.355887944,3.397616958,10.423316,0,0,4.794537184,0,23.7625527,5.687386275,9.901064579,40.54595762,0,0,6.420821623,0,23.20187978,11.07583268,11.21535881,49.33,4.794537184,6.420821623,26.98349067,36.39820241,5.316788604,28.30840718,12.94177466,0,0,0.071428571,0,2,5,0,0,0,0,4.3641,0,0,0,0,0,0,2,0,0,2,0,0,0,0,0,130,12.01320248,0.092689437,-1.065231481,0.481033607,0.311070783,9.696116075,5.807390273,-0.160989429,17.90791586,0,14.38361155,0,-1.972063492,6.452919737,0,0,14.3633553,0.701292676
1,16.7,83.3,0,2,25,40,75,180,0.064241071,-0.480985214,0.480985214,2.355887944,3.397616958,10.423316,0,0,4.794537184,0,23.7625527,5.687386275,9.901064579,40.54595762,0,0,6.420821623,0,23.20187978,11.07583268,11.21535881,49.33,4.794537184,6.420821623,26.98349067,36.39820241,5.316788604,28.30840718,12.94177466,0,0,0.071428571,0,2,5,0,0,0,0,4.3641,0,0,0,0,0,0,2,0,0,2,0,0,0,0,0,130,12.01320248,0.092689437,-1.065231481,0.481033607,0.311070783,9.696116075,5.807390273,-0.160989429,17.90791586,0,14.38361155,0,-1.972063492,6.452919737,0,0,14.3633553,0.701292676
1,16.5,82.5,1,2,25,40,75,180,0.064241071,-0.480985214,0.480985214,2.355887944,3.397616958,10.423316,0,0,4.794537184,0,23.7625527,5.687386275,9.901064579,40.54595762,0,0,6.420821623,0,23.20187978,11.07583268,11.21535881,49.33,4.794537184,6.420821623,26.98349067,36.39820241,5.316788604,28.30840718,12.94177466,0,0,0.071428571,0,2,5,0,0,0,0,4.3641,0,0,0,0,0,0,2,0,0,2,0,0,0,0,0,130,12.01320248,0.092689437,-1.065231481,0.481033607,0.311070783,9.696116075,5.807390273,-0.160989429,17.90791586,0,14.38361155,0,-1.972063492,6.452919737,0,0,29.55728603,0
1,16.5,82.5,1,2,25,40,75,180,0.064241071,-0.480985214,0.480985214,2.355887944,3.397616958,10.423316,0,0,4.794537184,0,23.7625527,5.687386275,9.901064579,40.54595762,0,0,6.420821623,0,23.20187978,11.07583268,11.21535881,49.33,4.794537184,6.420821623,26.98349067,36.39820241,5.316788604,28.30840718,12.94177466,0,0,0.071428571,0,2,5,0,0,0,0,4.3641,0,0,0,0,0,0,2,0,0,2,0,0,0,0,0,130,12.01320248,0.092689437,-1.065231481,0.481033607,0.311070783,9.696116075,5.807390273,-0.160989429,17.90791586,0,14.38361155,0,-1.972063492,6.452919737,0,0,5.969305288,0
1,16.5,82.5,1,2,25,40,75,180,0.064241071,-0.480985214,0.480985214,2.355887944,3.397616958,10.423316,0,0,4.794537184,0,23.7625527,5.687386275,9.901064579,40.54595762,0,0,6.420821623,0,23.20187978,11.07583268,11.21535881,49.33,4.794537184,6.420821623,26.98349067,36.39820241,5.316788604,28.30840718,12.94177466,0,0,0.071428571,0,2,5,0,0,0,0,4.3641,0,0,0,0,0,0,2,0,0,2,0,0,0,0,0,130,12.01320248,0.092689437,-1.065231481,0.481033607,0.311070783,9.696116075,5.807390273,-0.160989429,17.90791586,0,14.38361155,0,-1.972063492,6.452919737,0,0,11.93861058,0
0,25,75,0,2,25,40,75,90,0.473518519,-0.350883837,0.350883837,2.30525079,1.569155278,5.733667477,0,0,4.899909731,0,23.25963712,0,4.794537184,29.55792728,0,5.733667477,0,0,0,6.031114512,0,46.33,4.794537184,0,0,4.899909731,0,5.733667477,0,0,0,0,0,1,3,0,0,0,0,3.3872,0,0,0,0,0,2,0,0,0,2,0,0,1,0,1,70,14.23961392,0.00186207,-0.80801985,0.462332233,0.302403316,9.888116957,5.785271702,-0.156117715,11.93861058,0,33.8737505,19.59963892,0,7.43289591,0,0,14.3633553,0.701292676
1,16.7,83.3,0,2,25,40,75,90,0.473518519,-0.350883837,0.350883837,2.30525079,1.569155278,5.733667477,0,0,4.899909731,0,23.25963712,0,4.794537184,29.55792728,0,5.733667477,0,0,0,6.031114512,0,46.33,4.794537184,0,0,4.899909731,0,5.733667477,0,0,0,0,0,1,3,0,0,0,0,3.3872,0,0,0,0,0,2,0,0,0,2,0,0,1,0,1,70,14.23961392,0.00186207,-0.80801985,0.462332233,0.302403316,9.888116957,5.785271702,-0.156117715,11.93861058,0,33.8737505,19.59963892,0,7.43289591,0,0,14.3633553,0.701292676
0,16.7,83.3,0,2,25,40,75,180,0.473518519,-0.350883837,0.350883837,2.30525079,1.569155278,5.733667477,0,0,4.899909731,0,23.25963712,0,4.794537184,29.55792728,0,5.733667477,0,0,0,6.031114512,0,46.33,4.794537184,0,0,4.899909731,0,5.733667477,0,0,0,0,0,1,3,0,0,0,0,3.3872,0,0,0,0,0,2,0,0,0,2,0,0,1,0,1,70,14.23961392,0.00186207,-0.80801985,0.462332233,0.302403316,9.888116957,5.785271702,-0.156117715,11.93861058,0,33.8737505,19.59963892,0,7.43289591,0,0,14.3633553,0.701292676
0,16.5,82.5,1,2,25,40,75,90,0.473518519,-0.350883837,0.350883837,2.30525079,1.569155278,5.733667477,0,0,4.899909731,0,23.25963712,0,4.794537184,29.55792728,0,5.733667477,0,0,0,6.031114512,0,46.33,4.794537184,0,0,4.899909731,0,5.733667477,0,0,0,0,0,1,3,0,0,0,0,3.3872,0,0,0,0,0,2,0,0,0,2,0,0,1,0,1,70,14.23961392,0.00186207,-0.80801985,0.462332233,0.302403316,9.888116957,5.785271702,-0.156117715,11.93861058,0,33.8737505,19.59963892,0,7.43289591,0,0,29.55728603,0
0,16.5,82.5,1,2,25,40,75,90,0.473518519,-0.350883837,0.350883837,2.30525079,1.569155278,5.733667477,0,0,4.899909731,0,23.25963712,0,4.794537184,29.55792728,0,5.733667477,0,0,0,6.031114512,0,46.33,4.794537184,0,0,4.899909731,0,5.733667477,0,0,0,0,0,1,3,0,0,0,0,3.3872,0,0,0,0,0,2,0,0,0,2,0,0,1,0,1,70,14.23961392,0.00186207,-0.80801985,0.462332233,0.302403316,9.888116957,5.785271702,-0.156117715,11.93861058,0,33.8737505,19.59963892,0,7.43289591,0,0,11.93861058,0
1,16.7,83.3,0,2,25,40,75,90,0.473518519,-0.350883837,0.350883837,2.30525079,1.569155278,5.733667477,0,0,4.899909731,0,23.25963712,0,4.794537184,29.55792728,0,5.733667477,0,0,0,6.031114512,0,46.33,4.794537184,0,0,4.899909731,0,5.733667477,0,0,0,0,0,1,3,0,0,0,0,3.3872,0,0,0,0,0,2,0,0,0,2,0,0,1,0,1,106,14.01328809,0.007241923,-1.023293127,0.465728013,0.302404013,9.877673342,5.81236855,-0.15901027,29.84652644,0,52.73990902,24.49954865,0,9.649848996,0,0,14.3633553,0.701292676
0,16.7,83.3,0,2,25,40,75,180,0.473518519,-0.350883837,0.350883837,2.30525079,1.569155278,5.733667477,0,0,4.899909731,0,23.25963712,0,4.794537184,29.55792728,0,5.733667477,0,0,0,6.031114512,0,46.33,4.794537184,0,0,4.899909731,0,5.733667477,0,0,0,0,0,1,3,0,0,0,0,3.3872,0,0,0,0,0,2,0,0,0,2,0,0,1,0,1,106,14.01328809,0.007241923,-1.023293127,0.465728013,0.302404013,9.877673342,5.81236855,-0.15901027,29.84652644,0,52.73990902,24.49954865,0,9.649848996,0,0,14.3633553,0.701292676
1,16.5,82.5,1,2,25,40,75,90,0.473518519,-0.350883837,0.350883837,2.30525079,1.569155278,5.733667477,0,0,4.899909731,0,23.25963712,0,4.794537184,29.55792728,0,5.733667477,0,0,0,6.031114512,0,46.33,4.794537184,0,0,4.899909731,0,5.733667477,0,0,0,0,0,1,3,0,0,0,0,3.3872,0,0,0,0,0,2,0,0,0,2,0,0,1,0,1,106,14.01328809,0.007241923,-1.023293127,0.465728013,0.302404013,9.877673342,5.81236855,-0.15901027,29.84652644,0,52.73990902,24.49954865,0,9.649848996,0,0,29.55728603,0
0,16.5,82.5,1,2,25,40,75,180,0.473518519,-0.350883837,0.350883837,2.30525079,1.569155278,5.733667477,0,0,4.899909731,0,23.25963712,0,4.794537184,29.55792728,0,5.733667477,0,0,0,6.031114512,0,46.33,4.794537184,0,0,4.899909731,0,5.733667477,0,0,0,0,0,1,3,0,0,0,0,3.3872,0,0,0,0,0,2,0,0,0,2,0,0,1,0,1,106,14.01328809,0.007241923,-1.023293127,0.465728013,0.302404013,9.877673342,5.81236855,-0.15901027,29.84652644,0,52.73990902,24.49954865,0,9.649848996,0,0,29.55728603,0
0,16.5,82.5,1,2,25,40,75,90,0.473518519,-0.350883837,0.350883837,2.30525079,1.569155278,5.733667477,0,0,4.899909731,0,23.25963712,0,4.794537184,29.55792728,0,5.733667477,0,0,0,6.031114512,0,46.33,4.794537184,0,0,4.899909731,0,5.733667477,0,0,0,0,0,1,3,0,0,0,0,3.3872,0,0,0,0,0,2,0,0,0,2,0,0,1,0,1,106,14.01328809,0.007241923,-1.023293127,0.465728013,0.302404013,9.877673342,5.81236855,-0.15901027,29.84652644,0,52.73990902,24.49954865,0,9.649848996,0,0,5.969305288,0
0,16.5,82.5,1,2,25,40,75,90,0.473518519,-0.350883837,0.350883837,2.30525079,1.569155278,5.733667477,0,0,4.899909731,0,23.25963712,0,4.794537184,29.55792728,0,5.733667477,0,0,0,6.031114512,0,46.33,4.794537184,0,0,4.899909731,0,5.733667477,0,0,0,0,0,1,3,0,0,0,0,3.3872,0,0,0,0,0,2,0,0,0,2,0,0,1,0,1,106,14.01328809,0.007241923,-1.023293127,0.465728013,0.302404013,9.877673342,5.81236855,-0.15901027,29.84652644,0,52.73990902,24.49954865,0,9.649848996,0,0,11.93861058,0
0,25,75,0,2,25,40,75,90,0.473518519,-0.350883837,0.350883837,2.30525079,1.569155278,5.733667477,0,0,4.899909731,0,23.25963712,0,4.794537184,29.55792728,0,5.733667477,0,0,0,6.031114512,0,46.33,4.794537184,0,0,4.899909731,0,5.733667477,0,0,0,0,0,1,3,0,0,0,0,3.3872,0,0,0,0,0,2,0,0,0,2,0,0,1,0,1,163,10.66,0.208333333,0.208333333,0.319671229,0.226055117,10.38004459,5.784446402,-0.124969213,0,0,4.794537184,0,0,4.36162037,0,0,14.3633553,0.701292676
0,16.7,83.3,0,2,25,40,75,90,0.473518519,-0.350883837,0.350883837,2.30525079,1.569155278,5.733667477,0,0,4.899909731,0,23.25963712,0,4.794537184,29.55792728,0,5.733667477,0,0,0,6.031114512,0,46.33,4.794537184,0,0,4.899909731,0,5.733667477,0,0,0,0,0,1,3,0,0,0,0,3.3872,0,0,0,0,0,2,0,0,0,2,0,0,1,0,1,163,10.66,0.208333333,0.208333333,0.319671229,0.226055117,10.38004459,5.784446402,-0.124969213,0,0,4.794537184,0,0,4.36162037,0,0,14.3633553,0.701292676
0,24.8,74.3,0.9,2,25,40,75,90,0.473518519,-0.350883837,0.350883837,2.30525079,1.569155278,5.733667477,0,0,4.899909731,0,23.25963712,0,4.794537184,29.55792728,0,5.733667477,0,0,0,6.031114512,0,46.33,4.794537184,0,0,4.899909731,0,5.733667477,0,0,0,0,0,1,3,0,0,0,0,3.3872,0,0,0,0,0,2,0,0,0,2,0,0,1,0,1,163,10.66,0.208333333,0.208333333,0.319671229,0.226055117,10.38004459,5.784446402,-0.124969213,0,0,4.794537184,0,0,4.36162037,0,0,29.55728603,0
0,16.5,82.5,1,2,25,40,75,90,0.473518519,-0.350883837,0.350883837,2.30525079,1.569155278,5.733667477,0,0,4.899909731,0,23.25963712,0,4.794537184,29.55792728,0,5.733667477,0,0,0,6.031114512,0,46.33,4.794537184,0,0,4.899909731,0,5.733667477,0,0,0,0,0,1,3,0,0,0,0,3.3872,0,0,0,0,0,2,0,0,0,2,0,0,1,0,1,163,10.66,0.208333333,0.208333333,0.319671229,0.226055117,10.38004459,5.784446402,-0.124969213,0,0,4.794537184,0,0,4.36162037,0,0,29.55728603,0
1,25,75,0,2,25,40,75,90,0.473518519,-0.350883837,0.350883837,2.30525079,1.569155278,5.733667477,0,0,4.899909731,0,23.25963712,0,4.794537184,29.55792728,0,5.733667477,0,0,0,6.031114512,0,46.33,4.794537184,0,0,4.899909731,0,5.733667477,0,0,0,0,0,1,3,0,0,0,0,3.3872,0,0,0,0,0,2,0,0,0,2,0,0,1,0,1,120,12.82572922,0.055981771,-1.569986372,0.481218929,0.306221438,9.948783081,5.761521085,-0.387893507,23.87722115,0,34.49773092,0,0,3.011681888,0,0,14.3633553,0.701292676
0,25,75,0,2,25,40,75,180,0.473518519,-0.350883837,0.350883837,2.30525079,1.569155278,5.733667477,0,0,4.899909731,0,23.25963712,0,4.794537184,29.55792728,0,5.733667477,0,0,0,6.031114512,0,46.33,4.794537184,0,0,4.899909731,0,5.733667477,0,0,0,0,0,1,3,0,0,0,0,3.3872,0,0,0,0,0,2,0,0,0,2,0,0,1,0,1,120,12.82572922,0.055981771,-1.569986372,0.481218929,0.306221438,9.948783081,5.761521085,-0.387893507,23.87722115,0,34.49773092,0,0,3.011681888,0,0,14.3633553,0.701292676
1,16.7,83.3,0,2,25,40,75,90,0.473518519,-0.350883837,0.350883837,2.30525079,1.569155278,5.733667477,0,0,4.899909731,0,23.25963712,0,4.794537184,29.55792728,0,5.733667477,0,0,0,6.031114512,0,46.33,4.794537184,0,0,4.899909731,0,5.733667477,0,0,0,0,0,1,3,0,0,0,0,3.3872,0,0,0,0,0,2,0,0,0,2,0,0,1,0,1,120,12.82572922,0.055981771,-1.569986372,0.481218929,0.306221438,9.948783081,5.761521085,-0.387893507,23.87722115,0,34.49773092,0,0,3.011681888,0,0,14.3633553,0.701292676
0,16.7,83.3,0,2,25,40,75,180,0.473518519,-0.350883837,0.350883837,2.30525079,1.569155278,5.733667477,0,0,4.899909731,0,23.25963712,0,4.794537184,29.55792728,0,5.733667477,0,0,0,6.031114512,0,46.33,4.794537184,0,0,4.899909731,0,5.733667477,0,0,0,0,0,1,3,0,0,0,0,3.3872,0,0,0,0,0,2,0,0,0,2,0,0,1,0,1,120,12.82572922,0.055981771,-1.569986372,0.481218929,0.306221438,9.948783081,5.761521085,-0.387893507,23.87722115,0,34.49773092,0,0,3.011681888,0,0,14.3633553,0.701292676
1,24.8,74.3,0.9,2,25,40,75,90,0.473518519,-0.350883837,0.350883837,2.30525079,1.569155278,5.733667477,0,0,4.899909731,0,23.25963712,0,4.794537184,29.55792728,0,5.733667477,0,0,0,6.031114512,0,46.33,4.794537184,0,0,4.899909731,0,5.733667477,0,0,0,0,0,1,3,0,0,0,0,3.3872,0,0,0,0,0,2,0,0,0,2,0,0,1,0,1,120,12.82572922,0.055981771,-1.569986372,0.481218929,0.306221438,9.948783081,5.761521085,-0.387893507,23.87722115,0,34.49773092,0,0,3.011681888,0,0,29.55728603,0
0,24.8,74.3,0.9,2,25,40,75,180,0.473518519,-0.350883837,0.350883837,2.30525079,1.569155278,5.733667477,0,0,4.899909731,0,23.25963712,0,4.794537184,29.55792728,0,5.733667477,0,0,0,6.031114512,0,46.33,4.794537184,0,0,4.899909731,0,5.733667477,0,0,0,0,0,1,3,0,0,0,0,3.3872,0,0,0,0,0,2,0,0,0,2,0,0,1,0,1,120,12.82572922,0.055981771,-1.569986372,0.481218929,0.306221438,9.948783081,5.761521085,-0.387893507,23.87722115,0,34.49773092,0,0,3.011681888,0,0,29.55728603,0
1,16.5,82.5,1,2,25,40,75,90,0.473518519,-0.350883837,0.350883837,2.30525079,1.569155278,5.733667477,0,0,4.899909731,0,23.25963712,0,4.794537184,29.55792728,0,5.733667477,0,0,0,6.031114512,0,46.33,4.794537184,0,0,4.899909731,0,5.733667477,0,0,0,0,0,1,3,0,0,0,0,3.3872,0,0,0,0,0,2,0,0,0,2,0,0,1,0,1,120,12.82572922,0.055981771,-1.569986372,0.481218929,0.306221438,9.948783081,5.761521085,-0.387893507,23.87722115,0,34.49773092,0,0,3.011681888,0,0,29.55728603,0
0,16.5,82.5,1,2,25,40,75,180,0.473518519,-0.350883837,0.350883837,2.30525079,1.569155278,5.733667477,0,0,4.899909731,0,23.25963712,0,4.794537184,29.55792728,0,5.733667477,0,0,0,6.031114512,0,46.33,4.794537184,0,0,4.899909731,0,5.733667477,0,0,0,0,0,1,3,0,0,0,0,3.3872,0,0,0,0,0,2,0,0,0,2,0,0,1,0,1,120,12.82572922,0.055981771,-1.569986372,0.481218929,0.306221438,9.948783081,5.761521085,-0.387893507,23.87722115,0,34.49773092,0,0,3.011681888,0,0,29.55728603,0
1,16.5,82.5,1,2,25,40,75,90,0.473518519,-0.350883837,0.350883837,2.30525079,1.569155278,5.733667477,0,0,4.899909731,0,23.25963712,0,4.794537184,29.55792728,0,5.733667477,0,0,0,6.031114512,0,46.33,4.794537184,0,0,4.899909731,0,5.733667477,0,0,0,0,0,1,3,0,0,0,0,3.3872,0,0,0,0,0,2,0,0,0,2,0,0,1,0,1,120,12.82572922,0.055981771,-1.569986372,0.481218929,0.306221438,9.948783081,5.761521085,-0.387893507,23.87722115,0,34.49773092,0,0,3.011681888,0,0,5.969305288,0
0,16.5,82.5,1,2,25,40,75,180,0.473518519,-0.350883837,0.350883837,2.30525079,1.569155278,5.733667477,0,0,4.899909731,0,23.25963712,0,4.794537184,29.55792728,0,5.733667477,0,0,0,6.031114512,0,46.33,4.794537184,0,0,4.899909731,0,5.733667477,0,0,0,0,0,1,3,0,0,0,0,3.3872,0,0,0,0,0,2,0,0,0,2,0,0,1,0,1,120,12.82572922,0.055981771,-1.569986372,0.481218929,0.306221438,9.948783081,5.761521085,-0.387893507,23.87722115,0,34.49773092,0,0,3.011681888,0,0,5.969305288,0
1,16.5,82.5,1,2,25,40,75,90,0.473518519,-0.350883837,0.350883837,2.30525079,1.569155278,5.733667477,0,0,4.899909731,0,23.25963712,0,4.794537184,29.55792728,0,5.733667477,0,0,0,6.031114512,0,46.33,4.794537184,0,0,4.899909731,0,5.733667477,0,0,0,0,0,1,3,0,0,0,0,3.3872,0,0,0,0,0,2,0,0,0,2,0,0,1,0,1,120,12.82572922,0.055981771,-1.569986372,0.481218929,0.306221438,9.948783081,5.761521085,-0.387893507,23.87722115,0,34.49773092,0,0,3.011681888,0,0,11.93861058,0
0,16.5,82.5,1,2,25,40,75,180,0.473518519,-0.350883837,0.350883837,2.30525079,1.569155278,5.733667477,0,0,4.899909731,0,23.25963712,0,4.794537184,29.55792728,0,5.733667477,0,0,0,6.031114512,0,46.33,4.794537184,0,0,4.899909731,0,5.733667477,0,0,0,0,0,1,3,0,0,0,0,3.3872,0,0,0,0,0,2,0,0,0,2,0,0,1,0,1,120,12.82572922,0.055981771,-1.569986372,0.481218929,0.306221438,9.948783081,5.761521085,-0.387893507,23.87722115,0,34.49773092,0,0,3.011681888,0,0,11.93861058,0
0,16.7,83.3,0,2,25,40,75,90,0.473518519,-0.350883837,0.350883837,2.30525079,1.569155278,5.733667477,0,0,4.899909731,0,23.25963712,0,4.794537184,29.55792728,0,5.733667477,0,0,0,6.031114512,0,46.33,4.794537184,0,0,4.899909731,0,5.733667477,0,0,0,0,0,1,3,0,0,0,0,3.3872,0,0,0,0,0,2,0,0,0,2,0,0,1,0,1,177,11.81012813,0.083477036,-1.522275551,0.391019003,0.186995304,9.95116606,4.984256863,-0.388090575,0,0,30.63916437,0,0,1.173571586,0,0,14.3633553,0.701292676
0,16.7,83.3,0,2,25,40,75,90,0.473518519,-0.350883837,0.350883837,2.30525079,1.569155278,5.733667477,0,0,4.899909731,0,23.25963712,0,4.794537184,29.55792728,0,5.733667477,0,0,0,6.031114512,0,46.33,4.794537184,0,0,4.899909731,0,5.733667477,0,0,0,0,0,1,3,0,0,0,0,3.3872,0,0,0,0,0,2,0,0,0,2,0,0,1,0,1,45,13.5793784,0.015375016,-1.252900206,0.468602342,0.311404757,9.636144471,5.82947623,-0.169149396,23.87722115,0,19.17814874,44.91424459,-3.513750844,12.24789031,2,1,14.3633553,0.701292676
0,16.5,82.5,1,2,25,40,75,90,0.473518519,-0.350883837,0.350883837,2.30525079,1.569155278,5.733667477,0,0,4.899909731,0,23.25963712,0,4.794537184,29.55792728,0,5.733667477,0,0,0,6.031114512,0,46.33,4.794537184,0,0,4.899909731,0,5.733667477,0,0,0,0,0,1,3,0,0,0,0,3.3872,0,0,0,0,0,2,0,0,0,2,0,0,1,0,1,45,13.5793784,0.015375016,-1.252900206,0.468602342,0.311404757,9.636144471,5.82947623,-0.169149396,23.87722115,0,19.17814874,44.91424459,-3.513750844,12.24789031,2,1,29.55728603,0
0,16.5,82.5,1,2,25,40,75,90,0.473518519,-0.350883837,0.350883837,2.30525079,1.569155278,5.733667477,0,0,4.899909731,0,23.25963712,0,4.794537184,29.55792728,0,5.733667477,0,0,0,6.031114512,0,46.33,4.794537184,0,0,4.899909731,0,5.733667477,0,0,0,0,0,1,3,0,0,0,0,3.3872,0,0,0,0,0,2,0,0,0,2,0,0,1,0,1,45,13.5793784,0.015375016,-1.252900206,0.468602342,0.311404757,9.636144471,5.82947623,-0.169149396,23.87722115,0,19.17814874,44.91424459,-3.513750844,12.24789031,2,1,5.969305288,0
1,25,75,0,2,25,40,75,90,0.473518519,-0.350883837,0.350883837,2.30525079,1.569155278,5.733667477,0,0,4.899909731,0,23.25963712,0,4.794537184,29.55792728,0,5.733667477,0,0,0,6.031114512,0,46.33,4.794537184,0,0,4.899909731,0,5.733667477,0,0,0,0,0,1,3,0,0,0,0,3.3872,0,0,0,0,0,2,0,0,0,2,0,0,1,0,1,110,12.22407348,0.029242016,-1.400962774,0.481033737,0.308898559,9.728912376,5.792979825,-0.157011637,23.87722115,0,24.28467613,0,-1.400962774,8.04492223,0,0,14.3633553,0.701292676
0,25,75,0,2,25,40,75,180,0.473518519,-0.350883837,0.350883837,2.30525079,1.569155278,5.733667477,0,0,4.899909731,0,23.25963712,0,4.794537184,29.55792728,0,5.733667477,0,0,0,6.031114512,0,46.33,4.794537184,0,0,4.899909731,0,5.733667477,0,0,0,0,0,1,3,0,0,0,0,3.3872,0,0,0,0,0,2,0,0,0,2,0,0,1,0,1,110,12.22407348,0.029242016,-1.400962774,0.481033737,0.308898559,9.728912376,5.792979825,-0.157011637,23.87722115,0,24.28467613,0,-1.400962774,8.04492223,0,0,14.3633553,0.701292676
1,16.7,83.3,0,2,25,40,75,180,0.473518519,-0.350883837,0.350883837,2.30525079,1.569155278,5.733667477,0,0,4.899909731,0,23.25963712,0,4.794537184,29.55792728,0,5.733667477,0,0,0,6.031114512,0,46.33,4.794537184,0,0,4.899909731,0,5.733667477,0,0,0,0,0,1,3,0,0,0,0,3.3872,0,0,0,0,0,2,0,0,0,2,0,0,1,0,1,110,12.22407348,0.029242016,-1.400962774,0.481033737,0.308898559,9.728912376,5.792979825,-0.157011637,23.87722115,0,24.28467613,0,-1.400962774,8.04492223,0,0,14.3633553,0.701292676
1,24.8,74.3,0.9,2,25,40,75,90,0.473518519,-0.350883837,0.350883837,2.30525079,1.569155278,5.733667477,0,0,4.899909731,0,23.25963712,0,4.794537184,29.55792728,0,5.733667477,0,0,0,6.031114512,0,46.33,4.794537184,0,0,4.899909731,0,5.733667477,0,0,0,0,0,1,3,0,0,0,0,3.3872,0,0,0,0,0,2,0,0,0,2,0,0,1,0,1,110,12.22407348,0.029242016,-1.400962774,0.481033737,0.308898559,9.728912376,5.792979825,-0.157011637,23.87722115,0,24.28467613,0,-1.400962774,8.04492223,0,0,29.55728603,0
0,24.8,74.3,0.9,2,25,40,75,180,0.473518519,-0.350883837,0.350883837,2.30525079,1.569155278,5.733667477,0,0,4.899909731,0,23.25963712,0,4.794537184,29.55792728,0,5.733667477,0,0,0,6.031114512,0,46.33,4.794537184,0,0,4.899909731,0,5.733667477,0,0,0,0,0,1,3,0,0,0,0,3.3872,0,0,0,0,0,2,0,0,0,2,0,0,1,0,1,110,12.22407348,0.029242016,-1.400962774,0.481033737,0.308898559,9.728912376,5.792979825,-0.157011637,23.87722115,0,24.28467613,0,-1.400962774,8.04492223,0,0,29.55728603,0
1,16.5,82.5,1,2,25,40,75,180,0.473518519,-0.350883837,0.350883837,2.30525079,1.569155278,5.733667477,0,0,4.899909731,0,23.25963712,0,4.794537184,29.55792728,0,5.733667477,0,0,0,6.031114512,0,46.33,4.794537184,0,0,4.899909731,0,5.733667477,0,0,0,0,0,1,3,0,0,0,0,3.3872,0,0,0,0,0,2,0,0,0,2,0,0,1,0,1,110,12.22407348,0.029242016,-1.400962774,0.481033737,0.308898559,9.728912376,5.792979825,-0.157011637,23.87722115,0,24.28467613,0,-1.400962774,8.04492223,0,0,29.55728603,0
1,24.8,74.3,0.9,2,25,40,75,90,0.473518519,-0.350883837,0.350883837,2.30525079,1.569155278,5.733667477,0,0,4.899909731,0,23.25963712,0,4.794537184,29.55792728,0,5.733667477,0,0,0,6.031114512,0,46.33,4.794537184,0,0,4.899909731,0,5.733667477,0,0,0,0,0,1,3,0,0,0,0,3.3872,0,0,0,0,0,2,0,0,0,2,0,0,1,0,1,110,12.22407348,0.029242016,-1.400962774,0.481033737,0.308898559,9.728912376,5.792979825,-0.157011637,23.87722115,0,24.28467613,0,-1.400962774,8.04492223,0,0,5.969305288,0
0,24.8,74.3,0.9,2,25,40,75,180,0.473518519,-0.350883837,0.350883837,2.30525079,1.569155278,5.733667477,0,0,4.899909731,0,23.25963712,0,4.794537184,29.55792728,0,5.733667477,0,0,0,6.031114512,0,46.33,4.794537184,0,0,4.899909731,0,5.733667477,0,0,0,0,0,1,3,0,0,0,0,3.3872,0,0,0,0,0,2,0,0,0,2,0,0,1,0,1,110,12.22407348,0.029242016,-1.400962774,0.481033737,0.308898559,9.728912376,5.792979825,-0.157011637,23.87722115,0,24.28467613,0,-1.400962774,8.04492223,0,0,5.969305288,0
1,16.5,82.5,1,2,25,40,75,180,0.473518519,-0.350883837,0.350883837,2.30525079,1.569155278,5.733667477,0,0,4.899909731,0,23.25963712,0,4.794537184,29.55792728,0,5.733667477,0,0,0,6.031114512,0,46.33,4.794537184,0,0,4.899909731,0,5.733667477,0,0,0,0,0,1,3,0,0,0,0,3.3872,0,0,0,0,0,2,0,0,0,2,0,0,1,0,1,110,12.22407348,0.029242016,-1.400962774,0.481033737,0.308898559,9.728912376,5.792979825,-0.157011637,23.87722115,0,24.28467613,0,-1.400962774,8.04492223,0,0,5.969305288,0
1,24.8,74.3,0.9,2,25,40,75,180,0.473518519,-0.350883837,0.350883837,2.30525079,1.569155278,5.733667477,0,0,4.899909731,0,23.25963712,0,4.794537184,29.55792728,0,5.733667477,0,0,0,6.031114512,0,46.33,4.794537184,0,0,4.899909731,0,5.733667477,0,0,0,0,0,1,3,0,0,0,0,3.3872,0,0,0,0,0,2,0,0,0,2,0,0,1,0,1,110,12.22407348,0.029242016,-1.400962774,0.481033737,0.308898559,9.728912376,5.792979825,-0.157011637,23.87722115,0,24.28467613,0,-1.400962774,8.04492223,0,0,11.93861058,0
1,16.5,82.5,1,2,25,40,75,180,0.473518519,-0.350883837,0.350883837,2.30525079,1.569155278,5.733667477,0,0,4.899909731,0,23.25963712,0,4.794537184,29.55792728,0,5.733667477,0,0,0,6.031114512,0,46.33,4.794537184,0,0,4.899909731,0,5.733667477,0,0,0,0,0,1,3,0,0,0,0,3.3872,0,0,0,0,0,2,0,0,0,2,0,0,1,0,1,110,12.22407348,0.029242016,-1.400962774,0.481033737,0.308898559,9.728912376,5.792979825,-0.157011637,23.87722115,0,24.28467613,0,-1.400962774,8.04492223,0,0,11.93861058,0
1,25,75,0,2,25,40,75,180,0.473518519,-0.350883837,0.350883837,2.30525079,1.569155278,5.733667477,0,0,4.899909731,0,23.25963712,0,4.794537184,29.55792728,0,5.733667477,0,0,0,6.031114512,0,46.33,4.794537184,0,0,4.899909731,0,5.733667477,0,0,0,0,0,1,3,0,0,0,0,3.3872,0,0,0,0,0,2,0,0,0,2,0,0,1,0,1,130,12.01320248,0.092689437,-1.065231481,0.481033607,0.311070783,9.696116075,5.807390273,-0.160989429,17.90791586,0,14.38361155,0,-1.972063492,6.452919737,0,0,14.3633553,0.701292676
1,16.7,83.3,0,2,25,40,75,180,0.473518519,-0.350883837,0.350883837,2.30525079,1.569155278,5.733667477,0,0,4.899909731,0,23.25963712,0,4.794537184,29.55792728,0,5.733667477,0,0,0,6.031114512,0,46.33,4.794537184,0,0,4.899909731,0,5.733667477,0,0,0,0,0,1,3,0,0,0,0,3.3872,0,0,0,0,0,2,0,0,0,2,0,0,1,0,1,130,12.01320248,0.092689437,-1.065231481,0.481033607,0.311070783,9.696116075,5.807390273,-0.160989429,17.90791586,0,14.38361155,0,-1.972063492,6.452919737,0,0,14.3633553,0.701292676
1,24.8,74.3,0.9,2,25,40,75,180,0.473518519,-0.350883837,0.350883837,2.30525079,1.569155278,5.733667477,0,0,4.899909731,0,23.25963712,0,4.794537184,29.55792728,0,5.733667477,0,0,0,6.031114512,0,46.33,4.794537184,0,0,4.899909731,0,5.733667477,0,0,0,0,0,1,3,0,0,0,0,3.3872,0,0,0,0,0,2,0,0,0,2,0,0,1,0,1,130,12.01320248,0.092689437,-1.065231481,0.481033607,0.311070783,9.696116075,5.807390273,-0.160989429,17.90791586,0,14.38361155,0,-1.972063492,6.452919737,0,0,29.55728603,0
1,16.5,82.5,1,2,25,40,75,180,0.473518519,-0.350883837,0.350883837,2.30525079,1.569155278,5.733667477,0,0,4.899909731,0,23.25963712,0,4.794537184,29.55792728,0,5.733667477,0,0,0,6.031114512,0,46.33,4.794537184,0,0,4.899909731,0,5.733667477,0,0,0,0,0,1,3,0,0,0,0,3.3872,0,0,0,0,0,2,0,0,0,2,0,0,1,0,1,130,12.01320248,0.092689437,-1.065231481,0.481033607,0.311070783,9.696116075,5.807390273,-0.160989429,17.90791586,0,14.38361155,0,-1.972063492,6.452919737,0,0,29.55728603,0
1,24.8,74.3,0.9,2,25,40,75,180,0.473518519,-0.350883837,0.350883837,2.30525079,1.569155278,5.733667477,0,0,4.899909731,0,23.25963712,0,4.794537184,29.55792728,0,5.733667477,0,0,0,6.031114512,0,46.33,4.794537184,0,0,4.899909731,0,5.733667477,0,0,0,0,0,1,3,0,0,0,0,3.3872,0,0,0,0,0,2,0,0,0,2,0,0,1,0,1,130,12.01320248,0.092689437,-1.065231481,0.481033607,0.311070783,9.696116075,5.807390273,-0.160989429,17.90791586,0,14.38361155,0,-1.972063492,6.452919737,0,0,5.969305288,0
1,16.5,82.5,1,2,25,40,75,180,0.473518519,-0.350883837,0.350883837,2.30525079,1.569155278,5.733667477,0,0,4.899909731,0,23.25963712,0,4.794537184,29.55792728,0,5.733667477,0,0,0,6.031114512,0,46.33,4.794537184,0,0,4.899909731,0,5.733667477,0,0,0,0,0,1,3,0,0,0,0,3.3872,0,0,0,0,0,2,0,0,0,2,0,0,1,0,1,130,12.01320248,0.092689437,-1.065231481,0.481033607,0.311070783,9.696116075,5.807390273,-0.160989429,17.90791586,0,14.38361155,0,-1.972063492,6.452919737,0,0,5.969305288,0
1,24.8,74.3,0.9,2,25,40,75,180,0.473518519,-0.350883837,0.350883837,2.30525079,1.569155278,5.733667477,0,0,4.899909731,0,23.25963712,0,4.794537184,29.55792728,0,5.733667477,0,0,0,6.031114512,0,46.33,4.794537184,0,0,4.899909731,0,5.733667477,0,0,0,0,0,1,3,0,0,0,0,3.3872,0,0,0,0,0,2,0,0,0,2,0,0,1,0,1,130,12.01320248,0.092689437,-1.065231481,0.481033607,0.311070783,9.696116075,5.807390273,-0.160989429,17.90791586,0,14.38361155,0,-1.972063492,6.452919737,0,0,11.93861058,0
1,16.5,82.5,1,2,25,40,75,180,0.473518519,-0.350883837,0.350883837,2.30525079,1.569155278,5.733667477,0,0,4.899909731,0,23.25963712,0,4.794537184,29.55792728,0,5.733667477,0,0,0,6.031114512,0,46.33,4.794537184,0,0,4.899909731,0,5.733667477,0,0,0,0,0,1,3,0,0,0,0,3.3872,0,0,0,0,0,2,0,0,0,2,0,0,1,0,1,130,12.01320248,0.092689437,-1.065231481,0.481033607,0.311070783,9.696116075,5.807390273,-0.160989429,17.90791586,0,14.38361155,0,-1.972063492,6.452919737,0,0,11.93861058,0
1,25,75,0,2,25,40,75,180,0.077237835,-0.394534284,0.394534284,1.937972802,6.049910617,40.0257485,11.03340144,11.89667856,0,9.967957042,38.52492974,52.35805125,20.42610958,34.56580555,19.93591408,0,38.52492974,0,0,119.1476028,0,145.44,20.42610958,26.42752786,49.10910562,9.799819462,9.799819462,19.93591408,38.57728475,4.378366938,0,0.75,0,4,12,2,2,0,0,-0.0176,0,0,0,0,0,1,0,0,0,0,0,2,0,0,0,70,14.23961392,0.00186207,-0.80801985,0.462332233,0.302403316,9.888116957,5.785271702,-0.156117715,11.93861058,0,33.8737505,19.59963892,0,7.43289591,0,0,14.3633553,0.701292676
1,16.7,83.3,0,2,25,40,75,180,0.077237835,-0.394534284,0.394534284,1.937972802,6.049910617,40.0257485,11.03340144,11.89667856,0,9.967957042,38.52492974,52.35805125,20.42610958,34.56580555,19.93591408,0,38.52492974,0,0,119.1476028,0,145.44,20.42610958,26.42752786,49.10910562,9.799819462,9.799819462,19.93591408,38.57728475,4.378366938,0,0.75,0,4,12,2,2,0,0,-0.0176,0,0,0,0,0,1,0,0,0,0,0,2,0,0,0,70,14.23961392,0.00186207,-0.80801985,0.462332233,0.302403316,9.888116957,5.785271702,-0.156117715,11.93861058,0,33.8737505,19.59963892,0,7.43289591,0,0,14.3633553,0.701292676
1,24.8,74.3,0.9,2,25,40,75,90,0.077237835,-0.394534284,0.394534284,1.937972802,6.049910617,40.0257485,11.03340144,11.89667856,0,9.967957042,38.52492974,52.35805125,20.42610958,34.56580555,19.93591408,0,38.52492974,0,0,119.1476028,0,145.44,20.42610958,26.42752786,49.10910562,9.799819462,9.799819462,19.93591408,38.57728475,4.378366938,0,0.75,0,4,12,2,2,0,0,-0.0176,0,0,0,0,0,1,0,0,0,0,0,2,0,0,0,70,14.23961392,0.00186207,-0.80801985,0.462332233,0.302403316,9.888116957,5.785271702,-0.156117715,11.93861058,0,33.8737505,19.59963892,0,7.43289591,0,0,29.55728603,0
0,24.8,74.3,0.9,2,25,40,75,180,0.077237835,-0.394534284,0.394534284,1.937972802,6.049910617,40.0257485,11.03340144,11.89667856,0,9.967957042,38.52492974,52.35805125,20.42610958,34.56580555,19.93591408,0,38.52492974,0,0,119.1476028,0,145.44,20.42610958,26.42752786,49.10910562,9.799819462,9.799819462,19.93591408,38.57728475,4.378366938,0,0.75,0,4,12,2,2,0,0,-0.0176,0,0,0,0,0,1,0,0,0,0,0,2,0,0,0,70,14.23961392,0.00186207,-0.80801985,0.462332233,0.302403316,9.888116957,5.785271702,-0.156117715,11.93861058,0,33.8737505,19.59963892,0,7.43289591,0,0,29.55728603,0
1,16.5,82.5,1,2,25,40,75,180,0.077237835,-0.394534284,0.394534284,1.937972802,6.049910617,40.0257485,11.03340144,11.89667856,0,9.967957042,38.52492974,52.35805125,20.42610958,34.56580555,19.93591408,0,38.52492974,0,0,119.1476028,0,145.44,20.42610958,26.42752786,49.10910562,9.799819462,9.799819462,19.93591408,38.57728475,4.378366938,0,0.75,0,4,12,2,2,0,0,-0.0176,0,0,0,0,0,1,0,0,0,0,0,2,0,0,0,70,14.23961392,0.00186207,-0.80801985,0.462332233,0.302403316,9.888116957,5.785271702,-0.156117715,11.93861058,0,33.8737505,19.59963892,0,7.43289591,0,0,29.55728603,0
1,24.8,74.3,0.9,2,25,40,75,90,0.077237835,-0.394534284,0.394534284,1.937972802,6.049910617,40.0257485,11.03340144,11.89667856,0,9.967957042,38.52492974,52.35805125,20.42610958,34.56580555,19.93591408,0,38.52492974,0,0,119.1476028,0,145.44,20.42610958,26.42752786,49.10910562,9.799819462,9.799819462,19.93591408,38.57728475,4.378366938,0,0.75,0,4,12,2,2,0,0,-0.0176,0,0,0,0,0,1,0,0,0,0,0,2,0,0,0,70,14.23961392,0.00186207,-0.80801985,0.462332233,0.302403316,9.888116957,5.785271702,-0.156117715,11.93861058,0,33.8737505,19.59963892,0,7.43289591,0,0,5.969305288,0
0,24.8,74.3,0.9,2,25,40,75,180,0.077237835,-0.394534284,0.394534284,1.937972802,6.049910617,40.0257485,11.03340144,11.89667856,0,9.967957042,38.52492974,52.35805125,20.42610958,34.56580555,19.93591408,0,38.52492974,0,0,119.1476028,0,145.44,20.42610958,26.42752786,49.10910562,9.799819462,9.799819462,19.93591408,38.57728475,4.378366938,0,0.75,0,4,12,2,2,0,0,-0.0176,0,0,0,0,0,1,0,0,0,0,0,2,0,0,0,70,14.23961392,0.00186207,-0.80801985,0.462332233,0.302403316,9.888116957,5.785271702,-0.156117715,11.93861058,0,33.8737505,19.59963892,0,7.43289591,0,0,5.969305288,0
1,16.5,82.5,1,2,25,40,75,180,0.077237835,-0.394534284,0.394534284,1.937972802,6.049910617,40.0257485,11.03340144,11.89667856,0,9.967957042,38.52492974,52.35805125,20.42610958,34.56580555,19.93591408,0,38.52492974,0,0,119.1476028,0,145.44,20.42610958,26.42752786,49.10910562,9.799819462,9.799819462,19.93591408,38.57728475,4.378366938,0,0.75,0,4,12,2,2,0,0,-0.0176,0,0,0,0,0,1,0,0,0,0,0,2,0,0,0,70,14.23961392,0.00186207,-0.80801985,0.462332233,0.302403316,9.888116957,5.785271702,-0.156117715,11.93861058,0,33.8737505,19.59963892,0,7.43289591,0,0,5.969305288,0
1,24.8,74.3,0.9,2,25,40,75,180,0.077237835,-0.394534284,0.394534284,1.937972802,6.049910617,40.0257485,11.03340144,11.89667856,0,9.967957042,38.52492974,52.35805125,20.42610958,34.56580555,19.93591408,0,38.52492974,0,0,119.1476028,0,145.44,20.42610958,26.42752786,49.10910562,9.799819462,9.799819462,19.93591408,38.57728475,4.378366938,0,0.75,0,4,12,2,2,0,0,-0.0176,0,0,0,0,0,1,0,0,0,0,0,2,0,0,0,70,14.23961392,0.00186207,-0.80801985,0.462332233,0.302403316,9.888116957,5.785271702,-0.156117715,11.93861058,0,33.8737505,19.59963892,0,7.43289591,0,0,11.93861058,0
1,16.5,82.5,1,2,25,40,75,180,0.077237835,-0.394534284,0.394534284,1.937972802,6.049910617,40.0257485,11.03340144,11.89667856,0,9.967957042,38.52492974,52.35805125,20.42610958,34.56580555,19.93591408,0,38.52492974,0,0,119.1476028,0,145.44,20.42610958,26.42752786,49.10910562,9.799819462,9.799819462,19.93591408,38.57728475,4.378366938,0,0.75,0,4,12,2,2,0,0,-0.0176,0,0,0,0,0,1,0,0,0,0,0,2,0,0,0,70,14.23961392,0.00186207,-0.80801985,0.462332233,0.302403316,9.888116957,5.785271702,-0.156117715,11.93861058,0,33.8737505,19.59963892,0,7.43289591,0,0,11.93861058,0
0,16.7,83.3,0,2,25,40,75,90,0.077237835,-0.394534284,0.394534284,1.937972802,6.049910617,40.0257485,11.03340144,11.89667856,0,9.967957042,38.52492974,52.35805125,20.42610958,34.56580555,19.93591408,0,38.52492974,0,0,119.1476028,0,145.44,20.42610958,26.42752786,49.10910562,9.799819462,9.799819462,19.93591408,38.57728475,4.378366938,0,0.75,0,4,12,2,2,0,0,-0.0176,0,0,0,0,0,1,0,0,0,0,0,2,0,0,0,106,14.01328809,0.007241923,-1.023293127,0.465728013,0.302404013,9.877673342,5.81236855,-0.15901027,29.84652644,0,52.73990902,24.49954865,0,9.649848996,0,0,14.3633553,0.701292676
0,16.5,82.5,1,2,25,40,75,90,0.077237835,-0.394534284,0.394534284,1.937972802,6.049910617,40.0257485,11.03340144,11.89667856,0,9.967957042,38.52492974,52.35805125,20.42610958,34.56580555,19.93591408,0,38.52492974,0,0,119.1476028,0,145.44,20.42610958,26.42752786,49.10910562,9.799819462,9.799819462,19.93591408,38.57728475,4.378366938,0,0.75,0,4,12,2,2,0,0,-0.0176,0,0,0,0,0,1,0,0,0,0,0,2,0,0,0,106,14.01328809,0.007241923,-1.023293127,0.465728013,0.302404013,9.877673342,5.81236855,-0.15901027,29.84652644,0,52.73990902,24.49954865,0,9.649848996,0,0,5.969305288,0
0,16.5,82.5,1,2,25,40,75,90,0.077237835,-0.394534284,0.394534284,1.937972802,6.049910617,40.0257485,11.03340144,11.89667856,0,9.967957042,38.52492974,52.35805125,20.42610958,34.56580555,19.93591408,0,38.52492974,0,0,119.1476028,0,145.44,20.42610958,26.42752786,49.10910562,9.799819462,9.799819462,19.93591408,38.57728475,4.378366938,0,0.75,0,4,12,2,2,0,0,-0.0176,0,0,0,0,0,1,0,0,0,0,0,2,0,0,0,120,12.82572922,0.055981771,-1.569986372,0.481218929,0.306221438,9.948783081,5.761521085,-0.387893507,23.87722115,0,34.49773092,0,0,3.011681888,0,0,29.55728603,0
0,16.7,83.3,0,2,25,40,75,90,0.077237835,-0.394534284,0.394534284,1.937972802,6.049910617,40.0257485,11.03340144,11.89667856,0,9.967957042,38.52492974,52.35805125,20.42610958,34.56580555,19.93591408,0,38.52492974,0,0,119.1476028,0,145.44,20.42610958,26.42752786,49.10910562,9.799819462,9.799819462,19.93591408,38.57728475,4.378366938,0,0.75,0,4,12,2,2,0,0,-0.0176,0,0,0,0,0,1,0,0,0,0,0,2,0,0,0,45,13.5793784,0.015375016,-1.252900206,0.468602342,0.311404757,9.636144471,5.82947623,-0.169149396,23.87722115,0,19.17814874,44.91424459,-3.513750844,12.24789031,2,1,14.3633553,0.701292676
0,16.5,82.5,1,2,25,40,75,90,0.077237835,-0.394534284,0.394534284,1.937972802,6.049910617,40.0257485,11.03340144,11.89667856,0,9.967957042,38.52492974,52.35805125,20.42610958,34.56580555,19.93591408,0,38.52492974,0,0,119.1476028,0,145.44,20.42610958,26.42752786,49.10910562,9.799819462,9.799819462,19.93591408,38.57728475,4.378366938,0,0.75,0,4,12,2,2,0,0,-0.0176,0,0,0,0,0,1,0,0,0,0,0,2,0,0,0,45,13.5793784,0.015375016,-1.252900206,0.468602342,0.311404757,9.636144471,5.82947623,-0.169149396,23.87722115,0,19.17814874,44.91424459,-3.513750844,12.24789031,2,1,29.55728603,0
0,25,75,0,2,25,40,75,90,0.077237835,-0.394534284,0.394534284,1.937972802,6.049910617,40.0257485,11.03340144,11.89667856,0,9.967957042,38.52492974,52.35805125,20.42610958,34.56580555,19.93591408,0,38.52492974,0,0,119.1476028,0,145.44,20.42610958,26.42752786,49.10910562,9.799819462,9.799819462,19.93591408,38.57728475,4.378366938,0,0.75,0,4,12,2,2,0,0,-0.0176,0,0,0,0,0,1,0,0,0,0,0,2,0,0,0,110,12.22407348,0.029242016,-1.400962774,0.481033737,0.308898559,9.728912376,5.792979825,-0.157011637,23.87722115,0,24.28467613,0,-1.400962774,8.04492223,0,0,14.3633553,0.701292676
1,16.7,83.3,0,2,25,40,75,180,0.077237835,-0.394534284,0.394534284,1.937972802,6.049910617,40.0257485,11.03340144,11.89667856,0,9.967957042,38.52492974,52.35805125,20.42610958,34.56580555,19.93591408,0,38.52492974,0,0,119.1476028,0,145.44,20.42610958,26.42752786,49.10910562,9.799819462,9.799819462,19.93591408,38.57728475,4.378366938,0,0.75,0,4,12,2,2,0,0,-0.0176,0,0,0,0,0,1,0,0,0,0,0,2,0,0,0,110,12.22407348,0.029242016,-1.400962774,0.481033737,0.308898559,9.728912376,5.792979825,-0.157011637,23.87722115,0,24.28467613,0,-1.400962774,8.04492223,0,0,14.3633553,0.701292676
1,16.5,82.5,1,2,25,40,75,180,0.077237835,-0.394534284,0.394534284,1.937972802,6.049910617,40.0257485,11.03340144,11.89667856,0,9.967957042,38.52492974,52.35805125,20.42610958,34.56580555,19.93591408,0,38.52492974,0,0,119.1476028,0,145.44,20.42610958,26.42752786,49.10910562,9.799819462,9.799819462,19.93591408,38.57728475,4.378366938,0,0.75,0,4,12,2,2,0,0,-0.0176,0,0,0,0,0,1,0,0,0,0,0,2,0,0,0,110,12.22407348,0.029242016,-1.400962774,0.481033737,0.308898559,9.728912376,5.792979825,-0.157011637,23.87722115,0,24.28467613,0,-1.400962774,8.04492223,0,0,29.55728603,0
1,24.8,74.3,0.9,2,25,40,75,180,0.077237835,-0.394534284,0.394534284,1.937972802,6.049910617,40.0257485,11.03340144,11.89667856,0,9.967957042,38.52492974,52.35805125,20.42610958,34.56580555,19.93591408,0,38.52492974,0,0,119.1476028,0,145.44,20.42610958,26.42752786,49.10910562,9.799819462,9.799819462,19.93591408,38.57728475,4.378366938,0,0.75,0,4,12,2,2,0,0,-0.0176,0,0,0,0,0,1,0,0,0,0,0,2,0,0,0,110,12.22407348,0.029242016,-1.400962774,0.481033737,0.308898559,9.728912376,5.792979825,-0.157011637,23.87722115,0,24.28467613,0,-1.400962774,8.04492223,0,0,5.969305288,0
1,16.5,82.5,1,2,25,40,75,180,0.077237835,-0.394534284,0.394534284,1.937972802,6.049910617,40.0257485,11.03340144,11.89667856,0,9.967957042,38.52492974,52.35805125,20.42610958,34.56580555,19.93591408,0,38.52492974,0,0,119.1476028,0,145.44,20.42610958,26.42752786,49.10910562,9.799819462,9.799819462,19.93591408,38.57728475,4.378366938,0,0.75,0,4,12,2,2,0,0,-0.0176,0,0,0,0,0,1,0,0,0,0,0,2,0,0,0,110,12.22407348,0.029242016,-1.400962774,0.481033737,0.308898559,9.728912376,5.792979825,-0.157011637,23.87722115,0,24.28467613,0,-1.400962774,8.04492223,0,0,5.969305288,0
1,24.8,74.3,0.9,2,25,40,75,180,0.077237835,-0.394534284,0.394534284,1.937972802,6.049910617,40.0257485,11.03340144,11.89667856,0,9.967957042,38.52492974,52.35805125,20.42610958,34.56580555,19.93591408,0,38.52492974,0,0,119.1476028,0,145.44,20.42610958,26.42752786,49.10910562,9.799819462,9.799819462,19.93591408,38.57728475,4.378366938,0,0.75,0,4,12,2,2,0,0,-0.0176,0,0,0,0,0,1,0,0,0,0,0,2,0,0,0,110,12.22407348,0.029242016,-1.400962774,0.481033737,0.308898559,9.728912376,5.792979825,-0.157011637,23.87722115,0,24.28467613,0,-1.400962774,8.04492223,0,0,11.93861058,0
1,16.5,82.5,1,2,25,40,75,180,0.077237835,-0.394534284,0.394534284,1.937972802,6.049910617,40.0257485,11.03340144,11.89667856,0,9.967957042,38.52492974,52.35805125,20.42610958,34.56580555,19.93591408,0,38.52492974,0,0,119.1476028,0,145.44,20.42610958,26.42752786,49.10910562,9.799819462,9.799819462,19.93591408,38.57728475,4.378366938,0,0.75,0,4,12,2,2,0,0,-0.0176,0,0,0,0,0,1,0,0,0,0,0,2,0,0,0,110,12.22407348,0.029242016,-1.400962774,0.481033737,0.308898559,9.728912376,5.792979825,-0.157011637,23.87722115,0,24.28467613,0,-1.400962774,8.04492223,0,0,11.93861058,0
1,25,75,0,2,25,40,75,180,0.077237835,-0.394534284,0.394534284,1.937972802,6.049910617,40.0257485,11.03340144,11.89667856,0,9.967957042,38.52492974,52.35805125,20.42610958,34.56580555,19.93591408,0,38.52492974,0,0,119.1476028,0,145.44,20.42610958,26.42752786,49.10910562,9.799819462,9.799819462,19.93591408,38.57728475,4.378366938,0,0.75,0,4,12,2,2,0,0,-0.0176,0,0,0,0,0,1,0,0,0,0,0,2,0,0,0,130,12.01320248,0.092689437,-1.065231481,0.481033607,0.311070783,9.696116075,5.807390273,-0.160989429,17.90791586,0,14.38361155,0,-1.972063492,6.452919737,0,0,14.3633553,0.701292676
1,16.7,83.3,0,2,25,40,75,180,0.077237835,-0.394534284,0.394534284,1.937972802,6.049910617,40.0257485,11.03340144,11.89667856,0,9.967957042,38.52492974,52.35805125,20.42610958,34.56580555,19.93591408,0,38.52492974,0,0,119.1476028,0,145.44,20.42610958,26.42752786,49.10910562,9.799819462,9.799819462,19.93591408,38.57728475,4.378366938,0,0.75,0,4,12,2,2,0,0,-0.0176,0,0,0,0,0,1,0,0,0,0,0,2,0,0,0,130,12.01320248,0.092689437,-1.065231481,0.481033607,0.311070783,9.696116075,5.807390273,-0.160989429,17.90791586,0,14.38361155,0,-1.972063492,6.452919737,0,0,14.3633553,0.701292676
1,24.8,74.3,0.9,2,25,40,75,180,0.077237835,-0.394534284,0.394534284,1.937972802,6.049910617,40.0257485,11.03340144,11.89667856,0,9.967957042,38.52492974,52.35805125,20.42610958,34.56580555,19.93591408,0,38.52492974,0,0,119.1476028,0,145.44,20.42610958,26.42752786,49.10910562,9.799819462,9.799819462,19.93591408,38.57728475,4.378366938,0,0.75,0,4,12,2,2,0,0,-0.0176,0,0,0,0,0,1,0,0,0,0,0,2,0,0,0,130,12.01320248,0.092689437,-1.065231481,0.481033607,0.311070783,9.696116075,5.807390273,-0.160989429,17.90791586,0,14.38361155,0,-1.972063492,6.452919737,0,0,29.55728603,0
1,16.5,82.5,1,2,25,40,75,180,0.077237835,-0.394534284,0.394534284,1.937972802,6.049910617,40.0257485,11.03340144,11.89667856,0,9.967957042,38.52492974,52.35805125,20.42610958,34.56580555,19.93591408,0,38.52492974,0,0,119.1476028,0,145.44,20.42610958,26.42752786,49.10910562,9.799819462,9.799819462,19.93591408,38.57728475,4.378366938,0,0.75,0,4,12,2,2,0,0,-0.0176,0,0,0,0,0,1,0,0,0,0,0,2,0,0,0,130,12.01320248,0.092689437,-1.065231481,0.481033607,0.311070783,9.696116075,5.807390273,-0.160989429,17.90791586,0,14.38361155,0,-1.972063492,6.452919737,0,0,29.55728603,0
1,24.8,74.3,0.9,2,25,40,75,180,0.077237835,-0.394534284,0.394534284,1.937972802,6.049910617,40.0257485,11.03340144,11.89667856,0,9.967957042,38.52492974,52.35805125,20.42610958,34.56580555,19.93591408,0,38.52492974,0,0,119.1476028,0,145.44,20.42610958,26.42752786,49.10910562,9.799819462,9.799819462,19.93591408,38.57728475,4.378366938,0,0.75,0,4,12,2,2,0,0,-0.0176,0,0,0,0,0,1,0,0,0,0,0,2,0,0,0,130,12.01320248,0.092689437,-1.065231481,0.481033607,0.311070783,9.696116075,5.807390273,-0.160989429,17.90791586,0,14.38361155,0,-1.972063492,6.452919737,0,0,5.969305288,0
1,16.5,82.5,1,2,25,40,75,180,0.077237835,-0.394534284,0.394534284,1.937972802,6.049910617,40.0257485,11.03340144,11.89667856,0,9.967957042,38.52492974,52.35805125,20.42610958,34.56580555,19.93591408,0,38.52492974,0,0,119.1476028,0,145.44,20.42610958,26.42752786,49.10910562,9.799819462,9.799819462,19.93591408,38.57728475,4.378366938,0,0.75,0,4,12,2,2,0,0,-0.0176,0,0,0,0,0,1,0,0,0,0,0,2,0,0,0,130,12.01320248,0.092689437,-1.065231481,0.481033607,0.311070783,9.696116075,5.807390273,-0.160989429,17.90791586,0,14.38361155,0,-1.972063492,6.452919737,0,0,5.969305288,0
0,24.8,74.3,0.9,2,25,40,75,90,0.077237835,-0.394534284,0.394534284,1.937972802,6.049910617,40.0257485,11.03340144,11.89667856,0,9.967957042,38.52492974,52.35805125,20.42610958,34.56580555,19.93591408,0,38.52492974,0,0,119.1476028,0,145.44,20.42610958,26.42752786,49.10910562,9.799819462,9.799819462,19.93591408,38.57728475,4.378366938,0,0.75,0,4,12,2,2,0,0,-0.0176,0,0,0,0,0,1,0,0,0,0,0,2,0,0,0,130,12.01320248,0.092689437,-1.065231481,0.481033607,0.311070783,9.696116075,5.807390273,-0.160989429,17.90791586,0,14.38361155,0,-1.972063492,6.452919737,0,0,11.93861058,0
1,16.5,82.5,1,2,25,40,75,180,0.077237835,-0.394534284,0.394534284,1.937972802,6.049910617,40.0257485,11.03340144,11.89667856,0,9.967957042,38.52492974,52.35805125,20.42610958,34.56580555,19.93591408,0,38.52492974,0,0,119.1476028,0,145.44,20.42610958,26.42752786,49.10910562,9.799819462,9.799819462,19.93591408,38.57728475,4.378366938,0,0.75,0,4,12,2,2,0,0,-0.0176,0,0,0,0,0,1,0,0,0,0,0,2,0,0,0,130,12.01320248,0.092689437,-1.065231481,0.481033607,0.311070783,9.696116075,5.807390273,-0.160989429,17.90791586,0,14.38361155,0,-1.972063492,6.452919737,0,0,11.93861058,0
0,25,75,0,2,25,40,75,90,0.109542249,-0.476165913,0.476165913,2.099929247,5.068964928,9.473725908,5.749511833,0,4.794537184,0,76.22588535,16.1495363,19.06280028,23.35349012,0,0,39.399966,5.749511833,11.60093989,23.45756743,9.531400138,52.6,9.589074368,11.88721133,21.89904813,76.22588535,0,21.0746658,0.579456527,6.852452755,0,0.3,0,0,5,0,0,0,0,4.68,0,0,0,0,0,0,1,0,0,0,0,0,0,0,0,70,14.23961392,0.00186207,-0.80801985,0.462332233,0.302403316,9.888116957,5.785271702,-0.156117715,11.93861058,0,33.8737505,19.59963892,0,7.43289591,0,0,14.3633553,0.701292676
1,16.7,83.3,0,2,25,40,75,90,0.109542249,-0.476165913,0.476165913,2.099929247,5.068964928,9.473725908,5.749511833,0,4.794537184,0,76.22588535,16.1495363,19.06280028,23.35349012,0,0,39.399966,5.749511833,11.60093989,23.45756743,9.531400138,52.6,9.589074368,11.88721133,21.89904813,76.22588535,0,21.0746658,0.579456527,6.852452755,0,0.3,0,0,5,0,0,0,0,4.68,0,0,0,0,0,0,1,0,0,0,0,0,0,0,0,70,14.23961392,0.00186207,-0.80801985,0.462332233,0.302403316,9.888116957,5.785271702,-0.156117715,11.93861058,0,33.8737505,19.59963892,0,7.43289591,0,0,14.3633553,0.701292676
0,16.7,83.3,0,2,25,40,75,180,0.109542249,-0.476165913,0.476165913,2.099929247,5.068964928,9.473725908,5.749511833,0,4.794537184,0,76.22588535,16.1495363,19.06280028,23.35349012,0,0,39.399966,5.749511833,11.60093989,23.45756743,9.531400138,52.6,9.589074368,11.88721133,21.89904813,76.22588535,0,21.0746658,0.579456527,6.852452755,0,0.3,0,0,5,0,0,0,0,4.68,0,0,0,0,0,0,1,0,0,0,0,0,0,0,0,70,14.23961392,0.00186207,-0.80801985,0.462332233,0.302403316,9.888116957,5.785271702,-0.156117715,11.93861058,0,33.8737505,19.59963892,0,7.43289591,0,0,14.3633553,0.701292676
0,16.5,82.5,1,2,25,40,75,90,0.109542249,-0.476165913,0.476165913,2.099929247,5.068964928,9.473725908,5.749511833,0,4.794537184,0,76.22588535,16.1495363,19.06280028,23.35349012,0,0,39.399966,5.749511833,11.60093989,23.45756743,9.531400138,52.6,9.589074368,11.88721133,21.89904813,76.22588535,0,21.0746658,0.579456527,6.852452755,0,0.3,0,0,5,0,0,0,0,4.68,0,0,0,0,0,0,1,0,0,0,0,0,0,0,0,70,14.23961392,0.00186207,-0.80801985,0.462332233,0.302403316,9.888116957,5.785271702,-0.156117715,11.93861058,0,33.8737505,19.59963892,0,7.43289591,0,0,29.55728603,0
0,16.5,82.5,1,2,25,40,75,90,0.109542249,-0.476165913,0.476165913,2.099929247,5.068964928,9.473725908,5.749511833,0,4.794537184,0,76.22588535,16.1495363,19.06280028,23.35349012,0,0,39.399966,5.749511833,11.60093989,23.45756743,9.531400138,52.6,9.589074368,11.88721133,21.89904813,76.22588535,0,21.0746658,0.579456527,6.852452755,0,0.3,0,0,5,0,0,0,0,4.68,0,0,0,0,0,0,1,0,0,0,0,0,0,0,0,70,14.23961392,0.00186207,-0.80801985,0.462332233,0.302403316,9.888116957,5.785271702,-0.156117715,11.93861058,0,33.8737505,19.59963892,0,7.43289591,0,0,5.969305288,0
0,16.5,82.5,1,2,25,40,75,90,0.109542249,-0.476165913,0.476165913,2.099929247,5.068964928,9.473725908,5.749511833,0,4.794537184,0,76.22588535,16.1495363,19.06280028,23.35349012,0,0,39.399966,5.749511833,11.60093989,23.45756743,9.531400138,52.6,9.589074368,11.88721133,21.89904813,76.22588535,0,21.0746658,0.579456527,6.852452755,0,0.3,0,0,5,0,0,0,0,4.68,0,0,0,0,0,0,1,0,0,0,0,0,0,0,0,70,14.23961392,0.00186207,-0.80801985,0.462332233,0.302403316,9.888116957,5.785271702,-0.156117715,11.93861058,0,33.8737505,19.59963892,0,7.43289591,0,0,11.93861058,0
1,16.7,83.3,0,2,25,40,75,90,0.109542249,-0.476165913,0.476165913,2.099929247,5.068964928,9.473725908,5.749511833,0,4.794537184,0,76.22588535,16.1495363,19.06280028,23.35349012,0,0,39.399966,5.749511833,11.60093989,23.45756743,9.531400138,52.6,9.589074368,11.88721133,21.89904813,76.22588535,0,21.0746658,0.579456527,6.852452755,0,0.3,0,0,5,0,0,0,0,4.68,0,0,0,0,0,0,1,0,0,0,0,0,0,0,0,106,14.01328809,0.007241923,-1.023293127,0.465728013,0.302404013,9.877673342,5.81236855,-0.15901027,29.84652644,0,52.73990902,24.49954865,0,9.649848996,0,0,14.3633553,0.701292676
0,16.7,83.3,0,2,25,40,75,180,0.109542249,-0.476165913,0.476165913,2.099929247,5.068964928,9.473725908,5.749511833,0,4.794537184,0,76.22588535,16.1495363,19.06280028,23.35349012,0,0,39.399966,5.749511833,11.60093989,23.45756743,9.531400138,52.6,9.589074368,11.88721133,21.89904813,76.22588535,0,21.0746658,0.579456527,6.852452755,0,0.3,0,0,5,0,0,0,0,4.68,0,0,0,0,0,0,1,0,0,0,0,0,0,0,0,106,14.01328809,0.007241923,-1.023293127,0.465728013,0.302404013,9.877673342,5.81236855,-0.15901027,29.84652644,0,52.73990902,24.49954865,0,9.649848996,0,0,14.3633553,0.701292676
0,16.5,82.5,1,2,25,40,75,90,0.109542249,-0.476165913,0.476165913,2.099929247,5.068964928,9.473725908,5.749511833,0,4.794537184,0,76.22588535,16.1495363,19.06280028,23.35349012,0,0,39.399966,5.749511833,11.60093989,23.45756743,9.531400138,52.6,9.589074368,11.88721133,21.89904813,76.22588535,0,21.0746658,0.579456527,6.852452755,0,0.3,0,0,5,0,0,0,0,4.68,0,0,0,0,0,0,1,0,0,0,0,0,0,0,0,106,14.01328809,0.007241923,-1.023293127,0.465728013,0.302404013,9.877673342,5.81236855,-0.15901027,29.84652644,0,52.73990902,24.49954865,0,9.649848996,0,0,29.55728603,0
1,16.5,82.5,1,2,25,40,75,90,0.109542249,-0.476165913,0.476165913,2.099929247,5.068964928,9.473725908,5.749511833,0,4.794537184,0,76.22588535,16.1495363,19.06280028,23.35349012,0,0,39.399966,5.749511833,11.60093989,23.45756743,9.531400138,52.6,9.589074368,11.88721133,21.89904813,76.22588535,0,21.0746658,0.579456527,6.852452755,0,0.3,0,0,5,0,0,0,0,4.68,0,0,0,0,0,0,1,0,0,0,0,0,0,0,0,106,14.01328809,0.007241923,-1.023293127,0.465728013,0.302404013,9.877673342,5.81236855,-0.15901027,29.84652644,0,52.73990902,24.49954865,0,9.649848996,0,0,5.969305288,0
0,16.5,82.5,1,2,25,40,75,180,0.109542249,-0.476165913,0.476165913,2.099929247,5.068964928,9.473725908,5.749511833,0,4.794537184,0,76.22588535,16.1495363,19.06280028,23.35349012,0,0,39.399966,5.749511833,11.60093989,23.45756743,9.531400138,52.6,9.589074368,11.88721133,21.89904813,76.22588535,0,21.0746658,0.579456527,6.852452755,0,0.3,0,0,5,0,0,0,0,4.68,0,0,0,0,0,0,1,0,0,0,0,0,0,0,0,106,14.01328809,0.007241923,-1.023293127,0.465728013,0.302404013,9.877673342,5.81236855,-0.15901027,29.84652644,0,52.73990902,24.49954865,0,9.649848996,0,0,5.969305288,0
1,16.5,82.5,1,2,25,40,75,90,0.109542249,-0.476165913,0.476165913,2.099929247,5.068964928,9.473725908,5.749511833,0,4.794537184,0,76.22588535,16.1495363,19.06280028,23.35349012,0,0,39.399966,5.749511833,11.60093989,23.45756743,9.531400138,52.6,9.589074368,11.88721133,21.89904813,76.22588535,0,21.0746658,0.579456527,6.852452755,0,0.3,0,0,5,0,0,0,0,4.68,0,0,0,0,0,0,1,0,0,0,0,0,0,0,0,106,14.01328809,0.007241923,-1.023293127,0.465728013,0.302404013,9.877673342,5.81236855,-0.15901027,29.84652644,0,52.73990902,24.49954865,0,9.649848996,0,0,11.93861058,0
0,16.5,82.5,1,2,25,40,75,180,0.109542249,-0.476165913,0.476165913,2.099929247,5.068964928,9.473725908,5.749511833,0,4.794537184,0,76.22588535,16.1495363,19.06280028,23.35349012,0,0,39.399966,5.749511833,11.60093989,23.45756743,9.531400138,52.6,9.589074368,11.88721133,21.89904813,76.22588535,0,21.0746658,0.579456527,6.852452755,0,0.3,0,0,5,0,0,0,0,4.68,0,0,0,0,0,0,1,0,0,0,0,0,0,0,0,106,14.01328809,0.007241923,-1.023293127,0.465728013,0.302404013,9.877673342,5.81236855,-0.15901027,29.84652644,0,52.73990902,24.49954865,0,9.649848996,0,0,11.93861058,0
0,16.5,82.5,1,2,25,40,75,90,0.109542249,-0.476165913,0.476165913,2.099929247,5.068964928,9.473725908,5.749511833,0,4.794537184,0,76.22588535,16.1495363,19.06280028,23.35349012,0,0,39.399966,5.749511833,11.60093989,23.45756743,9.531400138,52.6,9.589074368,11.88721133,21.89904813,76.22588535,0,21.0746658,0.579456527,6.852452755,0,0.3,0,0,5,0,0,0,0,4.68,0,0,0,0,0,0,1,0,0,0,0,0,0,0,0,59,7.625,0.125,-0.125,0.393990542,0.06622664,10.81832367,4.062481069,0.185938562,0,0,0,0,0,-0.25,0,0,29.55728603,0
1,16.7,83.3,0,2,25,40,75,180,0.109542249,-0.476165913,0.476165913,2.099929247,5.068964928,9.473725908,5.749511833,0,4.794537184,0,76.22588535,16.1495363,19.06280028,23.35349012,0,0,39.399966,5.749511833,11.60093989,23.45756743,9.531400138,52.6,9.589074368,11.88721133,21.89904813,76.22588535,0,21.0746658,0.579456527,6.852452755,0,0.3,0,0,5,0,0,0,0,4.68,0,0,0,0,0,0,1,0,0,0,0,0,0,0,0,45,13.5793784,0.015375016,-1.252900206,0.468602342,0.311404757,9.636144471,5.82947623,-0.169149396,23.87722115,0,19.17814874,44.91424459,-3.513750844,12.24789031,2,1,14.3633553,0.701292676
0,16.5,82.5,1,2,25,40,75,90,0.109542249,-0.476165913,0.476165913,2.099929247,5.068964928,9.473725908,5.749511833,0,4.794537184,0,76.22588535,16.1495363,19.06280028,23.35349012,0,0,39.399966,5.749511833,11.60093989,23.45756743,9.531400138,52.6,9.589074368,11.88721133,21.89904813,76.22588535,0,21.0746658,0.579456527,6.852452755,0,0.3,0,0,5,0,0,0,0,4.68,0,0,0,0,0,0,1,0,0,0,0,0,0,0,0,45,13.5793784,0.015375016,-1.252900206,0.468602342,0.311404757,9.636144471,5.82947623,-0.169149396,23.87722115,0,19.17814874,44.91424459,-3.513750844,12.24789031,2,1,29.55728603,0
0,16.5,82.5,1,2,25,40,75,90,0.109542249,-0.476165913,0.476165913,2.099929247,5.068964928,9.473725908,5.749511833,0,4.794537184,0,76.22588535,16.1495363,19.06280028,23.35349012,0,0,39.399966,5.749511833,11.60093989,23.45756743,9.531400138,52.6,9.589074368,11.88721133,21.89904813,76.22588535,0,21.0746658,0.579456527,6.852452755,0,0.3,0,0,5,0,0,0,0,4.68,0,0,0,0,0,0,1,0,0,0,0,0,0,0,0,45,13.5793784,0.015375016,-1.252900206,0.468602342,0.311404757,9.636144471,5.82947623,-0.169149396,23.87722115,0,19.17814874,44.91424459,-3.513750844,12.24789031,2,1,11.93861058,0
0,24.8,74.3,0.9,2,25,40,75,90,0.109542249,-0.476165913,0.476165913,2.099929247,5.068964928,9.473725908,5.749511833,0,4.794537184,0,76.22588535,16.1495363,19.06280028,23.35349012,0,0,39.399966,5.749511833,11.60093989,23.45756743,9.531400138,52.6,9.589074368,11.88721133,21.89904813,76.22588535,0,21.0746658,0.579456527,6.852452755,0,0.3,0,0,5,0,0,0,0,4.68,0,0,0,0,0,0,1,0,0,0,0,0,0,0,0,130,12.01320248,0.092689437,-1.065231481,0.481033607,0.311070783,9.696116075,5.807390273,-0.160989429,17.90791586,0,14.38361155,0,-1.972063492,6.452919737,0,0,29.55728603,0
0,16.5,82.5,1,2,25,40,75,90,0.109542249,-0.476165913,0.476165913,2.099929247,5.068964928,9.473725908,5.749511833,0,4.794537184,0,76.22588535,16.1495363,19.06280028,23.35349012,0,0,39.399966,5.749511833,11.60093989,23.45756743,9.531400138,52.6,9.589074368,11.88721133,21.89904813,76.22588535,0,21.0746658,0.579456527,6.852452755,0,0.3,0,0,5,0,0,0,0,4.68,0,0,0,0,0,0,1,0,0,0,0,0,0,0,0,130,12.01320248,0.092689437,-1.065231481,0.481033607,0.311070783,9.696116075,5.807390273,-0.160989429,17.90791586,0,14.38361155,0,-1.972063492,6.452919737,0,0,29.55728603,0
1,16.5,82.5,1,2,25,40,75,180,0.08939017,-0.269762825,0.342704092,1.579995335,3.250241546,0,0,0,5.425791397,0,43.73392667,13.08951281,13.21233417,16.05440567,15.15679879,11.83581209,31.08168554,0,0,32.54733683,10.02329115,78.51,13.21233417,4.895483476,11.83581209,12.13273414,10.14788626,0,1.827865226,3.492173301,-3.82526169,0.533333333,2,2,7,1,2,0,2,1.62982,0,0,0,0,0,1,0,0,0,0,0,0,0,0,1,70,14.23961392,0.00186207,-0.80801985,0.462332233,0.302403316,9.888116957,5.785271702,-0.156117715,11.93861058,0,33.8737505,19.59963892,0,7.43289591,0,0,29.55728603,0
1,16.7,83.3,0,2,25,40,75,180,0.08939017,-0.269762825,0.342704092,1.579995335,3.250241546,0,0,0,5.425791397,0,43.73392667,13.08951281,13.21233417,16.05440567,15.15679879,11.83581209,31.08168554,0,0,32.54733683,10.02329115,78.51,13.21233417,4.895483476,11.83581209,12.13273414,10.14788626,0,1.827865226,3.492173301,-3.82526169,0.533333333,2,2,7,1,2,0,2,1.62982,0,0,0,0,0,1,0,0,0,0,0,0,0,0,1,106,14.01328809,0.007241923,-1.023293127,0.465728013,0.302404013,9.877673342,5.81236855,-0.15901027,29.84652644,0,52.73990902,24.49954865,0,9.649848996,0,0,14.3633553,0.701292676
1,16.5,82.5,1,2,25,40,75,180,0.08939017,-0.269762825,0.342704092,1.579995335,3.250241546,0,0,0,5.425791397,0,43.73392667,13.08951281,13.21233417,16.05440567,15.15679879,11.83581209,31.08168554,0,0,32.54733683,10.02329115,78.51,13.21233417,4.895483476,11.83581209,12.13273414,10.14788626,0,1.827865226,3.492173301,-3.82526169,0.533333333,2,2,7,1,2,0,2,1.62982,0,0,0,0,0,1,0,0,0,0,0,0,0,0,1,106,14.01328809,0.007241923,-1.023293127,0.465728013,0.302404013,9.877673342,5.81236855,-0.15901027,29.84652644,0,52.73990902,24.49954865,0,9.649848996,0,0,29.55728603,0
0,16.5,82.5,1,2,25,40,75,90,0.08939017,-0.269762825,0.342704092,1.579995335,3.250241546,0,0,0,5.425791397,0,43.73392667,13.08951281,13.21233417,16.05440567,15.15679879,11.83581209,31.08168554,0,0,32.54733683,10.02329115,78.51,13.21233417,4.895483476,11.83581209,12.13273414,10.14788626,0,1.827865226,3.492173301,-3.82526169,0.533333333,2,2,7,1,2,0,2,1.62982,0,0,0,0,0,1,0,0,0,0,0,0,0,0,1,106,14.01328809,0.007241923,-1.023293127,0.465728013,0.302404013,9.877673342,5.81236855,-0.15901027,29.84652644,0,52.73990902,24.49954865,0,9.649848996,0,0,5.969305288,0
0,16.5,82.5,1,2,25,40,75,90,0.08939017,-0.269762825,0.342704092,1.579995335,3.250241546,0,0,0,5.425791397,0,43.73392667,13.08951281,13.21233417,16.05440567,15.15679879,11.83581209,31.08168554,0,0,32.54733683,10.02329115,78.51,13.21233417,4.895483476,11.83581209,12.13273414,10.14788626,0,1.827865226,3.492173301,-3.82526169,0.533333333,2,2,7,1,2,0,2,1.62982,0,0,0,0,0,1,0,0,0,0,0,0,0,0,1,106,14.01328809,0.007241923,-1.023293127,0.465728013,0.302404013,9.877673342,5.81236855,-0.15901027,29.84652644,0,52.73990902,24.49954865,0,9.649848996,0,0,11.93861058,0
1,25,75,0,2,25,40,75,180,0.08939017,-0.269762825,0.342704092,1.579995335,3.250241546,0,0,0,5.425791397,0,43.73392667,13.08951281,13.21233417,16.05440567,15.15679879,11.83581209,31.08168554,0,0,32.54733683,10.02329115,78.51,13.21233417,4.895483476,11.83581209,12.13273414,10.14788626,0,1.827865226,3.492173301,-3.82526169,0.533333333,2,2,7,1,2,0,2,1.62982,0,0,0,0,0,1,0,0,0,0,0,0,0,0,1,45,13.5793784,0.015375016,-1.252900206,0.468602342,0.311404757,9.636144471,5.82947623,-0.169149396,23.87722115,0,19.17814874,44.91424459,-3.513750844,12.24789031,2,1,14.3633553,0.701292676
1,16.7,83.3,0,2,25,40,75,180,0.08939017,-0.269762825,0.342704092,1.579995335,3.250241546,0,0,0,5.425791397,0,43.73392667,13.08951281,13.21233417,16.05440567,15.15679879,11.83581209,31.08168554,0,0,32.54733683,10.02329115,78.51,13.21233417,4.895483476,11.83581209,12.13273414,10.14788626,0,1.827865226,3.492173301,-3.82526169,0.533333333,2,2,7,1,2,0,2,1.62982,0,0,0,0,0,1,0,0,0,0,0,0,0,0,1,45,13.5793784,0.015375016,-1.252900206,0.468602342,0.311404757,9.636144471,5.82947623,-0.169149396,23.87722115,0,19.17814874,44.91424459,-3.513750844,12.24789031,2,1,14.3633553,0.701292676
1,24.8,74.3,0.9,2,25,40,75,180,0.08939017,-0.269762825,0.342704092,1.579995335,3.250241546,0,0,0,5.425791397,0,43.73392667,13.08951281,13.21233417,16.05440567,15.15679879,11.83581209,31.08168554,0,0,32.54733683,10.02329115,78.51,13.21233417,4.895483476,11.83581209,12.13273414,10.14788626,0,1.827865226,3.492173301,-3.82526169,0.533333333,2,2,7,1,2,0,2,1.62982,0,0,0,0,0,1,0,0,0,0,0,0,0,0,1,45,13.5793784,0.015375016,-1.252900206,0.468602342,0.311404757,9.636144471,5.82947623,-0.169149396,23.87722115,0,19.17814874,44.91424459,-3.513750844,12.24789031,2,1,29.55728603,0
1,16.5,82.5,1,2,25,40,75,180,0.08939017,-0.269762825,0.342704092,1.579995335,3.250241546,0,0,0,5.425791397,0,43.73392667,13.08951281,13.21233417,16.05440567,15.15679879,11.83581209,31.08168554,0,0,32.54733683,10.02329115,78.51,13.21233417,4.895483476,11.83581209,12.13273414,10.14788626,0,1.827865226,3.492173301,-3.82526169,0.533333333,2,2,7,1,2,0,2,1.62982,0,0,0,0,0,1,0,0,0,0,0,0,0,0,1,45,13.5793784,0.015375016,-1.252900206,0.468602342,0.311404757,9.636144471,5.82947623,-0.169149396,23.87722115,0,19.17814874,44.91424459,-3.513750844,12.24789031,2,1,29.55728603,0
0,24.8,74.3,0.9,2,25,40,75,90,0.08939017,-0.269762825,0.342704092,1.579995335,3.250241546,0,0,0,5.425791397,0,43.73392667,13.08951281,13.21233417,16.05440567,15.15679879,11.83581209,31.08168554,0,0,32.54733683,10.02329115,78.51,13.21233417,4.895483476,11.83581209,12.13273414,10.14788626,0,1.827865226,3.492173301,-3.82526169,0.533333333,2,2,7,1,2,0,2,1.62982,0,0,0,0,0,1,0,0,0,0,0,0,0,0,1,45,13.5793784,0.015375016,-1.252900206,0.468602342,0.311404757,9.636144471,5.82947623,-0.169149396,23.87722115,0,19.17814874,44.91424459,-3.513750844,12.24789031,2,1,5.969305288,0
1,16.5,82.5,1,2,25,40,75,180,0.08939017,-0.269762825,0.342704092,1.579995335,3.250241546,0,0,0,5.425791397,0,43.73392667,13.08951281,13.21233417,16.05440567,15.15679879,11.83581209,31.08168554,0,0,32.54733683,10.02329115,78.51,13.21233417,4.895483476,11.83581209,12.13273414,10.14788626,0,1.827865226,3.492173301,-3.82526169,0.533333333,2,2,7,1,2,0,2,1.62982,0,0,0,0,0,1,0,0,0,0,0,0,0,0,1,45,13.5793784,0.015375016,-1.252900206,0.468602342,0.311404757,9.636144471,5.82947623,-0.169149396,23.87722115,0,19.17814874,44.91424459,-3.513750844,12.24789031,2,1,5.969305288,0
1,24.8,74.3,0.9,2,25,40,75,180,0.08939017,-0.269762825,0.342704092,1.579995335,3.250241546,0,0,0,5.425791397,0,43.73392667,13.08951281,13.21233417,16.05440567,15.15679879,11.83581209,31.08168554,0,0,32.54733683,10.02329115,78.51,13.21233417,4.895483476,11.83581209,12.13273414,10.14788626,0,1.827865226,3.492173301,-3.82526169,0.533333333,2,2,7,1,2,0,2,1.62982,0,0,0,0,0,1,0,0,0,0,0,0,0,0,1,45,13.5793784,0.015375016,-1.252900206,0.468602342,0.311404757,9.636144471,5.82947623,-0.169149396,23.87722115,0,19.17814874,44.91424459,-3.513750844,12.24789031,2,1,11.93861058,0
1,16.5,82.5,1,2,25,40,75,180,0.08939017,-0.269762825,0.342704092,1.579995335,3.250241546,0,0,0,5.425791397,0,43.73392667,13.08951281,13.21233417,16.05440567,15.15679879,11.83581209,31.08168554,0,0,32.54733683,10.02329115,78.51,13.21233417,4.895483476,11.83581209,12.13273414,10.14788626,0,1.827865226,3.492173301,-3.82526169,0.533333333,2,2,7,1,2,0,2,1.62982,0,0,0,0,0,1,0,0,0,0,0,0,0,0,1,45,13.5793784,0.015375016,-1.252900206,0.468602342,0.311404757,9.636144471,5.82947623,-0.169149396,23.87722115,0,19.17814874,44.91424459,-3.513750844,12.24789031,2,1,11.93861058,0
0,16.5,82.5,1,2,25,40,75,90,0.117617027,-0.496167518,0.496167518,2.258173171,2.02158699,18.94745182,22.08510847,11.38429576,9.589074368,0,0,24.48111484,28.53652618,23.16742978,0,5.917906046,18.94560963,17.2485355,11.60093989,38.49693333,9.531400138,71.06,9.589074368,40.08207303,11.49902367,6.9237372,0,30.54839171,0.178775983,1.769159817,4.307594578,0.411764706,2,0,7,0,0,1,0,2.8103,0,0,0,0,0,1,1,0,0,0,0,0,0,0,0,52,8.511090555,0.002660691,-0.002660691,0.393980325,0.078112621,10.42217798,4.470889097,-0.048254926,0,0,0,6.9237372,0,7.148474613,0,0,29.55728603,0
0,16.5,82.5,1,2,25,40,75,90,0.117617027,-0.496167518,0.496167518,2.258173171,2.02158699,18.94745182,22.08510847,11.38429576,9.589074368,0,0,24.48111484,28.53652618,23.16742978,0,5.917906046,18.94560963,17.2485355,11.60093989,38.49693333,9.531400138,71.06,9.589074368,40.08207303,11.49902367,6.9237372,0,30.54839171,0.178775983,1.769159817,4.307594578,0.411764706,2,0,7,0,0,1,0,2.8103,0,0,0,0,0,1,1,0,0,0,0,0,0,0,0,44,11.85298912,0.015662905,-0.144600988,0.463219845,0.305361946,10.06687929,5.687282122,-0.145057773,5.969305288,0,4.794537184,0,0,31.96876191,0,8,11.93861058,0
0,16.7,83.3,0,2,25,40,75,90,0.117617027,-0.496167518,0.496167518,2.258173171,2.02158699,18.94745182,22.08510847,11.38429576,9.589074368,0,0,24.48111484,28.53652618,23.16742978,0,5.917906046,18.94560963,17.2485355,11.60093989,38.49693333,9.531400138,71.06,9.589074368,40.08207303,11.49902367,6.9237372,0,30.54839171,0.178775983,1.769159817,4.307594578,0.411764706,2,0,7,0,0,1,0,2.8103,0,0,0,0,0,1,1,0,0,0,0,0,0,0,0,130,12.01320248,0.092689437,-1.065231481,0.481033607,0.311070783,9.696116075,5.807390273,-0.160989429,17.90791586,0,14.38361155,0,-1.972063492,6.452919737,0,0,14.3633553,0.701292676
1,16.7,83.3,0,2,25,40,75,180,0.418425926,-0.480788502,0.480788502,2.759037133,3.387630632,5.106527395,0,0,4.794537184,0,30.38936785,0,9.901064579,5.969305288,0,5.917906046,33.10993927,0,0,11.07583268,11.21535881,37.3,4.794537184,0,5.917906046,6.9237372,13.8474744,5.106527395,8.850157339,6.056901088,0,0.461538462,1,1,2,0,0,0,1,3.0732,0,0,0,0,0,0,0,0,0,0,0,0,0,0,0,52,8.511090555,0.002660691,-0.002660691,0.393980325,0.078112621,10.42217798,4.470889097,-0.048254926,0,0,0,6.9237372,0,7.148474613,0,0,14.3633553,0.701292676
1,16.5,82.5,1,2,25,40,75,180,0.418425926,-0.480788502,0.480788502,2.759037133,3.387630632,5.106527395,0,0,4.794537184,0,30.38936785,0,9.901064579,5.969305288,0,5.917906046,33.10993927,0,0,11.07583268,11.21535881,37.3,4.794537184,0,5.917906046,6.9237372,13.8474744,5.106527395,8.850157339,6.056901088,0,0.461538462,1,1,2,0,0,0,1,3.0732,0,0,0,0,0,0,0,0,0,0,0,0,0,0,0,52,8.511090555,0.002660691,-0.002660691,0.393980325,0.078112621,10.42217798,4.470889097,-0.048254926,0,0,0,6.9237372,0,7.148474613,0,0,5.969305288,0
1,16.7,83.3,0,2,25,40,75,180,0.418425926,-0.480788502,0.480788502,2.759037133,3.387630632,5.106527395,0,0,4.794537184,0,30.38936785,0,9.901064579,5.969305288,0,5.917906046,33.10993927,0,0,11.07583268,11.21535881,37.3,4.794537184,0,5.917906046,6.9237372,13.8474744,5.106527395,8.850157339,6.056901088,0,0.461538462,1,1,2,0,0,0,1,3.0732,0,0,0,0,0,0,0,0,0,0,0,0,0,0,0,177,11.81012813,0.083477036,-1.522275551,0.391019003,0.186995304,9.95116606,4.984256863,-0.388090575,0,0,30.63916437,0,0,1.173571586,0,0,14.3633553,0.701292676
1,16.5,82.5,1,2,25,40,75,180,0.418425926,-0.480788502,0.480788502,2.759037133,3.387630632,5.106527395,0,0,4.794537184,0,30.38936785,0,9.901064579,5.969305288,0,5.917906046,33.10993927,0,0,11.07583268,11.21535881,37.3,4.794537184,0,5.917906046,6.9237372,13.8474744,5.106527395,8.850157339,6.056901088,0,0.461538462,1,1,2,0,0,0,1,3.0732,0,0,0,0,0,0,0,0,0,0,0,0,0,0,0,177,11.81012813,0.083477036,-1.522275551,0.391019003,0.186995304,9.95116606,4.984256863,-0.388090575,0,0,30.63916437,0,0,1.173571586,0,0,29.55728603,0
1,16.5,82.5,1,2,25,40,75,180,0.418425926,-0.480788502,0.480788502,2.759037133,3.387630632,5.106527395,0,0,4.794537184,0,30.38936785,0,9.901064579,5.969305288,0,5.917906046,33.10993927,0,0,11.07583268,11.21535881,37.3,4.794537184,0,5.917906046,6.9237372,13.8474744,5.106527395,8.850157339,6.056901088,0,0.461538462,1,1,2,0,0,0,1,3.0732,0,0,0,0,0,0,0,0,0,0,0,0,0,0,0,177,11.81012813,0.083477036,-1.522275551,0.391019003,0.186995304,9.95116606,4.984256863,-0.388090575,0,0,30.63916437,0,0,1.173571586,0,0,5.969305288,0
1,16.5,82.5,1,2,25,40,75,180,0.418425926,-0.480788502,0.480788502,2.759037133,3.387630632,5.106527395,0,0,4.794537184,0,30.38936785,0,9.901064579,5.969305288,0,5.917906046,33.10993927,0,0,11.07583268,11.21535881,37.3,4.794537184,0,5.917906046,6.9237372,13.8474744,5.106527395,8.850157339,6.056901088,0,0.461538462,1,1,2,0,0,0,1,3.0732,0,0,0,0,0,0,0,0,0,0,0,0,0,0,0,177,11.81012813,0.083477036,-1.522275551,0.391019003,0.186995304,9.95116606,4.984256863,-0.388090575,0,0,30.63916437,0,0,1.173571586,0,0,11.93861058,0
0,16.7,83.3,0,2,25,40,75,90,0.418425926,-0.480788502,0.480788502,2.759037133,3.387630632,5.106527395,0,0,4.794537184,0,30.38936785,0,9.901064579,5.969305288,0,5.917906046,33.10993927,0,0,11.07583268,11.21535881,37.3,4.794537184,0,5.917906046,6.9237372,13.8474744,5.106527395,8.850157339,6.056901088,0,0.461538462,1,1,2,0,0,0,1,3.0732,0,0,0,0,0,0,0,0,0,0,0,0,0,0,0,110,12.22407348,0.029242016,-1.400962774,0.481033737,0.308898559,9.728912376,5.792979825,-0.157011637,23.87722115,0,24.28467613,0,-1.400962774,8.04492223,0,0,14.3633553,0.701292676
0,16.5,82.5,1,2,25,40,75,90,0.418425926,-0.480788502,0.480788502,2.759037133,3.387630632,5.106527395,0,0,4.794537184,0,30.38936785,0,9.901064579,5.969305288,0,5.917906046,33.10993927,0,0,11.07583268,11.21535881,37.3,4.794537184,0,5.917906046,6.9237372,13.8474744,5.106527395,8.850157339,6.056901088,0,0.461538462,1,1,2,0,0,0,1,3.0732,0,0,0,0,0,0,0,0,0,0,0,0,0,0,0,110,12.22407348,0.029242016,-1.400962774,0.481033737,0.308898559,9.728912376,5.792979825,-0.157011637,23.87722115,0,24.28467613,0,-1.400962774,8.04492223,0,0,29.55728603,0
0,24.8,74.3,0.9,2,25,40,75,90,0.418425926,-0.480788502,0.480788502,2.759037133,3.387630632,5.106527395,0,0,4.794537184,0,30.38936785,0,9.901064579,5.969305288,0,5.917906046,33.10993927,0,0,11.07583268,11.21535881,37.3,4.794537184,0,5.917906046,6.9237372,13.8474744,5.106527395,8.850157339,6.056901088,0,0.461538462,1,1,2,0,0,0,1,3.0732,0,0,0,0,0,0,0,0,0,0,0,0,0,0,0,110,12.22407348,0.029242016,-1.400962774,0.481033737,0.308898559,9.728912376,5.792979825,-0.157011637,23.87722115,0,24.28467613,0,-1.400962774,8.04492223,0,0,5.969305288,0
0,16.5,82.5,1,2,25,40,75,90,0.418425926,-0.480788502,0.480788502,2.759037133,3.387630632,5.106527395,0,0,4.794537184,0,30.38936785,0,9.901064579,5.969305288,0,5.917906046,33.10993927,0,0,11.07583268,11.21535881,37.3,4.794537184,0,5.917906046,6.9237372,13.8474744,5.106527395,8.850157339,6.056901088,0,0.461538462,1,1,2,0,0,0,1,3.0732,0,0,0,0,0,0,0,0,0,0,0,0,0,0,0,110,12.22407348,0.029242016,-1.400962774,0.481033737,0.308898559,9.728912376,5.792979825,-0.157011637,23.87722115,0,24.28467613,0,-1.400962774,8.04492223,0,0,5.969305288,0
0,16.5,82.5,1,2,25,40,75,90,0.418425926,-0.480788502,0.480788502,2.759037133,3.387630632,5.106527395,0,0,4.794537184,0,30.38936785,0,9.901064579,5.969305288,0,5.917906046,33.10993927,0,0,11.07583268,11.21535881,37.3,4.794537184,0,5.917906046,6.9237372,13.8474744,5.106527395,8.850157339,6.056901088,0,0.461538462,1,1,2,0,0,0,1,3.0732,0,0,0,0,0,0,0,0,0,0,0,0,0,0,0,110,12.22407348,0.029242016,-1.400962774,0.481033737,0.308898559,9.728912376,5.792979825,-0.157011637,23.87722115,0,24.28467613,0,-1.400962774,8.04492223,0,0,11.93861058,0
0,25,75,0,2,25,40,75,90,0.418425926,-0.480788502,0.480788502,2.759037133,3.387630632,5.106527395,0,0,4.794537184,0,30.38936785,0,9.901064579,5.969305288,0,5.917906046,33.10993927,0,0,11.07583268,11.21535881,37.3,4.794537184,0,5.917906046,6.9237372,13.8474744,5.106527395,8.850157339,6.056901088,0,0.461538462,1,1,2,0,0,0,1,3.0732,0,0,0,0,0,0,0,0,0,0,0,0,0,0,0,130,12.01320248,0.092689437,-1.065231481,0.481033607,0.311070783,9.696116075,5.807390273,-0.160989429,17.90791586,0,14.38361155,0,-1.972063492,6.452919737,0,0,14.3633553,0.701292676
1,16.7,83.3,0,2,25,40,75,180,0.418425926,-0.480788502,0.480788502,2.759037133,3.387630632,5.106527395,0,0,4.794537184,0,30.38936785,0,9.901064579,5.969305288,0,5.917906046,33.10993927,0,0,11.07583268,11.21535881,37.3,4.794537184,0,5.917906046,6.9237372,13.8474744,5.106527395,8.850157339,6.056901088,0,0.461538462,1,1,2,0,0,0,1,3.0732,0,0,0,0,0,0,0,0,0,0,0,0,0,0,0,130,12.01320248,0.092689437,-1.065231481,0.481033607,0.311070783,9.696116075,5.807390273,-0.160989429,17.90791586,0,14.38361155,0,-1.972063492,6.452919737,0,0,14.3633553,0.701292676
0,24.8,74.3,0.9,2,25,40,75,90,0.418425926,-0.480788502,0.480788502,2.759037133,3.387630632,5.106527395,0,0,4.794537184,0,30.38936785,0,9.901064579,5.969305288,0,5.917906046,33.10993927,0,0,11.07583268,11.21535881,37.3,4.794537184,0,5.917906046,6.9237372,13.8474744,5.106527395,8.850157339,6.056901088,0,0.461538462,1,1,2,0,0,0,1,3.0732,0,0,0,0,0,0,0,0,0,0,0,0,0,0,0,130,12.01320248,0.092689437,-1.065231481,0.481033607,0.311070783,9.696116075,5.807390273,-0.160989429,17.90791586,0,14.38361155,0,-1.972063492,6.452919737,0,0,29.55728603,0
1,16.5,82.5,1,2,25,40,75,180,0.418425926,-0.480788502,0.480788502,2.759037133,3.387630632,5.106527395,0,0,4.794537184,0,30.38936785,0,9.901064579,5.969305288,0,5.917906046,33.10993927,0,0,11.07583268,11.21535881,37.3,4.794537184,0,5.917906046,6.9237372,13.8474744,5.106527395,8.850157339,6.056901088,0,0.461538462,1,1,2,0,0,0,1,3.0732,0,0,0,0,0,0,0,0,0,0,0,0,0,0,0,130,12.01320248,0.092689437,-1.065231481,0.481033607,0.311070783,9.696116075,5.807390273,-0.160989429,17.90791586,0,14.38361155,0,-1.972063492,6.452919737,0,0,29.55728603,0
0,24.8,74.3,0.9,2,25,40,75,90,0.418425926,-0.480788502,0.480788502,2.759037133,3.387630632,5.106527395,0,0,4.794537184,0,30.38936785,0,9.901064579,5.969305288,0,5.917906046,33.10993927,0,0,11.07583268,11.21535881,37.3,4.794537184,0,5.917906046,6.9237372,13.8474744,5.106527395,8.850157339,6.056901088,0,0.461538462,1,1,2,0,0,0,1,3.0732,0,0,0,0,0,0,0,0,0,0,0,0,0,0,0,130,12.01320248,0.092689437,-1.065231481,0.481033607,0.311070783,9.696116075,5.807390273,-0.160989429,17.90791586,0,14.38361155,0,-1.972063492,6.452919737,0,0,5.969305288,0
1,16.5,82.5,1,2,25,40,75,180,0.418425926,-0.480788502,0.480788502,2.759037133,3.387630632,5.106527395,0,0,4.794537184,0,30.38936785,0,9.901064579,5.969305288,0,5.917906046,33.10993927,0,0,11.07583268,11.21535881,37.3,4.794537184,0,5.917906046,6.9237372,13.8474744,5.106527395,8.850157339,6.056901088,0,0.461538462,1,1,2,0,0,0,1,3.0732,0,0,0,0,0,0,0,0,0,0,0,0,0,0,0,130,12.01320248,0.092689437,-1.065231481,0.481033607,0.311070783,9.696116075,5.807390273,-0.160989429,17.90791586,0,14.38361155,0,-1.972063492,6.452919737,0,0,5.969305288,0
0,24.8,74.3,0.9,2,25,40,75,90,0.418425926,-0.480788502,0.480788502,2.759037133,3.387630632,5.106527395,0,0,4.794537184,0,30.38936785,0,9.901064579,5.969305288,0,5.917906046,33.10993927,0,0,11.07583268,11.21535881,37.3,4.794537184,0,5.917906046,6.9237372,13.8474744,5.106527395,8.850157339,6.056901088,0,0.461538462,1,1,2,0,0,0,1,3.0732,0,0,0,0,0,0,0,0,0,0,0,0,0,0,0,130,12.01320248,0.092689437,-1.065231481,0.481033607,0.311070783,9.696116075,5.807390273,-0.160989429,17.90791586,0,14.38361155,0,-1.972063492,6.452919737,0,0,11.93861058,0
1,16.5,82.5,1,2,25,40,75,180,0.418425926,-0.480788502,0.480788502,2.759037133,3.387630632,5.106527395,0,0,4.794537184,0,30.38936785,0,9.901064579,5.969305288,0,5.917906046,33.10993927,0,0,11.07583268,11.21535881,37.3,4.794537184,0,5.917906046,6.9237372,13.8474744,5.106527395,8.850157339,6.056901088,0,0.461538462,1,1,2,0,0,0,1,3.0732,0,0,0,0,0,0,0,0,0,0,0,0,0,0,0,130,12.01320248,0.092689437,-1.065231481,0.481033607,0.311070783,9.696116075,5.807390273,-0.160989429,17.90791586,0,14.38361155,0,-1.972063492,6.452919737,0,0,11.93861058,0
1,16.7,83.3,0,2,25,40,75,90,0.064479397,-0.490790806,0.490790806,0.92529827,7.044519489,24.01040832,43.98707682,5.787111153,0,10.19736362,74.00822951,48.13988298,14.21058886,34.57665233,29.11204766,0,44.7459708,11.43689811,23.20187978,74.6088036,21.80559347,104.7,4.794537184,24.38030702,28.82248205,34.03627687,49.24662987,37.41246864,9.504828284,8.480846895,0,0.371428571,3,0,14,2,2,0,1,5.5773,0,0,0,0,0,0,2,0,0,0,0,0,0,0,0,70,14.23961392,0.00186207,-0.80801985,0.462332233,0.302403316,9.888116957,5.785271702,-0.156117715,11.93861058,0,33.8737505,19.59963892,0,7.43289591,0,0,14.3633553,0.701292676
0,16.7,83.3,0,2,25,40,75,180,0.064479397,-0.490790806,0.490790806,0.92529827,7.044519489,24.01040832,43.98707682,5.787111153,0,10.19736362,74.00822951,48.13988298,14.21058886,34.57665233,29.11204766,0,44.7459708,11.43689811,23.20187978,74.6088036,21.80559347,104.7,4.794537184,24.38030702,28.82248205,34.03627687,49.24662987,37.41246864,9.504828284,8.480846895,0,0.371428571,3,0,14,2,2,0,1,5.5773,0,0,0,0,0,0,2,0,0,0,0,0,0,0,0,70,14.23961392,0.00186207,-0.80801985,0.462332233,0.302403316,9.888116957,5.785271702,-0.156117715,11.93861058,0,33.8737505,19.59963892,0,7.43289591,0,0,14.3633553,0.701292676
0,24.8,74.3,0.9,2,25,40,75,90,0.064479397,-0.490790806,0.490790806,0.92529827,7.044519489,24.01040832,43.98707682,5.787111153,0,10.19736362,74.00822951,48.13988298,14.21058886,34.57665233,29.11204766,0,44.7459708,11.43689811,23.20187978,74.6088036,21.80559347,104.7,4.794537184,24.38030702,28.82248205,34.03627687,49.24662987,37.41246864,9.504828284,8.480846895,0,0.371428571,3,0,14,2,2,0,1,5.5773,0,0,0,0,0,0,2,0,0,0,0,0,0,0,0,70,14.23961392,0.00186207,-0.80801985,0.462332233,0.302403316,9.888116957,5.785271702,-0.156117715,11.93861058,0,33.8737505,19.59963892,0,7.43289591,0,0,5.969305288,0
1,16.5,82.5,1,2,25,40,75,90,0.064479397,-0.490790806,0.490790806,0.92529827,7.044519489,24.01040832,43.98707682,5.787111153,0,10.19736362,74.00822951,48.13988298,14.21058886,34.57665233,29.11204766,0,44.7459708,11.43689811,23.20187978,74.6088036,21.80559347,104.7,4.794537184,24.38030702,28.82248205,34.03627687,49.24662987,37.41246864,9.504828284,8.480846895,0,0.371428571,3,0,14,2,2,0,1,5.5773,0,0,0,0,0,0,2,0,0,0,0,0,0,0,0,70,14.23961392,0.00186207,-0.80801985,0.462332233,0.302403316,9.888116957,5.785271702,-0.156117715,11.93861058,0,33.8737505,19.59963892,0,7.43289591,0,0,5.969305288,0
0,16.5,82.5,1,2,25,40,75,180,0.064479397,-0.490790806,0.490790806,0.92529827,7.044519489,24.01040832,43.98707682,5.787111153,0,10.19736362,74.00822951,48.13988298,14.21058886,34.57665233,29.11204766,0,44.7459708,11.43689811,23.20187978,74.6088036,21.80559347,104.7,4.794537184,24.38030702,28.82248205,34.03627687,49.24662987,37.41246864,9.504828284,8.480846895,0,0.371428571,3,0,14,2,2,0,1,5.5773,0,0,0,0,0,0,2,0,0,0,0,0,0,0,0,70,14.23961392,0.00186207,-0.80801985,0.462332233,0.302403316,9.888116957,5.785271702,-0.156117715,11.93861058,0,33.8737505,19.59963892,0,7.43289591,0,0,5.969305288,0
1,16.5,82.5,1,2,25,40,75,90,0.064479397,-0.490790806,0.490790806,0.92529827,7.044519489,24.01040832,43.98707682,5.787111153,0,10.19736362,74.00822951,48.13988298,14.21058886,34.57665233,29.11204766,0,44.7459708,11.43689811,23.20187978,74.6088036,21.80559347,104.7,4.794537184,24.38030702,28.82248205,34.03627687,49.24662987,37.41246864,9.504828284,8.480846895,0,0.371428571,3,0,14,2,2,0,1,5.5773,0,0,0,0,0,0,2,0,0,0,0,0,0,0,0,70,14.23961392,0.00186207,-0.80801985,0.462332233,0.302403316,9.888116957,5.785271702,-0.156117715,11.93861058,0,33.8737505,19.59963892,0,7.43289591,0,0,11.93861058,0
0,16.5,82.5,1,2,25,40,75,180,0.064479397,-0.490790806,0.490790806,0.92529827,7.044519489,24.01040832,43.98707682,5.787111153,0,10.19736362,74.00822951,48.13988298,14.21058886,34.57665233,29.11204766,0,44.7459708,11.43689811,23.20187978,74.6088036,21.80559347,104.7,4.794537184,24.38030702,28.82248205,34.03627687,49.24662987,37.41246864,9.504828284,8.480846895,0,0.371428571,3,0,14,2,2,0,1,5.5773,0,0,0,0,0,0,2,0,0,0,0,0,0,0,0,70,14.23961392,0.00186207,-0.80801985,0.462332233,0.302403316,9.888116957,5.785271702,-0.156117715,11.93861058,0,33.8737505,19.59963892,0,7.43289591,0,0,11.93861058,0
0,16.7,83.3,0,2,25,40,75,90,0.064479397,-0.490790806,0.490790806,0.92529827,7.044519489,24.01040832,43.98707682,5.787111153,0,10.19736362,74.00822951,48.13988298,14.21058886,34.57665233,29.11204766,0,44.7459708,11.43689811,23.20187978,74.6088036,21.80559347,104.7,4.794537184,24.38030702,28.82248205,34.03627687,49.24662987,37.41246864,9.504828284,8.480846895,0,0.371428571,3,0,14,2,2,0,1,5.5773,0,0,0,0,0,0,2,0,0,0,0,0,0,0,0,177,11.81012813,0.083477036,-1.522275551,0.391019003,0.186995304,9.95116606,4.984256863,-0.388090575,0,0,30.63916437,0,0,1.173571586,0,0,14.3633553,0.701292676
0,16.5,82.5,1,2,25,40,75,90,0.064479397,-0.490790806,0.490790806,0.92529827,7.044519489,24.01040832,43.98707682,5.787111153,0,10.19736362,74.00822951,48.13988298,14.21058886,34.57665233,29.11204766,0,44.7459708,11.43689811,23.20187978,74.6088036,21.80559347,104.7,4.794537184,24.38030702,28.82248205,34.03627687,49.24662987,37.41246864,9.504828284,8.480846895,0,0.371428571,3,0,14,2,2,0,1,5.5773,0,0,0,0,0,0,2,0,0,0,0,0,0,0,0,177,11.81012813,0.083477036,-1.522275551,0.391019003,0.186995304,9.95116606,4.984256863,-0.388090575,0,0,30.63916437,0,0,1.173571586,0,0,11.93861058,0
1,16.7,83.3,0,2,25,40,75,90,0.056319444,-0.454898786,0.454898786,2.429176693,4.180172369,4.736862954,5.749511833,10.02329115,14.83641313,0,18.19910121,6.066367068,18.07797099,21.3980637,0,0,0,11.49902367,0,19.59687722,10.02329115,98.54,18.53211525,17.12428438,5.749511833,30.33183534,4.722094864,4.736862954,10.81346384,0,-3.52490935,0.076923077,0,1,8,0,0,0,0,2.7586,0,0,0,0,0,0,0,1,0,1,0,0,0,0,0,70,14.23961392,0.00186207,-0.80801985,0.462332233,0.302403316,9.888116957,5.785271702,-0.156117715,11.93861058,0,33.8737505,19.59963892,0,7.43289591,0,0,14.3633553,0.701292676
0,16.7,83.3,0,2,25,40,75,180,0.056319444,-0.454898786,0.454898786,2.429176693,4.180172369,4.736862954,5.749511833,10.02329115,14.83641313,0,18.19910121,6.066367068,18.07797099,21.3980637,0,0,0,11.49902367,0,19.59687722,10.02329115,98.54,18.53211525,17.12428438,5.749511833,30.33183534,4.722094864,4.736862954,10.81346384,0,-3.52490935,0.076923077,0,1,8,0,0,0,0,2.7586,0,0,0,0,0,0,0,1,0,1,0,0,0,0,0,70,14.23961392,0.00186207,-0.80801985,0.462332233,0.302403316,9.888116957,5.785271702,-0.156117715,11.93861058,0,33.8737505,19.59963892,0,7.43289591,0,0,14.3633553,0.701292676
1,16.5,82.5,1,2,25,40,75,90,0.056319444,-0.454898786,0.454898786,2.429176693,4.180172369,4.736862954,5.749511833,10.02329115,14.83641313,0,18.19910121,6.066367068,18.07797099,21.3980637,0,0,0,11.49902367,0,19.59687722,10.02329115,98.54,18.53211525,17.12428438,5.749511833,30.33183534,4.722094864,4.736862954,10.81346384,0,-3.52490935,0.076923077,0,1,8,0,0,0,0,2.7586,0,0,0,0,0,0,0,1,0,1,0,0,0,0,0,70,14.23961392,0.00186207,-0.80801985,0.462332233,0.302403316,9.888116957,5.785271702,-0.156117715,11.93861058,0,33.8737505,19.59963892,0,7.43289591,0,0,29.55728603,0
0,16.5,82.5,1,2,25,40,75,180,0.056319444,-0.454898786,0.454898786,2.429176693,4.180172369,4.736862954,5.749511833,10.02329115,14.83641313,0,18.19910121,6.066367068,18.07797099,21.3980637,0,0,0,11.49902367,0,19.59687722,10.02329115,98.54,18.53211525,17.12428438,5.749511833,30.33183534,4.722094864,4.736862954,10.81346384,0,-3.52490935,0.076923077,0,1,8,0,0,0,0,2.7586,0,0,0,0,0,0,0,1,0,1,0,0,0,0,0,70,14.23961392,0.00186207,-0.80801985,0.462332233,0.302403316,9.888116957,5.785271702,-0.156117715,11.93861058,0,33.8737505,19.59963892,0,7.43289591,0,0,29.55728603,0
1,16.5,82.5,1,2,25,40,75,180,0.056319444,-0.454898786,0.454898786,2.429176693,4.180172369,4.736862954,5.749511833,10.02329115,14.83641313,0,18.19910121,6.066367068,18.07797099,21.3980637,0,0,0,11.49902367,0,19.59687722,10.02329115,98.54,18.53211525,17.12428438,5.749511833,30.33183534,4.722094864,4.736862954,10.81346384,0,-3.52490935,0.076923077,0,1,8,0,0,0,0,2.7586,0,0,0,0,0,0,0,1,0,1,0,0,0,0,0,70,14.23961392,0.00186207,-0.80801985,0.462332233,0.302403316,9.888116957,5.785271702,-0.156117715,11.93861058,0,33.8737505,19.59963892,0,7.43289591,0,0,5.969305288,0
0,16.5,82.5,1,2,25,40,75,90,0.056319444,-0.454898786,0.454898786,2.429176693,4.180172369,4.736862954,5.749511833,10.02329115,14.83641313,0,18.19910121,6.066367068,18.07797099,21.3980637,0,0,0,11.49902367,0,19.59687722,10.02329115,98.54,18.53211525,17.12428438,5.749511833,30.33183534,4.722094864,4.736862954,10.81346384,0,-3.52490935,0.076923077,0,1,8,0,0,0,0,2.7586,0,0,0,0,0,0,0,1,0,1,0,0,0,0,0,70,14.23961392,0.00186207,-0.80801985,0.462332233,0.302403316,9.888116957,5.785271702,-0.156117715,11.93861058,0,33.8737505,19.59963892,0,7.43289591,0,0,11.93861058,0
1,16.7,83.3,0,2,25,40,75,90,0.056319444,-0.454898786,0.454898786,2.429176693,4.180172369,4.736862954,5.749511833,10.02329115,14.83641313,0,18.19910121,6.066367068,18.07797099,21.3980637,0,0,0,11.49902367,0,19.59687722,10.02329115,98.54,18.53211525,17.12428438,5.749511833,30.33183534,4.722094864,4.736862954,10.81346384,0,-3.52490935,0.076923077,0,1,8,0,0,0,0,2.7586,0,0,0,0,0,0,0,1,0,1,0,0,0,0,0,106,14.01328809,0.007241923,-1.023293127,0.465728013,0.302404013,9.877673342,5.81236855,-0.15901027,29.84652644,0,52.73990902,24.49954865,0,9.649848996,0,0,14.3633553,0.701292676
0,16.7,83.3,0,2,25,40,75,180,0.056319444,-0.454898786,0.454898786,2.429176693,4.180172369,4.736862954,5.749511833,10.02329115,14.83641313,0,18.19910121,6.066367068,18.07797099,21.3980637,0,0,0,11.49902367,0,19.59687722,10.02329115,98.54,18.53211525,17.12428438,5.749511833,30.33183534,4.722094864,4.736862954,10.81346384,0,-3.52490935,0.076923077,0,1,8,0,0,0,0,2.7586,0,0,0,0,0,0,0,1,0,1,0,0,0,0,0,106,14.01328809,0.007241923,-1.023293127,0.465728013,0.302404013,9.877673342,5.81236855,-0.15901027,29.84652644,0,52.73990902,24.49954865,0,9.649848996,0,0,14.3633553,0.701292676
1,16.5,82.5,1,2,25,40,75,90,0.056319444,-0.454898786,0.454898786,2.429176693,4.180172369,4.736862954,5.749511833,10.02329115,14.83641313,0,18.19910121,6.066367068,18.07797099,21.3980637,0,0,0,11.49902367,0,19.59687722,10.02329115,98.54,18.53211525,17.12428438,5.749511833,30.33183534,4.722094864,4.736862954,10.81346384,0,-3.52490935,0.076923077,0,1,8,0,0,0,0,2.7586,0,0,0,0,0,0,0,1,0,1,0,0,0,0,0,106,14.01328809,0.007241923,-1.023293127,0.465728013,0.302404013,9.877673342,5.81236855,-0.15901027,29.84652644,0,52.73990902,24.49954865,0,9.649848996,0,0,29.55728603,0
0,16.5,82.5,1,2,25,40,75,180,0.056319444,-0.454898786,0.454898786,2.429176693,4.180172369,4.736862954,5.749511833,10.02329115,14.83641313,0,18.19910121,6.066367068,18.07797099,21.3980637,0,0,0,11.49902367,0,19.59687722,10.02329115,98.54,18.53211525,17.12428438,5.749511833,30.33183534,4.722094864,4.736862954,10.81346384,0,-3.52490935,0.076923077,0,1,8,0,0,0,0,2.7586,0,0,0,0,0,0,0,1,0,1,0,0,0,0,0,106,14.01328809,0.007241923,-1.023293127,0.465728013,0.302404013,9.877673342,5.81236855,-0.15901027,29.84652644,0,52.73990902,24.49954865,0,9.649848996,0,0,29.55728603,0
1,16.5,82.5,1,2,25,40,75,90,0.056319444,-0.454898786,0.454898786,2.429176693,4.180172369,4.736862954,5.749511833,10.02329115,14.83641313,0,18.19910121,6.066367068,18.07797099,21.3980637,0,0,0,11.49902367,0,19.59687722,10.02329115,98.54,18.53211525,17.12428438,5.749511833,30.33183534,4.722094864,4.736862954,10.81346384,0,-3.52490935,0.076923077,0,1,8,0,0,0,0,2.7586,0,0,0,0,0,0,0,1,0,1,0,0,0,0,0,106,14.01328809,0.007241923,-1.023293127,0.465728013,0.302404013,9.877673342,5.81236855,-0.15901027,29.84652644,0,52.73990902,24.49954865,0,9.649848996,0,0,5.969305288,0
0,16.5,82.5,1,2,25,40,75,180,0.056319444,-0.454898786,0.454898786,2.429176693,4.180172369,4.736862954,5.749511833,10.02329115,14.83641313,0,18.19910121,6.066367068,18.07797099,21.3980637,0,0,0,11.49902367,0,19.59687722,10.02329115,98.54,18.53211525,17.12428438,5.749511833,30.33183534,4.722094864,4.736862954,10.81346384,0,-3.52490935,0.076923077,0,1,8,0,0,0,0,2.7586,0,0,0,0,0,0,0,1,0,1,0,0,0,0,0,106,14.01328809,0.007241923,-1.023293127,0.465728013,0.302404013,9.877673342,5.81236855,-0.15901027,29.84652644,0,52.73990902,24.49954865,0,9.649848996,0,0,5.969305288,0
0,16.5,82.5,1,2,25,40,75,90,0.056319444,-0.454898786,0.454898786,2.429176693,4.180172369,4.736862954,5.749511833,10.02329115,14.83641313,0,18.19910121,6.066367068,18.07797099,21.3980637,0,0,0,11.49902367,0,19.59687722,10.02329115,98.54,18.53211525,17.12428438,5.749511833,30.33183534,4.722094864,4.736862954,10.81346384,0,-3.52490935,0.076923077,0,1,8,0,0,0,0,2.7586,0,0,0,0,0,0,0,1,0,1,0,0,0,0,0,106,14.01328809,0.007241923,-1.023293127,0.465728013,0.302404013,9.877673342,5.81236855,-0.15901027,29.84652644,0,52.73990902,24.49954865,0,9.649848996,0,0,11.93861058,0
0,16.7,83.3,0,2,25,40,75,90,0.056319444,-0.454898786,0.454898786,2.429176693,4.180172369,4.736862954,5.749511833,10.02329115,14.83641313,0,18.19910121,6.066367068,18.07797099,21.3980637,0,0,0,11.49902367,0,19.59687722,10.02329115,98.54,18.53211525,17.12428438,5.749511833,30.33183534,4.722094864,4.736862954,10.81346384,0,-3.52490935,0.076923077,0,1,8,0,0,0,0,2.7586,0,0,0,0,0,0,0,1,0,1,0,0,0,0,0,130,12.01320248,0.092689437,-1.065231481,0.481033607,0.311070783,9.696116075,5.807390273,-0.160989429,17.90791586,0,14.38361155,0,-1.972063492,6.452919737,0,0,14.3633553,0.701292676
0,25,75,0,2,25,40,75,90,0.036252362,-0.35785768,0.35785768,2.891985104,2.782585916,10.11431827,12.74159998,0,0,0,4.923311049,12.67659081,13.34110803,15.65511591,9.551078169,0,20.39223081,0,0,34.39789342,16.38200954,95.1,18.53211525,23.8683264,5.824404498,13.8474744,4.983978521,0,10.62440815,3.21666462,-3.126007653,0.625,0,0,8,0,0,0,0,0.53442,0,0,0,0,0,0,0,0,0,0,0,0,0,0,0,110,12.22407348,0.029242016,-1.400962774,0.481033737,0.308898559,9.728912376,5.792979825,-0.157011637,23.87722115,0,24.28467613,0,-1.400962774,8.04492223,0,0,14.3633553,0.701292676
1,16.7,83.3,0,2,25,40,75,180,0.036252362,-0.35785768,0.35785768,2.891985104,2.782585916,10.11431827,12.74159998,0,0,0,4.923311049,12.67659081,13.34110803,15.65511591,9.551078169,0,20.39223081,0,0,34.39789342,16.38200954,95.1,18.53211525,23.8683264,5.824404498,13.8474744,4.983978521,0,10.62440815,3.21666462,-3.126007653,0.625,0,0,8,0,0,0,0,0.53442,0,0,0,0,0,0,0,0,0,0,0,0,0,0,0,110,12.22407348,0.029242016,-1.400962774,0.481033737,0.308898559,9.728912376,5.792979825,-0.157011637,23.87722115,0,24.28467613,0,-1.400962774,8.04492223,0,0,14.3633553,0.701292676
0,24.8,74.3,0.9,2,25,40,75,90,0.036252362,-0.35785768,0.35785768,2.891985104,2.782585916,10.11431827,12.74159998,0,0,0,4.923311049,12.67659081,13.34110803,15.65511591,9.551078169,0,20.39223081,0,0,34.39789342,16.38200954,95.1,18.53211525,23.8683264,5.824404498,13.8474744,4.983978521,0,10.62440815,3.21666462,-3.126007653,0.625,0,0,8,0,0,0,0,0.53442,0,0,0,0,0,0,0,0,0,0,0,0,0,0,0,110,12.22407348,0.029242016,-1.400962774,0.481033737,0.308898559,9.728912376,5.792979825,-0.157011637,23.87722115,0,24.28467613,0,-1.400962774,8.04492223,0,0,29.55728603,0
1,16.5,82.5,1,2,25,40,75,180,0.036252362,-0.35785768,0.35785768,2.891985104,2.782585916,10.11431827,12.74159998,0,0,0,4.923311049,12.67659081,13.34110803,15.65511591,9.551078169,0,20.39223081,0,0,34.39789342,16.38200954,95.1,18.53211525,23.8683264,5.824404498,13.8474744,4.983978521,0,10.62440815,3.21666462,-3.126007653,0.625,0,0,8,0,0,0,0,0.53442,0,0,0,0,0,0,0,0,0,0,0,0,0,0,0,110,12.22407348,0.029242016,-1.400962774,0.481033737,0.308898559,9.728912376,5.792979825,-0.157011637,23.87722115,0,24.28467613,0,-1.400962774,8.04492223,0,0,29.55728603,0
0,24.8,74.3,0.9,2,25,40,75,90,0.036252362,-0.35785768,0.35785768,2.891985104,2.782585916,10.11431827,12.74159998,0,0,0,4.923311049,12.67659081,13.34110803,15.65511591,9.551078169,0,20.39223081,0,0,34.39789342,16.38200954,95.1,18.53211525,23.8683264,5.824404498,13.8474744,4.983978521,0,10.62440815,3.21666462,-3.126007653,0.625,0,0,8,0,0,0,0,0.53442,0,0,0,0,0,0,0,0,0,0,0,0,0,0,0,110,12.22407348,0.029242016,-1.400962774,0.481033737,0.308898559,9.728912376,5.792979825,-0.157011637,23.87722115,0,24.28467613,0,-1.400962774,8.04492223,0,0,5.969305288,0
1,16.5,82.5,1,2,25,40,75,90,0.036252362,-0.35785768,0.35785768,2.891985104,2.782585916,10.11431827,12.74159998,0,0,0,4.923311049,12.67659081,13.34110803,15.65511591,9.551078169,0,20.39223081,0,0,34.39789342,16.38200954,95.1,18.53211525,23.8683264,5.824404498,13.8474744,4.983978521,0,10.62440815,3.21666462,-3.126007653,0.625,0,0,8,0,0,0,0,0.53442,0,0,0,0,0,0,0,0,0,0,0,0,0,0,0,110,12.22407348,0.029242016,-1.400962774,0.481033737,0.308898559,9.728912376,5.792979825,-0.157011637,23.87722115,0,24.28467613,0,-1.400962774,8.04492223,0,0,5.969305288,0
0,16.5,82.5,1,2,25,40,75,180,0.036252362,-0.35785768,0.35785768,2.891985104,2.782585916,10.11431827,12.74159998,0,0,0,4.923311049,12.67659081,13.34110803,15.65511591,9.551078169,0,20.39223081,0,0,34.39789342,16.38200954,95.1,18.53211525,23.8683264,5.824404498,13.8474744,4.983978521,0,10.62440815,3.21666462,-3.126007653,0.625,0,0,8,0,0,0,0,0.53442,0,0,0,0,0,0,0,0,0,0,0,0,0,0,0,110,12.22407348,0.029242016,-1.400962774,0.481033737,0.308898559,9.728912376,5.792979825,-0.157011637,23.87722115,0,24.28467613,0,-1.400962774,8.04492223,0,0,5.969305288,0
0,25,75,0,2,25,40,75,90,0.036252362,-0.35785768,0.35785768,2.891985104,2.782585916,10.11431827,12.74159998,0,0,0,4.923311049,12.67659081,13.34110803,15.65511591,9.551078169,0,20.39223081,0,0,34.39789342,16.38200954,95.1,18.53211525,23.8683264,5.824404498,13.8474744,4.983978521,0,10.62440815,3.21666462,-3.126007653,0.625,0,0,8,0,0,0,0,0.53442,0,0,0,0,0,0,0,0,0,0,0,0,0,0,0,130,12.01320248,0.092689437,-1.065231481,0.481033607,0.311070783,9.696116075,5.807390273,-0.160989429,17.90791586,0,14.38361155,0,-1.972063492,6.452919737,0,0,14.3633553,0.701292676
1,16.7,83.3,0,2,25,40,75,180,0.036252362,-0.35785768,0.35785768,2.891985104,2.782585916,10.11431827,12.74159998,0,0,0,4.923311049,12.67659081,13.34110803,15.65511591,9.551078169,0,20.39223081,0,0,34.39789342,16.38200954,95.1,18.53211525,23.8683264,5.824404498,13.8474744,4.983978521,0,10.62440815,3.21666462,-3.126007653,0.625,0,0,8,0,0,0,0,0.53442,0,0,0,0,0,0,0,0,0,0,0,0,0,0,0,130,12.01320248,0.092689437,-1.065231481,0.481033607,0.311070783,9.696116075,5.807390273,-0.160989429,17.90791586,0,14.38361155,0,-1.972063492,6.452919737,0,0,14.3633553,0.701292676
0,24.8,74.3,0.9,2,25,40,75,90,0.036252362,-0.35785768,0.35785768,2.891985104,2.782585916,10.11431827,12.74159998,0,0,0,4.923311049,12.67659081,13.34110803,15.65511591,9.551078169,0,20.39223081,0,0,34.39789342,16.38200954,95.1,18.53211525,23.8683264,5.824404498,13.8474744,4.983978521,0,10.62440815,3.21666462,-3.126007653,0.625,0,0,8,0,0,0,0,0.53442,0,0,0,0,0,0,0,0,0,0,0,0,0,0,0,130,12.01320248,0.092689437,-1.065231481,0.481033607,0.311070783,9.696116075,5.807390273,-0.160989429,17.90791586,0,14.38361155,0,-1.972063492,6.452919737,0,0,29.55728603,0
1,16.5,82.5,1,2,25,40,75,180,0.036252362,-0.35785768,0.35785768,2.891985104,2.782585916,10.11431827,12.74159998,0,0,0,4.923311049,12.67659081,13.34110803,15.65511591,9.551078169,0,20.39223081,0,0,34.39789342,16.38200954,95.1,18.53211525,23.8683264,5.824404498,13.8474744,4.983978521,0,10.62440815,3.21666462,-3.126007653,0.625,0,0,8,0,0,0,0,0.53442,0,0,0,0,0,0,0,0,0,0,0,0,0,0,0,130,12.01320248,0.092689437,-1.065231481,0.481033607,0.311070783,9.696116075,5.807390273,-0.160989429,17.90791586,0,14.38361155,0,-1.972063492,6.452919737,0,0,29.55728603,0
1,24.8,74.3,0.9,2,25,40,75,90,0.036252362,-0.35785768,0.35785768,2.891985104,2.782585916,10.11431827,12.74159998,0,0,0,4.923311049,12.67659081,13.34110803,15.65511591,9.551078169,0,20.39223081,0,0,34.39789342,16.38200954,95.1,18.53211525,23.8683264,5.824404498,13.8474744,4.983978521,0,10.62440815,3.21666462,-3.126007653,0.625,0,0,8,0,0,0,0,0.53442,0,0,0,0,0,0,0,0,0,0,0,0,0,0,0,130,12.01320248,0.092689437,-1.065231481,0.481033607,0.311070783,9.696116075,5.807390273,-0.160989429,17.90791586,0,14.38361155,0,-1.972063492,6.452919737,0,0,5.969305288,0
0,24.8,74.3,0.9,2,25,40,75,180,0.036252362,-0.35785768,0.35785768,2.891985104,2.782585916,10.11431827,12.74159998,0,0,0,4.923311049,12.67659081,13.34110803,15.65511591,9.551078169,0,20.39223081,0,0,34.39789342,16.38200954,95.1,18.53211525,23.8683264,5.824404498,13.8474744,4.983978521,0,10.62440815,3.21666462,-3.126007653,0.625,0,0,8,0,0,0,0,0.53442,0,0,0,0,0,0,0,0,0,0,0,0,0,0,0,130,12.01320248,0.092689437,-1.065231481,0.481033607,0.311070783,9.696116075,5.807390273,-0.160989429,17.90791586,0,14.38361155,0,-1.972063492,6.452919737,0,0,5.969305288,0
1,16.5,82.5,1,2,25,40,75,180,0.036252362,-0.35785768,0.35785768,2.891985104,2.782585916,10.11431827,12.74159998,0,0,0,4.923311049,12.67659081,13.34110803,15.65511591,9.551078169,0,20.39223081,0,0,34.39789342,16.38200954,95.1,18.53211525,23.8683264,5.824404498,13.8474744,4.983978521,0,10.62440815,3.21666462,-3.126007653,0.625,0,0,8,0,0,0,0,0.53442,0,0,0,0,0,0,0,0,0,0,0,0,0,0,0,130,12.01320248,0.092689437,-1.065231481,0.481033607,0.311070783,9.696116075,5.807390273,-0.160989429,17.90791586,0,14.38361155,0,-1.972063492,6.452919737,0,0,5.969305288,0
1,24.8,74.3,0.9,2,25,40,75,90,0.036252362,-0.35785768,0.35785768,2.891985104,2.782585916,10.11431827,12.74159998,0,0,0,4.923311049,12.67659081,13.34110803,15.65511591,9.551078169,0,20.39223081,0,0,34.39789342,16.38200954,95.1,18.53211525,23.8683264,5.824404498,13.8474744,4.983978521,0,10.62440815,3.21666462,-3.126007653,0.625,0,0,8,0,0,0,0,0.53442,0,0,0,0,0,0,0,0,0,0,0,0,0,0,0,130,12.01320248,0.092689437,-1.065231481,0.481033607,0.311070783,9.696116075,5.807390273,-0.160989429,17.90791586,0,14.38361155,0,-1.972063492,6.452919737,0,0,11.93861058,0
0,24.8,74.3,0.9,2,25,40,75,180,0.036252362,-0.35785768,0.35785768,2.891985104,2.782585916,10.11431827,12.74159998,0,0,0,4.923311049,12.67659081,13.34110803,15.65511591,9.551078169,0,20.39223081,0,0,34.39789342,16.38200954,95.1,18.53211525,23.8683264,5.824404498,13.8474744,4.983978521,0,10.62440815,3.21666462,-3.126007653,0.625,0,0,8,0,0,0,0,0.53442,0,0,0,0,0,0,0,0,0,0,0,0,0,0,0,130,12.01320248,0.092689437,-1.065231481,0.481033607,0.311070783,9.696116075,5.807390273,-0.160989429,17.90791586,0,14.38361155,0,-1.972063492,6.452919737,0,0,11.93861058,0
1,16.5,82.5,1,2,25,40,75,180,0.036252362,-0.35785768,0.35785768,2.891985104,2.782585916,10.11431827,12.74159998,0,0,0,4.923311049,12.67659081,13.34110803,15.65511591,9.551078169,0,20.39223081,0,0,34.39789342,16.38200954,95.1,18.53211525,23.8683264,5.824404498,13.8474744,4.983978521,0,10.62440815,3.21666462,-3.126007653,0.625,0,0,8,0,0,0,0,0.53442,0,0,0,0,0,0,0,0,0,0,0,0,0,0,0,130,12.01320248,0.092689437,-1.065231481,0.481033607,0.311070783,9.696116075,5.807390273,-0.160989429,17.90791586,0,14.38361155,0,-1.972063492,6.452919737,0,0,11.93861058,0